time,Fp1,Fp2,F3,F4,C3,C4,O1,O2
0.000,-0.2963,0.3572,1.4470,0.8020,2.2265,1.4527,0.6891,-0.2649
0.004,1.1866,3.8894,3.8340,3.9470,4.2193,3.9077,3.0989,1.8803
0.008,2.8512,3.0338,5.5612,4.4344,7.0234,4.1991,3.9866,3.6923
0.012,3.2150,5.2277,5.3138,4.3951,8.0589,7.7907,5.4240,5.1116
0.016,3.9166,6.1626,6.4899,6.8390,7.4397,7.5637,5.7039,5.8521
0.020,5.9573,6.1004,7.7408,5.8734,9.0993,6.9795,7.0776,5.9149
0.024,6.0830,6.2560,6.3294,6.1734,8.4163,9.1566,7.9696,6.8075
0.028,6.6950,7.6158,8.7590,7.2799,7.8899,6.5339,8.6451,6.9763
0.032,3.9799,5.6654,8.6359,7.0124,6.6259,6.8532,6.3075,5.5267
0.036,5.5052,5.8190,6.8003,6.6112,8.3640,5.1319,5.5888,5.0578
0.040,4.3839,5.8613,7.2701,7.5988,5.8422,5.2017,5.6422,4.3334
0.044,6.1080,6.0408,6.0469,5.8350,4.8348,5.7709,4.4369,5.8836
0.048,5.9197,5.4319,5.7448,5.8046,3.5544,3.9778,4.6385,2.6958
0.052,5.0236,6.1896,6.7060,9.6997,3.9383,4.4503,2.3580,1.7153
0.056,4.2004,5.0876,6.8339,7.7406,3.1845,2.6721,0.0173,0.4935
0.060,4.8140,3.6452,5.4412,5.1270,1.7662,1.2748,-1.1495,-1.3293
0.064,3.4831,2.7137,3.8153,4.3738,1.0264,-0.7158,-2.9300,-2.5549
0.068,2.3589,2.7683,2.6409,2.8929,-2.6632,-1.5574,-3.4557,-2.7737
0.072,-0.6834,1.0007,1.9764,2.1848,-2.3156,-2.4141,-3.2919,-3.3013
0.076,-0.6255,1.1111,0.3305,0.2595,-2.8253,-3.4849,-2.7702,-4.4349
0.080,-1.7096,0.5325,-0.2748,0.1366,-3.2394,-4.7941,-4.6743,-5.3254
0.084,-1.6478,-2.3810,-1.5429,-0.4228,-4.7248,-5.6808,-3.9228,-4.2254
0.088,-2.1078,-2.4301,-2.1830,-1.9359,-4.1653,-3.2082,-4.1700,-5.1983
0.092,-2.7223,-2.6208,-1.6571,-1.4275,-2.3697,-2.6764,-3.2724,-3.2492
0.096,-2.7213,-1.3559,-2.0739,-0.1560,-1.6546,-1.5195,-2.9775,-1.6308
0.100,-0.8967,-2.5643,1.0433,-1.1393,-0.2316,-0.0319,-0.5769,-0.3809
0.104,-2.5821,-0.9108,0.0137,0.3785,1.8523,1.4710,0.2943,0.6265
0.108,-0.9002,-1.4838,-0.9494,-1.1539,3.5220,3.6731,1.8587,1.0941
0.112,-1.3350,-0.1969,-0.3397,-0.3479,4.5878,4.4780,3.6239,3.0855
0.116,-2.7454,-2.7821,-0.5177,-0.1206,4.3017,2.5877,5.0076,1.6356
0.120,-2.2365,-0.7146,-2.3979,-1.2731,4.3223,3.4700,2.6242,3.4642
0.124,-1.9875,-2.9420,-0.6939,-1.3335,4.0217,3.2903,4.1400,3.5330
0.128,-3.3239,-2.6594,-1.3050,-1.4365,1.6812,4.2301,4.3634,3.8407
0.132,-2.6408,-3.6025,-0.7483,-2.6612,3.6670,3.2728,2.6333,1.9729
0.136,-2.8867,-2.3592,-3.0960,-1.4561,-0.1874,1.9365,-0.0841,2.0496
0.140,-2.5963,-1.8757,-1.1536,-1.6305,1.1170,2.1743,1.2728,1.5043
0.144,-2.8286,-3.4740,-1.0182,-1.2139,1.2292,1.2054,1.0267,-1.3912
0.148,-0.6282,-2.0683,-1.1074,-1.9361,0.9065,0.7722,-0.6759,0.9309
0.152,-0.4112,-1.5835,-0.2095,0.4460,2.0129,1.4488,-1.7942,-1.8230
0.156,-1.7210,-1.4179,0.4888,-0.9847,-0.1089,-0.0848,-1.4905,-1.7718
0.160,0.2380,-0.5889,0.2410,0.8205,0.4542,-2.2990,-3.6027,-2.6795
0.164,0.5336,0.8076,1.8596,0.0783,-1.0397,-0.7663,-2.7929,-2.9127
0.168,0.2192,-0.5117,-0.2944,0.3654,-3.1759,-3.5293,-2.8769,-2.4666
0.172,0.8298,0.8428,3.3049,1.9556,-3.7884,-3.1758,-4.8250,-4.5065
0.176,0.7873,-0.2377,1.7688,2.7732,-3.5566,-4.0276,-3.8560,-4.7140
0.180,1.3174,1.8507,2.7720,3.7164,-3.9206,-3.0975,-3.2156,-3.6949
0.184,2.3936,1.7999,3.0574,1.1020,-2.2823,-4.3563,-2.8872,-3.4108
0.188,3.2094,2.9632,3.6543,5.3522,0.1827,-2.2610,-0.5041,-1.7460
0.192,3.2752,4.5308,4.7112,6.6865,2.0359,-0.6588,-1.5277,-0.7841
0.196,5.5440,5.7226,5.9103,6.0939,1.9918,2.2051,3.4404,1.3182
0.200,6.3698,6.0865,8.6717,9.0832,4.4540,3.3341,2.5601,1.7552
0.204,6.2080,7.1772,6.5667,7.8883,6.7409,5.1270,5.4981,3.6683
0.208,6.9819,7.2806,9.7613,8.7471,8.9834,7.4604,6.4551,6.2327
0.212,7.5622,9.1676,10.6432,7.6081,7.7145,8.6672,6.0435,7.0796
0.216,8.4473,9.0712,8.3402,8.5529,9.7036,9.1800,7.0492,7.6890
0.220,9.1730,7.7992,9.8085,8.6953,9.4546,9.2166,8.0720,7.8587
0.224,7.2792,6.4972,8.0318,8.7264,9.5636,7.6040,7.7030,6.2387
0.228,6.2318,7.1537,7.2515,6.2012,6.7275,6.3920,6.9769,6.5463
0.232,6.1327,6.1506,5.1032,6.6041,6.5724,6.4583,7.8585,5.8394
0.236,5.4934,5.1928,6.8525,6.5815,6.0967,5.1620,5.3119,4.5741
0.240,3.5264,5.7477,5.9932,4.5575,4.2102,2.9428,5.4236,4.2559
0.244,3.9357,3.2850,3.7562,3.9565,4.9135,3.1399,2.2558,2.9045
0.248,3.7166,3.0005,2.4104,0.7525,1.8174,2.2415,2.9396,0.2669
0.252,2.3373,1.9513,0.7533,3.3774,1.9145,2.7347,-0.1714,-1.4642
0.256,-0.6200,2.1073,1.5433,1.1916,-0.3142,0.5728,0.2295,-1.6079
0.260,-1.6963,-0.2161,0.7653,-0.9364,-0.3616,-0.0089,-3.7882,-4.7354
0.264,-1.0815,-0.6303,-0.1144,-0.8598,-1.0515,-4.0823,-3.9870,-5.2697
0.268,-2.7120,-2.6352,-2.6905,-3.1506,-4.2977,-5.0539,-4.9579,-5.7914
0.272,-3.6200,-3.0243,-4.8133,-2.4548,-6.0871,-5.2485,-6.1230,-8.0777
0.276,-3.5156,-4.3312,-3.6893,-4.5147,-5.8150,-6.9828,-7.2278,-7.3757
0.280,-5.9052,-5.2016,-4.1152,-4.8144,-7.0392,-6.7340,-6.9987,-8.3048
0.284,-4.0485,-5.7296,-4.9413,-4.5662,-6.2122,-7.3018,-7.0699,-6.7842
0.288,-5.0834,-5.0290,-5.3805,-5.6872,-4.9359,-7.1113,-6.7005,-6.6286
0.292,-5.2149,-3.9545,-4.3237,-3.8485,-3.6501,-3.3872,-4.3625,-4.2681
0.296,-4.5405,-2.8912,-2.4896,-3.2576,-2.3833,-1.4600,-1.3129,-2.7602
0.300,-2.9657,-2.5496,-2.3532,-1.1582,-0.1317,-0.0048,-1.9312,-3.0876
0.304,-0.8445,-0.6632,-0.6477,-2.2501,1.6951,1.4861,1.4186,1.5343
0.308,0.9488,0.3774,0.8982,1.1834,3.5272,3.2284,2.5055,0.5850
0.312,0.2181,-0.0823,0.0687,0.6308,5.0259,4.2109,2.9740,3.1314
0.316,-0.2038,-0.3994,0.7908,2.5607,6.1771,6.5139,4.2777,4.8781
0.320,1.7707,2.1544,1.6100,1.2203,6.4184,6.2138,5.0894,4.4990
0.324,1.0720,1.0192,2.9822,3.4813,5.5881,5.5901,4.7386,5.1856
0.328,2.0057,2.2016,2.4920,2.7438,5.2976,5.6329,5.7945,5.2924
0.332,3.0445,3.6329,3.2639,2.1895,5.8734,6.5558,4.1612,4.4924
0.336,3.4837,4.5639,3.7447,3.5854,6.2045,4.8596,4.8746,3.5120
0.340,4.1171,4.8869,3.3165,3.0692,3.9330,4.2064,3.2750,3.2306
0.344,5.4314,4.5390,4.2618,4.3709,3.8751,2.5905,2.1576,3.1176
0.348,5.4646,6.0456,4.9768,4.6231,2.9467,3.9542,3.1331,2.1989
0.352,6.2224,6.3039,5.8264,5.0998,4.5332,3.8188,1.8238,0.8217
0.356,7.0384,5.5724,6.6181,5.6509,2.3078,2.5617,1.5756,-0.0659
0.360,5.9212,5.4276,6.0330,6.2529,2.6065,1.4240,0.2046,-1.0594
0.364,6.0109,6.7622,6.3252,7.5817,0.3414,-1.0211,-1.0359,-1.2656
0.368,6.2839,5.1807,7.3644,5.4568,-0.9723,-2.0145,-1.4639,-1.1382
0.372,5.9189,6.7933,5.8108,4.6572,0.0645,-2.0032,-2.7574,-2.6118
0.376,4.4721,6.0082,5.6549,4.1428,-1.2664,-2.8364,-3.0153,-2.6696
0.380,5.6107,5.4039,4.6325,3.3728,-2.5713,-4.1706,-3.5617,-4.3271
0.384,5.5148,4.0437,5.5303,3.0480,-1.3478,-2.3227,-2.2965,-3.5825
0.388,4.7383,5.4367,4.4717,4.8171,0.3088,-1.7796,-0.3657,-1.7276
0.392,4.4808,4.9556,4.8858,4.8525,2.2937,-0.9717,0.5971,-0.1848
0.396,4.4773,5.1593,5.1177,4.8884,2.4239,1.1421,0.7949,1.7493
0.400,6.7781,6.9359,7.2578,5.0364,3.7315,3.1413,3.6469,2.7060
0.404,5.8822,5.8541,6.4582,5.7940,5.4296,5.3549,2.1364,3.8905
0.408,4.7896,6.4325,6.6599,5.0536,7.5783,5.5263,4.8024,3.4392
0.412,4.1681,4.3556,6.8185,3.7300,6.3386,5.4596,4.8432,6.1980
0.416,4.2910,4.3536,5.7183,5.2511,7.1929,7.0681,5.9222,5.3730
0.420,2.8288,3.0833,3.2531,3.8701,8.3880,4.8312,6.8606,4.6608
0.424,2.5488,2.9495,3.1427,3.0680,3.9618,7.4376,4.6906,5.3164
0.428,1.2704,2.9509,3.3436,0.2040,5.9209,2.9285,4.5295,4.8580
0.432,0.0792,-0.1683,1.7488,1.0712,2.7404,3.9079,5.0247,2.8437
0.436,-1.2675,-0.2591,0.5692,-0.2221,3.7682,3.2235,2.3824,2.4424
0.440,0.3295,-0.2548,-0.6160,0.1698,1.6430,1.7164,1.1131,1.1526
0.444,-1.6965,-1.9464,-2.0336,0.3789,2.2690,0.7797,-0.0743,0.7295
0.448,-1.6996,-0.7985,0.5902,-2.8944,1.5965,-0.4116,-0.6173,0.4292
0.452,-1.4481,-2.1854,-4.8077,-2.0847,0.5020,0.0099,-2.1629,-1.8635
0.456,-3.6379,-0.7749,-0.0945,-1.3854,-1.1550,-1.3208,-3.6454,-2.2144
0.460,-3.1476,-2.3285,-2.1214,-3.3628,-0.5407,-1.1938,-6.0464,-4.3193
0.464,-2.9603,-2.1275,-3.8118,-3.6877,-5.4642,-3.9230,-5.4440,-5.7800
0.468,-2.8313,-3.5999,-3.4159,-2.5823,-3.9201,-6.7532,-7.1895,-6.0605
0.472,-4.0344,-2.7225,-2.2408,-3.6684,-5.2727,-5.1602,-6.3376,-7.2680
0.476,-3.6430,-3.0984,-3.9990,-3.1089,-7.4319,-4.6114,-6.1892,-5.4960
0.480,-2.5824,-3.1256,-2.6520,-3.4414,-6.6645,-7.3262,-6.5811,-6.9213
0.484,-1.7635,-2.3518,-2.8335,-3.2916,-6.3476,-7.2372,-5.6873,-6.9671
0.488,0.2245,0.5760,-1.6203,-0.1779,-3.4372,-4.6187,-4.6112,-2.9798
0.492,0.3012,0.5962,-0.3884,-0.1624,-3.1209,-2.1510,-3.2509,-2.8490
0.496,2.5187,1.6346,1.2441,1.1155,1.0704,-0.0478,-0.3210,-0.6070
0.500,2.2719,3.0925,2.5381,2.7397,1.3970,0.9797,-0.3636,-0.7135
0.504,4.6760,6.1461,4.8143,4.4258,3.9281,3.2240,4.2287,5.1617
0.508,6.3035,4.6119,4.9937,6.1008,6.8555,7.2725,4.2428,3.0022
0.512,6.0911,6.5335,7.7542,5.7242,8.3616,7.3573,6.4082,6.9747
0.516,8.0074,7.1335,6.3996,7.5589,9.2917,7.9881,6.4160,6.8636
0.520,8.7130,7.4544,7.6364,7.9626,8.8531,7.9695,6.7307,7.2543
0.524,8.2151,8.5981,9.5421,8.0358,8.1309,8.6540,8.6265,8.2840
0.528,6.6754,9.2878,9.0499,7.6680,7.6800,6.7643,7.4743,7.9636
0.532,8.4783,9.3854,8.2790,8.4260,7.6237,6.5556,7.6076,7.6622
0.536,9.2178,8.2834,8.1701,7.3717,7.0655,5.6115,6.0944,6.9394
0.540,7.8482,9.1629,7.5523,9.5651,5.4130,5.9005,4.6437,5.5795
0.544,7.2438,8.1310,8.2433,7.9067,5.3275,5.0033,3.6746,4.3510
0.548,7.4965,8.9157,6.6763,7.4788,5.4246,4.6149,2.8337,4.4918
0.552,7.7774,9.1022,7.0741,7.3486,3.3900,4.6395,3.6772,1.6633
0.556,5.9310,7.6916,9.4396,6.5649,3.3761,4.0411,1.3370,0.0785
0.560,6.0248,7.3071,5.6288,6.9138,1.4782,0.5668,-0.5553,0.3772
0.564,5.9856,4.1178,5.3277,4.2956,0.9548,-0.2835,-0.9659,-1.6077
0.568,4.1584,6.3293,4.6161,4.7533,-0.9250,-2.5196,-4.2669,-1.8420
0.572,4.2625,3.9523,2.0730,3.8125,-4.1596,-3.2470,-3.8360,-4.3891
0.576,2.3725,3.7862,2.0956,1.9496,-4.1872,-3.1523,-4.3375,-5.4285
0.580,0.5512,2.8984,0.7839,0.2420,-4.8908,-4.8944,-5.4444,-4.8253
0.584,0.9545,0.1963,0.1853,-0.7618,-4.2423,-5.8133,-4.1044,-5.4993
0.588,-0.4461,1.3237,-0.3910,-0.2887,-4.5619,-3.4652,-1.5250,-3.9400
0.592,0.1009,0.3013,0.0785,-0.1385,-2.5000,-2.4320,-2.5770,-2.5039
0.596,0.2390,1.1179,-0.0965,0.0105,-0.9796,-1.8498,-1.5084,-1.4302
0.600,-0.9418,1.2928,-0.7335,0.3522,0.9738,0.6178,-1.0924,-1.1140
0.604,0.0936,1.0448,1.2091,1.7789,2.5272,1.7685,0.7338,1.3012
0.608,0.9131,1.3264,-0.9069,1.6477,3.7422,2.4892,1.8894,1.5337
0.612,1.5636,-1.6000,-0.1747,0.0784,4.1582,4.4491,2.2388,3.0297
0.616,1.4190,0.4261,0.6088,0.7846,5.0302,5.1628,3.0407,3.5776
0.620,0.7861,0.8397,0.0934,-0.5600,4.1849,5.8741,3.8787,4.3485
0.624,0.7719,0.8344,0.6143,-1.1449,5.4471,4.6820,4.9660,3.5092
0.628,-1.7844,-0.5710,0.0457,-0.4023,5.4166,4.2913,3.9033,4.7183
0.632,-1.1971,0.8828,-1.2006,-1.9374,3.7201,2.7311,3.4147,3.5053
0.636,-0.6641,-0.4183,-1.9035,-0.5620,2.5773,2.6594,1.8765,2.7668
0.640,0.1257,-0.1721,-0.5570,-2.6076,2.1453,1.1410,1.2674,0.7172
0.644,1.4740,0.7876,0.4075,-1.2138,2.2135,1.0420,0.9376,1.3456
0.648,0.5028,-0.1692,-0.4096,-0.2552,1.4284,2.1494,-0.0480,-1.0236
0.652,0.9579,1.7153,0.3414,0.5737,1.1782,0.2346,-1.2616,-1.5830
0.656,0.8997,2.6188,2.5210,1.8440,0.3715,0.2310,-2.1502,-3.8158
0.660,2.1326,2.6828,-0.8164,1.1969,-0.1505,-0.3049,-1.5646,-2.3809
0.664,1.9678,2.1636,1.0051,1.2085,-2.8398,-1.4810,-3.9185,-3.8735
0.668,2.8282,2.9564,1.5888,0.1420,-2.9690,-2.0447,-4.2954,-3.9370
0.672,2.5678,1.9912,1.3455,2.3972,-4.9700,-2.4652,-5.0623,-4.9615
0.676,3.0748,3.2167,3.2997,1.9770,-3.9278,-2.2847,-4.8706,-5.0921
0.680,1.9568,3.0837,3.6788,3.1382,-4.5175,-2.9891,-4.0501,-4.0115
0.684,4.0730,4.2317,3.1878,2.6479,-3.6750,-3.6012,-4.0817,-4.9017
0.688,4.5049,4.3412,5.4698,3.9985,-1.9552,-2.4306,-2.4185,-1.2866
0.692,6.4757,6.7026,4.8869,5.6061,-0.2460,0.2182,-0.6744,-0.1855
0.696,6.9660,7.0331,7.2400,5.7240,1.6886,0.8934,2.8567,0.9245
0.700,8.1671,8.6108,8.2865,7.1412,4.7232,3.7603,1.5462,4.4757
0.704,9.0878,8.5534,9.4694,9.3984,5.9655,6.8580,3.7583,4.8860
0.708,11.9530,11.0324,9.1611,9.1901,8.1527,10.0515,6.7283,4.1411
0.712,11.8232,11.1693,10.0223,8.7963,9.0635,9.9477,7.7617,7.3043
0.716,10.1639,12.1303,9.7189,10.1414,7.6200,9.5803,7.0096,6.9472
0.720,10.7727,11.1422,11.4207,8.8226,9.5593,8.5489,9.9864,8.6420
0.724,9.9811,11.1839,7.8039,9.8190,8.4499,7.8502,9.3333,7.2218
0.728,9.9980,9.1817,6.6060,9.5894,8.7725,8.7427,7.0334,8.8063
0.732,7.3163,8.2512,6.2909,8.1063,6.5307,6.4322,6.3074,6.4048
0.736,6.7561,7.1695,7.7227,7.1295,5.6774,5.2540,6.3323,6.5952
0.740,7.1187,6.5403,5.4187,4.5823,5.3968,4.4768,5.3946,2.8748
0.744,4.6055,4.9099,6.3861,5.3406,3.3222,5.1684,4.1773,3.8323
0.748,3.8222,5.3420,3.6890,3.3925,4.0708,3.4676,0.7660,1.2969
0.752,5.0428,2.0834,3.2637,2.2152,2.0447,2.9374,0.4073,-0.0651
0.756,2.1605,1.2988,1.5282,0.6939,0.4197,0.4697,-1.3671,-0.7983
0.760,2.2480,1.2652,-0.5115,-0.9885,-0.0029,0.3911,-3.9820,-3.5224
0.764,0.3313,0.4342,0.1133,-0.4737,-1.7926,-3.9496,-4.6057,-2.7658
0.768,-1.0803,-1.0265,-1.3816,-3.6516,-2.3255,-3.3338,-4.6364,-6.3516
0.772,-2.6265,-1.4355,-3.6210,-2.4664,-5.4671,-4.3935,-6.7849,-7.4915
0.776,-2.7689,-3.5177,-4.3396,-4.6601,-8.1104,-7.1380,-7.7547,-6.9499
0.780,-4.4614,-1.4496,-3.5545,-4.9586,-7.5549,-7.6405,-6.9033,-7.1872
0.784,-3.3101,-2.5542,-3.4542,-4.7617,-7.2450,-6.7428,-6.5512,-5.2576
0.788,-2.5829,-3.3844,-3.1901,-4.4597,-5.4846,-5.7973,-6.2643,-5.5675
0.792,-3.3315,-2.7824,-3.8411,-3.7996,-4.5989,-5.0299,-3.1244,-5.8180
0.796,-1.5561,-1.2521,-2.9997,-3.3944,-2.2770,-2.7538,-2.6134,-2.4543
0.800,-0.0933,-2.2417,-1.2223,-0.8717,-0.2180,-0.7066,-0.3856,0.4226
0.804,1.0459,0.9929,-2.8465,-1.6978,2.4407,1.8526,0.4534,1.6555
0.808,1.2938,1.3414,-1.4441,-0.3960,2.9997,4.5558,2.7002,1.3173
0.812,1.9923,2.0228,1.5625,1.9885,5.7059,3.3018,3.0259,4.1700
0.816,2.7200,2.7220,1.1636,1.5053,6.6453,5.2525,5.3514,5.6474
0.820,1.9179,3.7238,2.5266,1.1146,7.0169,7.0921,6.6049,5.0089
0.824,5.1685,4.7256,3.0535,1.5418,6.3038,6.7813,7.4606,6.9762
0.828,4.2528,3.1532,1.8869,2.2038,5.6946,6.3228,5.7207,6.4351
0.832,4.7870,4.7850,4.6484,3.4749,5.0789,4.5130,5.4605,4.2096
0.836,6.0800,6.1180,3.8846,3.9877,5.5359,5.8877,5.7318,3.5726
0.840,5.7176,5.9154,5.0265,4.1641,5.0798,3.7737,5.1794,4.8525
0.844,7.9338,6.5190,5.1736,4.7356,3.4904,3.3826,3.3063,1.8813
0.848,6.9019,8.4228,5.6680,5.6695,3.4886,4.5546,1.7344,3.6538
0.852,7.1251,7.4927,7.2392,5.1361,3.7378,2.4374,0.7861,3.0403
0.856,7.0217,6.9227,7.1727,6.3456,3.2612,1.6941,0.6375,0.8167
0.860,7.8717,7.0688,5.8181,7.7494,1.1321,0.5483,-0.5138,-0.0437
0.864,7.7714,7.5475,6.2375,6.6169,0.4133,1.3935,0.5105,-1.1407
0.868,7.6495,7.6818,7.1585,6.7797,0.2232,-1.0577,-2.9136,-0.8213
0.872,7.7341,6.8664,5.6247,5.3016,-1.3452,-2.8441,-1.5922,-2.6758
0.876,5.5518,6.3309,6.5701,6.4449,-3.1006,-3.9713,-3.0735,-3.6557
0.880,5.9985,6.1610,4.9721,5.6782,-3.9666,-3.3148,-2.5175,-3.1414
0.884,5.5055,8.5144,4.9358,3.4174,-2.8279,-3.3884,-1.5363,-2.2705
0.888,5.6044,6.0499,6.3417,6.0017,-0.9076,-1.1378,-2.4614,-1.0751
0.892,6.8708,7.4651,5.5703,4.0987,-0.7503,-0.2492,1.0929,-1.3992
0.896,6.7784,6.3284,4.1191,4.4579,3.5276,1.4245,1.6261,2.4546
0.900,7.5085,6.6376,6.0645,7.6945,3.0986,2.4136,2.8640,2.6902
0.904,8.1165,6.6439,6.6513,6.2960,5.3550,4.7822,3.2623,4.2527
0.908,6.8088,5.6741,6.2487,5.5627,6.7651,5.3538,3.7931,6.0489
0.912,8.5397,5.9677,5.6263,4.3762,7.2162,7.4307,7.0100,4.4545
0.916,4.8703,7.1994,5.3624,4.7658,6.2138,7.2016,7.3925,9.2763
0.920,5.6299,5.4522,4.2719,3.5595,7.7999,7.8420,7.6555,6.4033
0.924,4.2477,4.1617,1.8441,2.1509,6.8004,5.2084,6.0323,5.2887
0.928,3.5221,2.6285,1.9688,2.9466,5.8582,4.1565,5.0306,5.6456
0.932,1.5027,2.5338,1.0248,0.9235,4.5641,3.9313,3.1817,4.6190
0.936,1.2870,2.0082,-0.2941,0.5528,3.0464,3.2060,3.7930,3.1679
0.940,0.0306,1.0902,-0.0057,-1.4543,2.3977,1.1994,2.3305,1.6008
0.944,-0.0475,-0.2105,-1.3873,-0.8670,0.9124,0.7654,0.6555,3.4558
0.948,-0.0944,-1.4441,-2.3439,-0.8914,-0.5454,1.0996,1.6872,0.4529
0.952,-0.9654,-0.6617,-2.3564,-3.3897,0.8982,-0.7579,-2.3343,-1.0452
0.956,-0.1166,-1.4585,-2.5893,-2.8433,-0.8939,-0.6967,-2.4906,-3.2100
0.960,-3.4326,-2.3142,-3.3057,-4.1778,-2.9527,-2.5051,-3.5002,-5.1850
0.964,-2.5975,-4.2798,-2.6396,-4.5070,-4.3732,-4.2462,-5.3545,-3.6495
0.968,-2.0042,-1.1061,-4.7751,-4.2207,-5.2070,-4.2210,-6.7163,-5.2613
0.972,-2.5768,-1.7379,-5.5133,-4.3989,-7.8168,-5.3088,-6.4323,-7.2874
0.976,-2.8271,-2.9948,-4.1979,-4.8591,-8.0600,-7.4068,-6.5634,-5.6206
0.980,-0.1157,-1.6892,-3.2564,-3.9702,-7.2552,-7.2797,-4.9018,-5.9781
0.984,-0.3312,-0.8115,-2.2962,-3.4836,-6.9297,-5.7686,-4.8757,-5.6662
0.988,0.2973,-1.3540,0.1237,-1.5325,-5.3176,-4.4397,-3.9312,-5.5270
0.992,0.9252,0.3565,0.6300,-0.1293,-2.5034,-3.6917,-2.5912,-2.0628
0.996,2.6742,3.1115,2.7144,1.5236,-0.0171,0.4747,0.4944,-1.9312
1.000,4.3568,5.4895,3.7560,3.2360,2.2183,1.2616,1.7049,3.3210
1.004,6.9875,5.6645,4.7488,3.0159,4.6814,5.1974,3.3238,4.4753
1.008,6.6123,7.0251,5.1643,4.8696,7.4814,7.4592,4.8024,4.5527
1.012,7.9282,8.5303,5.7152,6.6304,7.4908,8.7585,5.4293,7.1799
1.016,9.0926,8.6737,7.6396,7.1812,8.4149,9.7119,8.6345,8.6533
1.020,9.8573,10.0527,7.4148,7.2076,8.9505,9.3911,10.1375,10.4795
1.024,8.8656,10.9968,7.6957,7.8334,9.0293,9.6306,8.6954,9.6535
1.028,9.2814,8.8859,8.3363,8.1455,8.2462,7.5527,8.1140,8.2860
1.032,9.2756,10.0537,8.6813,7.4797,7.4535,7.5794,8.9765,8.7435
1.036,11.1618,10.7028,9.1121,7.3942,7.2233,6.7433,6.6369,6.6103
1.040,9.5948,8.8149,9.0492,9.0902,6.7842,4.1929,8.4939,6.0098
1.044,9.0026,8.6902,7.8070,5.8118,4.3534,3.8242,5.2589,4.6143
1.048,9.4177,9.3458,6.6921,7.3583,5.0981,4.7704,4.9853,4.1663
1.052,9.0424,9.6348,7.5292,6.5986,3.9995,4.6032,2.4195,3.9253
1.056,8.5567,9.3729,7.3065,5.5337,2.6704,1.3042,1.6892,3.2780
1.060,7.8054,6.2957,5.6974,6.3115,0.4482,0.6628,0.2330,1.1294
1.064,5.5281,7.1040,4.9586,4.0520,-0.6651,-1.8849,-0.4372,-2.1521
1.068,6.3374,4.3997,3.8798,2.1541,-2.2418,-3.4851,-2.5107,-2.7941
1.072,2.9933,2.6100,2.8826,3.8293,-2.6052,-3.2001,-4.3141,-3.3550
1.076,2.7772,2.3058,0.5097,1.5919,-4.7532,-5.5147,-5.5958,-4.1981
1.080,2.4215,2.4089,1.5418,0.5493,-5.6437,-6.0559,-4.1292,-4.1454
1.084,1.8609,1.0704,-1.0367,-0.1034,-4.7391,-5.4438,-3.7989,-4.9843
1.088,0.9143,0.5906,-0.6759,-0.9780,-4.3031,-4.7669,-4.7582,-3.8264
1.092,0.9628,0.0185,0.5450,-0.3377,-2.2908,-4.0252,-3.8100,-3.6241
1.096,1.3795,1.4925,-2.3365,-1.0816,-1.7783,-1.5377,-0.9945,0.1730
1.100,0.8843,0.3030,0.5042,-1.3065,0.1430,0.2387,0.4379,1.6687
1.104,1.3932,1.3464,-1.5816,-0.3659,2.2809,1.6865,1.8123,2.1682
1.108,-1.4170,2.7056,1.0924,0.8207,4.5926,5.6101,2.2889,2.8597
1.112,3.2351,3.0744,-0.1123,-0.9061,4.2404,5.7361,4.8650,4.6232
1.116,2.1831,-0.1027,1.1133,-0.4981,4.9510,4.4537,5.8838,4.1793
1.120,0.3953,-0.5712,-0.2911,-1.5094,5.0655,6.7436,3.6404,5.2179
1.124,0.5546,-0.0548,-0.6739,-0.5869,4.1685,3.6695,3.5225,6.0194
1.128,0.0440,1.0701,-1.2615,-1.9342,3.9394,4.2185,5.0590,5.1539
1.132,0.9942,0.0182,-1.9424,-1.3628,3.7457,2.9793,2.2743,4.8865
1.136,0.5661,-1.2463,-1.8734,-2.0000,2.6250,2.8398,4.3521,2.5551
1.140,1.7457,-0.6683,-1.0388,-0.4329,0.6319,3.3752,2.6497,4.1490
1.144,1.6117,-0.1996,-0.4744,-0.9827,2.0545,-0.3701,1.8508,1.1781
1.148,2.3364,0.3611,-0.7535,-1.7429,0.3165,1.4132,0.5047,-0.2918
1.152,0.5905,1.4522,0.1277,-0.4968,0.1855,0.5540,-0.1508,-0.2358
1.156,2.2353,2.4657,0.1864,-0.7562,-0.1941,-0.3610,-1.0320,-1.3406
1.160,2.7652,1.0657,0.7926,1.3913,-0.1004,-2.0876,-3.3019,-1.5920
1.164,1.9375,2.1888,1.8223,0.0334,-2.1129,-1.6228,-3.0209,-2.3882
1.168,1.8858,1.4579,2.0932,-1.1752,-2.2490,-4.1853,-3.5717,-2.9115
1.172,2.8316,2.4959,0.6568,1.4809,-4.8258,-4.4921,-3.1105,-3.4398
1.176,2.4472,2.3143,1.3836,1.9094,-4.5034,-4.1636,-4.9953,-5.1388
1.180,3.3282,4.8501,2.0701,1.7822,-6.7277,-4.1438,-4.3507,-3.1119
1.184,3.8864,4.1608,2.8490,2.2520,-3.4624,-4.6454,-2.8919,-1.8200
1.188,5.9521,5.3323,3.4639,4.7173,-1.7237,-2.3250,-1.1274,-1.8516
1.192,5.6691,6.6263,4.8319,2.9791,-0.7681,-0.9481,0.9743,0.3123
1.196,8.0490,6.6948,6.3001,5.8703,2.8222,2.1954,1.5742,0.6567
1.200,8.5981,8.5160,8.4629,5.6738,2.6346,4.7565,2.6861,3.6269
1.204,10.3489,9.0696,8.8788,8.5432,6.3030,6.5312,5.5177,6.2296
1.208,11.5473,9.5426,9.0901,8.4541,8.3954,8.6942,6.2635,6.7910
1.212,10.9514,11.2979,8.2357,8.7645,10.1166,8.3404,8.8910,7.6753
1.216,10.3135,11.5205,9.7923,8.1770,9.6186,9.4720,9.6109,8.9095
1.220,11.3062,10.1567,9.5212,9.1679,9.7131,10.1725,8.9083,8.8144
1.224,10.1057,9.3567,7.1811,8.7632,8.6927,9.0432,9.5613,9.3973
1.228,10.3507,10.0065,8.6106,7.7741,6.5967,8.8627,9.1968,8.2498
1.232,7.8128,7.4539,6.7659,6.3880,8.0651,5.6656,7.9946,7.3298
1.236,7.3822,7.7140,7.2206,6.1977,5.1682,4.6426,6.3720,7.3462
1.240,5.9722,6.7982,5.5985,4.9255,4.2676,4.8053,4.4508,5.0894
1.244,4.9105,5.6508,4.9813,3.3792,3.2273,3.5575,3.1434,4.1814
1.248,4.8103,3.3845,4.3210,2.9094,1.7838,2.5540,3.1902,3.9686
1.252,3.5670,2.5236,1.6486,1.5599,2.1835,0.6586,2.2140,1.4862
1.256,2.7644,2.1468,-0.0057,-1.5256,-0.5170,0.2547,-0.6334,-1.2389
1.260,1.7289,2.0511,0.1818,-1.5524,-1.8190,-0.2823,-1.9318,-1.7856
1.264,1.2054,0.9990,-0.7220,-1.9859,-3.4782,-4.3203,-3.6672,-4.0464
1.268,-1.8558,-2.3540,-2.4326,-2.5361,-4.4308,-4.5288,-5.0720,-4.3413
1.272,-1.8847,-1.4541,-3.3967,-4.2112,-7.4800,-5.9937,-5.6613,-4.6552
1.276,-3.5231,-2.7705,-4.0834,-3.9820,-6.2631,-7.5404,-6.7844,-4.8262
1.280,-3.4024,-2.1400,-4.3861,-4.9970,-7.5766,-7.2507,-6.9801,-7.3244
1.284,-3.6750,-3.6809,-4.1771,-5.3234,-7.4537,-6.3040,-6.4891,-6.4396
1.288,-3.9646,-1.7531,-4.5615,-5.9008,-7.9509,-8.5318,-5.2853,-5.6327
1.292,-2.8240,-1.8588,-5.0318,-4.7757,-3.2415,-3.3837,-5.0591,-4.1030
1.296,-3.4869,-2.5080,-3.3766,-2.9633,-2.2087,-1.8685,-2.3153,-2.5200
1.300,-0.9134,0.1607,-1.4716,-2.2125,-0.3409,2.1265,-0.6253,0.1021
1.304,-0.3802,0.7940,-0.8103,0.2958,2.9507,4.2650,1.5147,3.2188
1.308,2.3974,2.0365,-0.4591,-1.6766,4.9746,5.5651,4.1766,4.2456
1.312,0.0980,2.9558,0.9727,-0.7214,4.6472,4.7286,4.3454,5.6974
1.316,2.3911,1.9408,0.7142,0.4705,6.7302,6.5514,7.1202,6.9366
1.320,2.8680,3.2386,1.0877,0.3752,6.6184,5.7784,6.7677,7.8296
1.324,5.3662,2.8508,2.2367,4.0580,7.4191,6.4071,5.8993,7.3315
1.328,5.0766,5.9749,2.6730,2.3235,6.3023,5.7968,5.4783,9.8240
1.332,5.2036,4.0915,4.0727,3.9052,6.7041,4.5129,6.0379,6.4818
1.336,5.1372,5.4651,2.2699,1.5579,5.4919,4.8721,7.0661,5.8473
1.340,6.8246,6.1744,2.8628,4.0344,4.2548,3.7799,6.3706,5.8444
1.344,7.2861,5.9871,3.1800,4.2648,3.6209,2.3707,5.2039,5.1682
1.348,7.9755,5.8823,4.8679,4.5549,3.8368,4.1140,4.3907,4.5618
1.352,6.5615,7.6594,3.9198,5.5073,1.8135,2.6462,4.2214,2.6631
1.356,7.2637,6.9270,5.5391,3.3760,2.7046,2.9284,1.8924,2.6871
1.360,8.0259,6.8136,5.6714,7.6041,-0.0789,0.4703,0.5569,0.4882
1.364,7.3069,6.7993,5.4372,3.6548,-0.2952,-0.6661,-0.4098,-0.9926
1.368,7.7983,6.8969,6.2604,4.8359,-0.3077,-1.4895,-1.0036,-2.7301
1.372,5.6436,5.9919,4.1653,4.9732,-3.8116,-2.8220,-1.8186,-1.3297
1.376,6.8718,5.8976,4.4294,4.7242,-3.7455,-3.7294,-3.9380,-0.9607
1.380,5.6620,5.3532,4.6354,3.1090,-3.3497,-3.7744,-2.3299,-3.0368
1.384,5.6924,6.2855,3.1146,3.6453,-2.7877,-3.6930,-2.0096,-2.3240
1.388,6.4028,4.9178,4.1439,5.5345,-2.1807,-1.6696,-1.2981,-0.9950
1.392,6.8449,5.8180,5.3753,4.4784,-0.8350,0.3295,0.9342,0.3784
1.396,6.8873,4.4329,3.5698,3.7381,1.0573,1.0337,1.4009,2.9582
1.400,7.2302,6.4623,4.3102,4.6821,3.5542,4.1854,2.4428,3.4088
1.404,6.6467,8.6315,4.3816,3.8727,5.3480,4.2557,5.6131,4.3709
1.408,6.8475,7.3706,6.6596,5.3997,7.4236,5.4737,6.9250,5.9509
1.412,6.0603,5.5503,4.9455,3.5838,7.3558,6.5578,7.4796,6.9842
1.416,5.6960,6.6691,4.6672,4.3639,7.4852,7.3346,8.3264,7.5210
1.420,5.5757,4.3020,4.0386,3.6038,6.4659,7.4204,7.0279,8.9581
1.424,3.9856,4.1541,2.7962,1.7562,6.6980,6.4251,6.1475,8.6371
1.428,3.3887,1.3620,1.8113,2.3061,6.1916,4.5434,7.1106,6.9457
1.432,1.7249,1.0446,-0.2246,0.1750,2.4784,6.0766,4.4453,5.7438
1.436,0.1845,0.4490,-0.4108,-1.1083,2.7873,4.2251,4.6943,4.3479
1.440,0.1297,-0.8110,-1.3776,-1.4782,3.8369,2.9805,4.7013,4.2492
1.444,-0.3438,0.0088,-2.1794,-4.0730,0.4984,1.7323,2.7652,3.0976
1.448,-0.9684,-0.9337,-2.2069,-2.6810,0.5238,-0.3794,1.7638,1.6364
1.452,-1.5875,-3.1406,-3.4529,-3.0745,-1.1868,-1.0035,-0.5132,0.3566
1.456,-2.1578,-1.8350,-2.5559,-4.4867,-1.6716,-1.6746,-2.0360,-0.8524
1.460,-3.1953,-2.8847,-4.4428,-2.8076,-3.9995,-4.7757,-2.8296,-3.5633
1.464,-1.9626,-3.4993,-4.9588,-4.4009,-3.7532,-4.7379,-5.9580,-3.6024
1.468,-3.9670,-3.7898,-4.5493,-4.5338,-4.8947,-6.9549,-5.3977,-4.6719
1.472,-2.1405,-4.4075,-6.2801,-5.8745,-5.2976,-6.3357,-3.8528,-6.0649
1.476,-3.6037,-2.4968,-4.1620,-5.4653,-5.9210,-5.6481,-5.9313,-5.0463
1.480,-3.4687,-3.3221,-4.2361,-5.5574,-7.3104,-9.0933,-5.3893,-4.4599
1.484,-1.7585,-1.0710,-2.4879,-2.5486,-6.9805,-6.0837,-4.9449,-3.7305
1.488,-0.1463,-2.1599,-1.9427,-3.0650,-4.0992,-5.6309,-2.7335,-3.1097
1.492,0.6642,0.8881,-2.1662,0.5262,-2.3575,-3.0607,-0.6856,-1.4946
1.496,1.7130,2.7866,-0.8365,0.8283,0.2230,-1.3611,0.3503,0.4024
1.500,3.2748,2.4062,2.1761,0.8164,2.1803,1.1140,1.8616,3.7119
1.504,4.0178,4.5419,4.6421,2.7286,4.2116,5.3261,5.2560,5.1448
1.508,6.4801,6.5948,3.5788,4.0275,6.6143,4.5448,6.4218,8.0429
1.512,7.5932,5.9099,4.2603,5.2445,8.0304,7.5381,9.3673,9.4987
1.516,10.0263,7.5379,6.6233,8.2887,6.8936,8.7762,8.4719,10.1396
1.520,8.9561,9.1483,8.6244,8.0577,9.6713,9.0520,9.6606,8.8788
1.524,8.3648,9.2123,7.7269,6.5506,8.2354,9.3643,11.5761,11.4907
1.528,8.1334,10.3744,7.2593,6.4483,7.5810,7.7130,10.4178,10.0367
1.532,8.1861,8.7607,7.6038,8.1218,8.5300,9.7645,11.4431,9.0624
1.536,9.5971,8.3341,6.7295,7.8405,7.8615,7.3690,8.0942,8.4106
1.540,9.6726,7.6227,8.0675,5.8868,6.6319,5.8830,6.3408,7.8972
1.544,9.4786,8.5046,6.9111,5.7531,4.9591,5.4200,8.3607,8.3529
1.548,7.4895,7.8509,5.0268,7.3323,4.4369,4.6531,6.1467,4.7494
1.552,7.4795,8.2720,5.5316,6.7223,3.3173,4.2935,3.3886,3.4098
1.556,7.9202,5.8961,5.0304,4.3542,2.7942,2.0194,2.6496,1.6851
1.560,6.6263,5.9869,3.9890,5.1045,0.3917,-0.6085,-0.5931,1.5886
1.564,6.3355,6.6659,3.5479,3.1375,-0.7667,-0.0450,1.0253,-2.0182
1.568,4.1431,3.9396,0.6968,2.4148,-2.7959,-3.1443,-2.2267,-1.6521
1.572,3.5475,1.7839,1.6717,1.0916,-4.2632,-3.4042,-3.3893,-3.7625
1.576,0.3815,0.6225,1.1705,0.1714,-3.5365,-5.5056,-2.7404,-2.6342
1.580,1.4594,0.6156,0.2313,-2.8747,-5.2811,-5.4097,-3.6918,-3.6761
1.584,-1.3558,-0.2702,-0.9535,0.5161,-5.3302,-3.2536,-3.0092,-4.2239
1.588,-0.1430,0.0852,-1.6075,-1.5345,-5.6685,-5.4205,-2.5052,-2.3788
1.592,-0.3592,-0.5006,-1.4390,0.1266,-3.9649,-2.1562,-1.3095,-1.9244
1.596,0.0621,0.6785,-1.9062,-1.0681,-0.3478,-0.6267,0.2177,-0.5972
1.600,0.0414,0.0253,-2.0592,-0.4494,1.4535,0.5047,1.3808,0.9494
1.604,1.3482,-1.2810,-0.4444,-1.3633,4.3218,3.0406,2.2923,3.7323
1.608,0.4488,0.0108,-1.7204,-1.0200,4.0506,3.5617,4.1747,4.1539
1.612,-0.7432,2.2687,-1.6030,-1.1469,5.2669,5.0327,6.0804,6.0502
1.616,0.2164,0.9016,-2.4199,-0.8917,7.2060,5.4647,6.2308,7.2068
1.620,1.0731,-0.6013,-0.3676,-1.0390,5.8706,7.5270,6.6326,6.4564
1.624,-1.1040,-1.7631,-1.6360,-0.8507,4.8973,5.9699,5.6047,6.0266
1.628,-1.5304,-1.6072,-2.3590,-1.5525,4.1022,4.7753,6.4174,6.5326
1.632,-0.7390,-2.0962,-1.4159,-2.2271,3.0718,3.5687,5.7642,5.5210
1.636,-1.9347,-1.4601,-1.4495,-2.4076,2.8286,2.9778,4.5505,4.2730
1.640,-2.0998,-1.4470,-2.1586,-1.0049,3.3640,2.1533,3.9686,3.6768
1.644,-0.1072,-2.2925,-2.2478,-1.3791,2.0668,3.3992,2.1299,1.9319
1.648,-0.6180,0.0129,-0.9480,-2.0839,0.5698,0.1128,1.7893,1.4105
1.652,0.3908,1.2452,-0.0943,-2.2598,1.9742,2.1431,0.9963,0.7677
1.656,0.3537,0.6262,-0.7320,-1.1125,-0.2245,-0.1558,0.3277,1.2494
1.660,0.8322,1.0399,-0.0367,-1.9029,-0.2517,-0.3305,-0.5537,0.2199
1.664,0.3812,-0.5408,-0.7427,0.4048,-2.8822,-2.5621,-2.0198,-2.8355
1.668,0.2245,0.4400,-1.1103,-0.3195,-4.1648,-3.3681,-3.2749,-1.1648
1.672,0.8724,0.9656,-0.6614,0.9306,-3.9717,-4.5855,-3.5767,-3.0774
1.676,3.6232,1.9513,0.5148,0.4298,-6.0288,-3.5228,-3.9609,-2.9413
1.680,2.5336,1.2587,1.0621,1.8085,-4.6891,-4.0718,-2.2866,-2.9121
1.684,3.3947,3.6807,1.5921,3.1666,-4.6732,-3.0462,-2.2402,-1.8638
1.688,3.5718,5.5461,2.9370,1.8976,-3.1491,-2.0849,-1.1685,-0.5721
1.692,4.5144,4.8491,2.6686,2.5607,0.4965,0.5159,1.6572,2.2905
1.696,7.2381,6.7074,5.0750,5.6265,1.1196,2.1485,3.6679,3.0641
1.700,7.3770,6.1998,6.8060,6.3156,4.7619,4.6879,6.8420,5.9529
1.704,10.0331,8.5156,5.8477,7.6270,7.5846,6.6685,6.0882,7.9460
1.708,9.1261,9.4676,6.5846,7.7437,9.5984,9.0989,8.5480,10.8551
1.712,9.5396,9.4164,8.9499,9.0558,10.2575,9.6939,10.1688,9.9438
1.716,9.9609,9.8730,9.0323,8.3605,8.8112,10.7759,10.1523,10.6793
1.720,8.9098,8.6655,7.4352,7.9983,9.0197,11.4612,10.6410,12.5474
1.724,7.7177,7.9445,8.2945,7.1320,8.8351,11.1502,8.9320,10.5828
1.728,7.8520,6.1380,6.6206,5.4488,8.8932,8.0857,10.0929,11.1861
1.732,7.6935,6.3590,6.2396,5.5148,5.9155,7.3216,9.4322,9.7858
1.736,6.6723,5.1393,4.9804,3.3702,7.2130,6.9882,7.1134,8.7924
1.740,5.6457,5.5982,4.4164,3.9064,5.7012,3.7499,7.8195,8.1273
1.744,4.6311,3.3701,2.8628,1.6677,4.6591,2.5448,5.0358,5.5476
1.748,3.2803,2.4668,1.9244,2.7782,3.2796,3.4933,3.7328,4.3020
1.752,2.4973,1.3310,-0.0466,0.7071,2.7078,1.2001,1.6418,2.1952
1.756,1.6231,1.3806,-0.5416,-1.8090,0.9030,-0.1496,-1.3885,3.0387
1.760,0.0340,0.2748,-0.8897,-0.4962,-0.4445,-1.1303,-0.7243,-1.5247
1.764,-1.4696,-2.1531,-2.8225,-2.6099,-1.9650,-2.8500,-3.7628,-2.9040
1.768,-2.9406,-2.8800,-4.4843,-3.3526,-5.2718,-4.9572,-3.6449,-4.8508
1.772,-3.7992,-2.8189,-5.3020,-4.4019,-6.6050,-5.5474,-5.7363,-4.8495
1.776,-4.5233,-5.1737,-6.5205,-4.8174,-7.4460,-7.5736,-6.4581,-5.1511
1.780,-4.0889,-5.7960,-6.7668,-5.9250,-7.0744,-7.3388,-4.8264,-4.8488
1.784,-5.1724,-5.6718,-5.6372,-5.6250,-7.7162,-8.1503,-5.8254,-4.6284
1.788,-5.5730,-3.2336,-6.9075,-5.2922,-4.8216,-7.0469,-3.1638,-4.7916
1.792,-4.2260,-5.5340,-4.8862,-4.7174,-4.7019,-4.8492,-3.2714,-3.0370
1.796,-4.4997,-3.0918,-4.8315,-2.8583,-2.6265,-1.1575,0.8153,-0.5792
1.800,-2.1559,-2.9387,-3.7328,-3.4614,-0.4422,0.3676,0.2405,1.5372
1.804,-1.1504,-2.0419,-1.5999,-2.6544,2.5305,2.9677,2.6707,2.8278
1.808,0.0361,-1.4929,-0.9581,-1.1328,5.1414,3.9575,4.1182,5.3643
1.812,1.5947,1.3705,1.8407,0.7006,7.1338,5.8760,4.7903,6.4023
1.816,1.6722,-0.3682,1.2731,0.1984,6.6878,5.3974,6.0118,7.4169
1.820,2.4153,-0.5516,1.2938,1.5993,7.1891,6.4343,8.8609,7.5658
1.824,1.0894,4.0045,1.1814,1.1802,7.6093,7.5364,8.0580,7.6203
1.828,3.7072,1.8560,2.9185,1.4361,7.6330,6.4828,7.7451,8.3530
1.832,3.6340,3.1581,2.3340,1.3240,4.4558,8.1408,6.9913,8.5361
1.836,4.3347,3.9404,3.5927,3.2254,6.1389,5.7925,8.1756,7.8286
1.840,3.3632,4.5157,3.3404,3.8169,3.4233,5.2629,7.3320,7.2859
1.844,4.1769,3.8952,3.6296,3.3122,3.4333,5.9904,4.8425,6.1743
1.848,4.9114,5.0034,3.3049,4.2817,4.3665,4.6643,5.1039,4.8768
1.852,4.5496,5.4332,4.3552,4.4447,3.1142,5.5707,3.6839,5.1941
1.856,6.3738,4.9564,3.7225,5.0418,1.2672,2.7881,1.8380,2.5131
1.860,5.1486,4.9034,4.3933,5.1366,1.9573,2.2161,2.1513,1.3746
1.864,5.7852,6.4200,4.4589,3.8406,-1.5238,0.3369,-1.4413,0.4349
1.868,5.6998,4.9935,4.5952,3.9945,-0.7206,-0.6273,-1.7756,0.3644
1.872,5.7709,5.2619,5.0914,4.9198,-2.4756,-2.5999,-1.0933,-1.2022
1.876,5.1449,5.1574,3.1232,2.1515,-4.2565,-2.2903,-1.3104,-0.9957
1.880,3.9429,2.5687,3.1266,2.4784,-4.5673,-4.4116,-1.3388,-1.0824
1.884,4.0304,3.1590,2.7799,3.5028,-2.8758,-2.4248,-1.6318,-1.4202
1.888,3.8822,5.0969,1.5692,3.1006,-2.4908,-0.6797,-0.5615,1.2151
1.892,4.8786,4.1951,3.6544,3.4760,-0.8093,0.4479,1.2892,1.7554
1.896,6.0527,6.0511,3.9150,2.5389,0.2830,1.0549,3.1455,4.0416
1.900,7.1089,4.0901,4.7877,4.4980,4.6040,3.1749,4.0757,4.6217
1.904,5.7035,5.6084,5.4159,4.0537,4.7954,6.0917,6.7033,6.0912
1.908,7.0432,5.3553,4.8922,4.5595,6.9291,6.0407,7.1261,7.1426
1.912,4.8874,5.0884,3.3507,5.6547,7.9015,9.0255,7.2334,8.2254
1.916,2.9199,3.6534,4.5719,2.5874,9.4185,8.9102,8.5272,10.1921
1.920,1.9795,3.6664,2.2878,2.8194,7.3150,9.7156,8.8981,8.7907
1.924,1.8137,2.0499,1.8419,2.1346,8.6914,6.6222,9.4573,9.4970
1.928,1.5563,2.0034,0.2254,0.7629,8.2392,5.6023,7.3510,6.9259
1.932,-0.2764,-0.1645,-0.4878,1.1790,4.8647,6.2491,6.6519,8.2021
1.936,-2.2132,-1.1222,0.8742,-0.2859,3.8814,4.8842,7.0275,5.6877
1.940,-0.0054,-1.2817,-2.7448,-1.8516,2.6826,2.8474,4.6348,4.5745
1.944,-0.4890,-1.9961,-1.9110,-1.5766,2.0893,2.2386,4.1565,3.7619
1.948,-3.0376,-2.0113,-2.8062,-3.7573,0.6135,1.8744,2.6516,1.8329
1.952,-2.4005,-5.3541,-3.4174,-4.0606,0.2349,0.7121,-0.2731,1.7522
1.956,-3.3283,-5.6691,-4.5047,-5.1694,-1.0249,-0.3929,-1.6593,-0.9827
1.960,-2.9880,-4.3933,-4.6798,-3.9038,-3.3780,-1.5344,-3.5375,-2.6684
1.964,-4.8906,-5.5675,-3.5027,-4.5804,-2.7973,-4.1332,-4.5442,-2.8326
1.968,-5.1277,-6.6196,-4.0978,-4.4389,-6.5990,-8.0032,-3.3005,-3.5847
1.972,-5.8769,-4.9365,-5.1572,-6.5011,-7.0395,-8.1357,-7.0407,-5.7888
1.976,-5.1071,-4.4006,-5.8921,-5.7061,-5.9002,-7.7734,-5.3813,-4.9226
1.980,-5.6161,-3.3628,-5.7630,-4.5106,-7.9583,-6.8898,-4.3828,-3.7062
1.984,-4.1458,-5.7289,-5.0087,-2.1641,-6.0340,-7.4712,-4.8618,-3.0641
1.988,-2.7100,-2.8719,-4.1040,-1.7346,-4.0049,-3.4049,-3.4090,-3.4618
1.992,-2.6426,-1.8358,-1.1167,-0.7834,-2.8211,-1.8838,-2.2667,-1.4868
1.996,0.9633,-1.0965,-0.6550,0.0299,-1.6168,1.2708,1.2290,2.0887
2.000,0.6673,1.0830,2.0184,1.5542,2.0538,5.0932,4.4409,2.7812
2.004,3.2914,2.9900,3.1489,2.1376,5.0556,5.3156,5.1653,5.6934
2.008,4.9596,5.5287,4.1142,2.2905,7.7387,7.6918,7.3423,8.5159
2.012,5.5966,6.6213,5.9372,6.0257,8.7652,8.4137,9.1951,9.8893
2.016,6.0851,7.5377,5.8218,6.8068,10.0749,12.0706,11.8273,10.1141
2.020,6.4624,7.1042,5.9355,6.6546,9.4609,10.1056,10.6513,12.1146
2.024,8.4959,5.2247,7.1431,7.7043,9.5621,11.1354,10.9675,10.8054
2.028,7.9695,7.1935,8.3691,7.6462,8.1413,9.0482,10.0032,12.1174
2.032,9.0304,6.3890,7.4174,7.4740,8.5169,8.4145,10.2006,10.3428
2.036,7.5243,8.1890,7.2981,7.6615,7.2243,8.4401,9.7791,9.0568
2.040,7.0500,5.5516,7.1053,8.2519,5.8386,7.1572,8.5412,8.3010
2.044,6.7279,5.9750,6.0049,7.5344,5.0296,5.9202,8.1892,7.3339
2.048,6.8618,5.7619,6.4780,5.7483,6.8559,5.4354,5.0304,5.7382
2.052,6.0302,4.4707,6.6245,5.5300,3.6809,4.0045,3.6565,4.8066
2.056,4.9768,6.1351,5.9540,6.2463,2.1441,3.0945,3.1461,2.3253
2.060,3.8286,5.3737,5.1118,5.0045,0.2946,1.9565,1.5083,2.4999
2.064,4.3456,3.1215,2.6929,4.2328,0.1387,-0.9850,0.2991,-0.2285
2.068,1.6552,0.8864,1.6027,2.0405,-3.4026,-1.8370,-0.9351,-0.2397
2.072,-0.3270,-0.2009,0.3723,0.9130,-3.6563,-3.5791,-3.0037,-2.6435
2.076,0.0548,-0.3165,-0.5306,0.8479,-5.8762,-4.4166,-3.3786,-3.7121
2.080,-1.4791,-1.4371,-2.5359,-0.7882,-4.5852,-6.3627,-3.1740,-2.5651
2.084,-2.5037,-1.5108,-1.9350,-0.9852,-4.8196,-3.5555,-3.6401,-2.2786
2.088,-2.2453,-2.2657,-1.9026,-1.6209,-4.2619,-3.7990,-3.8888,-3.8532
2.092,-2.0442,-3.1875,-2.6840,-1.8460,-3.1135,-1.1222,-1.4923,-1.3158
2.096,-1.5658,-2.0949,-2.6497,-2.4037,-0.9359,0.7218,0.6127,0.3525
2.100,-1.6655,-1.8768,-1.9952,-1.8086,0.6475,2.0695,3.3178,0.4154
2.104,-3.2933,0.4755,-2.7579,-0.4380,3.1040,4.2698,4.8587,4.5726
2.108,-2.0847,-0.7202,-2.1348,-0.3732,5.3222,4.8374,5.2352,5.2974
2.112,-1.8234,-3.2507,-1.1566,-1.9940,5.3926,6.5937,6.1101,7.0163
2.116,-1.5698,-2.0875,-1.3904,-0.9415,6.8797,6.1053,5.9334,7.3898
2.120,-2.2891,-1.6049,-0.4669,-0.4648,7.2388,5.2349,7.2468,7.3802
2.124,-3.6387,-2.7961,-0.9251,-1.6547,6.0483,7.1052,7.0871,7.5777
2.128,-2.6452,-3.8212,-3.0137,-2.4509,2.7743,5.9562,6.3737,7.3857
2.132,-3.3384,-2.3621,-2.9281,-1.2319,4.6135,4.8577,6.1186,5.2553
2.136,-2.6432,-3.8659,-2.4040,-1.2692,3.3433,4.3539,6.4824,6.2404
2.140,-2.8314,-1.1837,-1.2504,-2.5609,1.3466,2.4302,4.2539,6.1225
2.144,-2.3879,-2.5952,-2.4610,-3.5538,1.7598,2.4569,3.2091,3.0300
2.148,-2.0305,-1.7885,-2.3524,-1.3794,0.4132,2.8054,1.8544,2.2789
2.152,-2.0538,-1.7451,-2.2160,-1.4061,1.1770,1.7198,1.5739,1.9089
2.156,-0.1561,-2.5070,-1.1196,-1.4585,-1.1628,-1.2096,-1.1344,2.1427
2.160,-1.2075,-1.1525,-0.9756,-0.6585,-1.1115,-0.6011,-2.0167,0.9250
2.164,-0.0051,-0.8360,-0.1018,-0.0203,-1.7588,-2.7775,-1.7607,-0.8783
2.168,0.3010,0.1691,-1.1475,-1.4586,-4.2406,-2.7593,-3.2907,-2.7680
2.172,-0.5252,-0.8140,-1.9435,-0.2499,-4.2515,-4.5612,-2.6783,-2.3303
2.176,-1.4747,-1.7013,-0.0065,-0.0678,-5.5163,-5.7869,-2.9693,-2.4400
2.180,-0.2600,-0.1508,0.4669,1.7145,-4.3536,-3.5148,-2.8582,-2.1609
2.184,1.2953,-0.3481,1.1830,1.1108,-2.6946,-5.1817,-0.3006,-1.9884
2.188,3.0002,1.9100,4.0927,3.6757,-2.3070,-1.8549,-0.5217,-1.0484
2.192,2.3877,3.2631,4.4104,3.4418,0.7215,0.3150,0.1913,1.5110
2.196,3.1384,3.6015,4.3750,5.6916,1.9958,2.4896,3.6003,3.3477
2.200,5.0091,6.0273,4.5689,5.0616,6.2101,4.3349,4.5576,5.9412
2.204,6.5748,6.1669,6.5065,6.8150,5.7227,7.1345,6.7005,6.5178
2.208,7.2716,8.0017,7.5689,8.2757,7.4164,9.7315,9.6045,10.0023
2.212,6.8320,6.2648,8.8041,7.1634,9.8545,11.7614,10.3947,11.1394
2.216,5.5055,7.6469,5.6156,8.9681,10.4130,11.3516,10.5256,11.9095
2.220,5.6429,5.9980,7.6813,6.3540,11.7944,12.3607,11.2474,12.1415
2.224,6.7037,6.5858,8.8292,6.4820,9.2793,9.9076,13.1153,11.5247
2.228,7.4538,6.0361,7.4640,8.5765,9.6625,8.2862,9.7947,10.0374
2.232,4.7480,3.9552,3.6499,6.4056,7.7845,6.9733,9.7893,8.3492
2.236,4.3709,3.9965,5.3585,5.7597,6.3448,6.8466,8.3047,9.3325
2.240,3.2382,2.9573,2.7667,3.2827,3.9604,5.3714,7.7463,7.1109
2.244,1.0278,2.3416,2.6307,2.9254,5.6939,3.3930,7.1093,6.6357
2.248,1.7171,0.0628,1.0663,2.8005,2.4061,3.4495,3.3850,3.0538
2.252,1.4780,0.2679,1.3098,1.2071,1.0464,0.2848,3.4470,2.7497
2.256,-1.1161,-0.5190,-0.9917,0.3397,-0.8890,-1.5086,-0.0788,0.4321
2.260,-3.1946,-3.0961,-3.0165,-0.9419,-0.1663,-1.1627,-0.6021,-1.0662
2.264,-3.3513,-3.2907,-3.1101,-2.0058,-2.6475,-3.9575,-2.8145,-2.0769
2.268,-5.4201,-5.6757,-3.9481,-4.4756,-4.3669,-3.8194,-3.5275,-4.0237
2.272,-7.3814,-5.3359,-6.1538,-4.8542,-7.1087,-5.1876,-5.8892,-4.6322
2.276,-6.3251,-6.8992,-4.7232,-4.9970,-7.4461,-6.2697,-6.2668,-6.1385
2.280,-6.9213,-6.9008,-6.7726,-7.1896,-7.0334,-6.2936,-6.1309,-5.0502
2.284,-6.2420,-7.5675,-6.0229,-6.1079,-7.8309,-7.0685,-5.8182,-5.3456
2.288,-6.8671,-6.9769,-6.5409,-5.7470,-6.0773,-5.9899,-3.7145,-3.7823
2.292,-6.1040,-6.0917,-7.9074,-6.4737,-3.2500,-2.9220,-3.1490,-2.6119
2.296,-6.0400,-5.6670,-4.2596,-3.0995,-2.0236,-2.8366,-2.6552,-1.2325
2.300,-4.7176,-4.9418,-4.0145,-3.4551,1.3502,-0.3605,1.2041,0.8324
2.304,-3.4904,-2.3797,-2.4800,-2.0140,1.9504,2.7726,3.7390,2.0499
2.308,-4.7978,-3.5675,-2.6470,-2.3162,5.4673,4.8087,4.6414,5.1622
2.312,-0.6226,-0.4875,-0.9497,-1.5677,6.4958,6.3187,5.4406,7.2169
2.316,0.3260,-1.1364,-0.2218,0.6501,7.2684,6.3615,7.2996,7.9225
2.320,-0.9442,1.1408,0.6127,1.4479,6.5037,8.5125,8.2818,7.7618
2.324,-0.3142,1.1244,0.9112,0.8338,6.8689,5.1974,8.1583,8.8725
2.328,1.9429,1.5954,1.0925,1.4379,6.7202,8.5487,7.9820,7.7593
2.332,2.0494,0.6729,2.1867,1.9913,7.4307,5.3131,8.7803,8.1572
2.336,1.9788,1.7029,2.5588,2.2296,4.5356,6.3623,7.2852,6.8790
2.340,1.8657,3.4402,4.0501,4.1168,3.0842,5.5995,7.2154,7.7307
2.344,3.3950,2.7594,4.2120,4.0872,4.0733,5.4274,5.9702,4.1992
2.348,3.7666,3.6085,2.5620,4.4172,4.2200,5.6900,4.8698,5.7627
2.352,3.5948,2.7022,4.3306,5.6237,4.1213,3.1868,4.0579,3.4688
2.356,2.3109,3.3772,7.6453,4.6299,1.4787,3.2696,1.7903,1.1289
2.360,4.3479,3.2595,3.5335,4.2686,-0.3858,-0.1204,1.1614,2.1624
2.364,4.2200,3.2383,3.0281,3.8960,0.1971,0.8770,0.3469,0.6860
2.368,2.7527,4.2881,4.0426,4.5383,-0.8422,-1.3199,-0.0739,-0.9178
2.372,2.6475,3.8789,3.1542,3.8043,-4.2966,-3.6333,-1.8256,-0.7136
2.376,3.5407,3.6441,3.2962,3.4392,-3.1759,-1.2990,-2.4034,-1.8011
2.380,2.0449,1.7581,4.6778,2.4111,-2.4221,-3.3519,-2.7996,-2.1745
2.384,2.4054,2.2926,0.3348,3.3053,-4.0683,-3.3480,-1.8932,-0.4813
2.388,1.9363,2.1384,2.3250,2.9416,-1.4820,-2.5377,0.6719,-2.1426
2.392,2.7217,1.1627,2.7388,3.2716,-0.1123,0.3886,1.2930,-0.2187
2.396,2.4891,2.9360,3.0252,3.8471,1.8280,2.3966,3.3561,1.9133
2.400,2.8436,2.5914,3.5280,4.3196,4.6075,4.6997,4.3490,5.3499
2.404,4.2230,3.6606,3.6568,3.8615,4.8614,6.3463,5.8256,6.1205
2.408,3.1017,2.2193,3.0306,4.3202,5.8729,7.2753,6.7127,7.9377
2.412,4.1453,1.8025,2.1455,3.4475,7.7225,8.6351,8.0957,8.8111
2.416,2.5092,3.8899,2.7740,1.8456,8.3553,8.8602,9.6160,8.7129
2.420,0.6943,1.1243,2.3714,2.6455,7.9236,7.9888,7.3518,8.6294
2.424,-0.9366,-0.4310,2.6338,1.2074,7.2927,7.7938,9.6870,9.2112
2.428,-1.3584,-2.0904,2.0741,0.2673,6.8752,6.0929,7.0431,8.0100
2.432,-2.7027,-1.2642,0.2808,-0.0203,5.7151,5.3580,8.8311,7.0680
2.436,-3.3755,-1.3239,-1.0826,-1.2991,4.5128,4.8107,4.9705,4.9683
2.440,-3.1752,-5.1202,-2.0339,-2.7571,3.0454,2.0530,3.8920,3.4788
2.444,-3.1354,-2.6605,-3.8903,-2.1205,2.5755,3.4901,2.0836,1.3920
2.448,-4.4765,-3.9996,-4.1237,-4.2180,0.2422,0.6864,1.1554,1.3244
2.452,-5.4724,-5.3683,-3.3755,-4.3927,1.1153,0.3770,0.2764,2.0508
2.456,-5.7605,-5.6832,-3.9758,-3.2762,-1.9035,-3.5092,0.2911,-0.0841
2.460,-6.8453,-4.8413,-5.7517,-5.0523,-3.5302,-2.0359,-4.3125,-2.7379
2.464,-6.0092,-6.2319,-6.1835,-5.0018,-3.9334,-2.8955,-4.1636,-2.6598
2.468,-7.3532,-7.1483,-6.4485,-5.3079,-6.4457,-5.6668,-4.6409,-4.3967
2.472,-7.0400,-7.7369,-5.6085,-5.8930,-7.3900,-6.1838,-3.9167,-6.5629
2.476,-7.2806,-5.2161,-7.0956,-5.7222,-6.8869,-6.8136,-6.2509,-4.8408
2.480,-6.6591,-6.4343,-5.5046,-6.3550,-8.0764,-7.3274,-5.8243,-5.8557
2.484,-6.8046,-4.5205,-4.5077,-5.5391,-5.0971,-5.6840,-3.9034,-4.7712
2.488,-4.8839,-5.8779,-4.9835,-2.4890,-4.5330,-4.6149,-4.1369,-3.3459
2.492,-3.1170,-3.4510,-2.2332,-2.0948,-2.7821,-2.8529,-1.8125,-0.7385
2.496,-1.7361,-1.8975,-1.6739,-0.2857,-0.2962,0.0114,-0.0483,0.6998
2.500,-1.8005,0.2164,-0.1379,1.1683,1.3464,4.9124,4.0463,2.3873
2.504,1.0434,1.7025,1.7181,3.4127,3.7965,5.5620,5.4075,6.1293
2.508,1.8103,2.6282,4.3225,5.0474,6.9878,7.2864,7.6635,6.8303
2.512,5.7461,4.8617,3.3743,5.5872,8.3189,9.9281,10.0806,8.9273
2.516,4.3886,5.2068,4.2474,6.0133,9.1512,9.4195,10.1424,9.7407
2.520,5.9693,5.1786,5.6212,7.2346,9.5065,10.6027,11.4800,11.2397
2.524,5.6122,6.4651,6.9728,7.7221,10.5082,10.3036,11.8185,10.7987
2.528,4.7376,5.8333,6.8721,6.5374,9.1767,10.9077,10.0833,11.3160
2.532,5.2956,4.2758,6.7506,8.0762,8.7391,9.7246,9.9086,9.3098
2.536,5.5791,4.8200,6.4114,6.8916,9.0600,9.0242,7.9444,7.8857
2.540,4.7109,6.5097,7.2470,7.1359,6.6950,5.2887,6.9292,7.8096
2.544,4.3836,5.8927,6.6992,6.4114,5.5975,6.9207,5.6010,6.9781
2.548,4.6237,5.7298,5.4559,7.1126,5.2353,5.5312,5.6324,5.1732
2.552,3.6883,4.3136,4.6480,5.6116,4.2493,3.2393,4.3315,4.7064
2.556,2.5790,2.7686,3.5018,4.5001,3.7489,1.3966,2.0177,2.2037
2.560,2.9943,3.7362,3.7590,4.0854,0.7024,0.9227,2.1152,-0.2908
2.564,2.2370,1.8157,2.4684,3.3954,-0.5182,-0.3627,-1.4128,0.5390
2.568,1.0247,0.0459,1.8551,1.8107,-2.0492,-1.6402,-3.2248,-2.3201
2.572,0.1907,0.1473,2.1057,0.1024,-4.6326,-4.4037,-3.5980,-4.4100
2.576,-1.9881,-1.7935,-0.0872,1.5710,-4.4665,-4.8160,-3.9646,-3.7850
2.580,-3.5656,-3.3891,-1.4684,-0.2870,-6.7303,-5.6057,-4.6727,-4.6627
2.584,-1.8636,-3.5390,-0.8177,-1.6107,-7.0630,-4.3617,-5.0363,-3.5914
2.588,-5.1030,-4.6347,-2.0433,-2.4323,-6.0535,-5.3876,-4.3466,-1.9907
2.592,-3.8224,-4.0343,-2.2321,-0.6075,-2.8954,-1.5339,-2.6332,-2.5965
2.596,-3.8114,-3.8322,-1.8051,-0.6674,-0.7088,-1.0791,0.0973,0.1490
2.600,-4.7230,-2.4990,-2.4637,-0.9530,0.6397,2.3579,0.7041,1.4409
2.604,-3.0081,-2.7594,-1.6666,-1.9565,2.9712,2.7141,1.2187,2.5944
2.608,-3.2785,-2.0994,-1.7010,-1.5609,5.3987,5.0286,4.4887,4.4815
2.612,-3.8703,-3.1945,-1.8639,-1.4844,5.4662,5.7524,5.3941,6.1748
2.616,-3.3257,-4.4257,-1.6721,-1.8672,5.2136,7.7382,3.8684,6.1386
2.620,-4.4130,-3.2994,-1.6385,-1.4743,5.8033,6.5817,5.6715,5.2218
2.624,-3.8731,-2.2919,-2.0925,-1.3941,7.0108,6.6399,4.9296,6.3051
2.628,-5.3522,-3.9085,-2.9524,-2.6572,4.9900,5.3615,5.4661,6.8552
2.632,-2.8172,-4.6528,-4.3292,-1.0869,3.9594,5.4828,4.1523,5.9670
2.636,-3.3327,-3.3320,-2.3914,-2.2799,2.9230,1.7248,3.5915,6.3605
2.640,-3.6877,-2.9783,-2.7499,-2.3255,3.4635,3.8773,2.8772,3.7432
2.644,-4.0209,-3.6320,-2.9974,-0.9712,0.7008,2.0068,0.6924,3.0650
2.648,-3.2760,-3.1646,-2.1827,-1.8457,1.1606,-0.1102,1.5891,0.9253
2.652,-3.1170,-3.8404,-1.4479,-0.5725,-0.0402,0.6804,0.4785,1.3065
2.656,-3.4231,-3.0382,-2.0140,-3.0078,-1.3803,1.9820,-0.2585,-0.7303
2.660,-2.4586,-2.9797,-0.8942,-1.1318,-2.3623,-1.2116,-2.4078,-2.6377
2.664,-2.1073,-1.9339,-1.8811,-1.0722,-4.1700,-3.9578,-2.5893,-1.4539
2.668,-2.8231,-3.3872,-1.1514,-1.0320,-3.7418,-3.9793,-4.6060,-5.0728
2.672,-2.6044,-2.3907,-0.5324,-1.3962,-5.4471,-5.3604,-5.0660,-4.6770
2.676,-3.0914,-0.9863,0.3086,0.7376,-5.5116,-3.6489,-3.7472,-4.6132
2.680,-2.1488,-1.9746,1.2593,1.1279,-3.7761,-3.6271,-4.2947,-3.6464
2.684,-2.1055,0.7846,2.0133,1.3848,-4.2169,-6.0673,-3.4124,-2.3633
2.688,1.4350,-1.0084,0.8805,2.6726,-2.3726,-3.3791,-2.1512,-2.2800
2.692,0.6905,1.9748,3.5332,2.7916,-0.4040,0.6215,0.1190,0.3838
2.696,3.7313,3.4218,5.6127,4.7776,1.6213,1.9996,3.2751,1.1937
2.700,5.3780,3.5845,5.8324,4.7484,4.8822,4.6597,3.6465,4.7155
2.704,4.5131,6.1245,6.3712,6.6319,7.2865,7.4701,8.4741,6.8807
2.708,4.9045,6.1892,6.8749,8.5277,8.3768,8.5425,7.2232,8.2439
2.712,6.9237,6.1045,6.7864,10.0456,9.1967,9.1687,9.2817,7.6867
2.716,6.6085,5.7057,6.2655,7.6375,9.8265,11.1045,9.7363,10.1880
2.720,6.0106,6.6838,9.0028,8.8601,10.7495,9.5522,9.4735,9.5907
2.724,3.5452,5.6724,5.8160,7.5988,9.8715,10.2521,9.8458,9.8997
2.728,5.3234,5.1241,5.9417,6.3059,8.7711,9.2730,10.0471,9.6460
2.732,3.7705,3.3112,5.8038,4.9442,8.4626,8.5459,8.2300,9.6737
2.736,2.6254,3.7778,4.1211,5.2308,5.9010,7.3261,6.8824,7.6850
2.740,1.0476,2.1238,4.5036,3.0687,5.1422,4.8769,6.1984,5.4178
2.744,1.8558,1.6719,1.3879,2.5310,5.4375,5.3681,4.3513,4.9021
2.748,-1.5811,0.9844,2.4214,0.9073,3.0819,2.5767,3.5768,2.3791
2.752,-2.4708,-1.7851,0.7039,0.8194,-0.1591,1.0086,1.6185,0.4611
2.756,-2.0304,-1.8796,0.3495,-0.3525,-0.1205,-0.0879,0.3651,0.2301
2.760,-3.4473,-2.8180,-3.0010,-1.1801,-1.5526,-1.5502,-3.1601,-4.3354
2.764,-3.9548,-4.7985,-2.9537,-3.8028,-3.6942,-4.3529,-3.1810,-4.7276
2.768,-5.1543,-6.1165,-5.1733,-3.8642,-5.4332,-4.9732,-6.3434,-6.3773
2.772,-8.2609,-6.1930,-4.4624,-3.9374,-6.9576,-6.9857,-6.8296,-7.9541
2.776,-8.0916,-7.6042,-6.5314,-6.4348,-8.2479,-8.8183,-7.8506,-8.0870
2.780,-8.5812,-6.4160,-6.5560,-5.7656,-8.4218,-7.1900,-7.1456,-8.1826
2.784,-8.9657,-7.8236,-7.8556,-7.5588,-7.7468,-6.3536,-7.6276,-7.7808
2.788,-8.9676,-7.8318,-6.9455,-7.8439,-6.1697,-6.7805,-6.9579,-5.4567
2.792,-7.0427,-7.2706,-4.7876,-5.1234,-4.9422,-4.1302,-4.5363,-3.6623
2.796,-8.0068,-6.9822,-5.0594,-5.0799,-1.7208,-2.2128,-2.5682,-4.0140
2.800,-7.3245,-5.8119,-4.8322,-2.9595,-0.5365,0.7061,0.3146,-0.4646
2.804,-3.0252,-3.9806,-3.4990,-1.9679,1.1919,3.0957,0.9441,2.0985
2.808,-3.3927,-3.7031,-1.0910,0.0123,2.6680,4.7338,4.6996,3.5911
2.812,-1.9918,-1.1266,-1.6369,-0.1052,6.0700,5.0062,5.8724,5.3865
2.816,-1.8250,-1.1432,-0.9381,0.3842,6.7322,5.4655,5.2363,5.5526
2.820,-0.3565,0.5374,1.0529,0.6667,7.6506,6.6309,7.0126,5.7955
2.824,-0.4349,0.9129,1.7131,3.0020,7.6863,7.1795,5.7740,5.5738
2.828,-1.7169,0.5551,2.6659,3.5117,5.7159,5.0587,6.1366,6.2913
2.832,0.4690,0.2594,1.4829,1.7505,6.1257,7.5682,6.1960,5.0405
2.836,-0.1740,0.9556,2.3179,2.7503,5.1945,6.2763,5.3548,6.2344
2.840,-1.3062,0.7086,3.6246,2.1564,5.3045,4.0840,5.5935,3.8252
2.844,0.6847,1.8543,3.6369,3.3875,5.4196,4.3530,2.5673,3.6525
2.848,1.1583,2.7062,3.8544,3.7242,3.6092,2.7569,2.0822,2.7128
2.852,3.6960,1.6221,3.3318,3.9630,2.7287,2.7804,1.1900,0.9983
2.856,3.0678,2.0387,4.5168,4.1258,2.6371,2.1191,1.5766,1.6312
2.860,2.2269,3.2580,4.4455,4.9552,0.7162,0.2682,0.0428,-0.8389
2.864,1.6213,1.9760,3.1563,5.1924,-1.2784,0.5154,-2.2966,-1.7964
2.868,1.9271,0.6775,2.6453,3.4075,-2.3094,-3.0605,-1.3103,-3.0829
2.872,1.6275,1.6262,4.1522,4.3838,-3.1908,-2.7618,-3.2877,-3.2101
2.876,-0.7200,0.2967,3.0249,1.7250,-4.8384,-4.0197,-4.1893,-4.7521
2.880,-0.3620,1.2052,1.4626,3.0814,-3.6652,-3.0915,-4.4026,-4.7409
2.884,0.5671,1.0939,1.6024,1.7620,-3.6162,-3.0349,-2.5503,-3.7795
2.888,1.2408,-0.1156,2.3171,3.3838,-2.3668,-2.2387,-1.3288,-4.0475
2.892,1.6057,1.0733,1.9741,3.5640,-1.8490,-0.0871,-1.2722,-0.8635
2.896,1.5702,2.5083,2.8147,3.9727,0.5289,-0.1726,1.5174,1.2366
2.900,2.3519,2.3089,2.9604,4.0408,3.7555,3.2104,3.0640,1.6620
2.904,0.3475,2.2086,5.8091,4.4800,2.9137,6.2391,3.2965,2.5416
2.908,1.6743,1.4424,1.7807,5.3021,5.6954,7.6871,4.0182,4.3063
2.912,2.2014,2.9878,3.9774,4.6749,8.1688,6.9043,7.6500,6.9250
2.916,1.8182,1.6240,3.4587,3.4252,7.0363,7.7402,7.2523,6.1131
2.920,0.1625,0.9882,2.7095,2.5992,8.4150,7.3634,6.7447,6.3510
2.924,0.6847,-0.4032,0.0696,2.0323,6.9356,6.3916,6.3575,6.9426
2.928,-2.0868,-0.7377,-0.3124,0.1491,4.7368,5.2641,7.3166,6.4400
2.932,-1.8411,-1.7594,-1.0540,-1.0015,3.4746,4.1333,5.8443,6.0615
2.936,-3.5053,-1.4223,-1.5415,-2.4982,2.9131,2.2454,2.4447,3.8921
2.940,-5.1441,-5.2475,-2.8175,-2.7654,2.4592,0.6489,2.9356,1.3350
2.944,-5.1220,-4.4547,-2.8575,-3.1049,0.9913,1.0671,1.3813,0.5342
2.948,-5.5795,-5.5823,-3.9101,-4.6100,-1.3454,0.5858,-0.6217,-1.7476
2.952,-5.4050,-5.6868,-4.4856,-2.9734,-3.3045,-1.3223,-2.5646,-3.5030
2.956,-5.8500,-7.1268,-4.3766,-5.1678,-2.8472,-1.5570,-4.0756,-4.5542
2.960,-6.7717,-5.7866,-5.6540,-6.1010,-3.4715,-4.9849,-5.3996,-5.1718
2.964,-7.1455,-8.5299,-4.5237,-5.3085,-5.8238,-6.1901,-6.1825,-7.0905
2.968,-7.0153,-7.2499,-5.7235,-4.9679,-6.3919,-5.8791,-6.8939,-7.2683
2.972,-8.1157,-6.5280,-5.6358,-6.8650,-9.4581,-7.5546,-6.5901,-6.7789
2.976,-7.0011,-7.7121,-7.1712,-6.8156,-9.7884,-10.4039,-8.6289,-7.9908
2.980,-8.1023,-6.9363,-5.2657,-6.6581,-9.9802,-7.3676,-8.3310,-7.6198
2.984,-6.8355,-5.9346,-5.1957,-2.6634,-7.7946,-7.3873,-6.1163,-8.7368
2.988,-6.4243,-4.1461,-3.7774,-3.6089,-5.9616,-6.8725,-6.1344,-6.8916
2.992,-3.3915,-3.5047,-2.9009,-2.6877,-4.5061,-3.8968,-2.5251,-4.7434
2.996,-1.5824,-2.6691,-1.1978,-1.1352,-1.4392,-1.6682,-0.7047,-1.9323
3.000,-0.3266,-1.0183,0.7476,0.3885,1.0133,1.3217,0.1622,-0.4670
3.004,0.4207,0.4449,2.1574,3.1538,2.9256,3.3641,3.1372,2.5270
3.008,2.5841,3.0009,4.2463,3.7364,6.1197,5.5889,5.1341,3.3990
3.012,3.0833,3.4092,2.7501,4.9814,7.9980,8.2008,6.8429,6.2340
3.016,4.0273,3.6811,5.7452,5.3868,9.1662,8.0665,6.8950,7.2851
3.020,4.6811,5.4348,5.4148,7.7819,9.4464,9.0788,8.1623,8.2412
3.024,3.7647,6.3137,5.6328,6.9916,9.9753,6.8778,8.0123,9.3252
3.028,6.1472,6.3732,6.0188,7.2935,8.4214,9.1070,7.9102,8.3944
3.032,4.5780,4.9334,6.2050,6.8282,7.5097,7.1776,9.6955,7.0494
3.036,4.9192,6.6878,5.6135,6.0555,6.4260,5.6667,6.6453,7.0459
3.040,3.8397,5.1796,6.9406,5.9889,5.1249,7.4591,5.4772,3.9313
3.044,4.4949,4.0168,5.4123,5.8738,5.4954,4.6021,5.5268,4.1724
3.048,4.1003,2.9689,6.2518,5.2251,4.5959,3.5089,3.0009,3.1538
3.052,3.1987,2.8796,2.6252,5.9374,3.3221,2.2244,2.8102,0.3140
3.056,1.0953,4.1980,5.1686,4.7852,0.9263,0.3204,-1.0577,-1.4883
3.060,1.0004,1.3267,2.1350,3.6297,-0.8380,-0.2096,-1.5101,-1.7333
3.064,0.0456,0.3851,1.6361,2.9304,-2.1327,-0.4380,-3.0996,-1.1679
3.068,-1.5017,-0.2661,-0.5366,0.3919,-4.2042,-3.2679,-5.6207,-5.0550
3.072,-1.8023,-0.7936,-0.8761,1.3177,-5.2722,-6.3798,-7.1486,-6.0608
3.076,-2.6082,-2.5974,-0.7069,-0.6336,-6.3134,-6.2543,-7.1751,-7.1037
3.080,-4.3170,-3.2266,-1.7374,-1.1498,-6.0857,-5.7866,-5.4514,-7.7940
3.084,-3.6576,-3.3208,-2.5146,-1.7733,-5.7978,-6.3292,-6.6159,-7.1743
3.088,-5.0726,-5.7135,-3.4247,-1.4256,-6.3376,-6.4511,-6.3103,-6.5496
3.092,-4.8408,-4.2836,-3.8955,-2.2362,-4.6813,-5.4758,-2.8551,-4.6175
3.096,-4.2781,-5.3365,-2.1106,-1.2365,-1.9586,-1.6046,-3.1061,-4.7924
3.100,-4.4327,-3.7847,-1.9223,-1.1340,-1.6042,-0.1023,-2.2116,-1.6913
3.104,-4.3365,-4.3866,-2.2224,-2.0977,1.9486,1.4861,0.1347,-0.1980
3.108,-4.7818,-3.2558,-2.2760,-1.1341,3.7701,3.3687,1.2402,1.6979
3.112,-4.0809,-2.0945,-2.3267,-0.7947,4.4511,4.5953,2.8260,3.4802
3.116,-3.7936,-3.0256,-1.1835,-3.3842,3.1596,5.4634,3.6151,2.5181
3.120,-4.0188,-3.3059,-3.1657,-3.0117,4.5958,3.2350,3.6692,3.2734
3.124,-4.5557,-2.2291,-2.8470,-1.7562,4.8571,4.5668,4.1596,2.1602
3.128,-4.0698,-2.2113,-2.9249,-3.3896,3.4763,2.1829,2.6666,3.2426
3.132,-3.9514,-4.2751,-1.5652,-3.2524,3.8485,2.6938,4.1945,3.1229
3.136,-4.4793,-4.5577,-3.0449,-4.5100,1.2539,0.6925,2.5194,2.4583
3.140,-4.1013,-4.3621,-3.5240,-3.7352,0.6828,2.5141,-0.7939,0.9782
3.144,-4.7369,-4.5986,-1.9562,-3.8827,0.7765,0.6492,1.2171,0.5145
3.148,-3.8754,-5.1568,-3.9840,-3.0309,-0.0613,-0.5456,-0.7098,-1.8608
3.152,-3.5010,-2.9454,-3.4783,-2.2202,-0.1051,0.0075,-2.2615,-3.4334
3.156,-4.4859,-2.4514,-2.6405,-2.9793,-2.2252,-2.8240,-2.3364,-2.3692
3.160,-3.7877,-3.6914,-2.8178,-1.9881,-1.3160,-2.0068,-3.7428,-4.8406
3.164,-3.1189,-2.5958,-1.6709,-1.4964,-4.2016,-3.3559,-5.7931,-6.0535
3.168,-4.7118,-3.5222,-1.0633,-1.4277,-5.9600,-7.3204,-5.6783,-6.1777
3.172,-2.1214,-3.2501,-0.8612,-0.1737,-5.6463,-6.6748,-7.8697,-7.2932
3.176,-2.8238,-4.1382,-2.3709,-0.1333,-6.0713,-6.8416,-7.7564,-7.0280
3.180,-1.1961,-1.8555,-0.2916,0.4936,-6.5350,-7.2776,-7.8896,-6.4798
3.184,-1.4114,-1.3029,0.5497,0.0938,-5.3840,-4.2257,-4.1470,-7.0897
3.188,1.4449,0.1219,2.0822,0.8842,-4.4917,-4.2462,-3.9767,-5.2048
3.192,1.9786,1.8058,2.3900,3.4791,-1.4046,-2.3287,-3.5840,-2.5867
3.196,3.2972,3.4224,6.2084,2.8213,-1.1960,1.7422,0.8974,-1.2133
3.200,3.0913,3.9175,6.5577,4.7917,1.1461,2.7296,2.9862,1.0719
3.204,5.0528,6.1997,5.6175,5.6001,5.5193,3.8355,2.2359,2.9413
3.208,6.5974,6.1102,5.8549,7.9052,5.0847,6.1914,2.5809,4.0470
3.212,5.5104,5.5299,7.0166,7.1659,8.1996,8.2868,6.2237,6.8269
3.216,4.8701,6.5046,7.3408,7.3062,8.2831,9.1553,7.7598,7.8997
3.220,4.9577,6.7424,8.4163,7.7035,9.0941,9.3328,9.3350,7.8657
3.224,3.9845,4.9796,5.7052,5.9293,8.6573,7.4867,7.8305,7.6833
3.228,4.2610,4.1427,4.8780,5.2046,9.1329,4.9571,8.0656,7.6481
3.232,3.4229,3.7369,4.3111,5.2454,6.0435,5.8720,6.6170,4.4322
3.236,3.6090,2.9848,3.2827,4.2072,4.4642,3.8704,5.3828,4.1059
3.240,0.9988,2.6236,2.3918,2.0492,3.6449,3.8098,3.1699,3.1626
3.244,1.8830,0.4211,1.8613,1.4223,1.5576,3.0943,2.2815,0.9762
3.248,0.7585,-1.8097,1.8741,-0.0729,0.8202,-0.1727,0.3453,0.1471
3.252,-2.9195,-1.3786,-1.7725,0.4998,-0.4732,-1.1486,-1.7038,-4.4466
3.256,-3.7983,-3.8005,-1.4556,-2.5332,-2.8704,-3.1352,-1.9392,-4.4074
3.260,-3.6333,-2.1886,-3.4167,-4.0833,-4.3003,-3.9786,-5.8707,-5.4911
3.264,-3.2009,-3.9602,-4.9217,-4.6955,-4.0320,-5.7208,-7.1296,-9.5766
3.268,-6.4094,-5.6440,-5.0453,-3.8759,-6.7968,-6.3881,-9.7458,-9.1090
3.272,-7.5678,-7.8096,-5.5339,-5.6285,-10.1994,-7.5007,-10.0480,-9.4197
3.276,-7.9279,-7.4679,-9.1765,-7.2427,-9.6598,-10.6231,-10.4169,-10.7640
3.280,-9.4512,-8.6395,-6.0522,-7.2715,-9.7270,-11.4480,-10.0495,-11.0025
3.284,-8.7255,-8.4914,-7.9414,-7.5182,-10.1273,-9.8704,-10.2224,-11.7311
3.288,-8.0931,-8.5051,-6.9640,-7.3680,-8.1321,-9.9564,-7.7552,-9.0283
3.292,-6.8996,-7.4399,-6.3209,-7.8303,-8.0317,-8.1601,-7.8830,-6.3905
3.296,-7.0043,-6.0974,-6.0532,-5.6617,-4.7109,-4.7496,-5.6167,-5.8268
3.300,-5.7377,-5.2733,-3.2789,-5.3937,-0.2462,-3.4149,-3.5491,-4.0265
3.304,-5.2587,-3.5433,-3.8539,-3.2620,1.2114,-0.1247,-1.6752,-0.8354
3.308,-3.9347,-1.6560,-2.8367,-1.3118,2.8258,1.1986,0.0563,1.1662
3.312,-3.4790,-1.3702,-0.9574,-2.6662,4.5785,3.1501,2.4298,0.4720
3.316,-0.6638,-3.5971,0.0194,-2.0833,5.0711,3.6298,2.9961,2.3458
3.320,-1.2978,-0.5532,1.0494,0.4942,4.3729,4.8344,3.5925,3.7575
3.324,-0.6610,-0.3114,0.5520,2.1451,4.0474,4.7210,4.1691,4.3070
3.328,-0.7568,-0.6916,1.5538,1.1727,5.0370,4.7451,3.2971,3.3977
3.332,-1.2825,0.5738,1.7461,0.0542,5.1449,3.5859,3.3155,3.8523
3.336,0.2759,-0.0766,1.3984,1.3037,2.6475,4.1459,3.5169,2.5128
3.340,1.7808,2.2091,1.0820,1.9428,2.0758,3.3339,3.2148,3.2341
3.344,-0.2862,2.1241,1.8212,3.7718,2.8043,2.3336,1.1265,1.3514
3.348,2.6361,1.9216,4.1210,1.8611,0.1037,1.5184,0.1100,0.0750
3.352,1.7041,1.5405,3.9632,3.4376,0.7826,0.4645,-2.2993,-1.4930
3.356,2.3998,3.0563,2.7150,3.4637,-0.9412,-0.4255,-2.0149,-2.8538
3.360,1.9818,2.2042,3.4852,2.9608,-0.7708,-1.2549,-3.2084,-1.7358
3.364,2.3452,2.7036,3.3168,4.0179,-2.1473,-3.6241,-4.0942,-3.8939
3.368,0.4841,1.1284,2.2534,1.4775,-4.2630,-3.7241,-5.7081,-5.8228
3.372,1.2493,1.6745,1.1813,3.1479,-4.5730,-5.2135,-5.6977,-5.6479
3.376,0.4774,0.7020,3.2747,0.9316,-7.5845,-5.5359,-6.9536,-5.1432
3.380,-0.1780,2.2978,1.4215,0.7707,-6.1241,-6.2868,-5.5627,-7.2850
3.384,0.8693,1.8076,-0.2655,0.2859,-6.4357,-7.0987,-5.2198,-5.3460
3.388,0.6685,0.5360,2.2125,2.3977,-4.9364,-4.7559,-4.9606,-4.9159
3.392,0.1281,1.6975,3.1195,1.6925,-2.0361,-3.9882,-3.3145,-4.1372
3.396,1.2791,1.3728,2.4399,3.1908,-1.2290,0.0589,-2.3814,-1.5513
3.400,1.8249,1.3645,2.3713,1.3089,0.3145,0.5953,-0.8101,-1.6454
3.404,2.8903,2.5245,2.1685,3.1700,2.4769,2.1505,1.1274,1.2587
3.408,1.3185,2.7569,4.1727,3.9098,4.2064,5.9522,3.3976,2.6652
3.412,2.3768,2.0859,3.5320,2.7414,5.5758,6.0737,3.8277,3.4578
3.416,2.9189,1.0336,1.0529,3.7130,4.7915,6.5758,3.7572,3.8534
3.420,0.7802,0.7890,2.6896,1.6129,4.6595,3.5704,3.4754,3.1147
3.424,-2.5990,-0.0839,1.1478,-0.2659,5.8614,5.9598,4.4495,4.1630
3.428,-1.6179,-1.4876,-1.2067,-1.5262,3.7809,4.7212,1.7197,3.3083
3.432,-2.0567,-4.5248,-2.3867,-1.6244,2.2068,1.4564,2.1652,1.7031
3.436,-2.7103,-3.5667,-1.9825,-2.5003,1.3227,0.8419,2.2768,1.2918
3.440,-4.1029,-2.8521,-4.4360,-4.6832,-0.5502,-0.5973,-0.1105,-1.5315
3.444,-5.2658,-5.6601,-4.6215,-3.0793,-0.4119,-2.1678,-0.7975,-1.6665
3.448,-5.6454,-6.1357,-5.6675,-6.0991,-1.2055,-1.4510,-3.2949,-3.5108
3.452,-5.9253,-5.4105,-4.8971,-5.2941,-3.7495,-2.6738,-4.9835,-5.8230
3.456,-6.5867,-6.9433,-5.4107,-5.9362,-3.8882,-4.2528,-6.3360,-6.5980
3.460,-7.5911,-5.9326,-5.6808,-7.6802,-6.7137,-6.4160,-8.6358,-6.3242
3.464,-5.3732,-6.2276,-6.1336,-6.9787,-8.6511,-6.5981,-8.9333,-8.9854
3.468,-7.4925,-6.7039,-6.6645,-7.7001,-7.8162,-9.8419,-10.3056,-11.2808
3.472,-7.8967,-8.7558,-6.3100,-8.5251,-9.7878,-9.3230,-9.9223,-11.6720
3.476,-7.2326,-9.1571,-7.3431,-7.2127,-9.6306,-11.6113,-11.3028,-11.2659
3.480,-9.4235,-6.0885,-8.0511,-6.4545,-13.1570,-10.8989,-10.8830,-11.5412
3.484,-5.3678,-6.9248,-6.3635,-6.3174,-9.2161,-11.9519,-8.6754,-11.2298
3.488,-6.9712,-4.9104,-4.2828,-5.2789,-8.5799,-7.7960,-9.6585,-7.7374
3.492,-4.9086,-3.5357,-3.1373,-3.9277,-5.8579,-6.2302,-6.8399,-7.9572
3.496,-3.1565,-1.7871,-3.1621,-2.0512,-3.0419,-4.2841,-5.6075,-5.2509
3.500,-0.2965,0.7455,0.2240,-0.6867,0.2708,0.9025,-1.9680,-3.0379
3.504,-0.5717,1.1459,0.8945,1.6033,1.8314,2.2086,-0.7565,-0.8404
3.508,1.8924,3.2876,3.6094,2.3115,4.1934,3.0127,3.1122,1.7774
3.512,2.3203,2.6345,3.6755,4.6717,6.1829,5.9007,2.3575,2.9135
3.516,3.8805,4.1194,4.2163,4.6903,6.1837,5.6241,3.2898,3.9401
3.520,4.2951,4.3370,4.6183,5.6292,7.8759,6.0552,6.3174,6.6617
3.524,3.6898,6.1176,5.6036,4.5906,5.3389,7.3436,6.7590,4.8878
3.528,3.2460,5.4255,4.8313,5.5227,7.1048,5.9079,4.5014,4.8914
3.532,5.6832,5.7512,5.4359,6.4129,7.0182,3.6257,4.1916,5.5189
3.536,4.7716,6.1302,5.9311,5.6001,4.8091,3.1336,4.9946,4.8282
3.540,3.2489,6.1843,4.6958,6.0773,3.4392,3.2050,1.5762,2.6101
3.544,3.7759,5.0612,5.0917,4.8166,1.8845,1.9141,2.2304,2.3213
3.548,4.2151,3.9782,3.3956,5.3353,0.7042,0.5356,0.0458,-1.3028
3.552,3.2216,1.9483,3.3148,4.1549,-1.1204,0.6534,-1.1661,-0.4731
3.556,2.3544,3.1478,2.1885,2.7762,-0.5775,-1.5378,-2.4258,-3.3286
3.560,1.3927,2.3669,1.8635,2.0325,-2.1045,-2.8826,-3.4236,-4.5566
3.564,0.2340,0.3575,1.2040,0.7203,-5.7338,-5.6289,-5.1047,-7.7736
3.568,-0.6697,0.6473,1.4079,1.3317,-5.5130,-5.9548,-7.5371,-7.8114
3.572,-2.3171,0.4564,-0.6595,-1.7685,-7.2399,-6.9993,-8.4369,-8.4323
3.576,-2.3736,-2.4619,-2.4514,-1.7494,-8.1618,-8.8081,-9.5673,-9.9452
3.580,-3.8753,-2.6332,-4.1531,-2.3328,-8.9499,-11.1375,-10.1788,-10.7257
3.584,-5.3555,-4.7106,-4.6331,-4.2856,-9.2132,-9.8467,-8.1015,-8.9461
3.588,-4.8091,-3.7384,-4.8385,-2.6542,-7.9408,-8.9032,-7.5402,-7.8706
3.592,-4.0700,-3.9760,-3.6370,-4.6289,-5.3306,-5.7891,-7.6421,-9.1138
3.596,-3.0966,-5.9375,-4.6788,-2.8239,-3.9842,-5.1464,-6.1161,-6.8250
3.600,-4.9980,-2.7800,-3.1823,-4.2062,-2.8949,-2.2180,-4.0413,-3.8125
3.604,-4.0434,-2.5849,-3.5211,-3.3272,-0.6875,-1.1170,-2.5877,-1.8222
3.608,-4.6308,-2.3941,-2.4471,-2.9665,0.5217,1.1489,-1.3311,-2.4410
3.612,-3.1161,-2.9462,-4.1995,-4.3276,1.7529,1.6323,0.2787,0.2068
3.616,-4.1203,-2.7823,-3.2113,-2.7379,3.2016,2.6812,2.9736,1.8939
3.620,-3.8349,-3.1645,-4.6549,-3.2770,2.7654,1.6112,0.5676,-0.1171
3.624,-5.6738,-3.0213,-4.0956,-5.1511,0.5115,1.9913,0.4077,0.4909
3.628,-4.0072,-4.7757,-2.7875,-3.0443,0.5660,1.3599,0.7840,0.9185
3.632,-5.4458,-3.8026,-3.8455,-6.0758,2.0281,-0.3849,0.4276,-0.3900
3.636,-4.2588,-5.0700,-4.7385,-4.9960,-0.1112,-0.5375,-0.7372,-1.1948
3.640,-4.7276,-3.6491,-3.8174,-4.4521,-1.3398,-0.9591,-1.9921,-2.5203
3.644,-4.4531,-4.7994,-3.7471,-4.2853,-0.7888,-1.4707,-1.8673,-3.0407
3.648,-3.3228,-4.2872,-5.3849,-5.1577,-2.7478,-1.7952,-3.8900,-3.5539
3.652,-4.9789,-3.5733,-3.9003,-5.0847,-3.2740,-4.1044,-4.3625,-6.6461
3.656,-2.6931,-2.3575,-5.6058,-3.9301,-4.2561,-5.6803,-4.7068,-7.7896
3.660,-3.4731,-4.3453,-3.8522,-4.5715,-4.3912,-5.2208,-8.6680,-7.7997
3.664,-2.7526,-2.4557,-2.2306,-3.9436,-6.6207,-6.9945,-6.7247,-7.9998
3.668,-2.1459,-3.8625,-1.8108,-2.5713,-7.1740,-8.1390,-8.7548,-8.5982
3.672,-0.5399,-3.1732,-4.6499,-2.5949,-8.2144,-10.0635,-10.9791,-7.5755
3.676,-1.5073,-2.5268,-1.4445,-2.6753,-8.5589,-9.2391,-8.9244,-11.0856
3.680,-2.0288,-1.8395,-0.3585,-1.8199,-7.0763,-8.2896,-8.6969,-9.6877
3.684,-0.3311,-1.2301,0.3730,-0.5322,-6.9361,-8.5441,-8.1518,-7.5783
3.688,-1.0075,-0.2485,-0.9906,-0.1818,-6.8085,-6.8629,-6.6720,-8.0981
3.692,1.4714,0.5745,0.5786,1.0086,-4.4301,-3.9513,-5.5962,-5.0291
3.696,3.1778,2.4933,2.6684,4.5616,-2.8572,-2.6154,-3.1625,-3.8786
3.700,5.1690,3.1122,2.6147,3.1519,-0.5597,-0.4608,-1.3551,-1.8005
3.704,3.8509,4.8401,5.0803,4.9517,2.6072,3.4714,1.4500,0.4549
3.708,5.9969,4.5688,4.5473,5.3057,5.0992,3.0971,2.4296,3.3632
3.712,5.4171,5.5891,5.6463,3.7976,6.3973,5.0629,5.7516,3.7756
3.716,5.2628,5.5119,5.8529,4.9550,7.5402,6.0613,6.0651,2.6360
3.720,6.2345,6.7660,5.7211,3.8481,5.8114,4.2318,4.3158,5.8895
3.724,5.9932,4.0713,5.6495,4.3686,7.0891,4.0350,5.1256,5.6787
3.728,3.9684,3.0169,3.9247,4.1862,3.4038,2.9811,4.3668,3.1100
3.732,3.8576,2.8759,2.7341,3.3935,4.6836,3.0127,3.9859,2.5746
3.736,1.4009,2.3850,2.2996,2.5114,2.3315,2.4764,1.6004,1.4877
3.740,1.1304,0.7869,1.4254,1.3017,1.1605,0.3750,2.6248,0.9542
3.744,0.1922,1.2645,-0.1872,-0.7960,0.4503,0.2609,-0.8906,-0.8867
3.748,-1.3522,0.7242,-1.0123,-1.1222,-1.3485,-0.9064,-3.1953,-2.7492
3.752,-0.7164,-1.8542,-0.8499,-2.2341,-2.6287,-3.1579,-4.6193,-4.5407
3.756,-3.3964,-2.4455,-3.2215,-2.8952,-3.4167,-4.5488,-6.2146,-6.4151
3.760,-3.6557,-3.3913,-4.6635,-4.2307,-5.5964,-6.3840,-8.6799,-8.3056
3.764,-5.7431,-5.2780,-6.1751,-5.3378,-7.1702,-8.5953,-9.1414,-9.6712
3.768,-4.9097,-6.2551,-5.1573,-7.2623,-9.4981,-10.1621,-11.1828,-11.5691
3.772,-6.8896,-6.6844,-6.9610,-9.0444,-9.5448,-11.5259,-12.6809,-12.6559
3.776,-7.4154,-8.1425,-8.7810,-8.5835,-12.1974,-11.4472,-11.5587,-11.1791
3.780,-8.8332,-7.6175,-8.7690,-8.7632,-12.2762,-11.8212,-11.5569,-14.5044
3.784,-9.2294,-8.9263,-8.3391,-9.7109,-13.0759,-11.8966,-12.6157,-12.8104
3.788,-6.7397,-9.2489,-8.8414,-8.5500,-11.3355,-9.6311,-11.6620,-12.2475
3.792,-7.7335,-7.9607,-9.0545,-7.4884,-8.6598,-10.4124,-9.2085,-10.0274
3.796,-7.1629,-6.3614,-7.0434,-6.9636,-6.5084,-4.4739,-6.4510,-8.0132
3.800,-5.7952,-5.9173,-4.6645,-5.7406,-4.9350,-4.8858,-5.5653,-5.1752
3.804,-3.7543,-4.9856,-4.5892,-6.0065,-3.1824,-1.8079,-4.8889,-3.8886
3.808,-3.7247,-2.9416,-4.1855,-2.9471,-0.1382,0.7934,-1.2569,-4.0602
3.812,-3.0189,-1.2990,-4.3474,-3.3102,0.3645,2.4332,-0.0836,0.4063
3.816,-2.0399,-2.2234,-3.4128,-2.6965,2.2583,1.5381,1.4447,0.8755
3.820,-1.6039,-2.2618,-0.6213,-1.3064,2.1654,2.1286,2.3564,1.7256
3.824,-1.4776,-2.1185,0.0096,-0.6110,2.0671,2.3640,2.9369,1.9937
3.828,-1.0446,-0.8059,-0.3916,-2.2718,2.4751,2.0867,2.1116,2.4358
3.832,0.1524,0.2083,1.0592,-0.2498,1.2721,1.8607,1.1675,2.0017
3.836,-0.2473,-0.1678,0.3197,-0.7295,0.1025,-0.3720,1.5986,-0.6511
3.840,-0.2462,0.4388,-0.8963,-0.0351,0.8877,-0.0615,-0.4509,-0.6677
3.844,1.0008,1.0669,1.2016,-0.6639,0.1643,-0.7543,-0.3038,-1.4626
3.848,3.5819,2.2342,0.9327,0.9798,-2.0405,-1.7610,-1.5638,-1.9847
3.852,1.1064,2.2161,1.4972,2.4938,-1.1240,-0.9826,-4.1922,-2.2534
3.856,2.2434,2.1488,-0.1230,1.8780,-2.4866,-1.7556,-3.7059,-3.8548
3.860,1.6626,1.9499,1.5771,0.9967,-3.0524,-3.0400,-5.8066,-6.3137
3.864,1.6965,1.3819,2.5930,1.5860,-3.8040,-4.8075,-7.5904,-6.3537
3.868,1.8037,2.8911,0.9698,0.6492,-6.7585,-6.1335,-8.2761,-9.6795
3.872,1.7684,1.4187,-0.6633,0.5146,-6.3896,-7.0163,-7.1611,-8.5931
3.876,2.0734,2.4566,0.8406,-0.3148,-8.8533,-9.6699,-10.0051,-10.1270
3.880,1.1534,-0.2866,0.9910,-0.7398,-6.9670,-8.8773,-9.1117,-9.0792
3.884,0.6457,1.1914,-0.9571,-0.4925,-7.6371,-7.9027,-8.0195,-9.0401
3.888,0.8882,0.1591,0.8804,-0.1570,-6.8590,-7.5654,-6.4458,-6.8538
3.892,0.3947,1.1868,-0.2157,-0.0575,-5.6517,-5.4935,-5.0039,-6.7975
3.896,0.2779,2.4148,0.1213,1.1193,-5.0834,-2.5173,-3.3501,-3.4392
3.900,0.9962,1.3402,0.7085,0.5354,-2.4438,-1.3969,-2.1298,-3.1822
3.904,1.7109,1.4484,1.7443,0.5956,0.7427,0.4742,-0.2979,-0.3610
3.908,2.0470,-0.1536,1.2105,2.0290,2.8049,2.2511,0.9888,-0.0882
3.912,1.8076,2.9652,0.3574,-0.3152,3.3226,2.7628,2.4248,1.3454
3.916,2.2649,1.7895,1.3915,1.0955,3.6629,2.8159,2.2013,1.5674
3.920,0.9976,-1.2692,0.9650,-0.4397,3.6949,4.1850,1.3739,1.9034
3.924,-1.1306,0.4430,-1.9010,-0.8908,1.7564,3.4550,1.8191,-0.7446
3.928,-1.7795,-1.9081,-1.2612,-3.3738,1.1322,-0.0324,0.4487,0.2966
3.932,-3.3812,-2.4845,-3.6690,-3.5696,1.5640,-0.6793,-0.6346,-0.4118
3.936,-4.0848,-3.1078,-4.1699,-5.8054,0.2835,-1.6746,-0.1393,-0.3297
3.940,-3.3542,-4.9873,-5.9751,-4.4992,-2.4548,-2.3841,-0.4891,-2.0253
3.944,-3.7168,-4.8575,-6.3668,-5.8164,-3.1895,-3.2813,-4.0144,-4.9724
3.948,-4.5322,-4.8098,-7.0917,-6.4799,-4.1985,-3.9037,-6.0294,-5.3106
3.952,-7.8789,-5.3900,-7.9754,-7.2295,-7.3059,-5.8779,-6.9565,-7.0545
3.956,-6.1738,-5.9324,-7.8926,-9.3656,-6.4824,-5.3681,-8.3816,-9.0810
3.960,-6.7810,-6.8688,-6.4135,-7.4724,-7.7397,-8.5395,-8.0178,-9.9059
3.964,-7.7892,-6.8666,-8.5594,-8.5647,-9.6913,-10.3579,-11.9042,-10.5484
3.968,-6.3320,-8.7278,-8.8226,-9.3536,-10.7475,-11.6702,-12.1957,-13.4091
3.972,-7.9885,-7.9164,-8.1710,-8.8509,-11.8631,-12.0140,-12.7250,-11.8414
3.976,-8.4122,-8.2617,-10.0993,-8.1852,-12.1062,-11.7552,-13.1599,-13.4138
3.980,-7.8173,-6.6729,-7.8604,-8.1981,-11.5833,-14.7866,-12.3534,-13.9305
3.984,-6.6106,-6.6640,-7.8260,-9.6566,-11.8204,-11.1427,-12.2026,-11.7271
3.988,-7.4426,-7.4453,-6.8160,-6.5527,-9.1112,-11.7806,-11.4977,-11.2729
3.992,-3.6055,-3.9308,-4.9650,-6.8634,-7.9320,-9.5138,-8.9613,-9.3664
3.996,-3.0017,-1.7591,-3.5654,-4.8861,-4.5593,-4.3615,-6.1669,-7.1788
4.000,-2.0149,-0.6723,-2.1431,-3.5107,-3.3544,-3.0639,-4.4148,-3.7661
4.004,0.9300,1.5550,-0.6374,-1.1350,-1.0582,-1.6783,-1.0317,-1.8061
4.008,1.1525,2.0896,2.0395,0.3356,1.8153,0.1361,0.0036,0.7215
4.012,3.4866,2.4998,2.4133,0.6216,5.0718,2.7620,0.8019,0.9436
4.016,3.4958,4.4855,2.9209,1.6791,4.0285,3.5934,3.4429,4.6002
4.020,4.3513,4.7272,3.8071,2.5278,3.5600,3.9454,4.3195,4.6121
4.024,4.2394,4.7931,3.5857,2.0243,4.2856,4.6534,1.7025,3.5934
4.028,4.4984,4.1424,3.2887,2.8634,3.5576,2.7964,4.3776,3.6862
4.032,4.6731,3.4251,3.7608,3.3620,2.9054,2.6801,3.4994,2.8692
4.036,5.0181,4.0648,3.3438,3.2270,2.0495,2.6927,3.1634,2.6041
4.040,4.9408,4.2851,2.7388,2.6251,1.6215,1.8036,0.9390,0.7089
4.044,3.6180,3.0870,2.5175,2.8091,0.4908,-0.4134,0.1969,0.4300
4.048,3.0917,4.2388,2.5083,1.5001,-1.0214,-0.7123,-1.4375,-0.3327
4.052,2.5807,2.9174,2.8608,1.6873,-0.7921,-1.1772,-1.7428,-2.9818
4.056,2.6179,1.9904,1.9157,0.5679,-3.2184,-3.5128,-4.4104,-5.0254
4.060,1.3594,2.4076,0.6440,0.6044,-2.6902,-5.5088,-5.8079,-5.4747
4.064,0.8119,-1.1828,-1.1793,-0.3458,-5.8478,-6.2484,-8.1549,-8.2176
4.068,-0.4632,-0.5354,-1.8143,-1.2299,-7.7603,-7.3562,-9.2349,-9.5361
4.072,-0.8909,-1.5375,-3.2203,-3.0822,-9.2438,-9.6990,-9.7533,-10.1778
4.076,-2.1677,-1.7856,-5.6243,-4.4705,-11.3979,-10.8394,-11.2041,-10.7848
4.080,-3.1615,-4.0644,-5.1153,-5.0323,-11.2267,-12.4729,-12.8643,-10.2088
4.084,-4.7470,-5.9192,-4.8819,-5.6137,-11.4441,-10.7858,-10.5927,-11.0030
4.088,-4.7905,-4.6596,-5.8383,-6.8214,-12.4812,-9.1380,-9.4030,-10.6178
4.092,-3.1130,-5.5102,-6.3841,-7.3771,-8.0922,-7.2505,-8.7559,-9.7801
4.096,-4.0833,-4.4123,-4.7072,-5.9710,-5.9814,-7.8370,-7.4293,-7.4715
4.100,-3.8601,-3.4213,-5.1400,-6.8633,-4.2457,-3.7518,-7.0776,-6.4175
4.104,-2.9562,-3.9453,-3.9453,-5.5048,-2.7948,-4.2114,-5.5110,-2.8909
4.108,-2.4350,-3.0370,-5.0174,-5.3075,-1.2622,-1.7081,-3.0860,-3.1525
4.112,-3.9712,-3.0243,-4.5168,-5.9579,0.7932,0.0080,-0.8400,-2.2340
4.116,-4.1896,-3.4814,-5.3678,-5.2313,0.3443,0.2021,-0.7902,-0.1127
4.120,-4.1869,-4.4284,-5.2984,-5.5250,0.2809,1.5899,-0.8912,-0.5828
4.124,-4.8951,-5.3634,-6.0469,-5.1137,-0.1591,1.1262,0.6325,-0.4058
4.128,-4.4067,-3.7770,-6.4426,-6.8213,-0.8729,0.1887,-1.5621,-1.8508
4.132,-6.1418,-5.3999,-4.9004,-5.7194,-2.1038,-1.5654,-1.4480,-0.3438
4.136,-4.6993,-5.4676,-5.1363,-4.5986,-1.6267,-2.3090,-1.4251,-0.8943
4.140,-5.4491,-5.0861,-5.8480,-7.4051,-4.1534,-4.5042,-4.2767,-2.7034
4.144,-4.4786,-3.4592,-6.5365,-7.0428,-4.3709,-3.7577,-6.1425,-4.2698
4.148,-4.5205,-2.8819,-3.9349,-4.7588,-4.3384,-5.0797,-4.5866,-5.3435
4.152,-3.9603,-4.4533,-5.6952,-5.7735,-6.7059,-5.1738,-6.0537,-6.7983
4.156,-3.0331,-4.3156,-5.7564,-5.5413,-5.8745,-6.2299,-7.4707,-7.9904
4.160,-2.0795,-4.2047,-4.5153,-5.6097,-6.2868,-7.9483,-8.2228,-6.9111
4.164,-3.0009,-3.5184,-4.8763,-4.6269,-9.5583,-8.6752,-10.3404,-10.6193
4.168,-3.1908,-4.7488,-4.6618,-5.6188,-9.0622,-8.2552,-12.0485,-8.9024
4.172,-3.8912,-1.7718,-3.4755,-5.5864,-9.7700,-12.0639,-11.8202,-11.6727
4.176,-1.3182,-2.5122,-2.7791,-5.0244,-11.2373,-10.8648,-12.5324,-10.4613
4.180,-1.5520,-2.1725,-3.1861,-3.7832,-10.5584,-11.4131,-9.9875,-10.1550
4.184,-1.7783,-1.3832,-2.2005,-1.9604,-10.0067,-9.2388,-10.1170,-9.9063
4.188,0.5115,-1.8736,-2.3219,-2.0884,-8.7745,-7.7677,-8.8251,-7.7773
4.192,-0.7897,0.7841,-1.8392,-2.3060,-5.3095,-6.2649,-5.3872,-6.0365
4.196,1.3896,0.8436,-0.5416,-1.4794,-3.9356,-4.5250,-3.8637,-2.0779
4.200,3.9028,3.7049,2.9262,1.8013,-0.9536,-1.8191,-2.2757,-2.9290
4.204,3.3483,3.8455,3.6599,2.4297,0.9734,0.9217,0.6580,-1.6086
4.208,5.1816,4.1912,4.2717,3.2443,2.9390,2.5372,1.4164,1.4663
4.212,5.7995,4.9215,3.3438,3.7246,3.5775,4.2089,3.7798,2.2631
4.216,4.0224,4.1490,4.3837,3.3805,3.4932,4.7670,4.0689,3.8848
4.220,5.9805,3.7445,3.7004,3.9039,3.2495,2.2841,5.4125,4.5636
4.224,3.4882,4.6007,2.6807,3.2216,5.1699,3.3843,2.6020,3.9620
4.228,5.2469,4.6943,3.4342,3.4040,3.1734,3.7913,3.6337,2.9960
4.232,3.8161,3.4610,0.4353,0.8344,1.5629,1.0678,1.4259,2.2414
4.236,2.3396,1.6278,-0.1965,1.3653,1.3677,1.2098,1.1544,1.8877
4.240,1.9040,1.3702,0.0704,-0.6551,-0.8057,-0.6388,-3.1417,-0.9726
4.244,1.7361,-0.0198,-2.1220,-2.4140,-2.2921,-1.6133,-0.2549,-2.3219
4.248,-2.0295,-0.5674,-1.3739,-3.0320,-2.1383,-4.1499,-2.5864,-3.1905
4.252,-2.2962,-1.7781,-4.2163,-2.7623,-5.5821,-3.9045,-6.1012,-4.7048
4.256,-3.9134,-3.5981,-5.1275,-4.1232,-5.0049,-5.5926,-6.2348,-5.7930
4.260,-3.7005,-4.8718,-4.9894,-5.7654,-7.8918,-7.7745,-9.5510,-9.0164
4.264,-6.0864,-6.5402,-6.8509,-7.3949,-8.1120,-9.7727,-9.5267,-9.9429
4.268,-7.2743,-6.0112,-7.5363,-9.4445,-10.6204,-11.0473,-10.7429,-10.4479
4.272,-8.0106,-8.3222,-7.4636,-9.9154,-12.4676,-11.2553,-12.3547,-13.2275
4.276,-7.9205,-8.9606,-7.9180,-12.3156,-13.7066,-12.7507,-12.5994,-13.9039
4.280,-10.3722,-9.0392,-10.9732,-10.0301,-13.3329,-13.3016,-12.9625,-13.0178
4.284,-8.0512,-10.1912,-11.4231,-12.3243,-13.7304,-12.1252,-12.4843,-11.9601
4.288,-8.2463,-10.2504,-9.2630,-10.1164,-11.7952,-12.8670,-11.2604,-10.4925
4.292,-9.6276,-7.8293,-9.9264,-7.9321,-10.4330,-10.5132,-9.5696,-9.5907
4.296,-6.5439,-8.0950,-8.8638,-10.7900,-8.5796,-8.1677,-8.2223,-7.4238
4.300,-7.6685,-5.4911,-7.6857,-8.4230,-5.1703,-5.1497,-7.5463,-7.0349
4.304,-5.1812,-5.0197,-6.4370,-5.8759,-2.0230,-2.9606,-4.2021,-4.5075
4.308,-3.9010,-4.4382,-6.7405,-4.7290,-0.5844,-1.6214,-0.9288,-3.1117
4.312,-2.0538,-2.9907,-4.5950,-5.2413,-0.3946,-0.1230,-1.0985,-2.8796
4.316,-2.1217,-2.1457,-3.9358,-5.8758,-0.2010,-0.2161,1.1334,-0.5336
4.320,-0.6013,-1.6125,-3.4110,-2.7819,1.5156,1.5278,1.5902,-0.1374
4.324,-1.6725,-1.2953,-4.0769,-2.7523,2.1076,1.2878,1.5290,0.9969
4.328,0.4177,0.0904,-1.8131,-3.1214,0.7638,-0.7598,1.6044,0.6420
4.332,-0.0644,-0.0330,-2.0068,-2.2914,0.0716,-0.9935,1.7208,0.8051
4.336,-0.2599,-1.1668,-1.6795,-2.3591,-0.0841,1.3115,0.4796,1.3882
4.340,-0.1753,0.5164,-0.5244,-1.6047,-1.1733,-0.9830,0.0606,-0.1902
4.344,0.3778,-0.7937,-0.0498,-0.9540,-1.5941,-1.4373,-0.6912,-0.8859
4.348,0.5122,0.3978,-1.6188,0.2257,-0.8493,-2.7347,-2.4395,-2.3483
4.352,1.2883,2.0531,-0.7080,-0.1100,-3.4437,-3.1762,-3.8073,-1.8599
4.356,0.7975,2.2348,-0.8557,-1.6887,-3.9905,-3.9547,-5.1168,-5.6973
4.360,1.4818,-0.3392,0.9450,-1.3996,-6.3960,-5.0280,-5.3563,-5.6987
4.364,3.2239,2.2208,-0.2898,-1.4433,-5.7301,-5.4272,-7.4786,-6.2956
4.368,0.9826,1.1904,-0.3853,-0.3720,-7.0956,-7.2483,-6.1887,-8.2428
4.372,1.6511,0.7288,0.1088,-0.8818,-8.0649,-8.1904,-8.5185,-8.1678
4.376,0.9607,0.5024,-1.7537,-0.3267,-8.1186,-9.0370,-7.6138,-7.1704
4.380,-0.3174,0.1848,-1.7218,-0.6671,-9.8896,-10.2173,-9.0748,-9.0792
4.384,1.4965,1.1340,-1.9131,-0.8544,-8.4661,-9.9746,-8.2793,-8.2963
4.388,0.3745,-1.8440,-0.3984,-1.4815,-8.6615,-8.6833,-7.3385,-7.3509
4.392,2.2028,-0.8736,-0.9102,-1.6082,-5.9850,-7.8218,-7.1798,-5.1659
4.396,0.9280,-0.0911,-1.2324,-0.1735,-3.2259,-5.4730,-5.9451,-4.7008
4.400,1.4995,2.1779,-1.8524,-0.9084,-1.6206,-1.0898,-2.9201,-1.3497
4.404,2.4892,2.4833,-0.5670,-0.3403,0.5090,-1.4572,-1.6280,-1.1679
4.408,1.6869,1.2246,-0.5914,0.4479,1.5919,2.1694,-0.4737,1.5106
4.412,0.7564,0.7606,0.7799,-0.5717,0.9660,2.0635,1.0494,1.5103
4.416,1.4594,0.8183,-1.5808,-1.9176,1.9504,2.0979,2.1659,1.6531
4.420,-0.1954,-1.2146,-1.1646,-3.6922,1.2213,1.2812,2.9166,1.7284
4.424,-0.8250,-1.0648,-2.5073,-3.9278,1.3287,1.8238,1.6362,1.6083
4.428,-2.7781,-1.8749,-3.5790,-4.1438,1.4454,0.9621,-0.3981,1.5900
4.432,-2.4317,-3.7116,-5.4310,-4.7808,-1.7072,-0.2506,0.0526,-0.1548
4.436,-4.1924,-3.1856,-5.7539,-5.8988,-2.0144,-2.2661,-0.6868,-0.0230
4.440,-5.2165,-5.6631,-5.6943,-6.0237,-2.7510,-3.1427,-2.6783,-1.7106
4.444,-5.4148,-5.7608,-6.0718,-6.5793,-3.1639,-4.7300,-4.4352,-5.2257
4.448,-6.3953,-6.9537,-6.6337,-7.9022,-5.3860,-5.0059,-5.4010,-6.9019
4.452,-6.5153,-6.7201,-7.5402,-8.3415,-7.4278,-6.7232,-5.9931,-5.9593
4.456,-6.4929,-6.5291,-9.8716,-8.8772,-8.3904,-7.1636,-9.3659,-8.5524
4.460,-7.1188,-7.0439,-8.9874,-9.5222,-8.7145,-9.6314,-8.7089,-9.3240
4.464,-8.6330,-7.5964,-9.8175,-9.3516,-10.0859,-9.9742,-11.5639,-10.0932
4.468,-10.0429,-9.5467,-10.4813,-10.9570,-11.6857,-11.1656,-11.3673,-12.0778
4.472,-9.0450,-10.1194,-10.3142,-10.8034,-11.9170,-12.6627,-13.4152,-11.9026
4.476,-8.0378,-7.8883,-10.3228,-10.4383,-14.8872,-14.4863,-12.0525,-12.5726
4.480,-7.5090,-6.3081,-10.0549,-10.1505,-14.1465,-12.4806,-11.6906,-12.4431
4.484,-7.6935,-6.3601,-8.0634,-8.6439,-12.6752,-11.0073,-11.4727,-11.6735
4.488,-6.7713,-5.3835,-7.3128,-9.4986,-11.5213,-9.6270,-10.1028,-9.7024
4.492,-4.5428,-5.2606,-5.6793,-7.5585,-9.2301,-9.0280,-7.1121,-7.5195
4.496,-4.5722,-2.2103,-4.1835,-5.0037,-7.7273,-5.4146,-6.0636,-4.7217
4.500,-1.2211,-0.9651,-2.2193,-3.8812,-2.9564,-5.1675,-5.2531,-3.5683
4.504,-0.0666,-0.5007,-1.3200,-2.7002,-0.0553,-1.1730,-1.1521,-1.5086
4.508,0.5230,1.4763,0.0962,-2.0634,0.8652,1.2813,-0.0439,1.2044
4.512,3.4515,4.3120,0.1989,-0.3606,3.3774,3.0377,1.4444,2.5354
4.516,3.0245,2.2808,1.6397,1.4367,3.0947,4.5347,3.5926,1.9453
4.520,4.2061,2.9899,1.2654,3.4606,4.6979,4.3181,4.4196,4.0457
4.524,4.0401,4.0525,1.8707,1.7107,2.8599,3.9045,3.3029,4.3849
4.528,4.3710,4.5536,2.8648,3.2209,2.4264,2.6482,5.6993,2.6413
4.532,4.9383,4.4118,3.5315,1.7753,2.8112,3.4803,3.2878,3.6739
4.536,3.7591,3.2630,1.4065,1.8973,1.1410,1.1230,2.6402,1.8841
4.540,3.1049,3.6973,2.9105,2.1380,2.0878,1.2857,2.1280,2.2494
4.544,3.8489,3.5708,1.8959,2.9172,-2.3664,0.7497,0.6087,2.6798
4.548,4.4639,3.5154,1.6410,0.2887,-1.4515,-2.5218,-0.1819,-0.4796
4.552,2.4825,3.0787,1.9010,0.4405,-1.7092,-2.7187,-2.4997,-1.3510
4.556,1.7804,2.5490,0.0765,0.1386,-2.6489,-2.8825,-4.9213,-1.7747
4.560,0.1910,1.7898,-0.1998,0.0428,-5.6045,-5.6586,-5.4562,-5.5038
4.564,0.9249,-1.2016,-1.3520,-1.1568,-6.3843,-6.4677,-7.1327,-6.3712
4.568,-2.2129,-1.1712,-2.9076,-3.9744,-9.3097,-8.7862,-7.6870,-8.7091
4.572,-1.0046,-1.3757,-2.7433,-3.3200,-9.5515,-9.3346,-10.0958,-8.1936
4.576,-2.2877,-4.8486,-4.3473,-5.3601,-10.3378,-12.1359,-9.4169,-10.6021
4.580,-5.1973,-4.6235,-4.1116,-6.7980,-10.6952,-11.6451,-10.7042,-9.7079
4.584,-4.5200,-6.2471,-6.7422,-8.1348,-9.2222,-10.2296,-11.3026,-9.8557
4.588,-3.7152,-4.6568,-6.6511,-6.2425,-10.3906,-10.0740,-8.4876,-8.6272
4.592,-4.5383,-6.2268,-7.5685,-6.1760,-9.5736,-7.0491,-8.0222,-8.3711
4.596,-4.0878,-5.7312,-7.2905,-7.7835,-6.5090,-6.1564,-6.6666,-6.1432
4.600,-5.0822,-5.2535,-5.8882,-6.8846,-4.4941,-5.8629,-3.8484,-5.7937
4.604,-4.5267,-4.7127,-4.8362,-5.2784,-2.4911,-2.3778,-3.3235,-1.5877
4.608,-3.9735,-4.4414,-5.3124,-4.8399,-2.5869,-0.9354,-3.3285,-1.7875
4.612,-5.0830,-4.9696,-6.1927,-7.6327,0.0944,-0.1269,-0.3926,-0.5529
4.616,-4.2073,-4.7132,-4.8167,-5.5755,0.8833,1.1284,-1.5473,0.2786
4.620,-4.4876,-5.9970,-4.8727,-5.8488,0.2340,0.8332,0.2700,0.5968
4.624,-5.1192,-5.6296,-6.2992,-8.4108,-1.2925,0.8436,1.2095,-0.1785
4.628,-4.9440,-5.4485,-6.4134,-6.1387,-0.2391,-0.9334,0.3728,-0.1588
4.632,-5.1133,-5.0475,-6.9433,-7.4927,-3.0529,-1.3121,0.3349,-0.5658
4.636,-5.5152,-7.5275,-7.4320,-8.5820,-2.9789,-3.0990,-2.1608,-2.2162
4.640,-6.1076,-5.4769,-7.0025,-6.6842,-1.0080,-3.2639,-2.0422,-1.4452
4.644,-4.5078,-5.8818,-5.6868,-6.7176,-4.0160,-4.7603,-3.7971,-2.8792
4.648,-3.7531,-5.0840,-6.1539,-6.8687,-3.5948,-3.5950,-4.0501,-4.3262
4.652,-4.4122,-5.5373,-5.6527,-7.5001,-4.4769,-5.1341,-5.2517,-4.5480
4.656,-4.0793,-5.1470,-5.3208,-4.7209,-5.5052,-7.7157,-7.0705,-6.7163
4.660,-4.6365,-4.4209,-5.3851,-6.5297,-7.8862,-8.6507,-6.7280,-6.1341
4.664,-3.1041,-3.4831,-4.7353,-6.0968,-7.4399,-6.8581,-8.5044,-7.0788
4.668,-2.9483,-3.7229,-5.0512,-6.5977,-8.8249,-9.5700,-9.0869,-7.9773
4.672,-3.7434,-1.9022,-4.7234,-5.7175,-10.2015,-10.1686,-9.3118,-8.0121
4.676,-3.3073,-3.4975,-4.6144,-4.2593,-11.0690,-10.8921,-9.6203,-8.5049
4.680,-1.3468,-3.5806,-4.3220,-3.9972,-9.7061,-10.9896,-8.6386,-8.7562
4.684,-1.8835,-3.1826,-1.8052,-2.9103,-9.4049,-8.9714,-7.9882,-7.6526
4.688,-1.3582,-0.5169,-2.1310,-3.2870,-9.2740,-6.7692,-7.7123,-6.7351
4.692,0.1892,-0.0300,-1.4201,-0.7587,-5.6085,-5.4008,-5.2878,-3.6549
4.696,1.4439,1.3579,0.2718,-1.1549,-3.5349,-0.9765,-3.7194,-4.1282
4.700,1.6167,2.0024,1.1233,1.3226,-0.7539,-0.5597,-1.4934,-0.9234
4.704,3.9087,3.0273,2.0919,2.1043,0.7104,2.4898,0.0003,1.0164
4.708,4.8917,2.9558,2.9305,1.9554,1.9371,2.4596,2.8256,2.7476
4.712,4.6624,4.4585,2.0266,3.5289,3.7033,4.0895,5.0318,4.6013
4.716,3.2233,4.4704,2.1087,2.7217,4.5018,5.6658,3.3647,5.7209
4.720,4.1469,3.6862,1.7397,3.3360,4.7046,5.3077,5.2160,6.4996
4.724,3.8853,5.0129,1.6577,2.1330,3.9159,3.6516,5.1822,5.2313
4.728,1.7419,2.7470,2.1476,1.2433,3.2086,3.2942,3.7479,4.8466
4.732,1.7089,1.6680,2.0336,0.9764,0.7213,3.5403,4.6712,4.2539
4.736,1.3313,1.7565,-0.7685,1.4924,0.5307,1.5048,3.0699,3.2764
4.740,0.2362,1.6486,-1.1291,-1.5251,-1.6168,-1.0494,-0.0135,1.3749
4.744,-0.7108,-0.8756,-1.8427,-4.8057,-2.1898,-2.3755,-1.1103,0.2446
4.748,-1.5182,-1.4899,-1.8698,-3.0762,-3.0983,-2.6551,-1.3204,-1.1892
4.752,-1.7255,-2.3362,-4.0100,-3.5337,-4.1845,-5.0768,-2.9207,-3.4989
4.756,-4.0501,-3.8871,-4.5758,-4.7704,-6.2557,-5.5340,-6.5151,-4.7037
4.760,-3.3251,-4.4125,-6.5312,-5.8202,-6.2874,-7.8432,-7.5214,-6.9125
4.764,-6.6187,-6.6300,-7.6561,-7.2484,-8.4419,-10.4622,-9.1083,-9.2071
4.768,-6.5517,-7.0491,-7.8575,-9.2367,-10.6827,-9.7429,-11.6304,-11.6513
4.772,-8.7297,-7.5184,-8.4489,-9.6566,-11.6162,-10.5504,-10.7259,-10.1652
4.776,-9.8157,-9.4771,-11.0502,-11.0084,-12.8484,-11.9968,-11.0072,-11.3092
4.780,-9.6801,-10.1455,-10.7991,-10.8549,-13.1245,-12.1851,-12.7501,-12.1007
4.784,-9.4657,-10.8803,-10.4867,-11.6669,-12.7406,-10.9929,-11.6048,-10.7916
4.788,-8.1566,-10.1999,-11.0483,-11.7737,-10.6750,-11.9444,-9.2616,-9.5647
4.792,-8.7495,-8.1038,-10.9894,-9.9967,-10.1603,-7.9622,-8.0838,-8.6708
4.796,-7.2931,-7.4120,-9.6482,-9.3366,-9.5994,-8.5758,-7.1891,-6.5133
4.800,-6.7965,-7.4174,-8.1669,-8.1753,-4.5646,-5.3770,-5.1077,-4.9847
4.804,-6.0275,-4.3978,-7.6265,-6.6783,-1.7683,-2.0034,-3.4968,-2.1985
4.808,-4.4453,-5.3566,-6.3379,-6.4641,-0.4332,-2.5972,-2.0924,-2.2858
4.812,-5.2887,-4.6464,-4.2335,-4.2451,0.9057,1.2942,0.4559,2.5852
4.816,-2.6608,-3.4694,-3.7495,-4.6431,0.3025,1.9135,1.8095,2.6087
4.820,-1.2442,-2.3210,-3.3513,-0.8288,0.4720,0.7726,1.8221,3.5161
4.824,-1.8146,-3.4201,-4.1117,-3.6227,0.5571,0.4251,1.9464,2.5942
4.828,-0.8777,-1.8593,-2.4835,-2.8902,1.2072,1.2180,3.6141,2.7252
4.832,-1.4104,-0.9714,-2.0759,-3.6602,-0.2964,0.3515,1.3749,1.8236
4.836,0.8308,-2.1283,-2.1518,-2.2124,-0.3851,-0.2750,0.6159,2.1139
4.840,-1.4207,-1.6534,-1.8174,-2.4237,-0.1354,-1.6291,1.5816,1.8614
4.844,0.3231,0.1436,-0.6151,-1.5640,-0.7903,-1.9792,0.0630,0.6171
4.848,0.0838,1.2647,-0.9421,-1.5364,-0.9224,-0.9239,-1.7885,0.6165
4.852,-0.2442,0.5677,-1.5283,-0.8716,-2.1827,-2.1232,-1.9122,0.9591
4.856,0.4635,0.8442,-0.8126,-1.3900,-3.3373,-2.1389,-2.5006,-0.3580
4.860,2.6245,0.5853,1.5968,1.8175,-4.0220,-3.3379,-3.8326,-2.7073
4.864,1.3258,0.0358,-0.1272,-1.3514,-5.6750,-5.6399,-5.3439,-5.6966
4.868,1.1059,-0.1864,0.2437,1.0306,-6.5075,-5.8067,-5.6391,-5.2101
4.872,0.8275,-1.0675,-0.5727,-0.8224,-5.6831,-6.6858,-5.9149,-7.0940
4.876,0.6591,-1.0402,-0.4549,-0.3101,-7.9406,-7.9150,-7.8889,-7.2857
4.880,-0.8610,-0.4520,-1.6261,0.6418,-6.1789,-8.3215,-7.8590,-6.9243
4.884,-0.4031,0.1234,-1.3984,-1.6756,-8.0483,-7.8043,-6.9717,-5.4135
4.888,0.6256,-0.9940,-2.3221,-0.6969,-6.9904,-5.8461,-3.6760,-5.1386
4.892,1.1017,-0.6065,0.0269,-1.5653,-6.4537,-6.0214,-3.6589,-3.9650
4.896,0.8467,-0.1078,0.0457,0.1666,-3.0179,-2.4296,-3.0739,-1.8339
4.900,1.5510,2.4700,0.8614,-0.1911,-1.9219,-1.1883,-0.1480,0.6191
4.904,2.2987,0.9357,-0.4993,0.1132,0.4006,1.5094,-0.0880,1.1857
4.908,1.8497,1.9437,0.8781,-0.4121,2.7607,2.7248,2.4324,2.1231
4.912,0.7404,-0.0206,0.3768,-1.0357,2.7886,2.1780,2.5092,3.4855
4.916,-0.6646,0.5996,-2.1674,-0.7361,3.8419,4.1058,3.2091,4.3613
4.920,-1.1031,-0.4728,-1.4368,-0.1279,1.8933,6.4483,2.7797,3.6698
4.924,-1.1128,-3.7033,-2.5714,-2.2695,1.4546,3.7838,3.3691,3.2378
4.928,-2.2090,-3.4488,-4.0214,-3.6784,1.6816,0.8300,2.7493,2.5906
4.932,-5.1348,-4.7679,-5.8191,-5.5591,0.4861,0.5254,0.1692,3.5855
4.936,-5.3821,-4.5124,-6.7088,-5.1018,-0.3944,-0.7205,0.5606,1.5374
4.940,-4.8222,-4.5454,-7.0426,-7.1665,-3.3850,-2.9905,0.9411,-0.3965
4.944,-6.2712,-6.9607,-8.1400,-7.0576,-3.9310,-1.5734,-1.4190,-0.4322
4.948,-7.3648,-8.3615,-7.4344,-9.0300,-4.4760,-2.5099,-3.2580,-1.0337
4.952,-8.7019,-7.1774,-8.0633,-8.1046,-5.4786,-5.3243,-3.8493,-3.5853
4.956,-7.3239,-7.6518,-7.1051,-7.7844,-6.5103,-6.4612,-6.2185,-5.4497
4.960,-8.1961,-8.0495,-9.4238,-8.8949,-8.1215,-7.1862,-6.1567,-7.2302
4.964,-8.8126,-7.5757,-9.6323,-9.6514,-10.4204,-10.3434,-7.9562,-7.5867
4.968,-7.8456,-6.8747,-9.2318,-9.6175,-9.0557,-9.1715,-9.9428,-8.1751
4.972,-8.9247,-8.4629,-10.1655,-9.7608,-10.7647,-11.0713,-11.6003,-8.9062
4.976,-9.5249,-8.6102,-9.1622,-10.3185,-11.7202,-11.2248,-8.3220,-9.6061
4.980,-8.7953,-8.0965,-9.5363,-10.2682,-11.6851,-11.8472,-8.8198,-8.7526
4.984,-7.7031,-6.6408,-7.2279,-9.0679,-11.5727,-9.5926,-8.7547,-9.1954
4.988,-5.6841,-7.4683,-7.0419,-8.4802,-7.7592,-10.3600,-8.4245,-6.3755
4.992,-3.8644,-5.3876,-5.7979,-6.1086,-6.9328,-7.9460,-5.9179,-5.0630
4.996,-2.3871,-2.3721,-5.2367,-3.3651,-4.9772,-5.1022,-4.3478,-3.3078
5.000,-3.3787,-1.6543,-4.3090,-3.8653,-2.3117,-1.4254,-0.7318,-0.7956
5.004,-0.1203,-0.3600,-1.0692,-3.3027,-0.0196,0.9795,0.6579,1.2625
5.008,0.7667,1.4162,0.1480,-0.6231,2.5706,3.4579,3.2508,3.6032
5.012,1.9327,0.0509,0.9549,0.8668,3.3081,4.6503,4.2820,4.3041
5.016,3.9410,1.6832,1.4899,2.3529,4.7390,4.7253,4.6660,6.9733
5.020,5.2116,2.4636,2.6933,0.9979,5.3774,3.8712,4.8649,6.1800
5.024,3.7097,3.1187,3.0166,3.9420,4.6113,5.6814,6.4103,6.7265
5.028,3.8626,4.0779,2.9633,3.1381,3.6912,5.2150,6.4302,5.7689
5.032,3.4214,1.7792,2.3143,3.9040,2.4610,4.7133,4.2633,6.1597
5.036,2.6462,3.4159,1.0256,1.3514,2.6076,2.8165,5.4893,4.6929
5.040,2.0862,1.8679,3.7646,2.8152,1.9472,2.4633,3.5583,4.3994
5.044,3.5065,2.8167,3.8011,2.6875,2.3507,1.8054,2.5500,1.4451
5.048,2.9097,2.1575,1.9181,2.7678,-0.1954,1.5799,1.9574,1.2459
5.052,1.9092,2.5261,2.1369,1.2763,0.3285,0.0719,0.7457,1.5239
5.056,1.4650,1.4893,0.8187,2.1829,-1.2330,-1.4283,-2.3283,-1.5367
5.060,1.1156,1.4949,0.4220,0.5808,-3.2604,-2.8411,-3.1174,-2.1362
5.064,0.2721,0.2132,-1.2515,-1.8054,-5.1469,-4.6242,-3.8179,-4.0175
5.068,-1.5969,-2.1303,-2.4112,-2.1498,-7.3390,-6.4497,-5.1923,-4.6452
5.072,-2.7692,-3.7574,-2.3138,-2.0542,-6.8963,-8.5049,-6.5300,-6.4036
5.076,-2.8013,-3.6057,-4.5320,-3.8413,-9.3973,-8.2637,-7.6692,-7.1728
5.080,-6.0406,-3.8018,-5.1578,-5.0787,-8.5370,-8.7989,-7.5835,-6.9991
5.084,-5.8249,-5.2860,-4.5448,-4.7594,-8.4154,-8.8125,-5.7022,-6.7197
5.088,-5.1758,-6.0675,-5.9059,-5.7643,-7.0377,-8.3508,-7.2170,-7.2533
5.092,-5.5857,-3.9884,-6.2810,-6.2406,-5.0892,-6.1414,-5.4769,-5.9306
5.096,-4.6660,-5.7311,-5.5163,-6.0974,-5.7171,-4.0351,-3.4954,-2.2948
5.100,-4.5919,-5.7225,-3.9575,-6.3582,-3.4213,-3.7415,-2.4141,-0.3101
5.104,-5.9061,-4.6602,-5.6729,-3.8953,-1.6536,-0.9936,-1.3347,-0.9508
5.108,-4.0360,-6.9407,-5.2030,-5.6891,-0.2376,-0.8609,1.2358,0.9399
5.112,-4.2065,-3.8472,-4.8621,-5.0056,2.0206,1.4376,1.4175,2.3008
5.116,-4.8413,-4.0624,-6.2813,-6.2526,0.5334,1.6260,0.6694,3.4314
5.120,-4.2108,-4.7549,-6.1641,-6.1905,2.3654,2.9946,2.6972,2.8320
5.124,-4.8791,-7.4548,-6.6765,-6.4594,-0.2904,2.0001,3.0594,2.8710
5.128,-6.1937,-4.6370,-6.4085,-6.1908,1.6118,1.4162,1.9791,2.8001
5.132,-6.1787,-6.0342,-5.9551,-6.3242,0.4791,0.7126,1.0944,0.7435
5.136,-5.3350,-6.3873,-6.9379,-5.6706,-0.8784,-0.1592,1.1966,0.9365
5.140,-5.9551,-6.1219,-6.3284,-6.5623,-1.7307,-2.5990,1.1377,0.7377
5.144,-3.7181,-5.5786,-6.1488,-6.5397,-3.3853,-1.7634,-1.1024,-0.5863
5.148,-4.9772,-6.1596,-5.1020,-6.0168,-1.7221,-1.6188,-1.8584,-1.1150
5.152,-4.7124,-6.3312,-5.1730,-4.6697,-2.6973,-2.2679,-2.3584,-1.8294
5.156,-4.5336,-4.3759,-4.4695,-6.1014,-3.1777,-1.8629,-2.2278,-3.1886
5.160,-4.6090,-3.3999,-4.6466,-3.8303,-5.0045,-4.4935,-4.9007,-4.6275
5.164,-3.4166,-3.6449,-5.0040,-4.5526,-6.3042,-6.1574,-4.3951,-4.3093
5.168,-4.4287,-5.3728,-4.3813,-4.7419,-7.3303,-6.5138,-5.0960,-5.1290
5.172,-2.7716,-4.2313,-3.5839,-3.0906,-7.3978,-8.5490,-6.4681,-5.2686
5.176,-2.2522,-1.7263,-3.4281,-2.5774,-7.8201,-6.5478,-5.9621,-6.4704
5.180,-1.5959,-2.2107,-2.8844,-4.9157,-8.5630,-7.1170,-5.9858,-5.3775
5.184,-2.1346,-1.5805,-2.2701,-2.4417,-6.0461,-8.2450,-4.5467,-4.4644
5.188,-1.1624,-1.7407,-1.6586,-0.8398,-6.0645,-5.3421,-3.1458,-3.3911
5.192,-0.3343,1.5183,0.1457,1.9900,-2.6415,-3.0863,-2.2609,-0.2266
5.196,1.7565,0.0684,1.9253,1.5804,-1.6903,0.6101,-0.7862,-1.1813
5.200,2.4790,2.8975,2.9819,0.9547,0.1778,-0.1015,-0.1865,2.9460
5.204,1.2844,3.8346,3.3803,3.5647,4.2263,3.8420,3.7176,3.7764
5.208,4.1094,3.5896,3.1532,3.7711,4.9323,5.4761,5.4477,5.1631
5.212,5.6890,3.5645,3.4245,4.4466,6.2301,5.3618,7.0258,8.1988
5.216,5.3961,4.3323,3.8613,4.3245,6.2645,8.8806,7.8798,5.5234
5.220,5.6724,5.1150,3.5488,4.9952,6.8598,6.5644,6.9420,7.5793
5.224,4.2093,3.1454,4.4189,4.8420,7.3313,6.6647,8.3940,6.9757
5.228,2.4078,3.1404,2.1085,3.3034,4.7343,5.5946,7.6981,7.1027
5.232,1.4874,2.1996,1.0902,1.1321,2.9324,3.4320,5.9116,6.0633
5.236,0.7887,0.4840,1.3170,0.4940,2.1047,1.5054,5.4943,5.1859
5.240,1.1108,0.2430,0.5255,0.1753,2.5635,2.1790,4.2298,3.2828
5.244,-0.6402,-1.3073,-0.6818,0.2774,0.2854,0.6710,0.8182,2.6727
5.248,-0.9440,-1.4976,-3.6820,-1.3587,0.9305,-0.2659,0.4535,2.2782
5.252,-2.9117,-2.8284,-4.1320,-1.9369,-2.1657,-2.4350,-1.5807,-0.8092
5.256,-1.8877,-3.9540,-1.8484,-3.7252,-2.6314,-2.4921,-3.7457,-1.0650
5.260,-3.5670,-2.8487,-4.1169,-3.7684,-5.0469,-3.8052,-4.4496,-4.1472
5.264,-5.1265,-6.4366,-6.8657,-6.5044,-5.4225,-5.6942,-4.7613,-5.3444
5.268,-7.0595,-5.6196,-6.8048,-5.7822,-7.3224,-7.0899,-6.7650,-6.0295
5.272,-7.6250,-8.0060,-6.4507,-7.8717,-9.4128,-8.3069,-9.6611,-8.0952
5.276,-8.3231,-7.8257,-9.7097,-7.7723,-10.2686,-8.8693,-9.1883,-7.4258
5.280,-8.4372,-8.8237,-10.9041,-9.8350,-10.0105,-9.6498,-8.4341,-9.1257
5.284,-9.0678,-9.3218,-8.8326,-9.6216,-9.1533,-9.4690,-7.8458,-8.1453
5.288,-10.2862,-9.4099,-10.9159,-8.5487,-7.5279,-8.4699,-8.2242,-7.0677
5.292,-8.0785,-9.9772,-8.7307,-8.1637,-7.8796,-6.3037,-6.5795,-5.5985
5.296,-8.8735,-6.9615,-8.0166,-5.6728,-4.9947,-5.0501,-2.3186,-3.1778
5.300,-6.4108,-7.0989,-5.4782,-7.5111,-2.0378,-2.1540,-2.2550,-0.1947
5.304,-5.5919,-5.9799,-5.5320,-4.4083,0.1585,-0.9215,-0.8860,0.0862
5.308,-4.3964,-4.4052,-3.9114,-3.2007,2.4101,0.4368,2.2929,2.6001
5.312,-3.2160,-2.2508,-4.5629,-3.0163,2.3709,3.5995,4.0990,4.0537
5.316,-3.1137,-2.9306,-3.6535,-3.1462,2.5063,2.7939,2.9977,3.7704
5.320,-3.0835,-2.4108,-1.2128,-1.6799,3.7843,4.9343,4.9004,6.1722
5.324,-2.4638,-2.1549,-2.3084,-1.1132,3.8363,5.4234,4.0501,5.8313
5.328,-1.4687,-2.1134,-2.1180,0.7173,4.7839,3.2479,6.8006,4.6245
5.332,0.0116,-0.8473,-0.5987,-0.0590,2.2459,2.6631,4.5161,5.6220
5.336,1.1622,-0.8287,-0.8798,-0.3472,1.3413,2.2210,6.2210,4.4711
5.340,0.3750,0.2759,-0.8789,0.6595,2.6448,3.0131,4.5772,2.9806
5.344,-0.6865,-1.4138,-0.2552,0.9232,1.8042,1.5716,3.0790,3.3078
5.348,-0.1358,-0.0121,1.7576,0.6789,1.0917,1.9989,3.1423,2.3355
5.352,1.7832,-0.0760,0.4292,2.3433,0.1645,1.4329,1.6320,2.3284
5.356,1.9501,1.2571,3.8759,1.6562,-1.4109,-0.1906,-0.3874,0.7701
5.360,1.3037,1.3220,1.0493,1.2494,-1.4903,-0.5849,-1.7022,-0.4876
5.364,2.0753,1.0042,0.2172,2.5689,-1.5156,-2.8092,-1.8346,-1.4918
5.368,1.1588,0.8578,-0.3696,2.5671,-4.6089,-4.0135,-2.4795,-1.9846
5.372,1.0376,0.2562,0.9613,2.3281,-4.8406,-2.4552,-3.4216,-1.4752
5.376,0.8785,-0.2696,0.5161,1.4296,-5.6068,-4.3378,-3.4208,-3.1565
5.380,0.3775,0.0187,0.7848,0.6858,-4.6392,-5.2593,-4.5576,-4.6238
5.384,0.1309,-0.2753,-0.1412,0.6029,-5.1122,-4.9355,-2.4924,-1.9069
5.388,-0.0624,0.7713,-0.3454,0.4988,-4.3918,-3.1065,-3.2875,-1.2451
5.392,-0.4966,0.8784,-0.4472,1.2435,-2.1624,-0.6008,-2.2164,-1.4582
5.396,1.5343,2.3049,0.3654,0.4406,-1.2185,-0.3735,0.8594,1.3152
5.400,1.8597,0.8031,1.7905,2.7322,1.1990,1.6125,1.7917,2.7559
5.404,0.4584,2.8368,2.2065,2.3426,3.8499,2.4195,4.0066,3.6859
5.408,0.4932,0.9995,1.3060,2.1748,5.1702,4.6540,4.2036,4.4154
5.412,1.6548,-0.0512,1.6465,1.9840,4.1702,4.2475,4.3897,6.0803
5.416,0.3904,0.4788,0.4673,-0.1104,4.2877,7.2940,6.7707,6.2097
5.420,-0.6659,-1.0052,-0.4429,0.2626,4.5253,4.8810,6.0074,6.0823
5.424,-0.9537,-1.6743,0.1103,-1.9391,3.8938,4.7342,5.8917,6.5642
5.428,-2.5844,-3.3085,-2.8189,-0.0594,2.6709,4.4636,4.7466,4.3303
5.432,-2.3632,-2.4857,-3.2798,-1.8876,3.0875,3.4256,3.8544,3.5491
5.436,-4.0504,-4.2128,-3.5723,-4.0293,2.6040,1.7403,2.7093,3.6114
5.440,-4.4795,-3.5675,-4.7146,-3.7929,0.3121,0.7311,2.6131,2.2417
5.444,-5.7967,-5.8400,-5.1544,-4.9762,0.8723,1.0018,1.3908,-0.1280
5.448,-6.3630,-4.3774,-6.0947,-5.7730,-1.2472,-0.7261,-1.4759,-2.0182
5.452,-4.7171,-6.7244,-7.5994,-5.0391,-1.7084,-2.0868,-2.1493,-1.3922
5.456,-7.7431,-7.2057,-7.2915,-6.5946,-3.7676,-3.3235,-3.1939,-2.4585
5.460,-7.6719,-7.1093,-6.4146,-7.0803,-4.4139,-3.6359,-3.3060,-4.5827
5.464,-7.2981,-7.9569,-7.2862,-5.5071,-5.5073,-5.5025,-4.3931,-3.4472
5.468,-6.9200,-8.4332,-7.2393,-8.4984,-5.8173,-6.6233,-4.3914,-4.9221
5.472,-9.0301,-7.3848,-6.3914,-6.9228,-9.0389,-7.7623,-7.3223,-7.3525
5.476,-7.8023,-8.6415,-7.5788,-5.2041,-9.3728,-9.3525,-5.6044,-6.6010
5.480,-7.7819,-7.4537,-5.6102,-6.9225,-8.1249,-7.6933,-6.2478,-5.6638
5.484,-8.5775,-5.8845,-6.7133,-6.3096,-8.0124,-7.2205,-6.3788,-4.3384
5.488,-5.9003,-5.6217,-5.5997,-5.8508,-5.7317,-6.6642,-3.6925,-4.5098
5.492,-4.3794,-4.4727,-4.8189,-3.9963,-4.8211,-5.2761,-4.1470,-4.1603
5.496,-3.0395,-5.2359,-3.3820,-1.5958,-2.4761,-1.0438,-0.8888,-0.9227
5.500,-2.7663,-2.9471,-1.7379,0.1435,1.3381,1.1599,0.4635,0.6087
5.504,0.0983,-1.4296,1.3163,2.7933,3.4191,1.4572,4.0673,2.4771
5.508,0.1545,-1.2981,2.2120,3.3968,4.1614,6.0224,4.1809,5.6367
5.512,2.7824,2.5353,4.2431,2.5165,7.3364,8.2537,6.5769,6.5868
5.516,4.3156,2.8218,4.5460,4.3027,6.9516,8.1934,6.8215,7.5914
5.520,2.5500,4.2722,5.4116,5.4690,7.7335,7.9473,8.2253,7.8290
5.524,3.6206,5.2547,3.3968,4.8227,8.7162,9.7180,8.9509,10.0353
5.528,3.7129,3.3082,4.4191,4.4153,8.4443,6.3593,7.7835,8.9780
5.532,4.6195,4.6952,4.7924,5.7471,5.2403,7.0773,7.6883,6.7225
5.536,4.2307,3.5106,4.6073,5.7749,5.2261,6.9090,7.8947,8.5861
5.540,4.7613,3.6696,4.9615,4.4949,5.6691,4.4863,6.7032,5.7161
5.544,4.3334,4.2167,5.6007,4.2743,3.7499,5.9213,5.7600,4.8370
5.548,3.5891,4.9768,4.7082,4.7414,3.3814,3.5735,5.0353,3.7249
5.552,3.8571,4.1984,2.3680,4.6614,2.8014,2.5370,3.2868,2.2844
5.556,3.2923,2.3152,3.9900,4.5785,2.0551,2.9015,0.9697,3.3479
5.560,1.1958,1.6244,2.5497,2.5610,-1.0748,1.2104,0.2537,-0.5643
5.564,1.1904,0.8517,0.6634,2.2582,-2.0982,-0.0727,0.4223,-1.2972
5.568,1.0046,-0.2208,-0.0918,-1.1772,-2.7736,-3.0639,-1.0255,-2.5892
5.572,-1.9803,-2.2817,0.1072,-0.5805,-4.2255,-3.5023,-4.2456,-2.9372
5.576,-2.1284,-3.7222,-1.1747,-1.9916,-6.0913,-5.5277,-4.0932,-4.9864
5.580,-4.3596,-4.4520,-2.3968,-0.8488,-6.1428,-6.0212,-5.1749,-3.1882
5.584,-4.7848,-2.8704,-2.4539,-3.9337,-4.7904,-5.7756,-4.8647,-5.0962
5.588,-4.4478,-5.0324,-3.3652,-2.8636,-5.6329,-4.3931,-3.9871,-2.7528
5.592,-5.0321,-4.4248,-3.7016,-2.4044,-2.5345,-3.6703,-2.3488,-1.5476
5.596,-4.2809,-5.2643,-4.4554,-2.3497,-2.9428,-1.2346,-1.9237,-1.5723
5.600,-4.2837,-5.0125,-2.3824,-2.5629,-0.8245,0.6734,1.9504,1.1837
5.604,-3.7464,-4.9616,-2.9070,-3.2093,1.8153,2.6373,2.2696,0.9942
5.608,-4.7964,-2.0421,-1.1989,-2.0417,2.5287,2.8732,3.5884,3.8071
5.612,-2.7097,-3.9194,-3.2556,-1.6856,4.5333,4.7173,3.2084,4.8194
5.616,-3.6436,-3.4277,-2.8311,-1.9256,4.1244,3.8074,4.9172,5.6058
5.620,-5.5883,-4.9101,-3.8839,-4.0204,5.1645,4.7788,4.4497,5.4754
5.624,-5.2545,-4.8194,-4.6077,-2.4090,4.8927,5.1839,4.9702,5.1083
5.628,-4.6350,-3.7973,-3.5101,-3.0870,4.3247,5.0195,3.2278,4.6269
5.632,-6.7340,-3.9653,-4.5678,-3.7199,3.9570,3.4403,4.8519,3.4426
5.636,-6.1300,-5.4556,-3.7295,-5.3810,1.6397,1.6844,3.9609,2.5059
5.640,-4.0534,-6.1273,-3.5391,-2.3395,1.2326,2.2907,2.5700,1.9354
5.644,-4.1687,-4.6913,-3.9474,-2.3253,-0.2029,0.2401,2.7499,2.2429
5.648,-3.7944,-4.3516,-2.9809,-2.0537,0.0399,1.7739,1.7878,0.6968
5.652,-3.3610,-3.3042,-2.2948,-2.6833,-0.3073,-0.7137,-0.2138,1.6186
5.656,-3.3303,-2.5683,-3.0831,-1.1993,0.2590,-0.4317,-0.7960,-0.1496
5.660,-3.0248,-3.6778,-0.3827,-1.3970,-2.3198,-1.7692,-1.5261,-1.5410
5.664,-3.0873,-3.0471,-0.8625,-1.6796,-2.2275,-1.4970,-3.9468,-3.2862
5.668,-2.9176,-1.9076,-1.1000,0.1863,-3.1223,-2.4282,-3.2864,-1.7625
5.672,-2.5827,-3.0586,-1.0937,-1.1546,-3.6620,-4.5915,-3.4271,-2.9583
5.676,-1.6484,-1.9573,-0.1050,1.0384,-6.6341,-4.2753,-4.1042,-2.9669
5.680,-0.8123,-1.7437,0.4624,-0.4993,-4.2749,-3.4411,-3.2406,-2.4413
5.684,-0.4237,-2.2341,-0.4246,1.1459,-3.7388,-1.7765,-2.5922,-1.6916
5.688,1.0226,0.3543,0.8226,2.5368,-0.9921,-1.1837,-1.5983,-1.2832
5.692,1.4805,1.1867,2.8974,4.3345,-0.4115,0.0315,2.0201,0.7137
5.696,3.2744,3.2836,3.6944,4.0380,2.1668,0.8339,3.6935,3.5306
5.700,4.5425,3.7254,4.7265,4.4066,2.3934,3.4051,5.2306,6.0161
5.704,3.7563,4.7531,6.3460,6.4688,6.0593,6.3427,6.8356,5.7673
5.708,5.7195,6.3017,6.5793,6.6945,8.0635,8.8821,6.6540,8.9243
5.712,5.1999,7.1765,7.2612,8.1797,8.4958,8.7367,8.3026,9.3970
5.716,5.3504,6.5165,6.8291,7.4046,9.0040,9.4977,8.9980,10.1719
5.720,6.3442,5.2817,6.1177,7.0319,10.6134,8.5542,10.9074,8.6783
5.724,4.7019,5.4233,6.8676,5.9170,7.6322,9.5301,9.4107,8.8497
5.728,5.2089,4.2628,5.5817,6.0611,8.5219,8.1035,9.6754,7.2192
5.732,3.6210,4.5028,3.3931,4.4105,6.7069,7.8165,7.6779,8.8224
5.736,3.4083,1.9589,4.1510,4.8594,5.9999,5.9200,7.1704,6.3501
5.740,3.3012,3.6094,2.5771,3.2260,4.5738,4.5044,5.9219,4.5386
5.744,1.8781,0.4735,3.0153,2.3114,1.9238,4.5120,3.5966,4.5548
5.748,-0.6170,0.3611,1.7238,1.6765,1.6699,1.8905,3.2545,3.6200
5.752,-1.3096,-0.5732,0.3476,0.0958,1.6152,0.6736,2.2285,-0.2786
5.756,-3.0694,-1.2060,0.0577,-1.1726,0.8549,0.9895,0.9948,-0.7176
5.760,-4.1814,-1.9892,-1.5533,-1.5116,-1.9190,0.2229,-1.6486,-2.4178
5.764,-3.3251,-3.2709,-3.5927,-2.8800,-2.8087,-2.4446,-2.4482,-2.8183
5.768,-5.5482,-5.5261,-5.5491,-5.1092,-3.3474,-2.4997,-5.0552,-3.9376
5.772,-5.7979,-7.0211,-5.4325,-4.4998,-5.8124,-4.7460,-4.6675,-4.6233
5.776,-6.4029,-6.9972,-5.7998,-6.0835,-7.0484,-4.8662,-6.2003,-3.7244
5.780,-7.5727,-8.5740,-5.2500,-6.7887,-6.7076,-7.4486,-5.2404,-6.3197
5.784,-8.4017,-7.4968,-5.7943,-7.5544,-6.4587,-6.3180,-4.2285,-5.2172
5.788,-7.8233,-7.8594,-6.9531,-6.0397,-6.0182,-5.6220,-4.1048,-3.3693
5.792,-7.4966,-5.9707,-4.5995,-5.1187,-4.9604,-4.3177,-3.2351,-2.9035
5.796,-5.9409,-5.6606,-6.3901,-3.4952,-1.6026,-1.2542,-1.0953,-1.9028
5.800,-5.5236,-3.4635,-4.8521,-2.9315,-0.2502,-0.8204,-0.0045,-0.2422
5.804,-1.8657,-3.3715,-3.7778,-1.4298,1.9432,3.1781,1.4274,3.2284
5.808,-2.8087,-3.3400,-2.2596,-0.1643,4.1317,4.6729,3.2949,3.5699
5.812,-1.6430,-2.0984,-0.4063,-1.6611,6.2420,5.3556,6.0691,5.2792
5.816,-1.7531,-1.3514,-0.9024,0.3199,6.4690,6.5432,5.6643,7.5277
5.820,-0.2137,0.3660,-1.1223,0.2523,5.5640,6.1943,4.5485,6.3636
5.824,-1.1348,-1.9747,1.2856,0.9552,6.0843,7.9361,7.0407,7.1436
5.828,-1.2929,0.3016,0.9501,0.9866,5.9361,6.3336,7.2593,6.9133
5.832,0.0886,1.3311,0.7880,0.4266,4.3642,6.6229,6.2658,7.3271
5.836,1.0848,0.4486,1.7752,3.5812,4.7252,4.9522,5.8779,6.2771
5.840,2.6073,2.5515,2.7125,4.0895,5.1593,5.6349,5.9491,5.0210
5.844,1.5943,3.0887,3.7018,5.3254,4.3442,3.9326,5.3033,4.7836
5.848,1.6521,3.0801,3.8920,3.5262,3.3912,4.1680,3.7474,3.7776
5.852,2.5223,2.7048,4.3978,5.1282,2.6632,4.0806,4.0456,3.4327
5.856,3.0380,5.1349,4.2276,5.7315,5.5487,2.9090,2.6001,2.1279
5.860,3.3965,3.1797,4.8291,3.8977,4.2627,2.2658,0.9293,3.4174
5.864,2.3475,3.0244,5.7779,4.9842,0.4913,2.7296,1.1863,-0.7381
5.868,2.8029,2.6620,5.0984,5.4972,1.9269,-0.7060,1.1251,0.9469
5.872,3.9309,2.7212,4.2098,4.0608,-1.6491,-1.3001,-1.0708,-0.9061
5.876,3.8831,2.7427,4.5590,5.1087,-1.3001,-2.6003,-0.6827,-1.5476
5.880,1.4723,1.7236,3.9268,4.8067,-1.5435,-2.3054,-1.8275,-2.5394
5.884,1.1539,2.8346,3.8250,3.6183,-2.1602,0.1214,0.1460,-0.4475
5.888,0.4935,4.1529,3.3289,4.8413,0.7613,0.5688,0.2153,0.2516
5.892,1.7090,2.7157,5.0156,4.8502,1.7120,-0.1420,3.5166,-0.4671
5.896,1.6848,2.4848,3.7251,2.8075,2.9838,3.5985,2.3388,2.3498
5.900,2.6004,4.5092,3.8156,5.0133,4.3555,5.0739,4.8463,5.0006
5.904,3.4807,3.8511,5.0717,5.6183,6.5216,5.3821,4.3073,3.9149
5.908,3.1007,1.0701,6.4173,5.7285,7.3470,6.8112,6.6634,5.9575
5.912,3.8075,2.7187,4.0850,4.0880,7.4484,9.2571,7.3258,7.1183
5.916,2.9884,1.7937,3.2799,3.3108,9.5497,8.4184,8.5557,7.8104
5.920,1.9150,1.0469,3.4472,3.9165,7.6578,9.2079,5.7165,8.4245
5.924,0.3195,-0.0012,2.0136,2.2589,7.6591,6.9713,6.9892,7.2635
5.928,-0.3456,-0.0067,-0.4000,0.2185,5.5564,5.7105,6.6264,5.9670
5.932,-1.4125,-1.8384,0.0288,0.6833,4.3280,4.0393,5.5103,6.0147
5.936,-3.6544,-0.7914,-1.1758,0.2164,3.0740,4.7815,3.3350,6.3685
5.940,-2.0256,-2.2570,-0.6490,-2.3274,3.9750,2.8411,3.3460,2.0525
5.944,-3.4893,-3.6252,-1.5760,-1.9660,2.3908,2.0272,1.6245,1.8067
5.948,-3.1878,-4.2507,-2.5688,-2.7504,0.9421,2.0600,1.3636,1.6594
5.952,-4.9241,-5.2119,-3.0169,-3.0730,-0.3540,0.0734,0.0766,-0.2764
5.956,-5.9703,-3.7363,-3.0477,-3.6576,-0.1215,0.6245,-2.3370,-0.8290
5.960,-5.2302,-6.0198,-3.0621,-4.2584,-1.0223,-2.1563,-1.5784,-2.2775
5.964,-5.2324,-5.6799,-3.6704,-4.6750,-1.6686,-1.5846,-3.0169,-4.0254
5.968,-7.3088,-5.4662,-2.8954,-3.4985,-3.0138,-3.3551,-3.7601,-4.1835
5.972,-5.4478,-6.7976,-4.3256,-3.8493,-4.8782,-3.2919,-3.2330,-3.6347
5.976,-5.3548,-5.5421,-3.7323,-3.8495,-5.3496,-5.3448,-5.7044,-5.2532
5.980,-6.5432,-4.3708,-4.1966,-4.3523,-5.4588,-3.3936,-4.1558,-3.7283
5.984,-4.8813,-4.4356,-3.6590,-1.6294,-4.7625,-3.5731,-3.8856,-4.0933
5.988,-3.5441,-3.5117,-1.5709,-2.4963,-3.9745,-2.8033,-3.2369,-2.7044
5.992,-3.3916,-2.2277,-1.7924,-0.9270,-1.0036,-0.9295,-1.4728,-1.0886
5.996,-1.4372,-0.8140,1.3526,0.7144,0.7864,2.7739,1.4606,0.3366
6.000,0.5413,0.0532,2.3826,2.2741,3.6171,5.0088,4.5520,3.4780
6.004,1.0300,2.7038,4.0689,3.9854,5.6227,6.1847,5.0505,3.8123
6.008,4.0456,2.4202,3.5221,5.7363,6.4623,7.9521,6.7277,6.7491
6.012,4.7695,4.5854,7.4078,5.1486,9.4271,9.6157,6.8939,7.8294
6.016,5.5132,6.3243,6.3961,7.4483,10.7584,8.6162,9.4377,8.5204
6.020,6.6712,6.6498,6.5516,8.0572,8.8115,11.8394,10.2989,10.5382
6.024,4.9281,7.2892,6.9394,8.5809,10.5322,8.9671,9.5579,9.6442
6.028,6.8471,6.1833,8.2487,6.8834,9.8131,8.9212,9.7761,11.2231
6.032,6.3425,6.7335,7.4062,7.8071,8.3616,9.3732,9.2524,8.8082
6.036,6.8838,7.8688,7.4285,8.1586,7.4283,8.2479,7.9735,10.5615
6.040,7.4552,6.8798,7.1814,7.5576,6.9051,7.7251,9.4020,7.6217
6.044,5.9760,8.0611,6.6048,9.6620,7.1483,6.7344,5.6923,6.3266
6.048,5.8921,6.4726,5.8516,7.8045,5.2020,5.5202,6.7797,4.6814
6.052,6.3565,6.5093,7.4210,7.5146,3.7558,4.2812,6.5200,4.7399
6.056,5.5186,6.1957,5.9436,8.5760,5.5536,5.3991,3.1389,4.2538
6.060,3.1546,4.8354,5.5166,6.9904,3.4435,3.0228,2.7581,2.0622
6.064,2.9313,3.4491,4.4870,4.4432,0.5324,0.9378,-0.1413,0.7816
6.068,1.6159,2.3617,3.8949,3.5955,-1.0264,1.2910,-0.6975,-0.3876
6.072,1.5449,0.3890,3.3785,3.0524,-1.7242,-1.8114,-1.4713,-2.0189
6.076,-1.1838,0.8583,2.4520,2.2508,-1.9972,-2.2538,-0.3967,-2.8951
6.080,-3.1351,0.0257,0.6540,2.7066,-3.6337,-3.9024,-3.8777,-3.3688
6.084,-2.2232,-1.9281,0.1536,0.1800,-1.6912,-2.5231,-2.5825,-2.8827
6.088,-1.2502,-1.9681,0.1595,-1.0626,-2.6422,-3.2033,-0.3948,-2.1622
6.092,-2.5490,-2.1103,-1.8154,0.8971,-0.7413,-0.7155,-0.8885,-2.3203
6.096,-2.4512,-0.2018,-2.5883,-0.2060,0.5002,1.4459,-1.3944,-0.2360
6.100,-2.3252,-0.5872,-0.7100,-0.7541,3.8343,2.5654,1.5765,1.1467
6.104,-2.6818,-1.5835,0.0502,1.0695,4.2246,3.6099,3.4415,3.6073
6.108,-1.5755,-0.8941,-0.6132,1.6381,5.6313,5.3778,5.3719,5.2090
6.112,-1.3513,-0.9205,-0.7511,0.6143,5.9725,5.0239,5.6428,5.0447
6.116,-1.7283,-0.6492,-1.0005,0.7801,6.9575,4.5408,6.3003,5.4440
6.120,-1.5834,-1.6834,0.6511,-0.2995,6.6589,8.2915,6.1097,6.3285
6.124,-3.1949,-1.3019,-2.3073,-0.4220,7.6588,5.9631,6.5668,5.4448
6.128,-1.1074,-3.0446,-0.4793,0.0920,3.8600,5.0868,6.1201,5.3573
6.132,-1.9318,-1.6960,-0.7305,-0.9177,5.6508,3.3576,4.1177,5.9393
6.136,-2.8364,-2.2077,-2.2449,-0.2476,3.8732,4.0734,4.7907,5.1935
6.140,-3.2137,-1.6361,-1.1377,0.9416,3.3831,3.3997,5.4091,4.6293
6.144,-4.2021,-0.8711,0.0365,0.3843,2.9353,2.5539,2.4995,1.8171
6.148,-1.9356,-1.6476,0.0792,-0.1085,2.1007,2.3357,2.3373,1.7403
6.152,-2.5156,-2.1680,2.0622,-0.5347,3.0985,1.6788,-0.1149,0.3310
6.156,-1.2763,-0.5288,0.1049,1.3428,2.4073,1.4356,0.3771,1.5368
6.160,0.4707,-1.2404,-0.1335,1.3295,2.2057,1.9914,0.9024,-0.2866
6.164,-1.5275,-0.6094,0.9262,0.9643,1.5972,-0.0272,-0.5755,-1.1778
6.168,0.1271,2.0959,1.6521,1.0428,-0.8719,0.3900,-1.4914,-1.4382
6.172,0.6457,0.3794,1.0556,1.8797,-0.3962,-0.6390,-0.9504,-2.1801
6.176,0.0738,0.6964,1.9168,3.7632,-1.5529,-2.4660,-2.1082,-2.0597
6.180,0.8383,0.7638,3.8069,2.6457,-3.6512,-1.2800,-0.6136,-1.6511
6.184,2.2464,2.6616,4.2375,4.0371,-0.7537,-1.8149,-0.4142,-1.2287
6.188,3.8547,4.0336,6.0737,5.1685,-0.1789,-0.4993,-0.4647,-0.7142
6.192,4.7258,3.9841,6.1529,5.8560,1.5054,2.7835,2.4170,3.2351
6.196,3.7467,5.4897,6.4629,6.7320,3.0933,4.6828,3.2669,1.7850
6.200,7.2368,7.0642,7.3500,7.4048,7.1008,6.1378,5.7030,5.7641
6.204,6.5188,7.7575,8.5780,8.4842,9.8766,8.2589,7.7981,6.1112
6.208,7.3571,7.4498,9.3028,10.5628,9.0060,10.0520,9.2316,6.8348
6.212,9.0655,7.9911,9.4468,10.3806,10.0909,9.1532,8.1973,9.4430
6.216,8.1306,8.9636,9.9718,10.5632,10.3152,11.7315,8.7217,8.5293
6.220,8.8439,8.2191,9.2030,9.4414,11.0815,10.7012,10.7908,10.0037
6.224,7.3319,8.8071,8.0270,8.7215,10.5664,11.0446,9.3659,8.7141
6.228,4.8224,7.4373,8.2781,7.5283,9.0769,9.4996,10.0396,8.0373
6.232,5.7499,6.0846,7.3517,8.3578,8.0941,7.4757,8.9937,7.5830
6.236,4.1419,5.1110,6.2357,6.7928,5.9870,7.0816,6.9009,7.4038
6.240,4.7413,4.0430,5.6958,6.4752,5.9802,6.6471,6.8579,6.0263
6.244,3.1181,3.7126,6.4420,5.9974,5.0002,5.9948,5.1785,5.3062
6.248,2.6618,3.2091,2.4791,3.2338,5.2154,4.0689,4.0639,3.6042
6.252,1.6106,2.8815,4.3469,2.8292,3.3604,3.4638,2.6978,1.1028
6.256,0.0349,-0.8364,2.6075,2.7452,3.2536,2.3190,0.9183,-0.3765
6.260,-1.3023,-0.6094,-0.8677,1.0418,1.2161,0.8260,-0.9084,-1.7141
6.264,-2.6838,-0.7491,-0.0022,1.2300,-0.2210,-0.6473,-2.3745,-1.6229
6.268,-3.0299,-2.9877,-0.7388,-0.4894,-1.1958,-2.9707,-0.4878,-3.4129
6.272,-4.9844,-3.6156,-2.4016,-3.3758,-2.7853,-3.8560,-4.0717,-3.6614
6.276,-4.1171,-4.9896,-2.7943,-3.2154,-4.3979,-3.0615,-5.2932,-4.7573
6.280,-5.5213,-5.2255,-3.8901,-4.4509,-3.6718,-5.3933,-5.2419,-4.5287
6.284,-4.5451,-4.9950,-3.6693,-4.1739,-2.7768,-4.1907,-5.5332,-4.1777
6.288,-4.2630,-4.2429,-4.4156,-2.6835,-3.2008,-4.8941,-4.1031,-2.3607
6.292,-5.3119,-5.1147,-2.6621,-2.8046,-0.5594,-0.5247,-2.5378,-3.7095
6.296,-2.8809,-3.6794,-2.1077,-1.8994,0.4053,0.0580,1.2342,-0.7390
6.300,-2.8876,-3.7497,0.1861,-1.2333,2.1031,2.0379,2.8044,1.7724
6.304,-1.3673,0.3960,-0.6759,0.0002,5.9320,2.5133,3.5650,1.7323
6.308,-0.3970,-0.4543,1.3801,1.4371,6.6552,5.0832,3.5066,5.3883
6.312,0.3912,0.2083,1.9698,1.6526,6.2211,6.6709,6.0134,5.8250
6.316,2.0491,1.2443,1.6708,3.5580,7.2949,7.9984,7.5047,7.0375
6.320,2.0671,0.3601,3.9805,1.1606,7.1772,7.9717,8.1127,6.6680
6.324,1.5754,3.4330,3.3550,3.1195,6.9064,7.5226,6.8367,5.4099
6.328,2.7896,2.7598,4.4613,5.1086,7.5108,7.0443,7.2289,6.9343
6.332,2.0630,4.3457,4.2230,3.7914,5.9685,7.1507,7.8263,7.3215
6.336,2.9403,3.7885,5.5894,3.9997,6.2282,6.0451,7.7465,5.7906
6.340,4.0852,3.1604,4.5183,5.9077,5.9090,7.0484,6.1175,5.4138
6.344,5.6869,4.6262,6.4482,4.5131,4.8881,5.5930,5.4651,5.4253
6.348,5.1624,6.1321,7.0476,6.3380,4.8917,3.7753,4.5350,6.5896
6.352,7.8035,5.9484,6.3436,6.5620,5.4204,5.3692,4.7726,4.4999
6.356,6.0999,6.2195,6.4752,8.6066,5.2204,4.7260,2.8242,3.2326
6.360,5.5693,5.9544,6.4933,7.7788,4.2537,3.0977,2.8755,1.0282
6.364,5.9790,4.5564,8.0745,7.1393,3.0413,2.3139,3.2863,0.3961
6.368,4.4919,6.9432,6.6102,6.0282,3.4376,2.9826,0.6680,1.6531
6.372,5.6999,5.7982,6.6539,8.2579,0.7372,0.5926,0.0952,-0.4476
6.376,4.6552,6.4154,5.6728,6.0586,-1.1834,-0.2435,-0.3939,-0.5404
6.380,4.0835,5.3929,6.5193,5.9406,-0.3735,-0.7735,1.0672,-0.5729
6.384,5.3948,5.0392,5.3289,6.2013,0.2293,0.3557,1.0651,-0.9505
6.388,4.4182,4.6325,6.7938,6.5996,1.2856,0.7536,0.2932,-0.1862
6.392,4.9436,5.3374,5.8732,7.2858,2.0995,1.6631,2.1996,2.1376
6.396,5.4723,4.3987,8.7116,6.8720,4.1460,3.8314,4.3699,3.6032
6.400,6.8437,6.9446,5.9766,7.7200,6.1047,4.8889,4.7794,4.4921
6.404,7.0156,7.2179,6.7659,9.3915,8.9935,7.4293,5.4366,5.6392
6.408,5.0780,6.5014,7.3695,6.9117,7.7934,8.1656,8.2525,6.2161
6.412,6.0025,5.2592,5.8867,6.3612,10.4058,8.8426,6.6868,6.5894
6.416,2.6478,4.1847,5.9932,5.8157,9.0654,9.0907,7.7247,7.1451
6.420,4.7913,4.7570,6.9772,5.5639,8.4034,8.1114,8.8495,8.3306
6.424,1.3700,3.3486,3.6368,5.6459,6.1268,7.3574,6.8261,8.0185
6.428,1.8870,2.7188,3.7154,3.3932,5.1055,5.5554,6.5842,6.1885
6.432,1.1798,1.8870,2.0431,0.9347,5.9625,5.2844,5.8888,6.2280
6.436,-0.4557,0.7907,1.4179,2.2884,5.8413,4.4654,3.6808,3.8621
6.440,-0.7881,0.5911,0.5435,1.1126,4.3408,4.4198,3.2327,3.7559
6.444,-0.6590,-2.2627,1.3411,0.8439,2.4480,3.2076,2.5618,1.9898
6.448,-3.2613,-0.9786,-0.8062,-0.9611,2.5896,2.0568,1.8477,1.0032
6.452,-1.5695,-0.8136,0.0585,-1.4979,1.9395,1.2329,0.6851,-0.2598
6.456,-2.2269,-3.1862,-1.1746,-0.5331,2.6342,0.1620,0.1503,-2.6884
6.460,-1.8117,-3.4055,-1.8202,-1.4720,1.4119,0.5840,-2.5565,-1.2768
6.464,-2.0090,-3.4024,-0.9053,-3.3908,-0.1105,-2.4988,-3.6959,-3.4019
6.468,-3.3341,-4.3844,-1.1552,-0.9762,-2.7163,-2.3825,-3.0108,-3.2376
6.472,-3.9977,-2.7134,-2.0478,-3.0246,-2.9945,-4.0210,-4.1165,-4.2354
6.476,-3.1214,-4.0026,-2.0559,-3.4263,-3.1600,-3.7034,-4.2073,-4.6089
6.480,-1.6744,-2.6712,-2.7968,-2.0953,-4.0188,-4.3254,-4.7641,-3.2167
6.484,-0.7740,-1.4564,-2.2030,0.2314,-3.2112,-3.5912,-3.4118,-3.4451
6.488,-0.6606,-1.2233,-0.4443,-2.4926,-0.5224,-2.4240,-2.8081,-3.2974
6.492,0.3852,-0.6154,1.5542,-0.3157,0.2783,1.2960,-0.5527,-0.9508
6.496,0.9565,1.0004,2.5569,3.3350,3.2960,1.3016,0.8588,-0.0818
6.500,3.1154,2.8624,4.5218,3.6227,4.8951,4.0689,2.7541,2.6245
6.504,4.9062,3.7887,6.5378,5.3368,6.4372,6.0285,5.8865,4.5777
6.508,4.9015,5.5295,7.4524,6.8402,8.6651,7.9741,5.7952,6.0021
6.512,8.0908,5.7405,10.2810,9.4062,9.1454,9.4480,7.2894,8.8803
6.516,7.5401,8.4719,10.6022,7.8239,9.9794,10.2487,8.5529,9.1285
6.520,8.3338,8.3003,9.7029,8.8589,9.3892,11.6048,9.0401,7.1139
6.524,8.7839,8.8524,9.4238,10.4498,9.0102,9.7841,9.6400,9.8773
6.528,9.4109,9.4017,10.0668,9.1562,9.3345,9.6113,8.8184,9.7343
6.532,9.2273,8.9387,9.9510,10.2511,9.5434,9.9409,9.2661,7.2918
6.536,8.0921,8.6383,10.0281,9.2080,8.3420,7.8273,8.6046,7.8578
6.540,7.9607,8.8139,11.0104,9.0868,9.4030,9.0295,6.4467,7.5805
6.544,8.8791,7.9538,8.4299,9.8105,6.9948,6.7221,6.9946,6.7861
6.548,8.5893,9.9124,7.6840,10.6410,7.4665,6.6138,4.2166,6.5929
6.552,8.9620,7.6986,8.7402,9.4049,5.2690,5.7361,4.4792,2.9688
6.556,6.4550,7.8409,7.0854,8.4776,5.7515,6.2250,3.0701,2.1668
6.560,6.2956,8.0135,7.8771,8.1017,4.3295,2.0211,1.6219,1.7830
6.564,5.3714,6.9419,6.1796,5.8730,2.4797,2.6179,1.8312,0.7381
6.568,4.2625,5.6349,5.5714,7.0861,2.0553,1.3076,-1.3741,-0.5156
6.572,4.0386,4.8155,3.4098,3.2438,1.1093,-0.6211,-3.4051,-1.3095
6.576,1.7091,3.2604,3.5474,3.6015,0.9339,-0.7074,-4.1350,-1.5592
6.580,3.0350,2.4155,3.0666,4.3479,-1.5482,-1.3762,-2.6406,-2.4401
6.584,2.9432,1.3476,2.1683,2.7347,-3.1718,-2.0553,-2.5544,-1.9959
6.588,0.8671,0.8654,0.0040,1.1824,-0.8187,-1.6126,-1.2016,-1.0300
6.592,-1.1561,0.1411,1.3174,0.2348,1.1420,-0.8514,-0.2391,-0.2213
6.596,0.6232,0.9058,1.8680,1.6566,0.4913,1.9354,1.1077,-0.0700
6.600,-0.3414,1.5020,3.1917,2.5309,4.1452,2.7318,3.5876,2.4212
6.604,0.0036,1.3056,2.0440,2.1941,4.4662,4.0995,3.7616,1.7505
6.608,0.6615,1.4338,3.3334,3.3073,6.2488,4.2903,3.3034,3.5523
6.612,1.5839,0.3187,1.8724,0.9876,6.6005,6.4332,4.3639,5.3482
6.616,-0.6027,0.9040,3.0416,1.0610,6.3196,6.3701,5.2901,3.5416
6.620,1.0389,1.8526,0.4145,1.1296,6.3039,8.0330,5.6675,5.3925
6.624,0.0124,-0.0058,2.5314,0.2847,6.3907,6.7097,5.5105,5.0167
6.628,-0.4917,-0.5026,-0.4912,0.7343,6.3093,3.8201,4.8019,4.0984
6.632,-1.4033,0.4767,0.4018,-0.5081,5.4178,5.6293,3.8879,3.4785
6.636,-0.2742,0.4891,0.8076,0.1555,4.0142,3.8999,3.6459,3.8942
6.640,0.0138,-1.2949,-0.5996,0.4889,4.5738,3.4904,2.8327,3.4255
6.644,1.9531,0.6157,1.0700,1.8932,3.1705,2.7983,2.1538,2.2857
6.648,0.0194,1.4622,3.2714,0.2959,2.2751,4.9374,2.7954,1.3937
6.652,1.9636,1.4482,2.0035,1.6757,2.0791,2.6523,0.4540,2.2993
6.656,1.4005,2.2548,1.8827,3.0040,1.6743,2.3140,-0.9159,1.0410
6.660,0.8319,2.2519,2.2768,2.7087,1.1550,1.7195,-1.4313,0.1403
6.664,2.9221,3.1932,3.2853,2.5141,1.4597,-0.2357,0.5002,0.1482
6.668,3.3552,2.1185,4.2749,4.0710,0.4807,-0.3045,-0.3940,-1.6703
6.672,2.4449,2.9035,3.4179,3.2045,-0.5367,-0.5467,-1.8262,-1.1406
6.676,2.8151,2.4258,5.2017,4.7063,-0.4147,-1.7162,-2.6525,-3.9233
6.680,3.2919,4.6705,4.2902,4.2566,0.4597,-1.1316,-1.6396,-1.5508
6.684,4.8305,5.9560,5.9780,5.1013,-0.1830,0.0556,-0.8900,-1.7366
6.688,5.8768,4.7589,6.3288,7.6036,1.0095,0.3969,1.7820,-0.0565
6.692,8.4985,6.2730,8.5002,7.5865,1.3067,1.6902,2.1259,1.6814
6.696,7.7468,7.9744,7.2115,8.2617,4.2358,2.8735,2.5303,3.1327
6.700,8.7957,9.2728,9.3514,9.1466,5.7957,6.7962,5.0741,3.6840
6.704,9.7261,9.7664,10.5228,10.8236,8.9054,8.0985,7.0572,5.6157
6.708,11.2136,10.8705,11.0923,10.7466,10.9421,9.0208,7.8969,7.9207
6.712,10.6626,11.9533,12.5108,10.4539,11.7643,10.6167,8.5360,8.4156
6.716,10.4263,10.4768,11.6656,10.7523,11.4563,12.3892,8.7417,8.7496
6.720,10.9644,10.3107,10.4544,10.7939,10.0467,10.3431,9.9820,8.0877
6.724,9.1272,10.1054,11.8510,9.1958,9.3130,9.8905,10.2564,8.8375
6.728,8.4971,8.7198,9.2432,8.6980,10.0754,8.2787,9.3570,7.2675
6.732,6.3075,7.7331,9.5000,8.0114,8.7845,8.3446,7.8296,8.3999
6.736,8.8734,6.6115,5.5724,7.4424,8.0033,7.0459,6.6103,5.3257
6.740,4.5050,6.7699,6.7794,6.2224,7.6431,6.1593,5.7485,5.7587
6.744,5.9114,5.4640,6.3189,5.4016,6.8298,4.6477,4.2316,4.3754
6.748,4.3018,5.4988,5.3694,3.9115,3.1975,4.4349,3.7501,2.1518
6.752,3.3211,4.3826,4.8820,3.0867,5.0884,3.3413,1.9445,1.3761
6.756,1.8492,4.4573,3.8447,2.7408,2.2901,3.6190,0.6162,-0.0384
6.760,1.0531,1.9757,2.8347,1.9099,1.3535,-0.2613,-0.9906,-1.8749
6.764,0.9820,1.6784,1.9209,1.6114,-0.8083,-0.1823,-0.4203,-1.0196
6.768,-0.2470,-0.6009,1.3190,1.1785,-1.4302,-2.2403,-1.9706,-2.5533
6.772,-2.5823,-0.5907,-1.5160,-1.4490,-4.6527,-1.4017,-5.1733,-4.9153
6.776,-2.0098,-1.4786,-2.5033,-1.1148,-3.7196,-2.5876,-3.2503,-6.0621
6.780,-1.6921,-3.1419,-3.0953,-1.5146,-5.0705,-4.5205,-3.8676,-4.9843
6.784,-3.6578,-2.0488,-2.1040,-2.0334,-5.1695,-3.8093,-2.8841,-4.6136
6.788,-2.7230,-2.8065,-2.7351,-2.1898,-2.4375,-2.6955,-3.8909,-4.2686
6.792,-2.1094,-1.6172,-1.8008,-2.5837,-1.6974,-2.9618,-2.6768,-2.9411
6.796,-1.5849,-0.2447,-1.4897,-1.7003,0.4003,-1.9761,-1.6361,-0.6437
6.800,-1.9510,-0.2207,0.2195,-0.6244,1.9299,1.2533,0.9420,1.1411
6.804,0.8329,-0.1747,0.7157,1.2778,4.3366,3.6944,2.9242,1.5610
6.808,1.4681,0.7831,1.5596,3.5674,7.2266,5.6205,4.0910,2.7470
6.812,1.7736,2.9048,3.4109,2.7668,6.1907,6.5417,3.7603,3.1763
6.816,3.3588,2.5989,3.4359,3.4793,5.3606,7.8870,6.8978,5.7169
6.820,4.4286,3.3979,3.9033,3.1797,7.6093,7.6797,6.2786,4.9330
6.824,3.4667,3.5801,2.7676,3.6775,7.4797,8.2106,6.2326,5.8475
6.828,4.6783,5.6229,4.8157,4.3229,6.8432,7.5151,6.0473,4.8173
6.832,6.0440,6.0929,6.5666,3.3674,6.3964,5.6259,6.3678,6.3112
6.836,4.2129,5.0599,4.5803,5.3619,4.1733,5.8628,5.6126,5.5925
6.840,5.7234,6.1343,5.6721,4.9742,7.7987,5.4488,4.6653,4.5803
6.844,7.7055,6.4074,6.5301,6.8945,7.4796,3.9223,4.7128,2.9927
6.848,7.8259,7.6400,6.8444,6.4087,6.0719,6.0538,3.7215,2.9216
6.852,7.8209,8.4019,7.6227,6.9843,6.5055,3.6801,2.5690,1.9620
6.856,7.9219,8.9267,9.9972,6.0501,4.7865,3.1452,2.6808,3.2682
6.860,8.1205,8.9984,7.9412,9.5868,4.3056,3.2564,3.8604,1.5431
6.864,7.3472,7.5907,8.8920,10.2009,1.5798,2.2987,1.3740,1.2699
6.868,7.7425,7.7666,7.8601,7.4214,1.9207,0.5354,0.9149,-1.2664
6.872,8.5193,8.7509,8.1703,7.5189,0.6177,1.8397,-0.3543,-1.0641
6.876,6.5242,9.0108,7.8680,7.6364,0.4771,0.1648,-0.2933,-0.0945
6.880,6.0097,6.8926,5.8070,7.9757,-0.4740,-0.5720,-1.0114,-1.2473
6.884,4.4916,6.6815,7.2854,6.7668,0.7329,-0.7289,-0.9161,0.5198
6.888,7.7363,7.4056,7.8079,8.0507,0.3960,1.0816,0.1294,0.1211
6.892,7.8689,7.3336,5.9040,7.0822,1.1154,1.9569,1.8761,1.4394
6.896,7.7117,7.5549,7.8749,8.5282,3.6411,1.5294,2.0430,1.1532
6.900,7.6300,7.6357,8.5090,7.0709,4.0090,4.7234,3.2143,5.0248
6.904,7.3312,7.2833,6.8967,7.1824,6.9311,8.1790,6.2169,4.3610
6.908,6.3443,7.5641,7.2783,6.4381,7.7263,6.9809,6.1108,5.5142
6.912,6.7263,6.9640,7.9246,5.8163,7.9553,8.5563,6.4787,5.6746
6.916,8.6072,7.2657,5.6275,6.5209,9.9683,7.0401,6.6528,6.2962
6.920,7.0649,5.7909,5.8304,4.8237,8.1272,7.7450,5.2700,5.1673
6.924,3.0827,5.5211,3.7151,3.6067,6.3749,7.8721,6.4737,5.0355
6.928,2.7013,4.9417,4.1901,2.8158,5.0987,5.3917,4.6554,5.1424
6.932,4.3002,3.8622,1.2120,2.2097,4.2502,5.1514,4.3650,3.7496
6.936,3.3216,2.2051,2.1045,0.6379,2.8672,3.9575,4.0337,3.0456
6.940,1.7915,0.8976,0.4149,1.2110,2.2715,3.6630,3.3345,3.0877
6.944,0.1943,0.5220,0.0007,0.7756,2.2639,3.8716,2.1093,1.5057
6.948,0.3529,0.8486,0.2529,0.6359,2.7531,2.9474,0.0332,-0.0315
6.952,1.2724,-0.3943,-0.3600,-2.1461,0.3071,0.3877,-1.3160,-1.0668
6.956,-0.4785,-0.6765,-0.2280,-1.5541,0.6625,1.7663,-0.1090,-0.7297
6.960,-1.2824,-0.0688,-0.4229,-0.7432,-1.0264,-1.2030,-2.0470,-3.0735
6.964,-0.7747,-0.1375,-1.6895,-1.8937,-0.8657,-1.5854,-3.1385,-3.2754
6.968,-0.7851,-1.2084,-1.2233,-1.7238,-2.4559,-3.2253,-2.2373,-4.0716
6.972,-0.1056,1.5763,-1.4435,-1.5961,-4.5486,-2.8127,-2.4005,-4.1914
6.976,-0.2469,0.6428,-2.7275,-0.6752,-2.9615,-3.3758,-4.6062,-5.1855
6.980,0.7620,-0.6441,-0.8907,-1.6685,-3.7127,-4.0635,-4.1642,-4.5277
6.984,1.3076,-0.6360,-1.4925,0.5151,-3.3655,-3.3310,-2.7666,-2.0748
6.988,1.6455,1.9366,1.3436,1.0578,-2.2145,-1.2432,-4.6000,-2.5617
6.992,4.3069,3.1752,0.4180,1.5088,0.1570,-1.7435,-1.6731,-2.5168
6.996,3.1694,4.9570,3.4631,4.3992,-0.0227,1.6114,-0.7633,0.9300
7.000,6.1435,5.1022,4.8885,4.1135,3.5013,5.5706,3.4155,2.4264
7.004,7.0445,6.1274,6.9389,6.0095,6.4542,5.8631,3.2588,3.6091
7.008,9.7592,9.4310,7.3951,7.5171,7.5055,8.8566,6.9955,7.2681
7.012,9.8984,11.6884,9.5710,7.6333,9.4658,9.3849,6.3061,8.1984
7.016,9.5867,10.7337,10.5528,8.6172,8.5045,8.4878,8.5040,9.0265
7.020,11.6416,11.7636,10.6393,8.8008,9.4181,9.6319,6.5918,7.1545
7.024,11.9500,11.9990,11.7731,8.8734,11.0321,7.4925,9.5626,9.0574
7.028,12.8171,11.0638,9.9970,10.0350,9.2434,8.9736,8.9744,8.4391
7.032,12.0189,11.8579,10.2881,10.7727,9.1961,8.0216,8.5568,7.1650
7.036,12.1842,12.8100,9.2125,9.9628,6.8640,7.1107,9.0039,5.7417
7.040,12.2366,13.2459,10.2381,7.5079,8.5375,5.9539,6.0947,6.6761
7.044,12.3078,12.3327,8.6365,9.3451,7.5128,7.4885,7.1161,3.9036
7.048,12.5742,14.1504,9.8745,8.8416,5.9268,5.1937,5.6624,5.2935
7.052,13.1042,12.9993,10.9392,8.1134,6.2786,6.0959,2.6649,3.7642
7.056,12.5093,12.6034,9.4869,8.9080,4.5439,5.3126,3.9281,3.4075
7.060,10.1539,10.9381,7.2905,9.9552,4.0833,3.8396,2.7682,2.6432
7.064,11.3097,10.1994,7.0283,5.7171,2.2448,2.1839,1.4641,0.3498
7.068,9.1642,10.8556,6.9392,6.1266,2.4207,1.2668,1.1763,1.2753
7.072,7.9088,7.9791,5.0539,5.5070,0.3467,-0.9930,0.0098,-0.6854
7.076,8.8763,8.7017,4.0308,4.9792,-0.7237,-0.3987,-2.1542,-2.1497
7.080,7.4159,8.3375,3.8330,4.2713,-2.5114,-1.8419,-1.6291,-1.6041
7.084,6.9000,6.7876,2.2464,1.7786,-0.3732,-1.4703,-1.1853,-1.3277
7.088,5.9119,7.7146,3.4976,1.9563,0.1890,-0.4804,-1.2880,-0.9074
7.092,7.7361,7.3610,2.0604,3.5242,1.4785,-0.0017,0.4749,-0.1926
7.096,7.0867,7.7289,3.5693,1.5834,1.8111,0.9063,0.7059,2.2994
7.100,8.5972,8.6865,3.3817,2.2120,3.8342,2.0951,3.2139,2.7565
7.104,8.3994,8.5114,2.6678,2.5534,3.6681,2.9370,1.9493,2.9781
7.108,8.3153,7.5187,1.9532,2.5398,6.0902,6.3913,4.3011,4.3550
7.112,9.6368,8.1856,3.7455,4.4085,6.2818,7.2412,3.7699,5.6677
7.116,8.4193,8.0514,1.9185,2.1819,7.4220,6.9144,5.4981,6.3301
7.120,9.2199,9.3930,3.1125,1.5900,6.8740,6.8524,5.2035,5.7693
7.124,9.7895,8.5775,2.8848,1.7834,5.8473,6.8208,5.9401,4.8420
7.128,8.2722,9.0201,2.7780,2.3060,7.1922,6.0582,4.9597,7.4464
7.132,8.8680,8.2857,1.4533,0.7609,4.4195,4.7582,6.0397,5.8211
7.136,9.8412,9.5135,3.0854,2.9250,5.7693,4.6170,5.3237,3.8011
7.140,9.6769,9.3033,2.2528,1.8552,4.2145,2.9546,4.7540,4.8871
7.144,11.6665,10.6757,1.6423,2.9070,5.4683,3.9734,3.3766,4.4824
7.148,13.8485,12.5929,4.1239,4.1261,4.8433,3.3914,5.1614,2.9838
7.152,11.3364,13.4529,3.8767,4.0537,3.8402,3.2801,2.5427,2.2279
7.156,12.6264,13.2013,5.3707,4.5668,3.4129,5.0263,2.8698,1.3222
7.160,14.7697,12.9206,4.3217,4.6965,4.8444,3.7735,2.9943,1.5836
7.164,16.2927,14.7611,5.2886,4.5833,4.8376,2.8008,2.0396,1.2849
7.168,14.8220,16.7345,6.4453,5.0783,3.1915,1.4051,1.3350,1.9842
7.172,16.2630,18.6207,6.1894,7.6714,2.3222,1.5092,1.7871,-0.9512
7.176,18.6119,17.7778,7.2433,5.9906,1.1922,0.7847,2.4293,0.8093
7.180,20.1319,18.1010,9.8806,6.5681,1.8894,1.3405,1.6523,1.2374
7.184,20.0437,21.2224,9.0488,7.7479,0.9535,2.7281,1.4950,2.6943
7.188,21.6065,21.9129,8.8223,9.6123,3.1685,4.2958,3.5334,3.3102
7.192,23.7250,23.4040,10.8539,9.5382,5.8413,4.3555,5.0495,5.0515
7.196,26.1577,25.8455,13.3097,13.0542,8.0053,7.2723,7.0545,4.7505
7.200,25.7316,25.9501,14.1198,11.7794,8.8246,9.4812,8.6524,6.9370
7.204,29.0211,29.2363,13.3052,13.5830,9.2798,11.2572,7.3009,10.0783
7.208,29.3905,30.5325,13.6653,14.1978,14.1009,11.4787,10.2976,11.6215
7.212,30.9457,29.9088,14.3410,14.5568,14.3882,13.2789,12.0168,12.5661
7.216,31.3635,30.8852,15.7051,15.0375,15.5976,13.7826,11.9169,12.6274
7.220,30.8517,31.4669,13.7254,14.0957,13.7099,12.5907,14.5515,13.0258
7.224,31.7929,29.4774,13.9815,13.5098,12.8798,11.2770,13.1065,12.9250
7.228,30.9374,32.9151,13.0494,14.1212,12.2724,12.5963,12.0594,12.5073
7.232,32.0522,30.9565,12.9792,12.3859,10.4487,11.7327,10.5575,12.1665
7.236,31.3437,31.6450,11.7892,13.3336,10.8373,9.7779,10.8625,12.1401
7.240,30.9666,30.9142,12.7395,11.2413,11.3128,10.5917,9.5328,11.2767
7.244,30.0219,30.4485,12.6662,9.9617,11.3897,9.4071,9.7344,10.9378
7.248,31.4117,30.4271,11.6697,9.9782,9.4028,9.5965,8.0227,8.4556
7.252,29.7975,30.3736,10.7176,8.7010,9.1355,9.1984,6.1905,8.4120
7.256,32.2595,31.0764,9.7510,7.9510,8.8324,7.7532,6.5032,7.9580
7.260,31.9444,30.5940,7.3378,7.7266,9.4066,7.1681,6.5906,6.6630
7.264,29.9984,31.0174,7.0209,5.3956,5.9643,6.6695,5.7317,5.7782
7.268,31.3009,30.2270,7.6449,6.6915,5.1106,4.3579,3.9166,4.5397
7.272,31.8561,31.3087,6.0782,6.0047,3.7284,2.7893,3.8896,3.0009
7.276,29.4972,30.1000,4.7204,3.8412,3.2939,3.6488,3.3117,3.0811
7.280,30.0598,30.2858,5.4877,4.1336,2.5151,2.5656,3.1980,3.5675
7.284,31.5167,30.6049,4.4796,4.5852,2.4647,3.0954,3.6756,2.0038
7.288,32.5504,31.2174,4.6012,6.4910,3.9943,3.4858,5.8125,3.1731
7.292,34.0736,34.3518,4.9646,3.9569,5.0342,5.9675,4.8331,6.1655
7.296,35.9183,36.1789,6.3450,6.6144,8.2786,7.3340,5.8129,6.3748
7.300,37.2071,36.4299,9.2309,7.7940,9.0928,9.0927,8.2463,8.6352
7.304,39.6759,38.5351,10.5719,9.3564,12.0070,11.1720,9.9466,10.6943
7.308,41.3536,40.5008,9.2520,9.4057,13.7351,11.8961,11.1963,11.0758
7.312,43.0966,41.5687,11.3561,13.0468,14.7412,15.4970,13.5705,13.3283
7.316,44.8540,43.9629,11.9860,12.2419,15.7510,15.6277,14.4915,15.4861
7.320,46.8022,46.3624,12.6364,12.0202,15.2893,15.0400,14.7661,15.3149
7.324,47.3633,46.7380,13.2304,13.9626,17.5183,16.2807,14.7295,15.5994
7.328,47.9849,47.1560,13.3823,13.8055,15.4880,16.3297,16.2615,15.3724
7.332,49.2027,49.7330,16.2259,13.5275,14.5722,15.5203,15.8988,16.1602
7.336,51.3656,51.1729,16.2025,14.0894,15.7123,16.7681,16.4556,14.5736
7.340,53.0665,51.8414,16.0214,15.4717,16.6469,13.7997,16.1855,16.7270
7.344,54.0722,54.8650,17.4924,17.0538,15.3454,15.2727,13.5907,14.7859
7.348,57.3411,57.5658,18.6806,17.4952,15.2136,16.3901,14.9847,15.6096
7.352,56.5919,56.2253,20.0577,18.6813,16.5580,16.4292,15.6946,13.1978
7.356,58.2069,59.2558,19.5886,18.7857,15.8090,16.0808,16.1751,14.3730
7.360,59.9972,60.4187,18.1053,19.8488,17.2171,14.9143,15.7374,15.4982
7.364,60.7893,59.3078,21.1042,19.6945,15.0754,12.6724,12.5256,14.0632
7.368,61.3273,60.7495,20.4551,20.9840,12.7227,15.0829,12.7921,15.1578
7.372,60.7130,62.0158,20.0637,18.3420,12.9327,11.7179,12.4164,12.7289
7.376,62.9215,63.5555,19.2949,18.9256,12.8087,13.2992,13.2423,12.8636
7.380,62.5754,64.1515,20.2786,18.3532,12.1363,12.3829,13.6945,12.2957
7.384,64.1869,63.3417,19.6287,19.7553,13.2698,12.6884,12.8967,11.8889
7.388,64.9968,65.4170,20.4974,20.4321,13.1916,13.4092,14.7760,14.6640
7.392,67.1887,64.1551,21.5939,19.2596,15.9697,14.5373,16.3738,15.2942
7.396,64.8123,66.3659,20.7184,21.5532,16.2130,16.5700,17.4547,16.0259
7.400,68.8013,67.6514,19.9766,21.0580,18.1348,17.7183,17.3931,18.3021
7.404,69.1547,68.5956,21.9302,20.9586,21.0253,18.3487,17.8763,19.2526
7.408,68.5234,69.1167,20.9719,20.1615,22.2170,21.4292,20.7620,20.3713
7.412,67.8330,67.8714,21.0754,19.9436,22.2704,21.3270,21.5956,20.2346
7.416,68.7725,69.6590,18.8823,19.2182,22.6974,22.2230,20.6643,21.4519
7.420,68.9526,68.9000,20.3011,20.5089,21.2150,20.2605,22.1186,20.4859
7.424,66.7920,68.0053,18.1509,17.6575,19.6001,22.4502,20.4745,21.5950
7.428,69.0476,67.9232,17.6758,18.1208,20.7785,19.9260,20.0373,20.1099
7.432,67.6938,66.6171,17.6629,15.6477,18.8774,18.4381,20.4326,19.7810
7.436,66.9083,66.6621,17.1081,14.8249,18.1156,18.6852,18.0095,18.6727
7.440,66.6998,66.9122,17.3683,15.2313,17.6248,18.5715,17.7342,18.7357
7.444,66.6691,65.5981,14.6670,13.8518,17.1330,18.2378,16.5228,16.7063
7.448,67.1552,65.7552,13.5877,14.2947,16.9246,17.3494,16.4509,16.9888
7.452,67.0869,66.8965,14.7680,12.6868,17.5266,16.6649,15.6265,16.6271
7.456,65.7445,66.2277,14.3125,14.3369,16.6815,15.2570,13.6878,16.2018
7.460,66.0479,66.8599,14.4645,14.1994,13.4645,15.1045,15.5430,13.6690
7.464,67.4718,65.5201,14.7413,14.1036,14.6438,13.6833,14.0424,13.7427
7.468,66.1463,66.0099,14.0475,15.0647,14.2460,12.1364,11.4475,12.8960
7.472,66.6443,67.3009,14.7384,13.6910,11.0660,11.3247,11.0044,13.7284
7.476,66.5678,67.2016,15.7376,13.7832,13.5049,12.0114,11.0745,12.4758
7.480,67.9040,67.7235,14.8766,15.0367,11.3134,12.0767,12.1017,14.4265
7.484,68.7763,69.1053,15.2885,13.5705,12.6058,11.3158,11.3051,13.0585
7.488,69.9887,69.7204,16.4178,16.6066,13.3470,14.9105,13.8469,14.4095
7.492,71.6582,70.7062,18.1170,16.0500,14.9282,14.6809,16.9502,15.4761
7.496,72.3375,72.2718,19.9439,18.8243,17.7346,16.7389,16.4517,17.0454
7.500,74.4284,74.1995,19.4916,18.4541,18.8566,17.3902,18.4870,19.0504
7.504,75.7352,74.3032,21.0627,22.0987,21.8344,20.3052,22.3664,21.4305
7.508,76.5868,76.5357,22.5701,22.9133,23.2259,22.1910,23.3076,22.1061
7.512,77.7598,77.8677,22.4247,24.7525,23.1689,22.8041,22.6312,23.6278
7.516,78.1644,77.4440,25.1544,23.0241,22.5060,24.7129,22.5988,24.6936
7.520,78.1880,77.8236,23.8112,24.0800,24.5046,24.6423,24.9978,24.0751
7.524,79.7623,78.8755,24.3850,24.0209,23.8494,23.1907,24.4423,25.0086
7.528,77.3464,79.3753,24.4795,25.1193,23.5968,23.0894,22.5724,22.9460
7.532,77.1324,76.8940,23.9213,24.0189,22.5983,21.9208,22.6774,25.0775
7.536,76.9915,77.5737,23.8479,24.2502,22.0464,21.9568,22.0176,22.6875
7.540,77.0500,77.6397,24.1710,24.3116,20.9541,21.5757,21.7497,22.3524
7.544,77.4085,77.0197,24.2968,23.7612,20.9811,20.6374,22.0755,20.9168
7.548,75.6635,76.7237,23.8049,24.1452,22.0529,19.0203,20.0635,21.2707
7.552,75.8797,75.1196,24.0367,24.1151,19.8278,20.1511,19.9768,19.7023
7.556,75.0608,74.4442,21.9531,21.9525,19.7872,17.6549,18.3413,18.1527
7.560,75.8058,72.9373,22.6318,21.9286,18.9160,17.4257,17.1138,17.9638
7.564,72.7624,70.5027,20.8717,20.5951,15.9404,17.7254,16.9405,15.5394
7.568,69.3106,73.0914,20.8552,19.0058,15.6855,15.0072,15.2444,15.5222
7.572,67.5956,68.3437,18.3667,19.4260,13.2594,14.0306,16.4978,13.8579
7.576,66.9056,66.7562,17.8690,18.1066,13.1990,12.3306,12.0204,13.5029
7.580,66.5154,65.5030,17.2270,16.0651,11.1345,10.2277,13.4426,12.4539
7.584,65.0966,63.3684,14.9315,14.0805,12.3127,11.1363,13.2874,13.4546
7.588,61.0835,62.5476,15.9635,14.7142,13.1034,11.9402,12.3334,12.1083
7.592,62.5637,62.8441,13.6704,14.2975,12.6509,11.3443,13.5933,13.4575
7.596,61.1067,60.3343,15.4841,14.4732,13.7050,14.0943,15.3747,13.7800
7.600,60.5416,61.9854,15.0342,15.1403,15.1997,15.1893,13.3625,14.1560
7.604,59.5426,57.3688,14.2103,13.6924,16.2197,16.7910,14.7025,15.8893
7.608,58.0783,58.4016,15.0598,13.0489,17.8979,16.8686,17.2744,17.2830
7.612,57.6038,56.6132,12.7683,14.4037,17.6750,17.4024,17.1454,17.1120
7.616,57.3005,56.4049,13.1120,12.6318,16.0808,17.5890,16.7120,19.0815
7.620,56.6591,56.0703,11.8522,10.6683,18.2761,15.8603,17.2730,16.9267
7.624,55.2641,54.2397,11.7093,10.7301,15.0043,16.3340,15.6447,16.9927
7.628,54.2672,54.3840,11.2193,10.7018,15.1996,14.1828,15.1995,16.4457
7.632,52.1543,51.2503,10.9760,8.9175,14.5183,14.5627,15.1064,15.8901
7.636,51.0056,51.1793,10.1909,10.1321,14.3520,14.2286,14.1824,14.2918
7.640,50.0835,50.3204,9.6649,9.8688,13.5565,12.9373,14.1525,13.1653
7.644,50.6879,49.7777,9.7814,11.6502,13.5945,12.0715,12.8393,13.8565
7.648,50.4746,50.8192,10.9856,9.8348,12.2081,11.7290,11.9341,11.1014
7.652,48.4264,49.4296,10.9103,11.7875,12.7860,12.5747,11.3529,12.6701
7.656,48.0941,49.3911,12.2462,12.2400,10.8797,11.7227,11.8063,11.7892
7.660,48.2813,47.6675,12.0971,11.6250,10.9268,11.8432,8.7648,9.7860
7.664,48.0627,48.5001,11.9057,11.6829,9.5100,9.9202,10.8677,10.3053
7.668,47.9171,46.6601,11.7504,11.3210,7.6351,9.0991,9.0056,7.6893
7.672,46.9918,46.9801,11.5136,12.5690,8.9678,7.7753,8.3944,7.8835
7.676,46.2767,45.7138,14.0985,11.7484,7.4009,8.5534,7.2608,8.7901
7.680,46.7776,44.9823,11.4896,12.6672,7.0829,5.8069,8.2321,7.2881
7.684,46.0273,45.0019,13.5344,11.9629,6.3345,7.0120,7.2152,9.7044
7.688,45.7110,43.8895,14.8740,13.2436,8.8095,8.0605,8.6952,8.4952
7.692,44.8481,47.5610,14.7537,14.0720,9.4072,9.7084,10.9254,10.5203
7.696,43.9578,46.1571,15.0562,13.1000,12.2605,10.8748,11.2277,10.7174
7.700,44.9318,43.8521,16.9056,16.4463,12.2391,11.7148,12.9098,12.7468
7.704,45.2495,46.5389,15.7590,15.5703,13.3439,15.8293,13.9220,14.2396
7.708,44.4290,45.3395,16.5942,16.5102,14.7158,13.8127,15.5819,14.3911
7.712,44.5343,43.9933,14.9673,16.3201,16.2012,16.5455,15.9858,15.3348
7.716,42.2215,42.5606,15.1136,15.6817,14.7869,15.1425,16.1661,16.0312
7.720,42.9227,41.7036,15.7141,15.1815,15.7698,13.9432,16.5049,15.8679
7.724,41.5004,39.4932,15.6031,14.1726,14.7239,14.7357,14.7119,14.2195
7.728,39.6104,39.6615,12.8112,12.0012,13.0276,14.0585,12.9468,14.2355
7.732,37.5050,38.0959,12.7067,12.4795,11.6519,11.4062,13.0096,13.7414
7.736,35.9599,34.4125,12.1384,10.6772,9.8004,12.0071,11.4361,12.5583
7.740,33.7969,33.0882,12.1324,9.0026,11.2436,10.6166,9.8787,10.8666
7.744,31.4663,31.7426,9.4116,9.0415,8.2172,10.3785,8.6339,8.4604
7.748,30.1133,31.7452,7.1501,9.8346,6.9537,8.5921,8.8478,9.2735
7.752,27.7853,28.7004,8.0544,6.9337,6.7529,6.9910,7.8661,7.9558
7.756,26.9289,27.5820,5.4814,6.2121,6.5278,5.7075,5.4315,5.0186
7.760,24.9403,23.8927,4.1849,4.7179,4.7217,4.6550,4.3516,4.2021
7.764,21.8122,23.4246,2.7438,3.9893,2.9470,2.4923,0.9373,2.9561
7.768,22.0995,20.3761,2.5226,2.9089,1.8319,1.6871,1.6433,2.5501
7.772,18.9483,18.9637,1.4472,1.1709,0.4567,-0.0725,0.1966,0.7067
7.776,19.2700,17.4204,0.7316,1.5468,-0.1691,-2.4373,-0.6303,-0.6153
7.780,17.7086,15.6359,0.5053,-0.9218,-0.0555,-1.3384,-0.9625,-1.6687
7.784,16.8700,16.2442,-0.2535,-0.9273,-2.6698,-2.9587,-0.2064,0.0155
7.788,17.5240,15.7645,-0.6983,-2.3548,-1.2621,-1.9310,0.1873,0.6137
7.792,15.9864,15.6543,-0.3430,-0.8829,0.1707,-0.8241,0.9588,0.7166
7.796,15.4066,14.2355,0.6320,-0.6415,2.3948,1.4004,1.3571,3.3533
7.800,15.0173,15.0986,0.3935,0.4035,2.7698,3.6473,2.4686,2.6827
7.804,16.4573,14.8797,1.7140,2.6106,4.9921,4.5610,3.5508,4.7706
7.808,14.5362,16.3489,1.8452,0.8289,5.9198,5.0706,6.4500,4.4774
7.812,16.4377,16.9430,0.2168,2.1692,7.1140,7.4427,5.8788,6.0766
7.816,16.7093,15.1705,3.6064,2.6475,8.1907,7.1206,7.3962,8.1489
7.820,16.1576,14.4202,3.4050,2.3591,7.9296,5.1168,7.2035,8.7520
7.824,15.2457,15.1518,2.2481,2.6968,5.8617,6.2483,6.1298,9.0355
7.828,15.9953,15.2678,3.5829,2.9098,6.3414,6.4102,6.8678,7.0981
7.832,15.2566,15.6121,4.5064,4.8653,4.4345,4.7208,7.1600,5.2176
7.836,15.8993,14.0253,5.4250,3.9984,5.9234,6.0468,6.3746,6.3830
7.840,15.9975,15.0708,5.1095,6.4417,4.6719,5.2630,6.9410,6.2119
7.844,15.3964,14.5942,5.0767,7.9626,5.8765,6.2144,4.3827,5.9624
7.848,15.9131,15.9931,6.9477,5.2036,3.6036,4.9710,4.1912,6.2615
7.852,15.2392,14.9330,6.0152,6.5822,4.0057,3.3456,4.0659,5.5038
7.856,16.2296,14.6870,7.4766,7.7248,3.0637,4.9683,4.1176,3.4240
7.860,16.2122,15.2392,7.7811,7.2345,4.6485,3.9085,2.0348,3.8865
7.864,16.1548,14.3873,6.8436,5.9660,0.4952,1.9013,2.9459,2.8067
7.868,12.5747,12.9099,7.8263,6.0682,1.6964,1.4815,2.0823,1.6225
7.872,14.2017,14.3653,6.6574,4.0385,1.0258,0.3419,1.2181,1.9429
7.876,13.5941,11.8340,5.5195,6.4967,-0.4928,-1.3869,1.0997,1.0605
7.880,12.2979,11.1128,5.0376,6.2429,-0.6442,-0.4629,0.7144,1.3358
7.884,12.3454,11.3109,4.6168,4.9471,0.0371,-2.0285,0.1650,0.9553
7.888,11.4098,11.3817,4.2375,5.1052,-0.7622,-0.4833,-1.4108,1.4729
7.892,11.8143,11.0505,4.9271,5.1611,0.8826,0.6737,1.8828,3.2020
7.896,11.7521,11.8722,4.8594,4.0659,2.1462,2.9119,2.1301,3.0212
7.900,9.5944,10.7739,4.3628,4.5025,2.6951,4.7099,3.2041,4.5510
7.904,10.0477,11.5299,3.8448,4.9058,4.5837,3.1984,4.9614,3.8141
7.908,10.0918,10.6243,3.8766,4.7012,4.1530,6.9376,4.2402,6.8641
7.912,8.8166,8.9679,3.6613,3.9804,4.8564,6.6714,5.6640,6.8133
7.916,9.3806,8.6701,3.3121,2.8985,6.2821,6.0452,5.6847,6.5859
7.920,6.4830,4.7290,0.6040,2.4411,4.5700,5.1357,4.7097,4.6417
7.924,6.9336,3.9485,0.7985,2.3324,4.4609,4.8561,4.3048,5.3348
7.928,6.2403,5.0069,-0.1701,0.3705,4.6710,3.0308,3.6940,4.1904
7.932,5.5278,2.3190,-0.0160,-1.7608,2.5996,2.3823,2.8082,3.8429
7.936,2.3329,1.9482,-0.7288,-1.4011,-0.7526,2.8694,1.0364,2.2053
7.940,1.8205,2.2503,-1.3399,-3.5249,-0.0218,-0.1079,1.0842,2.4007
7.944,0.3409,0.2732,-4.8874,-3.5029,0.2627,-1.2362,1.3898,-0.0748
7.948,-0.6916,0.5317,-3.9891,-3.4165,-2.3445,-0.2945,-0.0027,0.5180
7.952,-1.2374,0.3678,-5.1637,-3.9161,-1.1474,-0.8581,-2.1575,0.8699
7.956,-0.2963,-0.9293,-4.4612,-4.9649,-2.2576,-1.8392,-3.0728,-0.3221
7.960,-1.4964,-0.8878,-4.1984,-4.1440,-2.7072,-2.0845,-3.5924,-2.8626
7.964,-1.5803,-2.4324,-5.4896,-6.9778,-3.1377,-2.2376,-2.5791,-3.4088
7.968,-2.9478,-2.0979,-5.8991,-4.8952,-6.0352,-4.2461,-3.2235,-4.6548
7.972,-1.8134,-2.2044,-4.5264,-6.1925,-6.1087,-6.7291,-6.8703,-4.1602
7.976,-3.2199,-3.3917,-4.5681,-6.7301,-6.4572,-7.3071,-3.5263,-5.1516
7.980,-1.2541,-1.8344,-4.5259,-4.3563,-5.1077,-4.4763,-3.7350,-3.9172
7.984,-1.6827,-1.5044,-4.8142,-4.5470,-5.6795,-5.9209,-4.5463,-2.2297
7.988,-1.3054,-0.9413,-1.4372,-2.8236,-6.3665,-3.6343,-3.0651,-3.6018
7.992,0.0994,-0.1368,-1.0820,-2.7195,-3.3172,-4.0756,-2.2715,-1.6605
7.996,2.7810,0.8573,-0.9846,-2.2267,-0.1142,-0.6287,-1.1334,-0.3741
8.000,3.2048,1.3307,0.3451,0.2061,0.1327,1.5592,1.9678,3.2421
8.004,4.1903,4.3895,2.4738,0.6324,3.0313,2.2938,3.5501,4.1074
8.008,6.4443,6.8049,2.0374,2.2565,3.2435,3.7678,4.9956,5.5354
8.012,6.9003,5.5675,3.8998,4.1683,4.9313,4.7871,5.2976,5.9032
8.016,6.7274,6.6095,5.6014,3.2396,4.3421,6.3665,5.1090,4.6729
8.020,8.2719,6.7740,5.1519,5.3553,4.9769,5.4517,4.5767,6.3055
8.024,7.5246,5.5835,7.0634,4.3849,4.3950,5.8799,6.8065,6.2411
8.028,8.0516,5.3895,4.6032,4.5695,2.9703,5.3226,6.3147,5.1703
8.032,7.7418,8.3186,5.3922,6.4225,4.2640,4.7660,6.4428,4.7001
8.036,7.7750,6.4589,3.7722,4.8445,5.4825,3.2163,5.3465,5.3067
8.040,6.5046,6.0708,4.6642,5.3949,3.8908,2.3854,4.3731,6.4712
8.044,7.0235,7.4692,4.4176,5.4375,2.1651,3.2772,4.9130,5.2472
8.048,6.2852,7.6042,5.8390,5.6755,2.9721,2.5721,2.5416,3.9662
8.052,6.2924,4.7747,5.3598,4.2271,3.2683,2.5527,2.3516,3.4331
8.056,4.8155,6.8444,4.0539,3.4332,2.4034,1.1052,3.1660,2.3942
8.060,5.2343,3.3290,3.1094,3.5033,-0.7659,1.1818,1.2658,0.7835
8.064,4.0411,4.0290,1.7546,2.3898,0.5174,0.1811,-0.5590,-0.5506
8.068,3.8923,3.0163,0.6633,0.9395,-3.3856,-1.3016,-3.0856,-1.2951
8.072,1.2504,1.5283,-0.3804,-0.1728,-3.2789,-3.1857,-1.9099,-2.8679
8.076,1.7138,-0.2553,-1.1458,-1.9074,-6.1719,-4.0994,-4.3040,-3.9269
8.080,0.4000,0.5924,-1.3525,-0.9144,-6.0758,-4.7979,-3.6847,-4.1593
8.084,0.2930,-0.2959,-1.9664,-2.6287,-4.7821,-5.5811,-4.0054,-2.5054
8.088,-1.9070,-2.9761,-2.7391,-1.1195,-3.7861,-6.4049,-1.8548,-1.6872
8.092,-1.5064,-3.6160,-3.8049,-3.0415,-2.8599,-3.5324,-2.4556,-2.2127
8.096,-0.0638,-1.7338,-4.0084,-3.6235,-1.2220,-1.8707,-1.2394,-2.0116
8.100,-2.7964,-2.2501,-4.0166,-3.2267,-1.2453,-1.3011,-0.9179,-0.1480
8.104,-2.0283,-2.2200,-3.5943,-3.2221,-0.4049,1.0850,-1.1495,1.6311
8.108,-1.9018,-1.2623,-2.1973,-3.7879,1.1795,0.0303,1.0046,-0.4228
8.112,-1.5911,-1.9004,-3.5107,-2.6507,0.8978,1.3591,0.9261,2.9546
8.116,-1.8702,-2.5827,-3.0010,-3.4600,1.0051,2.3309,2.7518,3.7892
8.120,-3.2927,-3.7680,-4.2873,-2.5544,0.8596,2.4477,3.2587,2.2257
8.124,-3.0811,-4.4168,-4.7504,-5.6858,1.3168,2.6298,0.8264,2.0800
8.128,-3.3441,-2.8700,-5.6027,-3.8206,-0.1923,1.4969,-1.5064,2.6416
8.132,-3.4511,-3.6564,-5.5202,-4.3408,1.7188,-0.7138,1.4163,2.5687
8.136,-5.4615,-5.5577,-4.7021,-5.9714,-1.7541,-0.5683,1.2778,0.8873
8.140,-3.8812,-2.9225,-4.5653,-4.0736,-1.3990,-0.8247,0.2924,-0.4202
8.144,-2.4883,-3.2209,-4.3627,-4.4354,-1.8128,0.8127,0.2676,1.1553
8.148,-4.0726,-3.4125,-4.3195,-4.3068,-1.9033,0.2481,0.3762,1.1408
8.152,-2.3996,-1.5804,-4.3982,-4.0459,-2.0644,-1.1863,-0.6230,-0.2390
8.156,-1.4313,-2.0845,-3.3571,-3.6119,-1.6284,-0.8966,-1.6797,-0.5897
8.160,-1.6845,-0.5171,-2.2848,-2.2907,-1.4207,-1.1676,-0.4302,0.0652
8.164,0.4952,-0.7235,-0.5261,-1.3808,-2.0257,-1.7357,-0.5600,-2.5531
8.168,0.2973,-0.9420,-1.2307,-1.8043,-2.8627,-3.6891,-2.8065,-2.8289
8.172,0.0818,0.0083,-1.0962,-2.2150,-4.9450,-2.5293,-1.1179,-1.7196
8.176,-0.2168,-0.0935,-0.6381,-0.0609,-3.5815,-4.9675,-2.2800,-2.6163
8.180,0.7533,0.7085,0.5256,0.0065,-4.3401,-3.7526,-2.4239,-3.0347
8.184,1.4075,0.0690,0.2192,-1.6579,-4.0988,-3.7397,-1.4223,-0.1452
8.188,2.4596,2.0538,0.2794,0.4400,-3.1481,-2.7068,-0.7851,-1.4519
8.192,2.5784,2.1462,3.1457,1.6792,-0.8201,-2.6570,-0.6755,0.7938
8.196,4.0068,2.7068,4.3170,3.0129,0.4549,-0.1070,3.0892,2.8545
8.200,5.6491,5.4468,3.7940,4.8141,0.6808,2.1624,2.4538,3.6599
8.204,7.0382,4.8497,5.2336,3.5876,5.3197,3.6315,4.0322,3.3894
8.208,5.9003,7.5171,5.6205,5.4583,4.5990,3.8700,5.5317,4.1593
8.212,6.1306,5.9747,5.3939,6.4922,6.5032,5.8565,7.3270,8.4225
8.216,7.0809,5.6067,6.5427,4.8885,4.7811,6.0093,6.4230,5.7817
8.220,6.1296,6.4829,5.6477,6.0624,5.3651,5.4852,7.1759,7.6489
8.224,4.2965,3.0583,4.7625,4.2376,5.0113,5.5673,4.6774,6.9404
8.228,3.8497,3.9832,3.6739,5.2124,4.3620,3.7404,5.4327,5.6750
8.232,3.2899,3.3403,2.4791,4.1487,2.9594,3.6485,5.5390,6.1569
8.236,2.2059,2.2814,3.2664,1.5298,0.6698,2.7905,3.4594,4.9167
8.240,2.4818,2.5942,0.0118,0.8171,0.9512,0.9676,5.8223,3.9319
8.244,1.7082,0.9820,-1.1859,0.0034,-0.3217,1.7250,1.5839,1.7923
8.248,0.2366,0.9174,-0.0416,-2.1436,-2.0309,1.2106,1.9097,1.2060
8.252,-0.6693,0.2519,-1.0603,-0.9168,-0.4422,-0.4554,0.6487,2.1315
8.256,-3.1506,-1.0247,-3.1690,-1.6166,-1.1011,-1.3486,-1.8645,-1.1849
8.260,-3.2496,-1.8997,-2.9447,-2.3305,-3.2309,-2.0803,-1.5398,-1.5725
8.264,-4.2505,-3.6634,-5.5422,-4.5191,-3.7164,-1.5950,-3.7702,-3.0941
8.268,-5.4893,-4.8036,-5.2249,-6.1423,-5.6339,-4.3860,-5.3356,-2.6672
8.272,-5.8581,-5.1773,-5.9049,-7.2029,-5.3506,-5.8519,-5.3744,-5.2527
8.276,-5.3781,-6.3002,-7.3791,-7.8941,-8.1630,-5.7567,-6.1859,-5.3934
8.280,-7.1773,-6.9742,-8.6664,-6.3869,-7.6290,-8.2430,-5.9374,-5.2443
8.284,-4.7827,-8.6510,-7.2185,-8.1488,-7.4788,-7.0794,-6.6419,-4.6082
8.288,-7.4043,-6.6185,-7.4650,-6.8240,-7.2749,-7.4931,-6.9821,-5.3116
8.292,-6.8121,-6.0504,-7.3972,-5.5282,-4.9805,-5.2459,-5.6953,-4.5315
8.296,-4.9885,-7.3979,-6.6640,-6.4208,-3.2566,-3.0580,-2.4183,-2.0059
8.300,-3.7877,-5.3907,-5.0640,-5.1509,-2.1338,-1.6437,-2.1880,-1.4673
8.304,-3.4143,-4.2413,-3.8346,-3.3054,-0.9653,-0.9966,0.7212,0.3232
8.308,-2.9648,-5.4918,-4.0444,-2.3744,-0.6016,2.5008,0.2187,1.7275
8.312,-2.4788,-3.4114,-3.6108,-3.7862,-0.0477,2.5312,2.1839,3.0444
8.316,-2.0421,-1.9655,-2.7546,-1.5125,2.4793,1.2526,2.5431,3.2178
8.320,-0.6940,-1.9471,-2.7847,-2.4727,2.0916,3.5850,2.9667,4.2513
8.324,0.1146,-0.9390,-2.5889,-2.2331,2.3969,2.5587,4.2591,1.8893
8.328,-1.2201,-1.8467,-1.6318,-2.9157,1.1907,1.4062,3.0054,4.3148
8.332,0.3384,-1.2219,-1.0510,1.8713,0.3592,1.3641,1.6534,3.2289
8.336,0.4087,0.1798,0.6634,-1.0011,1.5353,1.0318,3.1197,2.8645
8.340,0.6163,0.2210,0.5388,1.1759,1.6375,1.9035,2.5663,2.8807
8.344,-0.3036,0.5657,0.6214,1.3039,1.1006,1.5520,1.5127,3.8561
8.348,1.5721,1.2465,0.5544,2.5008,1.4686,1.2995,3.6330,4.7297
8.352,2.6708,-0.5597,0.8718,2.3646,1.8503,1.3086,1.4614,1.9475
8.356,3.5138,2.0116,3.3735,1.8416,1.9870,1.8668,2.0504,2.1629
8.360,1.2681,3.9388,2.7484,3.1831,-0.0238,-0.7803,-0.6306,0.1492
8.364,2.0053,2.9981,1.6565,1.7983,-0.4260,0.6282,0.5216,-0.9993
8.368,3.6323,2.5775,3.6859,2.5679,-1.6283,-1.8924,-0.6800,0.6639
8.372,0.0677,2.4151,0.0194,2.3545,-2.6433,-1.9108,-1.4011,0.5538
8.376,4.0569,2.1645,1.5642,3.4867,-2.1901,-4.0460,-0.4622,-1.6406
8.380,1.8063,1.6235,-0.3244,2.7466,-3.5807,-3.2510,-3.5993,-1.1338
8.384,1.5617,2.9070,2.1866,1.6973,-3.1586,-3.3441,-0.9818,-2.1897
8.388,3.1561,0.9088,1.2305,1.1154,-2.6711,-2.3801,-1.4410,-1.9038
8.392,0.5926,1.8892,1.5454,0.7688,-0.2611,-3.2662,0.5284,0.2585
8.396,1.2025,1.6379,1.5112,1.1398,-0.2812,-0.7571,-0.3516,0.8875
8.400,2.0707,1.6741,1.1693,2.2877,2.5567,2.5066,1.8346,1.6766
8.404,1.2377,0.9412,2.1461,1.8490,1.9733,2.6054,1.7720,3.4361
8.408,2.0872,2.2161,1.0041,2.1035,3.6581,4.2046,2.9877,4.2167
8.412,2.6990,-0.8677,1.3639,0.7251,3.4500,3.7708,4.3087,5.4345
8.416,0.8880,0.0981,1.1000,1.1807,3.3401,3.7721,2.6050,3.4459
8.420,-0.9496,-0.8478,-0.3718,-2.5546,3.6864,2.9611,4.2343,3.6980
8.424,-1.2811,-2.1763,-1.7270,-1.2869,3.2803,2.1792,3.2337,3.3608
8.428,-1.9999,-1.9373,-2.6089,-3.4985,0.7665,-0.3804,3.3393,2.2990
8.432,-3.3798,-3.2839,-3.7626,-3.0543,0.2378,0.1854,1.3425,1.1408
8.436,-3.4757,-3.4448,-6.1851,-4.7222,-0.0837,-0.0534,0.3738,1.2884
8.440,-4.8057,-6.2354,-3.7139,-5.8647,-1.9064,-1.3397,-1.1661,1.3229
8.444,-5.2355,-4.7925,-6.0576,-5.6978,-2.3032,-2.2589,-1.2073,0.4080
8.448,-5.4134,-7.0301,-5.3615,-6.4417,-1.8335,-2.3637,-1.4944,-0.7645
8.452,-6.3656,-6.8532,-6.7355,-5.5931,-4.3952,-3.8329,-2.2308,-1.3915
8.456,-5.0041,-6.7838,-6.2008,-5.8946,-2.4584,-3.4670,-2.5211,-1.5202
8.460,-7.3268,-7.5702,-6.6966,-5.9168,-5.1521,-3.4912,-3.9735,-3.5103
8.464,-6.3096,-6.2159,-8.4821,-5.3290,-4.4531,-4.9078,-3.7655,-3.6686
8.468,-7.1840,-7.5498,-6.3586,-6.6726,-6.6531,-5.9787,-5.4590,-5.8756
8.472,-6.3214,-7.2135,-6.0023,-7.1277,-5.8615,-5.5608,-5.9727,-5.1778
8.476,-6.1194,-8.3326,-8.2548,-6.2813,-8.2448,-7.8788,-6.9622,-4.9109
8.480,-6.2405,-8.3902,-6.0811,-7.0796,-8.0869,-5.6933,-5.4217,-5.5606
8.484,-5.7739,-6.5214,-6.9691,-6.0919,-5.4508,-7.8958,-4.0443,-5.4954
8.488,-6.8779,-4.9100,-5.3578,-4.9849,-4.6250,-4.4877,-4.8992,-3.2912
8.492,-3.7748,-4.8077,-4.9548,-4.3447,-5.1790,-2.6020,-1.4482,-2.3487
8.496,-3.6436,-3.2943,-4.3137,-2.8465,-2.2374,-2.8883,-0.4430,-0.5986
8.500,-1.9172,-0.8484,-1.8458,-1.1057,0.3399,0.6810,0.2488,1.0718
8.504,-1.8511,0.4005,-0.7194,0.8048,1.0265,2.0948,1.9498,3.7151
8.508,0.2846,0.1616,1.1572,0.7654,2.8909,2.8235,3.7555,3.4997
8.512,2.3115,1.5012,1.5343,1.5925,3.8669,3.2532,4.3403,4.3146
8.516,2.1135,1.5579,3.2305,3.0858,4.6770,6.1482,4.7581,5.0838
8.520,3.7884,2.9704,4.1838,3.6620,4.4077,4.5658,4.4472,5.7619
8.524,5.4721,2.6852,2.9618,3.0794,3.0907,3.0979,5.6000,5.4588
8.528,3.5488,2.8997,3.0212,3.4151,3.4840,5.4685,2.7160,4.7530
8.532,1.8535,2.6266,4.3094,2.5682,3.0656,2.3126,5.1224,4.9910
8.536,3.0366,3.7786,3.3920,3.8657,3.3668,3.2794,3.5250,4.1368
8.540,3.6313,2.8621,3.4843,3.0813,2.6567,3.7008,5.8859,4.0794
8.544,3.0676,2.1245,4.2189,3.5382,2.5001,2.1468,3.9767,2.5165
8.548,3.5771,2.3599,2.2208,2.5375,1.0845,2.8150,1.6993,2.6768
8.552,2.0533,3.4766,3.1861,4.6576,1.3805,0.7422,2.5695,2.1720
8.556,2.8159,0.9948,1.7644,2.5364,1.4273,0.9493,1.1569,2.2192
8.560,0.4402,2.3164,2.4321,1.6930,1.0039,0.1224,0.6953,0.4315
8.564,0.5551,-0.3028,0.6002,0.5547,-0.7578,-2.0401,-0.8271,1.0268
8.568,-0.7675,-0.9612,0.0935,0.8717,-1.9315,-0.6082,-1.4071,-1.5590
8.572,-2.1913,-1.7839,-0.7833,-1.4716,-5.3339,-3.6007,-2.1574,-3.0443
8.576,-2.9233,-0.3836,-1.8397,-2.0966,-4.2217,-4.2867,-2.3409,-4.0640
8.580,-2.7920,-4.0380,-3.8786,-3.0864,-5.2979,-5.8037,-4.0352,-3.6309
8.584,-3.6308,-3.7611,-2.9542,-4.2025,-5.1488,-5.1542,-3.7006,-2.5905
8.588,-2.8203,-4.5497,-6.3190,-3.4230,-4.9900,-2.8189,-3.3118,-3.5626
8.592,-4.3684,-5.6268,-4.8121,-4.6545,-4.7154,-3.5787,-3.9584,-4.1344
8.596,-5.0714,-4.2786,-5.0398,-4.4554,-4.7467,-3.3790,-3.4701,-1.4711
8.600,-4.7869,-4.7624,-4.6576,-4.4190,-1.9011,-1.5636,-0.9676,-0.3894
8.604,-4.5588,-6.1261,-4.9601,-3.4891,-1.1779,-0.5566,-0.3847,-0.4627
8.608,-3.9958,-3.8211,-4.8822,-4.4654,0.2381,0.9944,1.9649,0.6043
8.612,-5.1530,-4.8736,-5.9650,-4.8255,1.7176,1.4358,1.2291,1.2231
8.616,-5.5564,-5.3425,-4.3676,-4.7104,0.3017,2.0851,1.7151,0.6694
8.620,-4.9031,-4.1555,-4.6520,-4.8438,0.1274,0.5345,2.5108,0.0546
8.624,-6.3340,-5.9854,-6.3896,-4.9147,0.2975,1.8215,0.8779,1.6556
8.628,-6.1930,-6.5915,-6.9943,-5.7583,-1.6100,-0.4690,0.3821,1.8763
8.632,-7.8632,-5.6726,-6.4189,-6.9871,-0.6399,-0.8068,-0.5382,0.3193
8.636,-7.1222,-6.0987,-6.7034,-5.6845,-2.2089,-0.4670,0.6273,0.3116
8.640,-5.4963,-6.1229,-5.0899,-6.3390,-2.2438,-1.3418,0.5407,-0.3707
8.644,-6.5484,-4.9776,-6.1900,-6.7025,-1.5493,-2.7583,-0.4143,-0.0509
8.648,-4.3809,-4.6954,-5.4050,-4.8338,-3.3584,-0.8496,-1.0082,0.2332
8.652,-4.4356,-3.9012,-3.8349,-4.6063,-0.2822,-1.4731,-1.7896,0.6936
8.656,-3.2213,-4.2893,-3.7096,-4.1679,-1.3047,-2.6737,-1.9694,-1.6495
8.660,-3.7400,-2.7998,-2.8208,-4.0934,-2.3552,-2.4869,-3.7076,-2.0683
8.664,-2.8100,-3.6298,-1.8545,-3.5749,-4.6953,-2.7282,-2.2952,-3.7561
8.668,-3.8748,-3.3809,-2.8770,-2.5757,-5.1477,-4.0162,-3.3889,-1.1421
8.672,-2.1892,-2.8611,-2.8228,-2.8353,-3.2036,-4.7763,-4.4150,-4.4963
8.676,-2.2193,-2.5045,-1.3299,-2.6014,-5.1563,-4.3884,-3.6403,-3.7527
8.680,-1.7993,-1.4127,0.1484,-1.7161,-5.0783,-3.7889,-3.8169,-3.2155
8.684,-1.5333,-1.3274,-1.1632,-0.1298,-3.5740,-4.0356,-3.8812,-1.4345
8.688,0.4498,-0.1611,-0.4675,-0.0704,-1.9853,-2.2947,-1.4340,-2.9052
8.692,-0.2324,0.5835,0.1741,1.6993,-0.7436,-1.4081,0.4388,0.5372
8.696,0.9025,3.0623,0.4370,2.3443,-0.7694,-0.6655,1.3577,0.3765
8.700,3.3827,1.4387,3.6865,3.6305,1.8224,2.5889,0.7486,3.4868
8.704,2.4845,3.3976,4.2811,3.1641,1.5121,4.4192,1.6850,5.2233
8.708,3.5719,2.8640,2.8168,3.7956,4.0178,6.9420,4.9910,5.4982
8.712,5.2131,2.8777,4.3910,4.4168,6.0948,5.4639,5.2393,4.1861
8.716,3.3895,3.4350,3.2485,4.2307,4.6676,5.8010,5.6232,5.2862
8.720,2.1406,3.5613,4.3080,3.8007,4.8801,5.6318,5.3984,6.3679
8.724,3.5914,1.1292,4.0351,2.6754,3.7540,4.7234,6.5821,6.8402
8.728,3.1967,2.9703,1.9843,2.9394,2.9959,2.7633,5.6529,4.0815
8.732,-0.1157,-1.4516,2.4949,1.8181,2.4513,2.8387,6.2698,5.7686
8.736,-0.6164,0.2396,0.7934,0.4954,2.9497,1.8393,4.0981,1.8722
8.740,-1.4200,-0.5974,-0.9078,-0.8497,-0.3635,1.8117,1.2713,4.5119
8.744,-1.8529,-2.5819,-1.4755,0.6451,0.3898,-0.1460,2.5142,2.9540
8.748,-2.3384,-0.2183,-2.3865,-1.7787,0.9342,0.5632,1.1831,1.3877
8.752,-1.3649,-4.2796,-2.4920,-1.2267,-0.3914,-1.2806,-1.4714,-0.8505
8.756,-3.8192,-3.3488,-3.9897,-2.0529,-2.1981,-1.9817,-2.3754,-1.3370
8.760,-5.3455,-4.0796,-5.6982,-3.4362,-4.2838,-0.2364,-2.6182,-3.7103
8.764,-6.4613,-4.6542,-5.8668,-4.0850,-4.4187,-3.8009,-3.7956,-2.0289
8.768,-7.2426,-5.8902,-5.3920,-4.8929,-5.9408,-4.3932,-3.4308,-2.5669
8.772,-7.0467,-7.2518,-6.1713,-6.0220,-3.7733,-5.5416,-5.0319,-3.4495
8.776,-7.9573,-8.8606,-7.5461,-7.4723,-8.2765,-7.6966,-5.5673,-4.3344
8.780,-9.0731,-9.4351,-7.9292,-7.2180,-7.3355,-8.5634,-7.1708,-6.8153
8.784,-9.5562,-10.1754,-10.1034,-7.6452,-6.7189,-8.0629,-5.5791,-4.8858
8.788,-8.3406,-9.8906,-7.6386,-7.9120,-5.0173,-5.3079,-5.6443,-4.5975
8.792,-8.3437,-7.9439,-7.3805,-8.8565,-7.3549,-6.2174,-5.1801,-3.7446
8.796,-8.1102,-8.2733,-7.7126,-7.0210,-3.6717,-3.7707,-2.8391,-2.9556
8.800,-7.5655,-7.3990,-7.3127,-5.9657,-2.0196,-2.0154,-1.9979,-1.5343
8.804,-7.5756,-7.0639,-6.8005,-5.3751,-0.5235,0.0161,-1.1034,-0.4892
8.808,-5.4924,-6.0518,-4.2713,-3.8314,0.6545,-0.4816,1.3337,1.2489
8.812,-4.9953,-4.8614,-4.1722,-4.6223,2.2969,0.4324,1.7013,2.1835
8.816,-5.0363,-3.9081,-3.5565,-3.5305,0.5059,1.4480,2.2945,2.1010
8.820,-4.2176,-5.1763,-2.2712,-2.7421,1.6727,1.1510,2.8545,2.0371
8.824,-4.2015,-3.1315,-3.0007,-2.7833,2.4320,2.2848,1.7579,2.3336
8.828,-5.1685,-2.9240,-3.1336,-2.2421,0.9365,1.9200,2.7350,3.0833
8.832,-2.6286,-3.1673,-1.8989,-1.1683,0.9310,1.3565,2.1135,2.2159
8.836,-3.2460,-2.2509,-0.8464,-0.7768,1.1995,1.7573,1.6775,2.1033
8.840,-0.9791,-2.2461,-0.8838,0.6311,0.9768,0.5835,2.3207,2.4300
8.844,-0.0451,-0.8802,0.2249,-0.4401,1.0013,1.2338,2.2704,2.0614
8.848,1.0897,-1.6046,0.3467,1.3148,1.8304,2.2869,0.0837,0.9719
8.852,-0.5762,0.8626,-1.1900,2.6813,1.8620,1.4181,-0.0151,2.1933
8.856,0.3020,-0.5558,1.7266,1.2814,0.6405,0.3643,1.0803,2.1879
8.860,-0.0559,0.2108,2.9025,3.0372,0.0552,0.2202,-0.4336,0.2862
8.864,0.7795,0.6239,0.9419,2.7636,-1.4667,-0.4167,-0.3306,-1.7572
8.868,0.0198,0.5329,1.1009,1.0775,-3.0467,-1.7766,-1.5232,-2.7958
8.872,0.2222,0.9252,2.0212,2.6250,-1.7911,-1.8810,-2.9145,-0.6915
8.876,0.0278,-0.4536,1.1555,0.3898,-3.8521,-2.2264,-2.7403,-2.5293
8.880,0.1921,1.1847,0.7644,1.5626,-2.5396,-3.2350,-1.2269,-1.4752
8.884,-0.4259,0.7279,0.9293,0.5389,-3.4087,-3.4175,-1.7315,-1.0294
8.888,0.8186,0.3833,-0.0748,1.1801,-2.7589,-2.5211,-0.7282,-1.3808
8.892,-0.2027,0.6591,1.9148,0.2254,-2.0561,-1.4580,-0.8018,0.4169
8.896,0.7924,-1.1358,0.5886,0.1999,1.3868,0.0699,-0.8054,-0.9482
8.900,-0.0907,0.1581,1.7866,2.1514,1.2823,1.2712,0.4506,0.5487
8.904,-0.3074,-0.3855,0.0836,2.3559,2.0645,1.2585,2.2498,2.0155
8.908,-1.0230,-0.0469,1.3485,1.5668,0.6856,1.9716,2.1145,2.0430
8.912,-0.6696,-0.4185,0.5461,-1.2351,3.1952,3.1552,3.7912,3.0951
8.916,-2.0918,-1.7493,-1.5050,-1.4887,3.0492,4.0302,3.9146,4.1264
8.920,-2.3789,-1.9425,-1.7898,-2.8701,2.8429,3.0016,4.8663,3.1208
8.924,-3.7784,-4.2069,-2.4526,-1.7125,0.9348,1.3217,2.7416,2.3427
8.928,-3.6683,-5.2660,-3.0142,-3.1726,1.0804,0.9803,1.9777,2.2579
8.932,-5.5936,-5.7132,-6.4135,-4.8541,0.5051,1.1530,1.1601,0.8488
8.936,-6.6894,-8.1042,-4.4023,-2.6913,-0.9409,-0.3291,-0.4533,1.2794
8.940,-7.0748,-7.1962,-3.3767,-5.1468,-3.1087,-0.9590,-1.3124,-0.9129
8.944,-7.0714,-7.2777,-7.4139,-6.8871,-2.0945,-1.6398,-1.2805,-0.5722
8.948,-7.2867,-7.3484,-7.9746,-5.1222,-3.7434,-2.8776,-3.6465,-2.2984
8.952,-8.0198,-6.8742,-8.2485,-6.9994,-4.0740,-1.0866,-2.7566,-1.6586
8.956,-10.0273,-9.7098,-6.7542,-7.1870,-2.6486,-2.1442,-3.5305,-2.3706
8.960,-8.8523,-8.4493,-7.0887,-5.8632,-4.6639,-4.7461,-4.6962,-4.0222
8.964,-9.4689,-10.0066,-8.3553,-5.7315,-5.5366,-4.5716,-4.3284,-2.9821
8.968,-9.0731,-7.9007,-7.9022,-6.5052,-6.2174,-4.3844,-5.4353,-5.0035
8.972,-9.8615,-8.5178,-7.1730,-8.5173,-7.3790,-6.0664,-7.8885,-4.4560
8.976,-8.6557,-8.9851,-5.9208,-6.2735,-7.0322,-5.3171,-7.6565,-6.3981
8.980,-8.2629,-7.7840,-7.8759,-7.8245,-7.7404,-7.6074,-5.1946,-6.2537
8.984,-7.7425,-8.6107,-4.7849,-6.1879,-7.0008,-7.0027,-3.4935,-5.5762
8.988,-7.0778,-7.2495,-4.6812,-5.7570,-5.0415,-4.5457,-5.4674,-3.7685
8.992,-6.5457,-6.1933,-3.3744,-3.3253,-4.5387,-2.6655,-3.5234,-4.1034
8.996,-6.0577,-3.6688,-2.8791,-2.8117,-2.5278,-1.7133,-2.4920,-1.5002
9.000,-3.1634,-1.6624,-0.7567,-0.9551,-1.4509,0.1085,-0.4506,-1.3959
9.004,-2.5174,-1.4641,-0.7395,-0.9436,1.8639,1.9262,1.8766,1.8069
9.008,-1.2681,0.1650,1.3215,-0.6980,3.0404,2.1249,3.4841,0.4497
9.012,0.0718,0.8158,1.6568,2.4524,3.1464,4.5784,3.3314,2.7668
9.016,-0.1721,1.6861,1.7315,2.3102,4.7511,5.4427,4.1054,6.3551
9.020,-0.0536,1.3693,3.3760,4.2135,2.8782,3.7975,5.0389,4.8932
9.024,1.4358,0.3004,1.6352,2.8339,3.9001,4.5968,5.8164,6.2425
9.028,2.2468,0.9206,3.7100,4.0138,2.1114,3.3932,4.0894,3.0712
9.032,-0.2318,-0.4458,2.8619,2.6638,1.8731,2.4607,3.3170,4.5439
9.036,1.8049,2.1380,1.5439,1.9320,3.6086,3.6201,3.0804,4.9307
9.040,1.8218,1.6133,4.0946,2.3897,1.0392,1.9800,2.8420,3.2496
9.044,1.1146,2.5670,2.6747,4.2949,2.7001,1.5082,3.8217,3.3456
9.048,1.4301,1.0829,2.4380,2.7067,2.2476,1.4045,2.3523,0.7239
9.052,1.6111,0.8407,1.7298,2.5216,2.1764,1.7683,0.7875,2.0873
9.056,1.0087,-0.0489,0.7613,3.3455,0.3296,1.5767,0.7824,0.7776
9.060,-0.3383,0.9896,1.8769,2.1496,0.6860,-0.5673,-1.9258,-2.5306
9.064,0.2932,-0.2522,1.1435,0.8842,-0.6936,0.1208,-2.1618,-2.0919
9.068,-0.7991,-0.8395,0.1267,-0.9874,-1.8545,-2.4271,-3.4103,-1.5720
9.072,-3.9895,-2.8597,-0.8162,0.2454,-3.4959,-3.2085,-2.4874,-2.4067
9.076,-4.5733,-2.4231,-2.8188,-1.2025,-3.6716,-4.3244,-3.8103,-4.6331
9.080,-4.8383,-3.8363,-3.7115,-2.5796,-5.1355,-4.3021,-4.8632,-4.3496
9.084,-3.9380,-5.7334,-4.1018,-3.1252,-5.5602,-5.7451,-3.6489,-5.1341
9.088,-5.4702,-5.4765,-4.5302,-3.7742,-4.6271,-5.5222,-4.3758,-4.4203
9.092,-4.9621,-5.6619,-5.0986,-4.3548,-3.9104,-3.0986,-3.1121,-2.5909
9.096,-6.2329,-6.1430,-3.9245,-3.7902,-4.3665,-2.5687,-3.9562,-2.3369
9.100,-6.0313,-5.9373,-5.1869,-4.4374,-3.2053,-2.3541,-1.4934,-2.0736
9.104,-6.5297,-6.2550,-6.9390,-4.5178,-1.0611,0.3766,-0.7574,-0.6515
9.108,-5.7167,-4.2665,-3.7395,-4.5928,1.0543,1.1003,0.6075,-1.2358
9.112,-7.0161,-7.6705,-4.8758,-5.2959,0.4886,2.3135,-0.0205,-1.0894
9.116,-6.4684,-6.8756,-5.9671,-4.0049,1.7288,1.2733,0.9222,-0.1209
9.120,-4.7703,-5.7234,-6.1551,-3.9660,-0.3216,0.1390,0.0540,-0.2357
9.124,-6.6290,-7.2931,-5.6305,-3.5676,-0.0883,0.6668,-0.0044,0.5525
9.128,-6.4243,-8.7418,-7.5051,-5.2928,-1.7253,-1.9312,-0.1572,-0.9144
9.132,-8.6036,-7.7815,-4.5386,-5.8917,-1.7282,-0.2912,-2.1120,-0.5609
9.136,-6.2964,-7.3920,-6.1075,-6.0066,-2.4844,0.0198,-0.8501,-2.3167
9.140,-7.5193,-6.8906,-6.6435,-5.4427,-2.2943,-2.3649,-1.3600,-1.6045
9.144,-6.8676,-5.9973,-4.3256,-5.5768,-0.4984,-1.2220,-1.7486,-2.0850
9.148,-5.4614,-7.3598,-5.0593,-4.6388,-1.3414,-2.4536,-0.8705,-0.9015
9.152,-5.8038,-5.8259,-3.8204,-4.6005,-2.5508,-2.9494,-1.8291,-2.6694
9.156,-5.1436,-4.0206,-3.0876,-3.8890,-2.7559,-1.7572,-1.8122,-1.5127
9.160,-4.7080,-5.0834,-3.1799,-3.3129,-2.1796,-2.1906,-2.2598,-4.0491
9.164,-4.4515,-4.5265,-2.1135,-2.4585,-2.9846,-4.9187,-3.2132,-4.1896
9.168,-3.8546,-3.8436,-3.4542,-3.9608,-4.0513,-2.8518,-2.7709,-5.4798
9.172,-3.4202,-1.9003,-3.0065,-1.7156,-4.1587,-4.2480,-4.5473,-5.5599
9.176,-2.8440,-3.3284,-1.7751,-1.2200,-5.4172,-5.3348,-3.8783,-4.3877
9.180,-3.2473,-2.3277,-1.5966,-0.3200,-5.0233,-4.3020,-3.3548,-4.0567
9.184,-3.7252,-2.0676,-2.3438,0.9389,-5.2630,-4.0892,-2.1342,-4.3848
9.188,-1.2961,-2.1510,0.8958,0.6014,-5.8218,-4.4753,-1.2706,-2.8194
9.192,-0.8825,0.3958,0.3324,1.3503,-2.9395,-1.9605,-1.9817,-0.8616
9.196,0.9668,0.8439,1.4157,2.4427,0.4274,-0.2838,-0.6298,0.2405
9.200,0.5954,1.0383,3.5593,4.6921,0.7747,2.0327,1.8164,1.2877
9.204,3.4889,3.6806,3.8592,4.2922,1.7325,2.9182,2.9001,2.2300
9.208,2.9891,2.8322,4.7113,4.9587,5.0143,4.2361,2.7539,2.8173
9.212,2.1045,3.2858,4.3983,3.9433,2.8103,4.7227,4.6554,4.4027
9.216,4.4543,1.7301,4.1853,3.7991,5.1404,5.7405,4.5492,5.5890
9.220,1.9973,2.1611,4.4835,2.5163,5.4680,3.8543,6.2245,5.7591
9.224,0.5257,2.3926,1.9865,4.7759,4.0658,4.6693,3.5258,2.8274
9.228,1.0512,0.4293,2.0160,2.4031,3.0740,3.3303,3.1539,3.2627
9.232,0.5897,-0.1828,1.3931,2.0618,0.8312,3.6311,2.5683,2.0742
9.236,-0.2449,-0.2444,0.4241,-0.5936,0.6130,0.9944,1.6120,1.6057
9.240,-0.9821,-1.5059,0.4567,1.4468,0.7557,1.6382,-0.5555,0.8019
9.244,-2.4255,-1.4643,0.3012,-0.1323,1.1650,-0.7017,0.5011,1.1172
9.248,-3.3021,-1.5105,-1.7194,-1.6025,-0.9195,-0.0760,-1.1934,-1.1794
9.252,-4.6178,-3.5124,-2.8100,-2.2236,0.0297,-0.2985,-1.3060,-1.2403
9.256,-4.3587,-3.6423,-3.4175,-1.9516,-2.6701,-2.0136,-3.5781,-2.5863
9.260,-4.0493,-5.7054,-2.7118,-3.4129,-4.0882,-0.6919,-3.9468,-4.1039
9.264,-7.2711,-8.5863,-5.6725,-4.8104,-3.5347,-2.5736,-5.5014,-4.3834
9.268,-7.8967,-7.4253,-5.5791,-6.0363,-5.9352,-5.1875,-6.2988,-5.8082
9.272,-7.4140,-7.3794,-7.0971,-7.2838,-4.9499,-6.5627,-6.4851,-7.4580
9.276,-10.1894,-8.6577,-7.6233,-8.2820,-7.2565,-8.2548,-8.3016,-8.1386
9.280,-10.6188,-10.4550,-8.7126,-8.6313,-9.0231,-7.4311,-6.4259,-7.1298
9.284,-10.7026,-8.0302,-7.9530,-7.9323,-7.4788,-7.4684,-6.7658,-7.6308
9.288,-10.4625,-9.8909,-7.9355,-8.0160,-8.7753,-7.4626,-5.6764,-7.2198
9.292,-9.6753,-8.6890,-7.7444,-5.6770,-4.6987,-5.1956,-6.8212,-4.4810
9.296,-7.5607,-8.7576,-7.4663,-7.0193,-3.8588,-4.8122,-3.8936,-4.9256
9.300,-7.4488,-7.1488,-7.5288,-6.2596,-3.5700,-2.4528,-2.2171,-2.4577
9.304,-6.1833,-6.9874,-5.5450,-5.4055,-0.6996,-0.9299,-1.3498,-0.4045
9.308,-6.3305,-6.1064,-4.4680,-4.5583,0.4234,0.0028,-1.3469,0.0929
9.312,-4.8144,-4.6770,-4.7484,-3.6784,0.7489,1.3587,0.0580,1.1325
9.316,-4.9866,-5.3179,-4.1291,-4.1851,0.3192,0.6509,1.6444,-0.5607
9.320,-4.7911,-4.2420,-2.5736,-2.5607,1.7765,1.3499,1.3304,0.4378
9.324,-3.8497,-3.5029,-3.1394,-2.7238,1.5818,0.6025,2.1399,1.7745
9.328,-3.4702,-3.3356,-2.3889,-1.9084,0.8033,0.5504,0.6526,0.3937
9.332,-3.8701,-2.1770,-1.1751,-1.5420,1.4577,0.8651,1.6372,0.3794
9.336,-4.0097,-0.4657,-1.0913,0.0300,-0.4596,0.3702,0.3610,1.0444
9.340,-0.9824,-1.6136,0.5737,0.8638,0.1438,0.0500,0.9535,0.6306
9.344,-1.9935,-0.9066,-0.4375,-0.0207,1.6096,1.0450,1.6998,-0.1637
9.348,-1.6128,-0.0752,0.4148,0.6734,1.6924,0.5478,1.2681,-0.0720
9.352,0.2912,1.0280,2.7599,2.6350,-0.8499,0.3929,0.6516,-1.1793
9.356,-0.8952,0.8314,2.1993,2.2283,0.8775,0.9582,-0.3166,-0.9797
9.360,-0.8460,0.6315,2.9004,2.1803,0.2285,1.2525,-0.2876,-2.3200
9.364,0.7696,0.3714,2.6301,2.3562,-0.7760,-1.7319,-1.1812,-2.1755
9.368,0.8253,-1.0989,2.8877,2.8660,-2.0746,-1.8604,-1.5876,-3.4057
9.372,1.6816,0.5694,2.5978,1.9073,-4.3187,-3.0470,-2.8576,-3.3537
9.376,-0.5050,0.2848,0.7157,2.6813,-4.1008,-5.5689,-4.2833,-3.6598
9.380,0.4339,0.2682,0.4133,2.2641,-2.9327,-3.9773,-3.9435,-3.4612
9.384,-0.6294,0.7629,0.2089,1.5068,-3.6860,-3.8013,-3.2737,-4.2167
9.388,-1.0910,0.5987,1.4984,1.5755,-2.8628,-3.7224,-3.7647,-2.8089
9.392,-0.5774,-1.3321,-0.1109,1.3594,-2.3249,-0.9353,-2.1444,-3.2562
9.396,-0.2148,-1.5141,1.5689,0.3625,-0.7069,-0.2014,-1.2731,-0.8431
9.400,0.4005,0.8717,1.4958,1.5309,0.0291,0.7887,0.9935,0.9561
9.404,-1.2813,0.3514,0.8839,1.6241,1.5542,1.0191,0.6350,-0.4000
9.408,-1.3416,-0.5182,1.3154,0.6609,2.9133,2.6325,1.0240,0.1066
9.412,-0.0733,-1.2614,-0.9654,0.3242,2.8244,3.3869,0.8714,1.0780
9.416,-0.8772,-1.3806,-0.8210,-0.1607,1.9051,3.5672,0.8067,1.0110
9.420,-2.0812,-1.2942,-0.5481,-0.8275,1.9922,3.1624,1.0358,2.1969
9.424,-3.4943,-2.4339,-2.2318,-2.8412,1.2173,3.2638,0.8583,1.3182
9.428,-4.5938,-4.0072,-2.4311,-2.7376,0.2924,0.5625,0.8705,0.4669
9.432,-6.3983,-6.5380,-4.5156,-3.4046,-1.0445,-2.0420,-0.5739,0.0367
9.436,-7.1586,-5.5391,-4.4558,-4.6608,-1.6807,-1.8111,-1.8475,-1.6501
9.440,-7.8055,-6.0992,-5.8802,-4.6926,-1.8291,-2.3144,-3.3904,-1.7985
9.444,-8.0916,-7.5871,-5.5116,-6.0968,-2.5784,-1.1532,-2.5883,-1.5320
9.448,-9.3421,-6.6725,-5.7305,-5.5590,-3.1285,-3.3478,-3.9416,-2.6932
9.452,-9.3415,-7.3742,-5.7391,-6.7916,-2.2413,-4.2353,-3.8773,-5.6148
9.456,-7.2972,-7.4466,-7.4335,-5.9720,-4.6332,-3.2643,-4.5764,-5.3131
9.460,-8.4753,-9.6878,-7.6815,-7.9399,-3.4943,-4.0185,-5.6224,-5.3312
9.464,-10.4878,-8.3533,-8.0123,-7.8462,-6.1929,-4.4215,-6.3043,-7.1577
9.468,-7.8700,-9.5369,-7.7975,-6.3325,-6.1655,-6.0269,-6.5553,-6.6632
9.472,-8.9131,-9.1710,-6.3622,-6.8324,-8.7010,-6.5127,-7.5007,-9.9718
9.476,-9.7228,-9.3964,-7.4306,-8.3550,-8.0134,-7.2043,-6.9461,-7.2960
9.480,-9.3343,-6.8395,-5.5418,-5.9268,-9.2116,-9.0914,-7.1561,-7.4807
9.484,-7.7892,-7.6951,-6.4966,-6.8721,-7.2774,-5.9033,-6.9859,-8.2883
9.488,-7.1237,-5.4366,-3.7903,-5.0962,-6.4860,-5.0457,-4.8633,-6.1867
9.492,-4.4804,-5.8945,-4.5545,-4.4479,-4.5637,-4.2132,-5.2329,-5.2057
9.496,-4.1019,-3.4449,-1.4493,-3.4093,-2.8385,-3.0926,-4.3091,-3.7718
9.500,-5.1303,-3.6093,-0.9852,-2.0030,-1.8728,-1.5854,-1.2515,-1.8434
9.504,-1.2767,-1.2160,-0.8946,-0.1885,2.6078,1.1929,-0.4752,-0.0759
9.508,-0.0808,-0.1406,0.8389,0.7848,2.3012,2.2732,0.4129,2.0238
9.512,1.2151,0.2411,2.1163,1.9610,3.1787,3.2342,2.2570,1.0212
9.516,1.1975,1.5033,2.2803,3.2252,2.9718,4.1306,3.0349,1.7780
9.520,1.5161,1.4814,2.4481,2.2293,2.8836,2.7651,2.2344,3.4450
9.524,1.6593,0.8897,3.2711,3.1092,3.3536,2.4983,2.7539,1.7180
9.528,2.3915,2.5878,3.7589,3.5140,3.3443,2.4331,2.5841,2.2912
9.532,2.9604,2.2912,4.3146,4.0610,3.6891,2.8472,3.5743,2.3396
9.536,1.1487,2.3402,2.2681,3.4139,1.8333,1.5109,2.8127,1.7221
9.540,2.5729,2.1634,3.1705,3.9015,2.5378,1.5580,1.7447,1.8434
9.544,2.4832,2.1637,3.8881,4.5855,1.2482,0.7535,0.0083,0.7545
9.548,2.1691,3.1838,3.6418,3.6735,2.7064,1.6831,1.2486,-0.5444
9.552,1.1018,2.4304,2.9566,3.0704,0.1797,0.7641,1.0359,0.4735
9.556,1.6071,2.1571,3.0774,1.8422,-0.9063,0.4715,-0.2059,-0.9401
9.560,0.5871,2.4565,1.8962,2.4313,1.3975,-0.0241,-1.7605,-4.0977
9.564,-0.5934,-1.3316,1.5942,0.7004,-0.3999,-1.4443,-3.9017,-2.4518
9.568,-3.0027,-0.6274,2.2937,0.0900,-3.0699,-2.1586,-2.9933,-5.1958
9.572,-2.0977,-0.0329,0.0481,-0.2606,-5.9115,-4.3200,-5.6653,-4.0414
9.576,-3.7726,-3.1162,-2.3978,-1.7735,-5.1206,-5.2575,-6.9104,-6.7276
9.580,-4.1276,-3.8314,-3.4956,-2.1684,-4.6248,-5.8510,-5.2295,-6.4687
9.584,-4.0455,-3.6176,-4.5548,-2.9422,-5.8672,-6.7324,-6.0190,-8.0516
9.588,-5.1444,-5.4014,-2.7710,-4.6357,-4.2685,-5.7530,-5.5521,-5.6089
9.592,-5.9603,-4.2620,-3.7429,-3.6528,-2.7438,-3.7296,-3.1173,-4.0387
9.596,-5.0681,-5.6120,-4.6618,-3.1257,-3.7791,-1.8253,-4.1402,-5.3409
9.600,-5.0251,-4.9462,-4.3717,-3.6876,-2.4556,-2.6342,-4.2320,-3.9622
9.604,-6.1245,-5.5678,-4.5495,-2.8404,0.2674,-0.8750,-3.3681,-2.6244
9.608,-6.3724,-4.7657,-4.0524,-4.1638,-1.2536,-1.1703,-2.0707,-1.6042
9.612,-7.0649,-5.4901,-5.7303,-4.8125,0.8041,-1.7511,-2.6762,-1.0276
9.616,-6.5650,-4.4130,-4.7440,-2.8790,0.3404,0.5134,-0.9519,-1.4347
9.620,-7.0481,-6.7387,-4.8750,-5.5837,0.2566,-1.3974,-1.7152,-1.1199
9.624,-6.4861,-8.8589,-5.1958,-6.8676,-0.3154,-0.9282,-0.4585,-1.9958
9.628,-7.5827,-5.4223,-6.4257,-5.2346,-2.9576,-2.1050,-2.6367,-2.1986
9.632,-6.2395,-7.8379,-6.8513,-6.5346,-2.6040,-2.0147,-0.2083,-3.6174
9.636,-7.2474,-7.0921,-6.2142,-7.3423,-0.1143,-1.3494,-2.1261,-1.8871
9.640,-7.5560,-5.6113,-6.5763,-5.5609,-1.8844,-2.4550,-1.1464,-2.5982
9.644,-6.0892,-7.0955,-4.4229,-5.5149,-2.6864,-2.9738,-3.5875,-2.9950
9.648,-6.1808,-3.8148,-3.3665,-4.4025,-2.7170,-3.6420,-2.1102,-5.7475
9.652,-5.7258,-3.5602,-4.0168,-3.7758,-2.3520,-2.6722,-4.7289,-3.0177
9.656,-4.6356,-4.5245,-3.1548,-3.5218,-1.8422,-3.1787,-3.4410,-2.9277
9.660,-5.4874,-3.3493,-1.5105,-1.9115,-2.0105,-3.3112,-4.6194,-3.8070
9.664,-4.0932,-2.8013,-3.0391,-1.1656,-3.6623,-4.6320,-4.0653,-5.8475
9.668,-2.9839,-2.7102,-3.5324,-2.8215,-3.1313,-5.5878,-4.2790,-4.7576
9.672,-3.5328,-3.2011,-2.6026,-2.3198,-4.2216,-5.6892,-6.6094,-4.2223
9.676,-3.6947,-2.7441,-0.1171,-0.5267,-4.5218,-5.0431,-5.6018,-5.3966
9.680,-2.5644,-1.2214,-0.9183,-0.8963,-5.3563,-5.6695,-5.1751,-5.4256
9.684,-0.8861,-1.1062,-1.1183,-0.6057,-5.2899,-5.7653,-3.5144,-3.0166
9.688,0.4827,0.5062,1.0682,1.2950,-3.6214,-4.9424,-5.8437,-4.7501
9.692,0.7534,-0.3385,-0.0421,2.2674,-2.9869,-3.6944,-3.0354,-5.1429
9.696,0.3494,-0.1696,2.4986,2.1842,-1.7907,-3.1126,-1.0267,-2.2402
9.700,2.0461,3.5586,4.3167,4.2394,2.3031,-0.1897,-1.0901,-0.8675
9.704,1.4431,4.0655,5.5227,3.4605,1.8726,1.5045,0.4434,0.8714
9.708,1.5605,2.7886,3.7097,4.7430,3.4074,3.9887,2.0196,1.3500
9.712,4.4109,3.9426,4.4381,5.6109,3.7674,4.7798,2.8060,2.1105
9.716,3.9299,4.4236,4.0160,4.3096,4.8975,5.5359,3.3329,3.0938
9.720,0.7481,5.0309,3.9722,4.1412,5.3902,3.9616,2.6599,1.7978
9.724,3.2785,3.0442,3.2190,4.0286,4.4029,3.0170,4.2341,2.9744
9.728,2.6730,1.0442,3.9639,4.2596,3.3200,1.1100,3.1562,2.6090
9.732,1.7889,1.4907,3.4094,2.5840,1.1586,2.2525,2.9513,0.9400
9.736,-0.5753,1.1606,0.8542,0.0134,-0.4200,-1.0776,0.6884,0.8427
9.740,-0.7210,-1.2642,1.0786,2.2067,-0.4449,0.2370,0.8145,-0.1295
9.744,-0.5254,-0.7371,-0.1162,-1.3881,-0.0579,-0.8169,-2.1833,-2.2472
9.748,-2.2191,-1.8300,-1.6019,-0.4520,-0.7460,-0.9715,-2.1362,-1.9836
9.752,-2.0162,-1.6824,-1.2634,-1.6933,-1.8130,-2.6408,-5.1343,-4.1635
9.756,-3.2801,-2.8113,-1.3099,-2.2492,-2.3541,-2.4250,-3.3401,-4.8572
9.760,-4.6754,-3.1148,-3.7234,-3.6400,-3.0165,-5.3642,-5.3851,-5.0190
9.764,-6.5209,-5.3179,-5.8783,-5.9788,-5.5144,-4.5354,-7.1308,-7.2080
9.768,-6.7949,-7.0152,-6.7029,-4.3514,-5.0515,-6.8813,-6.5789,-7.9622
9.772,-6.9328,-7.3481,-6.5770,-7.0882,-6.9308,-7.5242,-7.6836,-8.4670
9.776,-10.1211,-9.1149,-7.8541,-6.8731,-6.6232,-7.2366,-9.7133,-8.5355
9.780,-9.0649,-8.3887,-7.0033,-7.2331,-6.7873,-9.0000,-9.0693,-10.9249
9.784,-9.8056,-9.7904,-6.6999,-7.8540,-9.1385,-9.2154,-9.1626,-9.3743
9.788,-7.9161,-10.1634,-7.8072,-7.4648,-7.7014,-8.4491,-7.3190,-8.6003
9.792,-9.6806,-7.8192,-6.0902,-7.6981,-6.8306,-5.6323,-7.3754,-7.0066
9.796,-7.9918,-6.4127,-5.3069,-6.7472,-5.0387,-5.5850,-5.2501,-7.5588
9.800,-6.8436,-6.5153,-6.5664,-7.3502,-3.3867,-3.6535,-5.0017,-4.2208
9.804,-6.9257,-6.4997,-5.1936,-3.9605,-2.3208,-1.7456,-3.0296,-4.2715
9.808,-5.5381,-5.9451,-4.2354,-5.1883,-2.0531,-1.2096,-0.0731,-2.9309
9.812,-4.6029,-2.6307,-4.8652,-3.9467,-0.6196,-0.0169,-2.8675,-2.8075
9.816,-4.4668,-3.7303,-2.7202,-5.1945,0.2512,0.6378,-0.3753,-0.0343
9.820,-4.2698,-2.8876,-1.1019,-3.2398,0.7526,1.4561,0.2030,-0.7745
9.824,-4.4152,-3.8970,-2.3377,-2.3736,1.5578,0.0385,-0.9048,-0.4969
9.828,-2.8111,-2.9133,-1.6498,0.0985,-0.1309,0.3479,0.0159,0.9704
9.832,-2.1195,-3.4494,-0.6463,-0.7808,-1.8190,0.0945,-0.9403,0.4723
9.836,-1.5126,-1.7717,-1.6788,-0.2024,-0.2005,-1.0794,-1.2052,-0.9353
9.840,-2.0774,-0.6912,0.1720,0.9011,0.1006,-0.8417,-0.3593,-1.1892
9.844,0.5168,0.8989,1.1221,1.8693,0.5034,-1.6408,-1.4465,-2.2368
9.848,1.4022,-0.4502,1.8750,1.2162,-0.0586,-1.0410,-1.3488,-0.6484
9.852,0.2778,0.4077,1.4545,0.7731,0.6578,-0.4318,-2.0908,-2.2230
9.856,1.7015,2.0529,2.7614,2.1857,-1.0215,-0.2116,-1.3815,-1.3727
9.860,1.4670,2.0046,3.3598,2.8352,-1.7877,-1.5741,-2.2732,-2.2263
9.864,1.5581,2.2050,2.7620,1.2348,-2.3788,-3.2879,-3.3422,-1.8885
9.868,1.1250,2.0907,1.7053,2.2347,-2.6636,-2.3662,-4.9025,-4.3980
9.872,1.5914,1.1833,3.8640,1.4036,-3.0097,-3.3781,-5.4346,-4.9594
9.876,-0.0675,1.3428,0.3534,1.1029,-4.5183,-3.8695,-4.5339,-5.4470
9.880,0.7461,2.3128,1.8983,1.3527,-4.4176,-4.5070,-3.8410,-5.7445
9.884,1.7715,0.9867,1.1864,0.5045,-3.6407,-5.5522,-3.9863,-5.9758
9.888,0.5881,3.3486,2.9320,1.1512,-3.2068,-3.9897,-4.4237,-5.0920
9.892,0.9993,1.0403,0.7936,1.0785,-2.5252,-3.9883,-2.7851,-3.3840
9.896,0.3789,0.9252,0.7581,1.6910,-1.9052,-1.2685,-2.6512,-2.7011
9.900,0.3779,1.1025,0.7174,1.0925,0.7642,-0.7638,-1.2489,-1.1109
9.904,1.7477,2.3786,2.6459,2.8996,-1.0156,0.0948,-1.8574,-0.6577
9.908,-0.1036,1.1780,3.0519,-0.4748,0.9358,1.1938,0.0488,0.1899
9.912,1.7502,-0.5701,1.1966,-0.5504,2.9589,1.1496,0.6057,-0.8515
9.916,-1.6570,1.4020,0.7467,-0.3958,2.6535,1.2401,1.4043,-0.0899
9.920,-1.3116,-0.9476,-0.0451,1.1717,2.2933,0.3361,-0.4355,0.1934
9.924,-3.4017,-1.7556,-1.7206,-1.2074,-0.7374,-1.2166,-1.1874,-0.5740
9.928,-4.4989,-2.4539,-1.9497,-2.1653,-0.6381,-0.5227,0.1254,0.0273
9.932,-4.7191,-4.8920,-4.9543,-3.6244,-2.0291,-2.4404,-1.4821,-2.0821
9.936,-4.6097,-4.4705,-4.3255,-5.1565,-2.1587,-2.4519,-0.6128,-3.4001
9.940,-5.1822,-6.0022,-4.8557,-5.5220,-3.2573,-3.7511,-2.4878,-4.4528
9.944,-5.9179,-6.0214,-4.8579,-4.9250,-2.9888,-4.1898,-5.0674,-5.7430
9.948,-6.3500,-6.0787,-5.9409,-4.1009,-4.1145,-4.3161,-5.8153,-4.3505
9.952,-7.8901,-7.3335,-5.7770,-4.7004,-3.8423,-2.3080,-5.9756,-6.7987
9.956,-7.2879,-5.6881,-5.8404,-7.7948,-4.4511,-5.1141,-4.9577,-7.1279
9.960,-6.7598,-7.0869,-6.4191,-5.7723,-4.3348,-6.7320,-6.7629,-6.4307
9.964,-7.0889,-7.2543,-7.3704,-8.9072,-6.0136,-6.6750,-8.1674,-7.9536
9.968,-7.4658,-6.5746,-6.2707,-7.7879,-8.2530,-7.4748,-7.8779,-9.1984
9.972,-9.7823,-7.0632,-7.5507,-7.1394,-7.5199,-6.5040,-9.2810,-9.1363
9.976,-7.5945,-8.9191,-6.5226,-6.3783,-10.1299,-8.4166,-8.4062,-9.2214
9.980,-6.6612,-7.5069,-6.5564,-6.7648,-9.6193,-8.7354,-9.3588,-8.8809
9.984,-6.4105,-6.3712,-6.9677,-6.1698,-6.7344,-8.0730,-9.0486,-8.5327
9.988,-7.1584,-6.7392,-4.6286,-4.4059,-6.4572,-7.8477,-6.9226,-7.6653
9.992,-3.6800,-3.5230,-4.4234,-4.1215,-5.9422,-4.9687,-5.4743,-6.4678
9.996,-3.8538,-2.6365,-4.3379,-3.3088,-4.4383,-4.4938,-5.3214,-4.4292
10.000,-1.2591,-0.4690,-1.5087,0.6993,-1.6821,-2.8956,-1.9863,-4.0352
10.004,0.6209,0.7310,-0.7821,-0.8083,1.4271,-0.7349,-2.0927,-1.0468
10.008,1.0658,-0.2502,0.7743,1.7925,2.5029,2.3814,1.3320,-0.2216
10.012,2.5119,2.3868,2.2812,1.6390,2.3332,3.7933,1.7184,-0.4081
10.016,2.4251,1.3827,4.0321,3.4419,4.4182,3.7700,0.3101,-0.1305
10.020,4.1509,3.2668,4.6544,3.2356,3.2879,1.6338,1.7318,2.4263
10.024,5.1335,3.6795,3.4998,2.7776,2.3957,0.5593,2.3916,2.2413
10.028,3.2184,1.5608,2.3154,4.9884,1.4077,2.5987,3.1530,1.8741
10.032,2.5111,4.1399,4.2546,2.9038,2.2647,1.7236,1.0570,1.0219
10.036,3.8274,3.4683,3.3273,3.2551,2.5325,1.0717,0.3319,1.1143
10.040,3.9528,4.7832,3.3567,4.9481,-1.0681,-0.9316,0.4801,1.2357
10.044,4.0569,2.9047,4.0175,3.3093,0.0886,0.5093,1.1991,-1.7778
10.048,2.9746,4.8736,2.5811,4.1701,0.4380,1.8967,-0.2564,-1.0608
10.052,0.9294,4.1019,3.8222,4.0761,1.1211,-1.2859,-1.8606,-0.5982
10.056,3.2577,2.8396,3.9726,1.3376,0.4872,0.4087,-1.8893,-3.1069
10.060,0.4503,2.3547,2.7594,2.1987,-0.4159,0.3067,-3.4819,-3.0139
10.064,2.1354,1.0211,0.8218,1.5756,-2.1443,-3.2873,-4.4580,-5.3263
10.068,0.1812,1.1549,0.6557,-0.1464,-2.9584,-5.3884,-5.6517,-6.1707
10.072,0.0570,-1.0587,-0.5623,-1.8089,-5.2595,-5.1563,-6.3125,-4.8470
10.076,-1.7385,-2.7869,-2.5060,-2.8423,-5.7561,-5.8130,-7.4262,-6.9877
10.080,-2.5458,-3.5937,-2.6913,-3.3557,-5.2400,-7.8635,-6.6545,-7.8251
10.084,-4.4341,-3.5487,-3.6557,-4.0557,-8.2956,-6.9176,-8.0727,-6.9648
10.088,-3.8899,-3.7669,-3.5572,-4.0545,-7.9401,-8.3700,-5.9285,-7.2989
10.092,-5.3413,-2.7371,-3.2016,-3.6712,-4.7121,-5.8660,-6.9471,-6.2415
10.096,-3.8137,-5.2137,-4.9679,-4.6924,-4.7528,-4.6437,-5.8067,-6.2852
10.100,-4.0622,-4.3550,-4.6241,-4.3564,-3.7306,-2.8979,-4.9228,-4.8122
10.104,-3.5747,-4.1080,-1.5343,-4.4839,-2.7039,-1.9805,-3.4132,-3.8908
10.108,-4.1185,-3.8575,-4.9755,-2.7908,-0.2606,-3.2087,-2.1655,-4.0788
10.112,-4.1384,-5.1138,-3.3407,-5.0205,-1.1804,-1.1910,-2.3629,-1.8316
10.116,-1.8836,-5.1496,-5.3869,-4.4979,-1.0586,-0.8588,-1.2859,-3.5014
10.120,-7.5036,-4.4511,-4.3888,-4.7507,-1.0792,-0.5509,-2.7675,-3.7598
10.124,-5.1758,-4.1507,-6.0940,-4.9610,-1.5002,-2.6250,-2.5862,-2.9808
10.128,-5.6059,-3.3622,-4.8882,-4.8737,-2.1192,-0.9009,-1.8027,-2.7728
10.132,-6.0592,-5.6810,-5.8573,-4.8394,-2.8551,-3.2085,-2.6688,-2.8148
10.136,-4.5923,-6.4373,-5.2374,-5.9871,-2.8436,-4.1817,-2.2175,-3.2959
10.140,-5.6524,-4.7930,-4.6654,-4.2337,-2.7031,-4.4923,-3.6015,-4.1019
10.144,-6.1047,-4.8921,-5.5533,-4.8946,-2.2522,-4.5027,-3.5993,-5.2330
10.148,-4.5102,-3.0570,-4.8063,-4.1974,-3.5915,-4.2318,-2.9882,-3.5338
10.152,-4.1057,-3.1487,-5.1450,-3.6971,-3.0526,-2.1045,-5.3020,-4.2148
10.156,-2.6675,-2.9529,-3.3366,-2.6732,-4.4062,-2.8154,-5.0036,-6.4122
10.160,-3.3775,-2.4712,-3.0998,-3.0587,-3.1029,-5.2328,-6.4885,-5.1847
10.164,-3.4826,-2.4785,-1.4829,-2.2451,-4.7795,-5.6032,-5.6019,-6.1003
10.168,-0.7000,-0.5943,-1.8475,-3.7041,-5.3473,-5.3424,-5.9178,-5.9764
10.172,-2.0472,-2.2424,-2.2412,-1.8486,-6.4692,-5.5458,-7.8969,-7.8121
10.176,-0.5622,-1.7935,0.0020,-0.0869,-5.8557,-6.8176,-6.1232,-7.2803
10.180,-1.3208,-0.5194,-1.1629,-0.9710,-4.9274,-6.9846,-7.3160,-5.8432
10.184,-1.2381,1.0147,-0.3880,-1.8402,-5.1575,-6.3207,-4.5632,-7.2591
10.188,0.1028,1.3950,0.2616,-0.4723,-6.0822,-4.4824,-6.9489,-5.8180
10.192,1.7820,1.5599,-0.0847,0.5858,-2.5222,-4.0993,-3.1089,-3.2571
10.196,2.8868,3.6876,2.2701,0.9938,-1.4517,-1.6562,-2.2983,-2.7466
10.200,3.7272,4.2461,2.5762,3.9114,1.1166,-0.6625,-0.3915,-0.4231
10.204,5.5678,5.6214,4.3447,4.2652,1.0095,0.3254,0.1660,-1.4509
10.208,7.0706,5.0951,4.7639,2.9506,2.5613,2.9277,1.4868,1.6859
10.212,4.9691,5.7695,5.1677,5.9641,3.7431,4.4567,2.7497,0.4796
10.216,4.5731,4.4672,4.5319,4.8823,4.7269,2.5891,1.9542,3.0838
10.220,4.3291,5.4788,5.0218,4.3978,3.1653,3.7525,2.3542,0.5653
10.224,4.3521,3.5265,5.0392,4.0959,3.2349,2.5911,1.4323,-0.0688
10.228,3.6784,3.0241,2.2074,3.6179,3.0865,0.2481,1.5012,1.2896
10.232,2.7420,3.6034,3.5717,1.0901,0.8935,0.2640,0.7387,1.6458
10.236,1.7750,2.0325,2.2810,1.7945,0.2538,-0.0946,1.5864,-0.0743
10.240,0.6859,1.5795,1.3985,0.5954,-0.5939,-1.2550,-0.4860,-0.7109
10.244,1.1843,0.2237,0.6351,-0.6498,-0.8470,-1.9693,-0.6805,-1.5966
10.248,0.4619,-1.6970,-2.8855,-1.0575,-1.3448,-1.6088,-2.2176,-4.2021
10.252,-2.2020,-2.2444,-1.1669,-2.7458,-1.4188,-2.9215,-4.0909,-3.4120
10.256,-2.3301,-2.8225,-1.1399,-1.8483,-3.6142,-2.2190,-5.2722,-5.7763
10.260,-2.9346,-1.9598,-3.5822,-3.8400,-4.8117,-5.2354,-4.9929,-7.3171
10.264,-5.5448,-3.7602,-5.1330,-4.4959,-5.5642,-5.0312,-7.3921,-8.2005
10.268,-6.0271,-5.8468,-7.5461,-5.7930,-5.7931,-6.6974,-9.2668,-9.9343
10.272,-5.4451,-6.6184,-6.7786,-7.3279,-7.9023,-8.8254,-8.4222,-8.9795
10.276,-6.7134,-7.8660,-7.6429,-8.0254,-7.3336,-8.3172,-9.0978,-9.8763
10.280,-6.9976,-8.2299,-7.6205,-9.2509,-9.8676,-10.3048,-8.4987,-9.8936
10.284,-7.7370,-7.9561,-6.7731,-7.9637,-8.9524,-10.2248,-9.5333,-9.7255
10.288,-8.0667,-6.7884,-8.3141,-7.9749,-7.9176,-8.5379,-8.7804,-9.8367
10.292,-6.5398,-8.8367,-6.0539,-7.1248,-6.7980,-7.1980,-8.0558,-6.7461
10.296,-5.6932,-5.6011,-6.7070,-7.3976,-5.6247,-6.1431,-5.1487,-7.6111
10.300,-6.7512,-5.6907,-7.0106,-5.7065,-4.5570,-5.2681,-6.0398,-4.0122
10.304,-3.8703,-4.4492,-4.7173,-4.2138,-2.5814,-2.7150,-3.2184,-4.8730
10.308,-2.5996,-2.8626,-5.0880,-4.8256,-0.1464,-0.3099,-2.3691,-3.9025
10.312,-2.0269,-2.7473,-2.5240,-4.4267,0.2805,-1.3600,-1.4890,-3.1519
10.316,-2.8099,-1.4484,-3.0222,-3.9559,1.3547,-0.4509,-1.5384,-1.9708
10.320,-1.5385,-2.0323,-2.6519,-2.3473,-0.1293,0.2155,-1.0706,-1.4613
10.324,-0.1501,-1.9692,-0.7220,-2.4383,0.4936,-0.5248,-1.5806,-1.2585
10.328,-1.0348,-1.1969,-0.7273,-3.1352,-2.1119,-1.4849,-1.8034,-1.5847
10.332,-0.9854,-0.2292,-1.8082,-1.7908,-1.6229,-0.2726,-1.6735,-3.1918
10.336,-0.5276,-0.6242,-1.0347,0.2075,0.2437,-1.6160,-0.2722,-1.2027
10.340,2.4814,1.8234,-0.7593,0.5829,-0.3696,-1.3408,-1.3023,-0.9991
10.344,1.7016,2.2325,0.4669,1.1216,-1.0895,-0.9652,-1.3079,-2.3811
10.348,1.6276,2.4825,2.2501,1.9414,-0.9400,-1.9666,-1.6971,-1.8120
10.352,2.9895,1.2086,2.3102,2.8799,-0.8888,-2.6038,-1.2568,-1.8148
10.356,2.5371,1.9564,1.4773,2.3077,-0.3818,-1.3564,-2.8290,-2.8333
10.360,3.9871,3.7385,3.4979,3.5776,-1.7430,-0.7529,-2.7526,-3.9942
10.364,4.8744,2.9380,2.7724,2.8488,-2.1115,-1.6970,-3.3558,-3.1181
10.368,3.0720,2.7777,2.7972,1.2849,-3.6506,-3.8924,-3.7208,-4.3797
10.372,2.1803,4.0247,2.5696,2.5737,-3.7402,-3.7346,-5.2181,-6.2411
10.376,3.1562,4.0258,0.7589,1.7425,-5.6341,-5.7793,-4.5428,-4.3445
10.380,2.1469,3.0108,1.3325,2.1133,-4.6120,-6.7733,-4.2426,-6.6510
10.384,2.8454,2.7366,1.5212,0.9485,-2.4651,-5.3379,-6.2902,-4.5558
10.388,1.4805,2.0480,1.1093,-0.2697,-4.1278,-3.9858,-5.1297,-5.1232
10.392,2.6804,2.4833,1.8165,0.9239,-3.2196,-3.1444,-4.7894,-2.3944
10.396,1.9696,1.5584,1.4338,1.7719,-0.6994,-2.0932,-4.0779,-4.4950
10.400,3.2288,2.1999,2.1288,1.0413,0.2068,0.0735,-1.4518,-2.1716
10.404,3.7370,3.4056,1.0390,0.9687,0.3742,0.6656,-0.1380,-0.4898
10.408,2.4168,1.7734,1.0407,2.0504,1.8483,0.4646,-1.4670,1.0590
10.412,1.9930,1.6483,0.9253,0.2990,1.7950,1.6025,0.0474,-0.2738
10.416,0.2344,1.1830,0.4289,0.7174,1.5241,0.7271,-0.9604,0.6270
10.420,0.7932,-1.0004,-1.2607,-0.8069,0.9215,1.6958,1.9621,-0.6519
10.424,-0.6708,-1.2237,-0.7335,-1.1910,1.0438,0.4231,0.3996,-1.6438
10.428,-0.1315,-1.7187,-3.5665,-4.0320,-0.9080,-0.3850,-1.3435,-0.8901
10.432,-2.6368,-3.8551,-4.3511,-3.5822,-1.1623,-2.5489,-1.5486,-1.3718
10.436,-2.9058,-3.1657,-4.6264,-4.3662,-2.5611,-2.6089,-2.9153,-3.0693
10.440,-3.8934,-4.4073,-4.9238,-5.1815,-2.4810,-3.0836,-1.9501,-3.9166
10.444,-4.1716,-4.2684,-5.5763,-6.9821,-3.4035,-4.3835,-3.2724,-3.9001
10.448,-6.0008,-5.1536,-5.6903,-5.5305,-4.0793,-5.2716,-4.2734,-4.7548
10.452,-5.3141,-5.5591,-4.9224,-5.8140,-5.4223,-5.5418,-5.8083,-6.2788
10.456,-4.9702,-5.3977,-6.7050,-5.8056,-4.4435,-6.7943,-5.2765,-6.3635
10.460,-7.6676,-5.0526,-5.1975,-5.8706,-5.1798,-5.4610,-6.1171,-8.6571
10.464,-6.7270,-6.4981,-6.5344,-5.8967,-6.8002,-8.4418,-8.8402,-9.0003
10.468,-6.1553,-6.3721,-6.3786,-7.5104,-7.6501,-7.6199,-9.1504,-8.3187
10.472,-7.2979,-5.2969,-8.5319,-7.6785,-8.6058,-9.1837,-9.8519,-9.5451
10.476,-5.5835,-5.3198,-5.6780,-8.0020,-8.3072,-8.6865,-10.2997,-9.0555
10.480,-6.3665,-5.1502,-6.5047,-8.4989,-8.0931,-7.5760,-8.9321,-10.3275
10.484,-4.6253,-3.7938,-6.0030,-5.8361,-8.2114,-8.6345,-7.6218,-8.2357
10.488,-2.8624,-4.3261,-5.9601,-5.0734,-7.4483,-8.6191,-5.5261,-7.4619
10.492,-3.8380,-2.4490,-4.7160,-4.4994,-5.9809,-5.8789,-5.5283,-6.7790
10.496,-2.3439,-0.5811,-3.0317,-3.5352,-3.5745,-5.5097,-4.5995,-5.1194
10.500,0.2549,-0.0431,-1.2822,-0.4155,-1.6678,-3.3602,-3.4561,-2.9606
10.504,2.3224,0.9173,-0.1092,0.7590,-1.0062,-0.0783,-3.1179,-0.9021
10.508,2.2930,2.1978,-0.1604,-0.7821,1.5683,0.5894,-0.2697,0.5406
10.512,2.8425,4.9928,2.0656,1.9144,2.4455,0.7669,1.2301,1.7407
10.516,3.8276,4.8252,1.2655,2.6153,2.7525,3.3803,1.5123,0.6665
10.520,4.1970,5.0073,2.1805,2.5791,2.2288,3.0494,2.5972,2.7612
10.524,4.5840,4.6274,3.6953,3.8750,2.8296,2.1364,2.1582,2.1224
10.528,4.1508,3.9133,2.5760,2.8688,1.7926,3.1615,1.0862,2.3890
10.532,4.8889,4.3940,2.6334,1.9224,0.3834,0.8515,2.6521,1.6867
10.536,4.5051,4.3344,3.7498,3.7403,0.9843,1.4673,0.2847,1.9902
10.540,5.6751,3.6137,4.0523,3.5099,0.7537,0.4426,1.4538,0.9290
10.544,5.1335,5.1502,5.2533,3.4564,-0.3049,0.3958,-0.5683,0.2678
10.548,4.6619,5.2800,3.8407,2.8221,-1.9907,-1.7402,-0.4484,-1.4940
10.552,5.9845,3.7838,3.2929,2.3154,-0.0278,-0.0447,-1.5685,-0.7506
10.556,4.0668,4.3566,2.9402,2.7858,0.2752,-1.3093,-1.6729,-1.8240
10.560,3.9537,3.2051,3.3014,1.7363,-1.6824,-1.8084,-3.6647,-2.9990
10.564,3.4031,2.1334,1.9929,0.9260,-3.1790,-3.2400,-3.4887,-4.7514
10.568,1.9901,1.4566,0.5059,-0.3922,-2.6541,-4.0697,-4.5832,-5.6998
10.572,1.0560,0.8705,-0.4265,-1.3616,-4.8904,-6.1541,-6.2648,-5.7570
10.576,-1.4129,0.6988,-3.9015,-0.6690,-6.1852,-6.4189,-7.4606,-7.1014
10.580,-0.2034,-1.2840,-2.9911,-3.0903,-6.3044,-9.6786,-4.7077,-6.2001
10.584,-1.3218,-1.6492,-3.2202,-5.0082,-7.1201,-6.3657,-7.1105,-7.9359
10.588,-2.1891,-1.4829,-2.7985,-5.6314,-5.8856,-7.1397,-7.0931,-6.2095
10.592,-4.0301,-2.7308,-3.7774,-3.9463,-7.1098,-5.4033,-6.2140,-6.6446
10.596,-3.5545,-3.7621,-3.6055,-4.3294,-4.4791,-5.4385,-5.2520,-5.4273
10.600,-2.9099,-2.8555,-4.5938,-4.9686,-4.2751,-3.6980,-5.0033,-4.3346
10.604,-1.3160,-3.5788,-3.6721,-3.5013,-1.5727,-1.4740,-2.8154,-3.7187
10.608,-3.0503,-2.9776,-5.2474,-5.3485,-3.2071,-0.7336,-1.6109,-2.3407
10.612,-3.5245,-3.6899,-3.7164,-5.1342,-0.4479,-0.0223,-1.6718,-2.7111
10.616,-2.2713,-3.2227,-6.1876,-5.8539,-0.3780,-1.2826,-1.7660,-1.5371
10.620,-2.5364,-4.0164,-4.9509,-6.2149,0.3477,-1.8808,-1.5843,-0.5225
10.624,-5.4474,-5.1867,-4.4820,-6.6184,-0.2755,-2.4846,-0.6281,-1.1812
10.628,-4.0227,-3.1267,-5.1799,-6.7038,-1.8518,-2.4730,-1.8972,-0.7008
10.632,-4.1700,-5.5080,-6.2178,-6.3804,-1.9350,-2.7097,-2.5038,-2.0087
10.636,-4.4026,-4.3139,-5.4285,-5.2745,-2.5557,-2.4768,-3.3750,-3.0045
10.640,-4.2168,-4.3900,-5.0938,-6.8459,-3.6475,-2.9842,-2.7756,-4.8267
10.644,-2.9717,-3.5600,-6.7099,-5.5658,-2.5834,-3.5777,-2.7897,-4.5310
10.648,-3.9629,-3.6561,-3.2408,-5.8881,-2.1151,-2.1857,-4.0603,-4.1759
10.652,-2.3486,-2.5730,-3.5647,-2.9270,-3.4038,-4.5432,-3.8883,-5.3620
10.656,-0.9493,-3.0775,-3.6674,-5.0694,-2.9279,-4.6669,-5.3807,-3.0152
10.660,-1.7185,-2.1384,-1.6275,-2.7411,-3.5559,-3.3086,-4.0849,-4.7626
10.664,-1.8798,-1.6809,-2.0757,-1.5684,-5.6437,-5.6767,-4.0359,-5.6641
10.668,-0.5241,-0.5250,-1.4873,-3.0975,-5.8732,-4.7824,-6.7211,-5.4718
10.672,-1.2177,-0.9168,-2.1743,-1.4030,-6.2215,-5.2640,-7.0679,-5.3748
10.676,0.5232,-0.7862,-1.9057,-1.3320,-5.8972,-6.7543,-6.9183,-6.7729
10.680,0.5541,0.2934,0.4284,-0.6434,-6.2116,-7.3007,-5.7636,-6.3562
10.684,2.5233,0.7731,-0.0676,-1.1561,-5.9208,-6.0898,-4.2376,-4.8986
10.688,2.2622,3.3288,1.0172,1.3112,-4.5854,-4.2471,-3.8771,-4.8152
10.692,4.0237,1.8161,0.9373,0.7070,-4.0576,-5.2138,-3.9414,-3.6575
10.696,4.0999,3.6304,2.1920,1.8149,-1.8146,-1.6848,-2.1191,-2.4961
10.700,4.7886,5.3750,3.2915,2.0178,-0.3247,-1.1497,-0.1776,-0.0240
10.704,7.1217,5.4219,6.3252,3.8025,2.3365,1.4064,1.8052,1.7154
10.708,7.8447,5.7848,6.2013,6.1108,4.0337,3.8963,2.1210,1.6575
10.712,5.8182,5.9521,5.8669,4.5880,3.9729,3.4909,3.8366,1.4783
10.716,6.5136,7.7784,4.5703,4.5343,3.4606,4.9429,4.0362,3.6312
10.720,6.7959,4.8497,5.2293,3.8782,2.7746,2.5732,3.6578,3.5733
10.724,4.8301,4.0659,3.4599,4.2177,3.6401,3.2485,1.5452,3.6545
10.728,4.7825,5.2534,2.3148,2.8324,2.6860,1.8811,1.3540,2.4874
10.732,5.1605,3.2838,1.8483,3.0134,1.5754,1.7442,1.4430,2.3400
10.736,1.9564,4.7230,2.7757,0.9567,1.0842,0.3339,0.0886,1.6706
10.740,1.2053,2.0980,-0.1995,-0.6753,0.4390,-0.0397,-0.4086,0.9169
10.744,2.3138,1.0975,0.1334,0.1332,-0.9625,-2.0516,-0.6932,-1.1408
10.748,-1.1389,1.6186,-1.9417,-0.6191,-2.9042,-1.3795,-2.1976,-1.5589
10.752,-0.4410,-1.1306,-1.0992,-1.1307,-3.5687,-2.4517,-4.5473,-2.1217
10.756,0.0243,-1.0211,-2.7258,-3.7409,-2.4936,-3.1232,-4.5379,-3.2152
10.760,-2.5125,-2.6848,-2.6220,-3.5286,-3.7336,-3.9619,-5.7225,-3.9632
10.764,-2.5627,-2.9398,-5.0422,-4.8327,-5.2302,-6.7891,-4.9682,-5.5139
10.768,-4.3407,-3.9413,-4.7937,-4.4032,-6.8874,-7.0311,-7.1327,-8.1510
10.772,-5.3670,-5.6097,-6.3842,-7.1430,-7.5844,-8.0018,-7.8420,-8.9355
10.776,-6.1038,-6.0773,-7.5925,-6.3321,-9.8314,-8.5873,-8.2024,-9.7105
10.780,-7.2325,-6.6992,-9.0187,-8.5815,-9.8977,-8.5656,-8.9999,-6.8239
10.784,-7.0346,-6.9296,-8.4863,-8.4000,-8.9302,-10.1722,-7.9961,-9.6056
10.788,-5.3315,-6.7189,-9.1838,-8.0818,-8.9566,-7.4887,-7.4918,-7.7445
10.792,-5.3132,-6.3721,-7.3602,-8.1825,-8.2884,-8.4992,-6.5374,-7.2274
10.796,-7.5123,-5.4963,-6.8955,-8.4848,-4.7725,-6.9697,-5.0380,-5.5709
10.800,-4.9914,-4.2297,-7.2830,-7.4079,-5.8409,-4.9488,-4.4444,-5.1488
10.804,-3.3390,-3.0135,-5.5819,-6.4665,-0.9870,-2.0473,-3.5087,-3.6754
10.808,-4.3373,-3.4559,-3.3092,-4.3905,-0.9831,-2.0742,-2.5931,-2.7318
10.812,-2.5076,-2.5577,-2.5920,-4.5860,0.5872,0.0483,-1.0213,-1.3903
10.816,-1.2587,-2.3742,-2.7020,-3.5640,0.9283,1.6464,1.1869,0.2581
10.820,-0.7169,-0.6704,-2.5569,-3.4092,0.7527,1.1109,0.8003,1.5361
10.824,0.8492,0.5047,-1.5769,-1.8876,0.5139,-1.0807,0.4051,0.9605
10.828,0.1492,-1.1615,-1.7280,-0.9385,0.2200,0.3656,-0.2621,1.8378
10.832,1.1702,0.8503,-0.6937,-1.8395,0.3891,0.5237,1.1946,-0.6617
10.836,-0.1093,0.3028,0.2505,-0.6978,0.6245,0.2657,0.3033,0.5664
10.840,2.4339,1.2709,0.6661,0.3225,0.2675,-0.5154,0.5059,0.5830
10.844,2.8613,2.8665,0.5375,0.4846,-2.1135,-0.9002,0.8333,0.7654
10.848,2.9441,3.7582,2.2598,1.3077,0.4602,-0.0730,0.1373,-0.9070
10.852,2.0192,2.2805,1.4464,1.3123,-0.6267,-0.3376,-1.8305,-1.5044
10.856,3.9960,2.8671,2.9566,3.6216,-0.1358,-1.5818,-1.5927,0.1609
10.860,5.7314,4.8689,2.9322,2.2168,-1.5847,-2.1701,-2.5417,-2.0336
10.864,4.7310,3.8667,2.5822,0.6223,-1.9450,-2.3158,-3.5536,-2.1541
10.868,3.1928,3.3192,1.6015,2.0670,-2.9655,-2.3385,-3.0107,-1.8947
10.872,5.2040,4.0672,0.8377,0.5110,-3.6898,-3.1409,-4.2093,-4.1801
10.876,3.5506,3.0804,2.0424,1.9181,-4.0619,-4.7291,-5.3506,-5.6349
10.880,1.5480,1.7625,0.7414,1.5690,-3.8320,-5.3182,-3.8267,-5.3182
10.884,2.0387,2.3039,1.4875,0.4786,-4.7856,-5.6839,-5.0593,-4.1114
10.888,2.7271,1.5643,1.5139,-0.3685,-4.3680,-3.5098,-3.7512,-2.6773
10.892,4.0535,2.9002,1.6236,1.4717,-4.2599,-2.3842,-3.0750,-2.6493
10.896,3.1745,2.1695,-0.6224,1.5862,-1.7825,-3.2201,-1.1437,-1.3681
10.900,3.8492,2.7247,2.6659,1.4346,-0.7790,0.2847,0.8624,-0.3739
10.904,3.8978,4.7457,1.8281,0.7707,1.1999,0.7815,0.9593,0.1364
10.908,3.6294,2.4746,2.0458,1.4192,1.6835,2.1645,2.7420,1.7466
10.912,3.1913,3.0804,1.2686,-1.5259,2.2740,2.5117,1.5747,2.8079
10.916,1.2857,0.9250,2.4730,-0.4365,2.0818,1.0259,2.6657,2.1765
10.920,2.2222,2.3974,-0.0401,-1.7444,0.9718,2.6022,1.2916,2.2915
10.924,0.6544,-1.6194,-0.7378,-2.5576,0.9967,2.3702,3.5396,1.0894
10.928,-2.9447,-1.2164,-2.3238,-2.6066,-0.0358,-2.0868,1.7820,2.9771
10.932,-1.5393,-1.5765,-3.2297,-4.3023,-1.7884,0.4896,0.9732,0.6144
10.936,-3.0981,-3.0288,-4.4128,-4.4700,-2.1588,-2.4951,-1.0549,-2.1024
10.940,-4.9358,-3.1831,-3.9778,-6.1864,-3.5505,-3.5707,-0.9925,0.3630
10.944,-4.0076,-3.7035,-5.3262,-5.5545,-2.9895,-2.5960,-2.8647,-2.4890
10.948,-2.4232,-4.3695,-7.3350,-5.5387,-3.3959,-3.7821,-4.4983,-3.9541
10.952,-4.9008,-5.0357,-5.6460,-6.5329,-3.9417,-4.3536,-4.0147,-3.6386
10.956,-5.9176,-4.6385,-5.7332,-6.6498,-5.3474,-4.5081,-4.2880,-5.2162
10.960,-4.2061,-4.6233,-6.2285,-7.7176,-4.3429,-4.3805,-5.9943,-4.7932
10.964,-4.8992,-6.0153,-7.0573,-7.5118,-6.1805,-6.8794,-5.8179,-7.0744
10.968,-6.0171,-5.4571,-6.4488,-7.8649,-7.8234,-6.9351,-6.7630,-5.8975
10.972,-6.0353,-5.0815,-6.4598,-6.9060,-9.1263,-8.0682,-7.3530,-7.5854
10.976,-4.3657,-5.7217,-6.5397,-7.5126,-8.2279,-8.6779,-8.4907,-6.0908
10.980,-3.7778,-4.0647,-8.0855,-6.1542,-8.9177,-8.7657,-8.5040,-5.9260
10.984,-4.6041,-3.7510,-6.3834,-7.2504,-7.8841,-9.6193,-7.0557,-6.4873
10.988,-2.4719,-3.2632,-3.4284,-5.6973,-6.5747,-6.3081,-6.5895,-4.7713
10.992,-2.7280,-2.2093,-4.5785,-4.8773,-5.0170,-5.9080,-5.1172,-3.6594
10.996,-0.4008,-1.5169,-2.4076,-4.2098,-4.2235,-2.6060,-3.1760,-3.3536
11.000,0.4852,0.0919,-1.1096,-2.1773,-1.0622,-2.0812,-1.7920,-0.8526
11.004,3.1746,1.1546,-0.1400,-0.1659,0.8126,-0.0413,-0.4160,0.7123
11.008,4.2507,3.9132,2.2710,1.5226,2.1195,3.4546,2.9673,1.6816
11.012,3.3362,3.7236,2.6554,1.5846,2.4960,3.0152,4.0838,3.0362
11.016,4.5733,3.9498,2.4504,3.1804,4.8947,5.0085,2.6176,4.5693
11.020,5.2053,5.9492,4.8073,3.5166,4.8196,4.2704,3.1581,4.1944
11.024,4.7251,5.6188,4.2254,2.1452,2.9124,5.2310,3.8675,4.3319
11.028,5.3468,5.2704,4.6656,3.8071,2.9593,2.5810,3.9894,4.5308
11.032,3.9197,5.4928,4.1542,2.8437,2.1588,2.8420,1.8113,4.1807
11.036,6.0783,5.4265,3.4811,3.4467,1.9632,1.8638,3.3623,3.6021
11.040,6.8801,6.1403,4.6886,4.2630,1.8594,2.2646,3.6668,2.5067
11.044,6.0411,5.1380,3.7211,3.8166,2.3814,0.4949,3.2324,1.4946
11.048,5.8340,5.1398,3.5519,2.7892,1.6881,-0.3116,1.0511,1.3194
11.052,5.1856,4.1699,4.4314,3.7380,0.5339,0.8459,0.6714,2.1715
11.056,4.6973,4.8791,3.4811,2.6844,1.1384,-1.1034,-1.1464,0.5587
11.060,3.6096,2.9044,2.8567,2.9685,-2.3086,-0.5552,-1.8321,-1.9779
11.064,2.5153,3.2960,2.6496,0.8088,-2.9516,-2.3271,-1.6929,-2.9743
11.068,1.2181,1.7608,-0.2097,1.3413,-3.1057,-3.1415,-3.4816,-3.4831
11.072,1.4178,1.6388,0.2984,-0.2634,-4.3787,-3.1184,-4.3811,-4.2618
11.076,0.8502,-0.2712,-1.8444,-2.8746,-5.4683,-5.6817,-5.7233,-3.7361
11.080,0.0808,-0.6553,-3.3418,-1.5416,-6.3781,-5.3330,-6.1478,-4.6990
11.084,-2.3113,-1.9194,-5.0422,-2.2223,-7.0565,-6.5161,-3.3682,-5.9556
11.088,-1.6965,-2.4600,-3.6196,-3.2258,-7.9464,-6.6232,-5.3801,-4.7055
11.092,-3.3714,-2.9546,-4.1936,-4.6359,-4.0555,-4.6148,-4.4376,-3.0943
11.096,-2.0842,-2.5833,-3.2538,-5.2644,-4.7055,-3.3537,-2.0585,-2.7945
11.100,-1.5223,-2.7098,-4.0497,-3.6818,-1.2493,-3.1100,-1.7636,-0.7871
11.104,-1.4047,-3.0875,-3.9047,-3.2578,-0.5039,-1.3824,-0.7920,-1.2866
11.108,-2.3604,-2.3567,-3.3602,-3.8087,-0.2263,0.6706,-0.4271,0.3828
11.112,-1.4004,-4.6411,-5.2624,-4.2025,1.5657,-0.8195,0.1843,-0.0745
11.116,-2.8451,-2.7134,-4.2700,-3.2089,1.0960,0.6353,0.9174,2.0492
11.120,-2.6229,-3.4674,-4.9241,-5.1291,-1.5065,0.4161,-1.1890,1.3805
11.124,-2.7513,-4.5684,-3.8598,-5.3595,0.3431,0.1142,0.9552,0.6609
11.128,-4.7738,-4.6982,-5.1216,-5.3503,-0.3293,-0.4119,-0.6434,2.3575
11.132,-3.7702,-3.6675,-3.9951,-5.6109,-1.3338,-1.6601,-1.1203,1.2098
11.136,-3.9279,-1.9293,-5.5244,-4.3049,-3.1166,-0.6199,0.9630,-0.4260
11.140,-3.7054,-3.8136,-4.2116,-5.0423,-0.6235,-0.9757,-0.5896,0.1791
11.144,-2.5343,-4.5870,-5.1165,-6.2385,-2.2682,-1.8659,-1.4405,0.4531
11.148,-2.4235,-2.4939,-3.9072,-4.3126,-2.5328,-2.2074,-0.5532,-2.4009
11.152,-1.3170,-2.5602,-2.9366,-4.5010,-0.7688,-0.6984,-1.0295,-2.1122
11.156,-0.9251,-1.5284,-2.9596,-3.2015,-2.7312,-1.7426,-1.9341,-2.3693
11.160,-0.5894,-0.3003,-2.6734,-0.8883,-2.9005,-2.9536,-3.4635,-2.1501
11.164,-2.0085,-0.3295,-1.3867,-1.0338,-3.2527,-4.4424,-3.4078,-2.7374
11.168,0.5614,0.0548,-0.3875,-2.9806,-3.3191,-5.9151,-4.4437,-2.7326
11.172,1.3846,0.4313,0.2705,-1.5388,-5.6028,-3.4366,-5.3811,-4.4495
11.176,-0.0674,0.7621,-0.9305,-1.0291,-6.0738,-4.9499,-5.5547,-2.5100
11.180,1.2829,0.6570,-1.1829,-0.2178,-6.2939,-5.9575,-4.4783,-3.2337
11.184,2.2316,0.9997,1.7509,-0.6238,-5.6450,-5.3661,-4.4580,-1.9885
11.188,1.0957,1.7042,0.4763,-0.1115,-4.2284,-4.1180,-2.6848,-3.6626
11.192,3.2386,2.7591,3.5945,1.4834,-1.3405,-1.8552,-0.4950,-0.3684
11.196,2.9947,3.3795,2.8987,4.1388,0.2904,0.6515,2.0310,2.0645
11.200,5.4411,5.5632,4.6663,3.2644,0.9173,3.0189,0.8574,2.5717
11.204,6.9044,5.7762,3.8583,3.9595,4.3005,2.5177,3.1323,3.9591
11.208,7.9860,6.2367,5.6230,5.1867,2.5743,5.7870,4.3404,5.5184
11.212,7.9136,6.8865,5.4494,7.1856,7.5027,5.4201,5.9093,6.4013
11.216,6.8832,5.8629,4.9600,5.2788,4.6205,6.5456,5.8467,5.3535
11.220,7.2324,6.7859,4.0007,4.2636,4.8395,4.8525,6.7370,6.5757
11.224,4.3392,7.1684,5.6980,4.7863,3.4844,5.2892,5.0891,5.3018
11.228,4.4477,4.3210,2.5409,3.1402,3.8140,3.6319,5.8296,5.1430
11.232,3.7351,5.4316,3.3007,3.2194,2.5912,3.5895,4.3846,6.4051
11.236,3.6199,4.0913,2.0606,2.0565,2.7646,2.6888,4.5267,3.6385
11.240,2.7206,2.6601,2.1158,2.2638,0.8676,1.2121,2.0073,3.4306
11.244,2.5479,1.2358,0.1596,0.3928,1.9562,2.1359,1.7124,2.6168
11.248,1.0998,0.2142,-0.0107,-0.9789,0.3475,0.1093,0.3034,1.7140
11.252,-0.6595,-0.0088,-0.8235,-1.0172,0.6008,0.1452,1.3736,-0.3042
11.256,0.4843,-1.3792,-2.3877,-1.7491,-2.7591,-1.6902,-1.5505,-1.4792
11.260,-1.5285,-2.0733,-3.5316,-1.6682,-3.8304,-1.2263,-2.3784,-2.1899
11.264,-2.9441,-3.3537,-4.6715,-4.1733,-4.8144,-2.5081,-3.4563,-2.8956
11.268,-4.3743,-4.0112,-6.1195,-4.4034,-5.4885,-6.0855,-6.5197,-4.5273
11.272,-4.7116,-5.3578,-4.7583,-5.0922,-6.9015,-3.7028,-6.0708,-6.0454
11.276,-5.7655,-6.9895,-7.8595,-8.5253,-6.9280,-7.7196,-6.7064,-6.1302
11.280,-6.4059,-6.7623,-7.5799,-6.5473,-8.7501,-7.9160,-5.9861,-6.7148
11.284,-6.9257,-6.0812,-7.9647,-6.0898,-8.0555,-7.3800,-6.5725,-4.8606
11.288,-4.7928,-6.5298,-5.1858,-9.9493,-6.7624,-7.1697,-5.7425,-6.9145
11.292,-6.7326,-6.1895,-7.5382,-8.0226,-6.7321,-5.2888,-4.8655,-5.3000
11.296,-3.3591,-5.8249,-4.1852,-6.6862,-3.8810,-5.1631,-3.2448,-2.9368
11.300,-3.7399,-4.9969,-5.5483,-4.6910,-2.0115,-2.5940,-0.6231,-0.9484
11.304,-2.7897,-3.3681,-5.2630,-5.6445,-2.4637,0.7366,-0.5096,0.1613
11.308,-4.3092,-2.6057,-3.1921,-3.1394,2.2350,-0.0094,0.7231,1.5387
11.312,0.0783,-3.0365,-2.9126,-2.7972,1.2759,1.9212,1.2651,3.0434
11.316,0.3890,-2.8812,-2.4412,-0.2111,1.6421,2.0240,2.4702,3.6209
11.320,-0.1524,-1.9170,-1.2827,-2.4162,2.4928,2.5468,3.5052,2.6177
11.324,-0.0356,-0.0970,-0.9673,-1.3883,1.1605,2.6355,3.0290,3.8144
11.328,2.2684,1.7931,0.1219,-1.2730,0.6695,1.8384,2.5621,3.6698
11.332,0.5968,0.4955,0.4289,1.1768,2.1960,1.2596,1.3194,4.0787
11.336,1.1811,0.9513,0.1049,0.5166,1.0642,0.8297,2.9971,4.9682
11.340,2.8268,1.0070,0.2859,-0.4019,2.7006,0.7346,3.0045,3.5590
11.344,3.0437,1.3857,3.4608,-1.4643,1.6565,1.5906,4.1289,2.8845
11.348,2.1348,4.2338,2.7659,2.5663,1.2604,3.0372,1.5458,1.7177
11.352,3.9791,4.6444,3.0083,3.6626,1.4517,1.0567,1.9770,2.0364
11.356,6.1400,5.3763,3.1171,4.9459,0.8906,0.7590,1.3085,2.5592
11.360,3.2436,4.2963,3.7390,1.8909,-0.8750,-0.0345,0.4016,0.5024
11.364,3.8208,2.3844,5.2538,3.7345,0.6059,-1.5480,-0.5480,-0.2884
11.368,4.3102,4.9536,1.7890,3.3651,-1.6694,-1.2593,-2.0705,-0.4914
11.372,4.5849,3.1497,2.9854,1.9311,-2.1001,-2.1634,-2.4424,0.8055
11.376,4.1122,2.6027,1.1181,0.9800,-2.3146,-4.3979,-1.2241,-0.7148
11.380,3.0349,3.0426,2.2908,2.0155,-3.7805,-3.6981,-2.4067,-0.9844
11.384,5.6193,3.5095,2.1140,2.2459,-2.8654,-3.1162,-1.3995,-0.5005
11.388,3.5184,1.9948,3.1686,2.0780,-2.4352,-2.5125,-1.5867,-0.9427
11.392,3.4729,2.9138,2.0216,2.6317,-2.0081,-3.0141,-0.0718,1.6993
11.396,3.0699,3.1433,2.4017,1.1673,-1.1569,1.6001,1.5248,2.1540
11.400,3.7083,4.1839,2.7030,2.3202,2.2598,3.0580,0.6715,2.8073
11.404,2.8455,3.9549,2.3170,2.1995,2.5486,2.3877,3.5121,2.7493
11.408,4.0646,2.3672,2.2477,2.9232,3.9017,5.2719,5.7329,4.6545
11.412,3.8440,2.4716,1.3279,1.4223,4.6685,4.3993,5.5328,6.2186
11.416,0.7537,1.6385,-0.9322,1.8527,3.1098,3.9607,4.6618,4.3614
11.420,1.9667,-0.2975,1.1919,1.7150,4.3336,3.9927,4.1896,6.9325
11.424,0.0297,0.7923,-0.9507,0.1199,4.4427,3.1398,4.2525,5.9422
11.428,-0.8152,0.5212,-1.3990,-2.0529,2.4781,3.7178,3.3020,3.3433
11.432,-1.0636,-1.8310,-2.0416,-2.0357,0.9292,1.4869,4.1806,3.8216
11.436,-2.4820,-3.3429,-2.4882,-2.0038,1.5160,0.7729,2.8969,2.2800
11.440,-4.7214,-4.1296,-3.9221,-3.6965,0.7994,1.6129,0.7665,1.8317
11.444,-3.7929,-3.9790,-3.7365,-3.3165,1.1300,0.7136,0.8427,0.5860
11.448,-4.7757,-3.5439,-4.7016,-3.5326,-1.9436,-1.1157,-1.4198,-0.2377
11.452,-3.7254,-4.9400,-5.5371,-4.3764,-1.6639,-0.8859,-1.0361,-0.6383
11.456,-3.8090,-5.7404,-6.1052,-7.3299,-2.7739,-3.1619,-2.2548,-0.9508
11.460,-4.0602,-5.5764,-6.4665,-5.4631,-1.9432,-2.8964,-2.6032,-1.5267
11.464,-4.5162,-4.2912,-6.7051,-6.0965,-5.0378,-2.5426,-4.7151,-4.4826
11.468,-4.4700,-5.7411,-8.4888,-6.7468,-6.6267,-6.0851,-4.6497,-4.1825
11.472,-5.7400,-5.4388,-7.3404,-5.5443,-6.8623,-6.2233,-5.2814,-5.1564
11.476,-3.7857,-7.1941,-6.8689,-6.2571,-6.4574,-6.9096,-5.3398,-4.3661
11.480,-4.6540,-4.3753,-5.5136,-5.4145,-6.7644,-6.4430,-5.3251,-3.7318
11.484,-3.3962,-5.1451,-4.9730,-3.5647,-7.4696,-6.0070,-3.6334,-3.8481
11.488,-2.8248,-2.9406,-4.5560,-4.6008,-5.5565,-4.3972,-2.5799,-3.2898
11.492,-1.0795,-2.9130,-2.4703,-2.8057,-2.5233,-1.9578,-1.1834,-1.7278
11.496,-0.3036,0.2739,-0.9449,-0.5930,0.2560,-0.4796,-0.4383,-0.2753
11.500,2.1258,1.9001,-0.0391,-0.3707,0.2369,0.3318,-0.5374,2.3657
11.504,2.8329,1.9656,1.5558,1.2894,2.1615,2.3491,2.9444,2.3137
11.508,3.4728,3.8906,4.0740,1.9410,5.5064,4.5678,4.5781,6.8215
11.512,3.7751,4.3672,3.9263,3.9048,4.8168,5.7416,6.2365,6.7235
11.516,4.8275,5.1545,4.3670,3.8648,5.2660,6.8738,6.3352,9.0147
11.520,6.2032,4.4222,4.8177,6.4895,8.1115,6.4288,7.4640,8.3489
11.524,6.7093,4.3902,5.3594,5.6636,7.2053,5.2178,7.5923,6.8810
11.528,6.0611,6.9779,5.8297,6.0277,5.0994,8.2747,8.3014,7.3100
11.532,5.1457,5.7288,3.5634,6.0876,5.5641,6.0235,6.1484,7.6944
11.536,4.9071,6.4883,5.9701,5.6075,5.3194,4.3368,7.0849,6.4160
11.540,7.2443,6.6981,5.9228,5.8423,3.6689,5.4482,5.9815,6.4207
11.544,6.3051,6.0687,5.6940,4.5355,3.7614,4.4864,4.4239,6.0535
11.548,6.3294,6.6383,4.2599,5.7585,3.7756,3.3908,4.3690,5.6022
11.552,4.8686,5.5748,5.5792,2.9289,1.8185,3.7742,3.9424,3.5990
11.556,5.1032,5.8193,4.8414,4.8515,3.1159,2.5133,3.1583,3.0481
11.560,3.1440,2.9024,4.6306,4.9661,0.4931,1.5190,0.6365,0.8230
11.564,3.7706,4.7627,3.6567,2.9497,0.5193,-1.5337,1.1457,0.4416
11.568,3.6930,2.7155,1.7952,1.1374,-2.4206,-2.1401,-0.3590,-0.9776
11.572,0.5405,2.2426,0.8672,0.7259,-2.6948,-1.5566,-1.9964,-1.4574
11.576,0.4521,-0.3657,0.2153,0.3536,-3.9420,-3.4264,-2.4301,-3.5640
11.580,-1.0892,-1.8390,-1.5014,-0.7956,-4.2391,-4.4436,-3.3318,-3.6702
11.584,-0.8787,-1.7117,-1.4286,-0.8206,-4.1448,-5.7269,-2.7702,-2.6853
11.588,-1.6594,-1.6862,-3.6214,-1.7245,-5.3999,-3.0254,-1.8962,-2.0586
11.592,-2.3075,-1.8623,-4.6935,-2.4898,-2.5198,-2.5082,-0.8724,-0.9941
11.596,-3.2009,-1.9315,-3.9461,-2.8219,-1.4843,-1.4960,-1.0482,-0.0562
11.600,-3.2758,-2.3997,-3.6854,-2.8890,1.1521,-0.2094,0.6866,1.2749
11.604,-2.3660,-1.7911,-2.3711,-1.7004,1.6697,1.9223,2.2561,0.0780
11.608,-0.1296,-1.2080,-1.3695,-2.5921,1.8457,2.5729,3.4683,2.5591
11.612,-3.0827,-2.8067,-3.1368,-1.3423,2.3571,4.3430,4.9322,4.3328
11.616,-3.4327,-1.4974,-2.0174,-1.6093,5.1577,4.8082,2.5888,6.2073
11.620,-3.2605,-3.0359,-3.2812,-2.6644,1.9499,4.9573,3.9946,4.9505
11.624,-4.0100,-4.7304,-3.2764,-4.0594,3.4378,3.3235,5.3954,4.6480
11.628,-3.5962,-3.1173,-2.8812,-4.1362,3.8704,2.2873,2.4716,4.9375
11.632,-2.0937,-2.7705,-4.4349,-3.6836,0.8338,2.5236,2.9936,3.1688
11.636,-3.8494,-4.5080,-3.2670,-3.5677,2.2044,1.3747,2.8145,2.6740
11.640,-3.8661,-3.5299,-2.6386,-2.2109,0.9823,1.8532,2.2966,2.8280
11.644,-3.5488,-1.5327,-1.7350,-2.4120,-0.5581,-0.4345,2.9465,4.6443
11.648,-1.3745,-2.4014,-2.8905,-2.9382,-0.0056,-1.0337,1.0020,2.0908
11.652,-2.2039,-0.8016,-1.0569,-1.0550,1.5949,0.6617,0.9144,2.0710
11.656,-1.3290,-0.6922,-1.3727,-2.0603,0.4137,0.1658,-0.1252,1.8828
11.660,-0.6009,-1.2525,-2.0469,-0.5887,-0.9090,0.6244,-0.6085,-0.2436
11.664,0.1000,-1.4651,-0.9401,-1.1740,-1.9639,-0.6752,-1.1056,-0.3616
11.668,-0.5046,0.1931,0.1618,-1.2489,-2.6006,-1.5954,-0.9294,-1.4883
11.672,-1.5481,-0.2092,-1.0208,0.9249,-3.1134,-2.4265,0.0636,-0.6850
11.676,0.2331,1.4197,0.3205,-0.4730,-2.4541,-3.1189,-0.9360,-2.3010
11.680,1.5768,1.0048,1.0591,0.9459,-3.7542,-3.2442,-0.2492,-0.1981
11.684,1.8074,1.5010,2.2207,0.0275,-4.4032,-1.4474,0.0978,0.7561
11.688,2.3845,3.3793,1.5642,3.5977,-0.5480,-2.5396,-1.1430,0.7311
11.692,4.4708,2.3049,2.5544,4.3824,0.3867,-0.3982,2.3179,0.9242
11.696,5.3903,3.4843,5.0309,5.5249,2.5710,2.4300,4.1311,2.4199
11.700,6.0297,4.8395,5.0491,5.5322,5.0165,4.6822,3.9860,5.2369
11.704,6.5320,5.6985,5.7399,6.9258,6.4610,6.5206,6.3869,7.1236
11.708,6.2207,6.5325,7.2356,6.3707,8.9543,6.9849,8.1872,7.7029
11.712,8.0641,7.4102,7.5760,8.2022,7.5172,7.9783,7.6112,9.4653
11.716,6.2026,7.5601,6.5079,7.2995,8.6375,8.6002,10.1345,9.6305
11.720,8.0064,8.2281,5.4904,7.7746,9.0207,7.2628,10.3813,9.6920
11.724,6.2188,6.3469,5.3570,6.5633,8.2097,7.9814,7.8178,8.3392
11.728,5.8478,5.2892,5.4100,4.9403,4.9329,7.4318,7.8418,7.2596
11.732,6.3984,5.2273,5.2011,4.3321,6.9503,5.9136,7.0883,8.0120
11.736,4.7492,4.7100,3.9183,4.2066,4.8239,4.7284,7.1607,7.6685
11.740,2.5771,3.1968,4.1747,2.7228,4.7889,4.7429,5.2231,7.3396
11.744,3.6707,1.5391,3.3563,2.1803,4.9305,4.5509,5.6364,6.5381
11.748,1.4655,1.3682,1.7407,1.7163,1.5891,3.3839,2.7151,2.7341
11.752,0.8562,0.4195,1.1081,2.0428,1.9626,2.5769,1.8659,4.3437
11.756,-0.2204,-0.4947,-0.5855,0.9390,-0.0300,0.0907,1.1315,0.2051
11.760,-0.9186,-1.5389,-1.1322,-1.4741,0.3963,0.2150,-1.0896,1.2979
11.764,-1.6231,-1.1608,-2.1741,-2.5457,-2.2834,-2.5062,-1.4690,-1.8347
11.768,-4.2694,-3.1109,-2.8956,-3.1819,-3.1004,-2.9084,-2.2875,-3.4928
11.772,-5.2607,-3.8913,-5.0950,-5.1299,-4.4510,-5.3589,-4.3075,-2.7219
11.776,-5.8620,-5.5894,-6.0169,-5.7146,-3.8045,-6.0094,-3.8146,-4.0913
11.780,-5.3394,-6.1238,-5.9087,-5.9977,-3.7562,-5.7353,-3.9129,-4.3802
11.784,-6.5736,-6.6956,-3.8765,-6.4235,-5.9676,-4.3337,-4.1180,-3.4765
11.788,-4.9133,-6.3463,-5.0866,-5.4799,-4.8350,-3.1105,-3.2876,-2.7823
11.792,-4.8843,-5.6588,-3.6846,-4.9282,-4.4987,-3.4535,-1.9644,-1.3904
11.796,-4.4687,-4.7078,-4.8560,-3.3001,-2.0983,-0.4093,-0.0543,-0.6285
11.800,-4.2429,-4.8580,-2.9361,-4.2368,-0.0777,0.8196,0.8530,1.2277
11.804,-3.6794,-2.9824,-3.6697,-3.9275,2.1016,2.6381,4.0851,2.2837
11.808,-1.7609,-2.3271,-3.0569,-2.1487,3.6664,2.5182,4.3949,5.0419
11.812,-1.5143,-2.7606,0.3297,-0.6245,5.9148,5.0323,6.2476,6.0709
11.816,-1.2009,-0.2406,1.6469,-0.9489,6.2525,6.1634,6.4037,5.1156
11.820,-0.1634,-0.0149,-0.8053,0.8750,5.5613,5.4355,7.4158,6.8347
11.824,-0.3383,-0.2386,1.0445,0.7646,5.7744,6.0370,5.9034,7.1585
11.828,0.9174,1.5010,1.2260,0.7387,4.6670,5.3825,6.7297,9.3227
11.832,2.0606,1.8442,0.2944,2.6609,4.6969,5.4034,6.2949,8.3315
11.836,1.3729,2.3086,1.7113,0.8963,2.6890,4.8942,5.3998,6.5284
11.840,3.7114,2.2960,2.6416,3.5624,2.6773,5.8134,7.8922,5.3595
11.844,3.7398,3.7135,5.1192,3.0280,3.2954,4.4848,5.3597,6.1371
11.848,3.1850,3.0113,4.9946,3.5313,3.6180,4.1042,5.7987,4.2240
11.852,3.2592,5.0839,3.6646,3.7600,3.2883,4.7952,4.3235,4.2267
11.856,4.6213,4.4008,6.0482,6.6613,4.1377,4.5941,3.9507,4.0412
11.860,5.2638,4.0654,4.5971,5.0819,1.6819,3.6300,2.5588,1.4686
11.864,3.8030,5.4548,4.8498,4.3899,1.1824,2.4391,0.6292,2.1960
11.868,4.3204,4.4611,6.6663,4.5561,1.9184,2.1156,2.0239,1.3361
11.872,5.1614,5.1518,5.7400,5.2734,-0.6320,-0.3286,1.2368,1.4314
11.876,3.9744,4.4970,5.5822,2.9453,-0.9884,0.9917,1.0493,0.4814
11.880,4.0246,2.7600,4.3843,4.0849,-0.5889,-0.3685,1.1096,0.4907
11.884,3.3087,3.6810,4.8489,4.9061,-0.8065,-0.1108,-0.4586,-0.5099
11.888,3.7500,3.5087,3.0370,4.8320,0.7213,0.7509,1.2773,1.3543
11.892,2.8761,4.3343,3.5861,5.1343,1.0543,1.0959,1.4858,3.3923
11.896,2.8175,4.7648,2.8063,4.2856,2.4360,3.5391,4.3150,5.2240
11.900,4.9445,3.5454,4.4831,5.5307,4.7672,4.1504,6.0224,5.0738
11.904,5.1107,3.6266,4.9749,5.7720,6.9781,7.7439,6.0946,6.6718
11.908,4.2139,4.9616,4.5852,5.4350,6.0242,6.5907,7.5248,7.7426
11.912,3.8641,3.1441,3.8335,5.6712,8.7663,8.5608,8.9388,9.3751
11.916,4.4407,2.1985,2.9068,3.5079,6.1241,8.2044,8.2696,7.6816
11.920,0.7191,3.3238,2.1224,2.8388,6.4510,7.9646,8.5686,9.0984
11.924,-1.0875,1.7997,0.6932,3.3716,8.2807,7.1936,9.3630,7.3814
11.928,-0.2518,-0.0225,0.1507,0.9900,4.8083,3.5215,7.2265,6.4790
11.932,-1.5230,-0.0646,-0.1060,0.5707,3.5851,4.2378,4.7827,5.1449
11.936,-2.0167,-2.4082,-1.1855,-0.1482,3.1680,5.3117,4.7449,4.9506
11.940,-2.3513,-2.8334,-1.7987,-0.5030,3.5155,2.6304,3.9390,4.1428
11.944,-4.0806,-4.0676,-2.4033,-3.4810,2.0206,2.2256,2.9068,2.8847
11.948,-2.3325,-4.1277,-1.6630,-4.4234,1.3293,1.7342,2.1976,2.0753
11.952,-3.3542,-4.7047,-3.1759,-0.9323,1.2357,1.3106,1.3223,2.5021
11.956,-3.9673,-4.3344,-4.6079,-4.9121,0.5001,0.8946,0.3422,0.2998
11.960,-4.1954,-5.9062,-3.5075,-4.6760,-0.6535,-0.9541,-0.9399,-1.6937
11.964,-3.0356,-4.9258,-3.4795,-3.6963,-1.6478,-2.7754,-3.8556,-0.7920
11.968,-5.2226,-4.5911,-5.0432,-4.4279,-3.1694,-3.5834,-3.0294,-2.0832
11.972,-4.3400,-5.6041,-4.0505,-3.9301,-4.5809,-1.9348,-3.0046,-2.7671
11.976,-3.1165,-4.8067,-6.0811,-2.8415,-5.1646,-3.1371,-3.0914,-4.4999
11.980,-4.6842,-5.4338,-4.1673,-3.3274,-6.2457,-4.1630,-4.1063,-2.5153
11.984,-3.6993,-3.5716,-3.0966,-3.7811,-5.6033,-2.8388,-1.5938,-3.3064
11.988,-2.1868,-3.6819,-1.5680,-1.5871,-2.1569,-2.4288,-1.2774,-1.2743
11.992,-1.0550,-1.5589,-1.0368,-1.9646,-2.3112,-0.9650,-1.3267,0.7028
11.996,-0.2451,-0.9399,1.0978,1.8805,-0.8863,0.7288,2.7830,2.1685
12.000,1.5637,3.0373,2.6303,2.0350,2.0881,3.3580,4.2131,3.9354
12.004,2.8427,2.4790,1.1661,3.1152,4.8028,5.4027,7.6911,4.9431
12.008,3.6617,3.3845,4.9695,5.4834,8.5551,8.7200,6.1949,8.1151
12.012,5.3226,4.5704,6.4315,7.0931,9.1853,8.6939,9.0203,8.4204
12.016,4.6236,6.0396,7.0518,5.5734,10.2215,9.1259,10.0306,10.0532
12.020,5.9327,7.6879,7.5058,7.6779,9.2328,11.3378,10.9552,10.3726
12.024,8.3454,5.6906,8.1106,7.3499,9.9906,10.1354,9.9814,11.1436
12.028,7.4583,6.0065,8.6236,8.4880,9.5230,9.0550,10.4496,11.4508
12.032,7.5946,5.8985,7.5205,8.7619,6.9129,8.0554,10.2707,8.5569
12.036,6.8889,5.5576,5.9397,8.3029,8.1854,7.8591,9.5625,9.1493
12.040,7.8473,6.9454,7.7383,7.5482,7.3724,7.3375,9.1469,9.3728
12.044,6.1008,5.2496,7.7638,7.4940,7.4735,5.8323,8.3620,6.0693
12.048,6.5134,4.5118,7.9944,8.5438,6.3807,6.9706,6.3493,7.1834
12.052,6.2439,5.8479,7.0194,7.4576,4.8018,6.3915,6.2159,5.5875
12.056,5.3679,5.1752,6.5596,6.8126,6.0426,4.8608,4.3151,3.4716
12.060,5.0725,4.1866,5.8742,6.2168,3.8839,5.2117,2.1025,4.8542
12.064,3.5041,1.5285,5.5354,5.1459,2.7420,4.9134,3.9982,1.9399
12.068,2.7943,2.8491,3.4802,3.1978,0.6629,1.6362,2.7563,0.3099
12.072,2.6950,1.3226,2.3032,2.8235,-1.7608,0.4949,0.6909,-0.5532
12.076,0.2557,2.5169,1.2780,2.5261,-1.7897,-0.6781,-0.1686,-0.3047
12.080,-1.1838,0.2788,1.2126,-0.1051,-2.4281,-0.6952,0.5735,-1.5349
12.084,-1.2541,-1.5126,0.3579,1.0698,-2.9359,-1.3742,-0.1274,0.2773
12.088,-1.4619,-1.4599,-0.3971,0.6415,-1.5616,-2.1623,-0.8722,-0.2558
12.092,-0.9815,-2.5314,-0.1965,-0.9201,-0.9113,-0.5674,1.1314,0.9588
12.096,-1.5098,-3.2201,-1.5906,-0.7140,0.3912,1.0245,0.6448,3.6113
12.100,-0.9759,-1.1792,-1.9920,-0.5229,3.4418,1.8389,1.3044,3.3743
12.104,-1.7675,-2.0801,0.3061,0.2748,4.3240,4.9542,4.4883,3.6369
12.108,-2.1070,-1.1532,1.0026,0.2232,5.3264,5.1335,4.9950,3.8892
12.112,-1.4587,-1.7115,-0.0250,0.1407,5.4092,6.6021,5.3300,6.3982
12.116,-1.2497,-1.6542,-0.5662,0.4716,6.2150,7.9278,7.3630,6.1510
12.120,-1.6902,0.1059,-2.5452,-0.7148,7.0623,6.5228,6.2531,5.9730
12.124,-2.8918,-2.7081,-0.8816,-0.0189,5.8960,7.7103,7.2346,5.6761
12.128,-1.9040,-5.0634,-2.2172,0.8935,4.1422,4.3237,5.6445,6.5921
12.132,-2.3312,-2.7744,-1.0262,-1.3425,4.3519,4.3093,7.1393,7.6067
12.136,-3.1457,-2.9314,-0.5478,-0.6943,4.5104,3.3971,5.3451,5.1261
12.140,-1.6308,-1.8213,-2.8861,-1.5499,3.5929,4.6942,4.8630,3.9864
12.144,-0.4653,-3.0575,0.4970,-0.3563,3.1734,4.4591,3.9512,4.9916
12.148,-1.4037,-0.8788,0.3824,1.0236,2.1554,3.1144,3.0389,5.1863
12.152,-1.4373,-0.9142,-0.1794,1.5984,1.6466,2.2393,2.8190,4.1321
12.156,-2.2457,0.7434,0.0309,0.4044,2.5228,3.0508,2.5021,1.5840
12.160,0.2901,1.4275,1.6623,1.3740,2.7855,2.5171,2.0058,2.9801
12.164,0.4538,0.3998,0.4405,2.4146,0.6882,0.8742,1.8939,0.7486
12.168,-0.8096,0.4105,-0.2180,1.8744,-0.8366,2.1303,-0.4876,0.3298
12.172,1.8744,2.1661,2.9032,1.2692,-1.9213,-1.7528,-0.1116,0.0025
12.176,0.6121,0.0242,2.2368,1.8635,-0.7721,-1.8823,-0.6801,-0.7626
12.180,1.0149,2.4800,3.0958,3.8778,0.5193,-1.6788,-0.3214,-1.1715
12.184,2.6684,2.8638,2.8210,3.4395,-0.1390,1.0478,1.6684,1.6888
12.188,3.9769,2.7838,2.9280,4.3427,0.2130,0.7135,0.8772,1.5821
12.192,4.1813,4.5565,4.9958,6.5979,1.2613,1.9402,4.1480,3.8092
12.196,6.7254,6.9051,7.0537,6.8041,3.8764,4.5469,5.4049,4.5581
12.200,6.3819,6.8211,6.6879,8.1940,5.0315,7.7490,5.7637,7.4953
12.204,7.6722,6.4452,7.7412,9.1667,7.8048,7.2182,8.1690,8.7043
12.208,7.0674,8.0955,9.1475,10.0108,11.4811,10.8027,10.5138,9.3835
12.212,7.3763,6.8704,8.5160,9.9680,10.4547,10.2006,12.2769,10.9814
12.216,9.5930,7.8989,8.6493,9.9409,10.4273,12.0133,10.4082,10.7254
12.220,7.7350,7.4773,8.3431,8.9706,10.2982,10.2126,11.5224,12.0417
12.224,7.9618,5.8948,8.5133,9.3910,9.7584,11.5236,11.0080,10.4780
12.228,5.8981,5.9574,8.3700,8.7527,9.2848,9.3975,12.0103,10.6670
12.232,3.6268,4.9748,7.6454,6.5558,9.2921,7.2224,11.2152,11.1194
12.236,5.1708,3.9211,6.3149,6.0954,7.0225,8.1883,8.5163,9.3330
12.240,3.7370,3.9961,4.1460,5.0178,6.4306,5.1256,7.7388,8.0272
12.244,3.8263,2.9342,5.0433,4.7832,4.4610,5.6183,7.0773,7.4555
12.248,2.8099,2.7922,2.9511,4.2401,6.1169,5.2032,6.3670,5.7464
12.252,1.1251,1.0483,2.3844,2.3351,4.4729,5.2392,4.9587,4.3165
12.256,-0.5669,-1.2029,-0.0658,1.5956,2.8075,3.9545,2.7981,3.0042
12.260,-0.2841,-1.0053,-0.0214,0.5943,1.5105,1.7517,0.3691,1.5891
12.264,-2.0835,0.1142,-0.1756,-0.5673,0.2080,0.7278,-0.7332,-0.6335
12.268,-2.7864,-3.3855,-1.4526,-2.2400,-2.0580,-0.8337,0.1818,-2.4010
12.272,-6.2827,-3.1565,-3.0533,-1.2721,-3.2311,-1.8927,-1.6764,-2.5411
12.276,-3.8121,-2.5203,-3.4454,-2.1689,-3.5532,-4.9406,-4.0702,-2.2286
12.280,-5.1785,-5.2244,-5.7059,-2.8362,-3.8974,-3.5346,-3.5617,-3.0533
12.284,-4.9845,-4.9738,-3.6846,-4.4619,-4.3136,-3.7734,-3.1819,-3.5546
12.288,-5.7688,-3.9462,-2.8150,-2.9506,-3.8184,-1.7408,-2.8361,-2.7702
12.292,-4.6092,-4.9995,-4.7090,-3.0201,-0.8021,-1.0819,-0.9162,-1.1085
12.296,-6.1796,-3.0800,-1.9994,-2.4842,-0.6109,-0.1730,0.7699,1.3399
12.300,-3.8102,-3.2354,-1.1283,-0.4041,1.9685,2.1207,0.8612,2.6645
12.304,-1.8387,-1.6950,0.3830,-0.2142,3.1460,3.2906,2.5149,3.2550
12.308,-0.0115,-1.1364,1.5741,0.9219,6.6062,5.6409,5.3945,6.8699
12.312,-0.4926,0.5593,0.2868,2.0619,6.0223,9.2788,7.7445,7.9088
12.316,1.0801,0.0622,2.5566,3.0455,8.3116,8.5009,8.1356,8.1097
12.320,0.7658,1.1789,3.8065,3.3826,8.6438,8.5867,7.6533,8.2145
12.324,1.1346,1.5228,1.5731,3.2827,7.2759,8.5637,8.9883,9.5612
12.328,1.8264,2.2909,4.5399,3.2638,8.1514,7.8862,7.8769,9.3351
12.332,3.2227,2.4058,3.9417,4.3732,6.1611,7.3521,7.7662,8.2231
12.336,3.1176,3.1646,3.4684,4.2968,8.4827,7.3020,7.8917,7.6594
12.340,3.1518,4.6417,5.4675,6.0280,6.6148,6.8903,7.1824,8.4510
12.344,4.8488,4.3144,5.9056,5.6344,5.9311,6.3282,6.5037,7.5517
12.348,5.0032,5.4080,5.4175,7.0400,4.7023,5.3654,7.6232,5.2998
12.352,5.2079,6.2889,6.5646,5.6139,4.7051,6.8654,5.7136,5.2039
12.356,4.6122,5.5776,6.0259,7.0920,5.4405,4.7724,4.9678,5.3548
12.360,5.8403,5.4965,5.8131,7.0159,4.6124,6.7917,3.6459,2.8599
12.364,6.3103,5.7474,7.3586,5.5321,3.3234,3.8855,2.8651,3.7564
12.368,5.3932,3.9650,7.5478,7.1210,2.9749,2.9850,2.1800,2.6326
12.372,4.0571,4.1008,6.7932,7.1138,0.5443,3.1398,2.4270,1.4876
12.376,3.7794,5.8226,6.0086,6.3345,0.6941,0.0972,1.0385,0.9079
12.380,5.1976,3.9132,6.6448,6.3508,-0.1043,0.3232,2.2598,1.1501
12.384,6.1897,3.7050,5.2738,5.1010,1.2710,0.2337,2.6645,1.1425
12.388,5.1306,5.3682,6.0414,5.2442,0.0499,-0.0142,1.4287,2.3351
12.392,5.3642,3.7225,5.4281,5.7924,1.4911,2.2184,3.7446,1.2390
12.396,3.5190,4.9356,5.6444,6.5451,5.4218,4.2518,5.1157,4.0672
12.400,4.8704,5.3037,6.4768,6.6129,6.6466,6.7590,6.9820,6.2704
12.404,5.4415,4.3224,6.7763,6.0026,6.6778,6.5661,8.2336,6.8536
12.408,4.6590,5.5203,7.2742,6.4632,8.3360,8.1483,8.2117,8.9984
12.412,4.8251,5.1498,5.5145,6.5074,10.7527,10.1074,8.9097,9.8363
12.416,3.9977,3.7649,4.7444,6.2665,8.8182,9.3316,9.7272,9.2300
12.420,3.8424,3.4053,4.9240,4.3401,10.7185,10.2929,10.0625,9.3958
12.424,1.2001,3.3854,3.2057,4.2055,8.0361,9.0199,8.3426,8.5706
12.428,0.7913,1.2567,2.0538,2.6283,6.3878,7.3550,8.1019,6.9147
12.432,-1.2231,0.4967,2.1015,2.1749,6.3195,7.1554,7.1050,7.5009
12.436,0.3881,-0.0256,1.0676,1.3743,4.7572,6.1330,6.9161,4.5415
12.440,-1.4934,0.4926,0.4780,0.6895,3.1514,5.4910,4.6055,4.2998
12.444,-2.0319,-1.0680,-1.4365,-0.6703,2.9315,3.5651,5.8323,4.5361
12.448,-2.1566,-2.7192,-0.9497,-0.8510,3.5818,3.7087,2.3206,3.1015
12.452,-3.8325,-2.9259,-1.3315,-1.1598,2.0925,2.6885,1.0452,1.7242
12.456,-2.7559,-3.4931,-1.9004,-2.1149,1.8787,1.3251,1.2787,2.4385
12.460,-5.2205,-3.1151,-0.3902,-1.9067,-0.1204,0.4511,0.1391,0.3237
12.464,-2.9675,-5.0626,-4.0091,-1.7273,-0.9362,0.8093,-1.5915,-2.8575
12.468,-4.2186,-3.7721,-2.7085,-1.8852,-3.3765,-1.5622,-2.4064,-1.2062
12.472,-3.6147,-3.3669,-1.5863,-1.4941,-2.9957,-3.4273,-3.9441,-2.1739
12.476,-3.7139,-3.2634,-1.8881,-2.9197,-4.5371,-2.4981,-2.3990,-3.2839
12.480,-3.8828,-4.5613,-2.2647,-3.1065,-3.0068,-2.9272,-3.3838,-3.7119
12.484,-4.0752,-4.2710,-2.0632,-0.7586,-2.7912,-3.3963,-1.4382,-3.1851
12.488,-1.0291,-1.3929,-0.5908,0.4135,-0.3340,-1.3885,-1.4004,-0.7875
12.492,-0.2477,-1.2570,-0.5504,1.0351,1.4773,1.0865,-0.3778,0.8165
12.496,0.4434,1.3830,3.5228,2.5465,4.3536,2.8276,3.4339,1.7426
12.500,3.2262,0.7543,3.0530,4.7119,5.7695,4.1175,5.2622,5.2083
12.504,3.3104,4.8988,6.3198,4.5969,7.3133,7.6671,6.6161,5.1240
12.508,5.8243,5.6704,7.2031,7.1696,9.3843,10.0364,7.2268,7.5565
12.512,5.5349,7.1800,6.7820,9.0765,9.7569,9.1948,10.7486,8.1149
12.516,6.6192,6.2583,7.4109,8.7139,11.2259,11.4852,11.1756,10.7823
12.520,8.1553,7.9986,8.3584,8.8282,10.9043,10.9482,11.0811,10.4994
12.524,8.0856,7.5233,10.3162,9.8007,10.2135,11.2008,9.4701,10.1979
12.528,6.4202,6.0682,10.1845,8.5895,12.0114,10.4769,10.6192,11.2979
12.532,8.2837,8.2219,8.6984,9.2979,9.5590,10.0046,9.4513,10.0187
12.536,7.6768,8.2987,10.3272,9.1767,10.1270,11.1016,10.8788,9.4564
12.540,8.6767,7.9783,9.3890,11.4324,8.9586,9.9997,10.2666,11.3254
12.544,6.9379,8.1425,10.0603,10.1951,8.4956,8.9208,7.4734,8.3527
12.548,7.9488,7.9102,7.8218,9.7288,7.1738,7.0943,7.0734,7.2508
12.552,6.8549,8.4471,10.7842,7.5089,7.9771,6.5514,4.6738,5.1408
12.556,7.7847,6.7935,7.3410,10.0027,5.5619,6.2722,4.4560,3.7913
12.560,5.6203,6.6318,6.9755,8.4228,3.6656,4.1387,2.1405,3.7461
12.564,5.0024,5.9071,6.2228,7.8862,4.1390,1.8368,2.6291,1.8248
12.568,2.5708,3.4308,4.5504,6.7336,0.6410,0.7915,0.6414,0.3970
12.572,3.3336,2.8413,5.1115,4.4692,-0.4105,-0.0794,0.7677,1.6740
12.576,2.4194,1.5260,4.7742,2.7077,-1.6922,-0.4410,0.2652,-0.3513
12.580,0.5785,1.1526,2.6661,1.6017,-1.6822,-2.7057,-0.1414,-0.8927
12.584,-0.0235,0.0566,0.8994,2.9279,-0.9702,-2.2547,-0.2879,-1.9926
12.588,-1.5368,-0.9542,2.3241,1.3336,-1.1202,0.7890,1.1842,-0.7900
12.592,-0.2706,-0.5906,2.4969,0.3640,0.8661,0.6406,0.5838,1.1956
12.596,-0.4001,-0.7585,1.2395,1.1548,1.7990,1.3792,1.1973,0.5976
12.600,0.3660,-0.7961,0.9399,0.7201,4.6579,4.4611,4.3062,2.9360
12.604,0.4210,-1.0831,2.7411,1.1715,6.1871,5.3675,5.9659,4.5226
12.608,-1.8655,-1.3825,1.3274,1.4588,6.5341,7.2807,5.7410,4.3370
12.612,0.2941,0.9771,0.9230,2.3211,7.1106,6.4214,7.4367,7.3215
12.616,0.0785,0.0208,1.9237,1.7724,5.9255,8.9393,7.5672,6.3597
12.620,-1.2744,-0.9498,-0.1694,1.0619,8.9196,7.6877,6.6824,7.6858
12.624,0.2649,-0.3373,0.4876,0.3800,7.3282,6.6998,7.0398,5.5432
12.628,-0.9841,0.0473,-0.7412,2.0259,7.2653,6.4649,6.9656,7.1524
12.632,-3.4778,-0.9597,0.4764,-0.1440,5.4758,4.8905,7.5937,5.7042
12.636,-1.2764,-0.8237,-0.1177,-0.3466,4.4003,6.0051,4.7938,3.2096
12.640,-2.9715,-1.4659,0.3105,-0.2853,5.4205,4.0693,5.7261,4.5043
12.644,-0.4392,-0.6162,-0.4861,1.3918,4.3493,4.0614,3.5889,4.0233
12.648,0.0505,0.3186,0.2120,1.4623,3.2580,3.9001,4.6698,2.2434
12.652,0.9255,0.5620,2.8882,1.5001,3.6441,3.2498,3.3872,2.0884
12.656,1.1584,0.6383,3.6765,2.6681,2.7223,2.2926,2.0927,2.5386
12.660,-0.1457,-0.1288,0.7202,1.4415,2.4654,1.9082,1.3772,-1.2587
12.664,1.4405,1.3721,3.7693,2.9132,0.4704,0.0016,-0.3780,-0.7049
12.668,0.5037,2.4648,2.6398,2.3947,1.3513,-0.5670,-0.1588,-1.0608
12.672,0.8969,1.5676,3.2334,3.0108,0.3154,-0.9276,-0.5578,-2.1724
12.676,1.6627,2.1295,4.8120,3.8816,-2.3902,-1.9901,-0.1703,-0.6054
12.680,2.0740,4.3648,3.6032,4.1549,-2.3830,-1.3437,-1.5963,-1.4189
12.684,1.6069,3.4163,6.0169,6.2382,-0.0765,-0.7155,-0.5805,0.9621
12.688,4.0192,4.3873,5.6212,7.1824,0.4487,0.5896,0.4633,0.7310
12.692,4.7551,4.8469,7.2478,7.0683,1.3992,3.0752,2.9159,2.1409
12.696,6.9787,7.0952,6.8022,6.7118,4.1768,5.5400,3.2630,4.9586
12.700,8.5390,8.9886,8.7007,9.6345,6.8437,7.5161,6.5945,6.1565
12.704,8.8124,8.8536,9.9586,8.9651,7.8180,9.3899,9.5704,7.7802
12.708,11.1870,9.5825,8.6459,9.9208,9.0156,11.0927,8.5667,8.2700
12.712,8.1202,10.4114,10.6011,10.7086,11.8400,12.4781,10.5348,10.2712
12.716,9.8419,9.6841,11.0261,11.6256,10.9818,12.2405,11.8986,11.6313
12.720,9.7208,8.2373,9.3964,9.9053,11.1328,11.0670,11.5973,11.5061
12.724,9.2273,10.3299,10.4278,9.7279,11.4499,11.2520,9.7387,10.9549
12.728,6.4974,8.0544,10.5996,8.5693,9.7958,10.8777,11.0735,10.1844
12.732,7.4481,7.8213,9.2045,8.0381,10.5225,9.8088,9.3465,10.5770
12.736,5.5272,6.4118,6.9179,8.3824,8.4425,6.7717,7.6666,9.2234
12.740,5.7964,5.9503,6.1866,5.8415,6.9238,7.7964,6.7808,7.6465
12.744,4.0956,4.3578,4.9377,5.5686,7.8820,6.0707,6.3630,5.1284
12.748,4.0181,4.2234,6.1144,5.0969,5.1627,6.1636,6.3029,4.2637
12.752,2.9577,1.6263,2.9316,5.0968,3.5989,4.8232,3.0467,3.9595
12.756,-0.4440,2.4231,1.5612,2.5565,2.0244,3.3186,2.8761,2.0768
12.760,0.5181,1.3669,2.2186,2.3211,1.8347,1.5085,2.5141,0.9862
12.764,-1.8716,-0.6715,0.3524,0.6461,1.2875,0.1451,-0.6118,-0.4892
12.768,-2.8159,-2.2009,-0.0773,-0.5974,-0.6521,-1.1010,-1.7173,-3.0222
12.772,-2.8645,-3.3181,-2.6835,-1.0391,-1.7808,-3.3770,-2.4093,-2.6053
12.776,-2.7588,-4.1493,-1.7234,-1.6734,-3.4094,-4.3848,-3.6930,-5.3489
12.780,-4.5412,-4.7398,-3.6172,-1.5015,-4.5209,-4.0309,-4.4528,-4.1454
12.784,-4.6275,-4.9756,-3.1914,-2.5813,-4.0711,-4.0861,-3.6358,-4.4041
12.788,-3.2653,-3.3044,-1.8748,-1.2070,-2.5986,-3.2107,-2.9572,-3.8010
12.792,-3.9662,-3.9242,-1.7275,-3.1768,-1.7245,-1.1881,-0.3498,-1.5907
12.796,-1.9238,-2.8990,-1.2621,-2.1115,0.9271,0.6631,-1.8861,-1.1838
12.800,-1.0808,-1.2445,-0.7213,0.3589,2.7468,2.3571,0.2117,1.2822
12.804,-0.3943,1.9787,0.5189,1.8945,5.2150,4.5858,2.6722,1.5000
12.808,0.0671,-0.4677,1.1597,2.7067,5.8807,4.6338,5.6388,5.1354
12.812,1.5115,2.4674,2.4974,2.2824,7.6857,6.4711,6.9426,5.7772
12.816,0.8317,1.9328,2.6454,4.3339,8.1590,8.7154,7.2824,5.7074
12.820,1.0697,1.9179,3.4728,1.6132,9.6011,9.1858,8.1733,6.0198
12.824,2.7026,2.6057,4.1211,4.4275,9.8729,8.1715,8.0219,6.2395
12.828,3.0490,4.1990,4.0656,3.8716,7.5278,8.1060,7.9568,8.8246
12.832,3.0325,3.5335,5.2671,6.0105,8.7355,6.2935,7.7145,7.1173
12.836,5.0687,3.6250,5.2290,5.5204,7.0763,7.0282,8.9031,6.4411
12.840,5.6067,5.3675,6.1087,6.3090,6.5372,5.9386,5.7259,7.7802
12.844,6.4284,5.7898,6.8929,7.6412,5.7971,5.2450,5.4586,5.6560
12.848,5.2211,5.8208,7.4492,7.2271,7.6395,5.9947,5.5629,4.6751
12.852,7.1158,6.8839,8.9879,7.3142,6.8245,3.5953,4.2042,3.6830
12.856,6.9184,6.3492,8.1543,7.5038,7.0349,4.8350,4.1875,3.7124
12.860,6.9955,6.6852,8.0195,9.2347,3.2261,4.5367,3.1046,1.9400
12.864,4.5827,7.9129,8.1423,7.6249,3.0976,3.4819,0.9615,2.7617
12.868,5.9138,6.7023,5.9013,6.5258,1.9477,3.3312,0.3413,0.3308
12.872,5.6250,6.8423,6.7047,8.2992,0.7083,2.2249,1.7490,0.4204
12.876,7.0126,5.6236,7.4397,7.0968,-0.3087,2.0321,0.0913,-1.4409
12.880,5.5268,6.5879,7.7726,7.4250,0.0926,-0.9060,-1.0162,-0.1449
12.884,4.0391,6.0733,7.4401,7.6096,1.5448,-0.5177,-0.2280,-0.8882
12.888,5.8175,5.1014,6.2157,6.0767,0.8824,2.2851,0.8712,-0.6664
12.892,5.6846,5.4868,7.0291,7.0418,0.5343,3.0136,1.7577,2.1957
12.896,5.3446,7.3058,8.0982,6.9312,5.2974,3.7615,3.2789,3.0283
12.900,6.0605,4.1356,7.6900,8.0391,5.2521,7.5006,5.2224,5.2720
12.904,6.3504,7.3316,7.6854,7.4759,7.8084,7.3912,5.3043,6.6448
12.908,6.6012,5.7907,6.5953,7.1168,8.8930,10.0315,7.1577,7.1895
12.912,5.6126,6.1234,6.0265,6.3823,9.8990,10.4885,8.4131,7.9970
12.916,6.1103,4.7325,5.3694,5.0667,9.6369,9.9186,9.0199,8.2381
12.920,2.7574,4.4294,5.5300,5.8122,9.8568,10.2058,7.4746,7.1079
12.924,2.1034,2.9174,5.2822,4.1854,8.5116,8.2665,8.3957,6.3817
12.928,0.7162,2.0561,1.3037,3.9662,7.5690,6.4930,8.7456,6.9964
12.932,1.5664,2.9801,2.0369,2.7350,6.8182,6.1054,7.0818,5.8813
12.936,0.1587,0.6052,1.0591,1.5797,5.3993,4.6506,4.4717,4.5753
12.940,-0.9928,0.5978,-0.1441,0.0251,3.6989,6.0234,3.5468,2.7322
12.944,-2.1226,-0.9517,-0.5945,1.3619,3.2691,3.3166,2.1408,2.6819
12.948,-0.9083,-1.8149,-0.3676,-0.2801,3.3667,1.9288,2.1648,1.3017
12.952,-1.7478,-1.5806,-1.4432,-0.8275,1.4859,2.4381,0.6000,-0.9045
12.956,-3.5988,-1.3728,-0.4531,-1.0720,-0.1374,0.3596,-0.7605,-1.5056
12.960,-1.7059,-3.0267,-0.1548,-0.5407,0.2366,-0.5124,-1.5788,-2.6489
12.964,-3.7777,-2.3068,-2.3318,-0.5294,-0.5456,-1.4791,-3.9912,-2.9010
12.968,-4.2839,-2.5938,-2.3301,-3.4059,-2.5171,-2.7549,-4.1832,-2.9002
12.972,-2.7747,-3.6134,-2.5645,-1.7271,-3.3203,-3.2778,-3.6451,-3.8885
12.976,-3.5013,-0.8802,-3.0980,-2.1804,-4.0983,-4.1659,-4.3908,-5.6817
12.980,-3.0100,-1.9088,-2.0240,-3.8730,-4.5925,-3.4201,-4.6280,-4.6767
12.984,-2.6151,-1.9683,-1.8362,-1.7619,-2.9154,-4.5370,-5.2071,-3.5103
12.988,-2.4254,0.1179,1.0074,-0.9619,-2.1255,-2.1634,-2.1053,-4.4520
12.992,-0.3120,0.2411,1.3002,0.6041,-0.3520,-0.2771,-1.0489,-1.3078
12.996,2.3376,2.8926,3.5932,2.3268,1.7603,2.1795,0.6860,-0.2060
13.000,4.5808,3.8436,4.9837,3.3514,5.0532,3.5149,3.0245,1.7117
13.004,11.6932,2.3750,11.2996,-0.6754,3.8378,9.0186,2.7624,-2.9430
13.008,17.8133,0.7814,0.7066,7.6433,13.4576,7.4059,1.5005,3.6659
13.012,-1.3117,-0.2640,13.2181,1.5604,-0.0460,14.6129,-1.8166,1.2783
13.016,6.9212,10.2441,8.3340,15.9981,20.9169,8.9873,7.8068,0.2926
13.020,10.5360,12.5346,11.9227,-0.7741,5.3134,4.2157,14.8270,12.7016
13.024,9.1434,2.4165,12.3153,10.2342,11.8715,5.2691,4.9291,6.3515
13.028,14.0107,10.8629,12.2145,2.8519,18.8516,12.8957,10.8209,3.7852
13.032,7.7952,5.8779,8.5548,20.5069,6.8668,11.7734,10.7824,3.1896
13.036,19.5472,18.4159,9.0771,9.9158,10.6019,-0.7775,0.7010,8.9721
13.040,5.3620,4.9094,7.1804,9.9083,3.4211,-2.7711,-0.7539,13.6450
13.044,6.7358,14.5956,9.4296,6.1974,5.7113,-0.7160,3.1469,6.8174
13.048,17.7554,12.5850,10.3899,15.0588,10.9119,-0.3021,10.4212,7.7490
13.052,-0.2553,11.0779,5.9311,8.4954,11.3168,3.5114,-5.5284,3.6233
13.056,3.0052,11.8482,8.9401,4.5616,4.8750,3.6800,6.4584,10.8644
13.060,8.8003,6.9453,3.1154,-4.7693,4.6791,-2.8371,-0.7700,11.8673
13.064,9.8301,5.3324,6.5955,0.5126,12.8250,9.8254,-2.5483,0.2178
13.068,4.2100,3.4479,1.1825,1.2975,1.4857,1.7231,-3.2857,1.9559
13.072,8.1801,-6.1787,11.9141,9.5599,3.5876,-7.3976,-5.5678,3.6469
13.076,3.5995,1.3562,-6.0827,4.9142,-6.9388,-3.0624,-4.6920,-6.6273
13.080,-10.2418,-12.7490,0.5893,4.2159,-7.5303,-4.4965,1.9998,-4.7557
13.084,2.7191,-8.6948,-3.8069,1.8295,-0.1116,4.0122,-1.8131,-11.4101
13.088,-6.9210,9.9743,-3.1734,5.1776,-5.8160,9.0489,-2.6725,-4.4674
13.092,-4.5398,8.9892,0.0393,-2.4129,-0.3594,-1.7944,6.3590,-13.3818
13.096,13.3109,11.6384,-1.2752,-4.1872,8.3098,-5.7192,3.3689,-13.1107
13.100,1.4057,-3.2345,-0.4394,1.4184,4.1026,-4.8990,-5.2053,-7.3703
13.104,-2.1141,4.9813,0.7128,-4.6368,4.7803,8.8231,2.7947,0.7014
13.108,0.3185,11.5036,5.0468,0.5474,14.6823,6.6808,2.5449,3.7563
13.112,5.7547,-6.2969,-3.3825,1.6174,-0.0442,-4.9930,2.1366,3.8756
13.116,5.7175,4.2202,-7.4405,-8.4999,13.8625,7.4300,1.9075,-1.4533
13.120,-0.1321,1.8395,-5.3024,-2.5195,6.4366,5.9477,3.7178,8.6337
13.124,4.8336,-5.1513,2.5392,-0.5633,9.9079,2.1149,3.1363,9.0837
13.128,-2.7275,5.9967,2.4431,2.1658,10.7881,8.8503,5.3623,6.1488
13.132,4.2940,-4.3541,6.5429,6.8156,8.0029,3.0746,-1.6220,8.3290
13.136,5.2359,-5.5354,8.4408,1.4023,-4.2342,-2.6407,13.2454,8.3413
13.140,-2.7313,0.5590,-5.4067,-5.3777,16.4687,14.7941,-3.9136,7.4285
13.144,-2.1159,-3.7155,-1.8768,-3.7895,5.3665,-1.5033,-1.3592,3.6759
13.148,-7.4250,1.3565,2.6649,6.7336,6.1321,-1.2199,4.2222,10.4689
13.152,-2.8767,9.1277,-0.3996,7.9010,-0.9088,10.2752,-0.9741,-5.3917
13.156,-2.8617,0.9071,3.4845,-0.1547,4.8062,9.1312,-12.0790,-5.0615
13.160,-3.0786,-4.8544,3.8686,-0.0606,-4.6376,-4.2354,6.5262,-0.0399
13.164,7.2277,-8.9121,8.1558,1.1462,4.3462,5.0891,-0.3039,-2.8693
13.168,4.5432,2.5940,4.5192,-3.4420,-9.8874,-1.9466,-5.8261,-12.9984
13.172,8.9577,2.0499,-3.8440,9.2713,-2.5880,-11.6704,-3.4698,-3.7247
13.176,3.6606,1.6598,7.2841,5.4474,3.3843,3.7612,-1.5235,-5.0510
13.180,0.7975,8.4559,0.5282,8.6582,0.2306,-0.9739,-1.7704,-7.8125
13.184,7.2250,2.2050,5.9725,11.0955,5.3484,-10.5079,6.4224,-1.7165
13.188,10.3864,5.5919,7.5793,6.3646,-1.5532,5.4119,-3.5602,1.6440
13.192,9.4588,3.9210,1.9314,7.5058,-0.1705,4.7611,-0.0588,-2.9192
13.196,4.5080,5.3530,4.8413,10.1839,9.8265,-1.1406,0.9852,0.0097
13.200,7.9268,16.9294,11.3717,1.0208,3.1637,5.3447,6.4411,3.0928
13.204,10.7598,14.7183,10.3865,14.8521,3.1223,-5.4722,1.4422,3.9955
13.208,19.8269,16.0537,10.7193,7.0370,10.4992,12.5045,9.7188,13.6074
13.212,11.3819,14.8518,13.4955,11.6289,13.1838,4.3614,7.3239,13.1037
13.216,9.1919,4.3090,12.1287,12.9382,6.8757,18.2400,6.4120,6.5861
13.220,10.0264,8.7750,5.0609,12.9225,11.3961,14.8147,12.7849,10.7771
13.224,9.9935,9.9349,19.0574,6.9012,5.6753,13.1562,5.8833,12.0199
13.228,19.0583,8.3925,7.5334,0.7298,3.4020,-0.4870,5.5288,14.4902
13.232,16.8087,1.8549,2.7569,5.8920,11.2871,6.1597,8.5859,3.3296
13.236,2.4547,15.1593,12.6547,7.5933,3.3003,11.4562,4.6484,-1.6445
13.240,6.1147,3.7987,5.8320,9.9285,16.2882,12.0229,10.7935,-3.7028
13.244,7.0020,4.8647,4.9933,6.3860,5.5313,14.1824,6.8951,7.1405
13.248,2.3163,0.0400,10.1949,16.3145,-0.2602,2.5879,-0.9020,3.1004
13.252,1.3661,9.1201,4.0904,-1.1865,7.5513,-1.0351,-3.8960,-7.1653
13.256,7.3014,2.0373,8.0298,-4.8468,-5.7818,-9.9416,4.0041,-0.4218
13.260,-1.5940,4.8407,2.7892,0.4091,-0.1580,0.5857,-9.5424,8.1146
13.264,-4.4525,-1.8825,-6.6022,-0.6548,5.1965,8.5061,-3.6351,4.4229
13.268,0.6060,-3.5272,-4.1723,-9.2339,-3.9773,-5.8120,0.2577,-7.2419
13.272,-0.5340,1.0930,-4.9655,-6.7741,2.4579,-6.0539,-13.8588,-7.6305
13.276,-5.3400,-2.2003,-3.6418,-7.2637,-2.8311,-5.2711,-12.1345,-2.6597
13.280,-7.6909,-11.0647,-3.2602,-6.3301,-6.3930,-2.5140,-6.8626,-9.6198
13.284,-5.9288,-5.3511,1.8749,-7.6889,-0.0061,-4.1119,-10.4868,-5.7179
13.288,-3.9452,0.3688,4.5426,3.5460,-2.4555,-13.1570,-13.3337,-0.3078
13.292,-6.9881,-5.2046,-6.0145,-0.3671,-1.8633,-2.0634,-0.4481,-7.9813
13.296,-0.3087,-7.0669,9.0214,-0.5649,0.5991,-10.3557,9.2305,3.9756
13.300,0.4243,4.5009,-4.4087,-8.2742,-4.0717,-0.9032,0.4042,1.6390
13.304,0.8177,-0.6239,0.7391,6.9454,3.3838,6.4780,2.2286,0.1465
13.308,2.5465,9.5881,4.0527,1.9079,7.7911,10.1857,-5.0112,-0.4969
13.312,-1.6854,1.9136,-0.4836,3.0371,5.1474,-3.2981,-4.3510,-2.1594
13.316,5.8088,1.9656,1.2348,4.3403,8.4530,3.8008,-1.1677,3.8550
13.320,10.4949,0.1851,8.0076,11.0911,14.0806,11.1594,9.9448,5.7318
13.324,-0.0403,4.7603,3.9865,3.4178,9.5015,7.9716,2.7096,13.1964
13.328,0.1224,7.5294,7.6557,0.7193,-3.1080,5.6872,2.9443,0.6592
13.332,6.7344,1.0500,5.3705,1.0592,17.2901,2.4407,1.5319,7.8628
13.336,0.9560,5.1772,8.7772,1.2465,1.8652,14.4760,18.3096,7.9765
13.340,2.1800,5.9859,3.7047,-0.4132,3.4312,2.2358,5.7027,8.6313
13.344,5.9524,8.3055,5.5792,5.1345,8.9740,1.9992,2.9400,-1.0054
13.348,-0.5090,11.1733,-1.6219,-6.7196,2.2903,1.6708,0.3487,8.1716
13.352,8.0359,9.3832,12.0511,5.0805,1.6251,-2.5973,-8.4408,6.1169
13.356,6.9630,8.5052,12.5481,6.4740,-2.2597,4.2021,0.8738,5.1938
13.360,-2.8862,0.4971,12.0067,16.7112,2.4909,-4.3116,-7.6932,-4.7442
13.364,15.2841,-2.2494,6.3243,2.9052,2.6269,5.1106,-1.2079,1.6430
13.368,5.9265,13.8064,15.0549,10.3825,-4.5559,-6.9664,-3.7098,0.2375
13.372,3.9980,10.5146,12.3764,7.4510,-2.6035,3.6494,-13.2585,-2.1272
13.376,2.6755,4.2862,10.2335,11.8700,-4.4675,1.0520,-4.3758,-4.7888
13.380,6.5323,-0.1382,7.5628,-1.1017,-14.3076,-8.4935,-6.6579,-0.8992
13.384,-1.0380,-2.2368,-2.4626,1.3565,5.7962,0.1472,-7.2290,-4.1553
13.388,9.1270,8.9820,3.9418,11.9473,-2.8431,0.8805,-0.6314,-4.5800
13.392,0.9549,4.6707,0.8621,6.5714,-6.1640,2.4131,3.3701,3.0457
13.396,11.8271,6.1523,9.4966,15.6999,5.4783,8.5054,11.4232,-1.2347
13.400,1.3731,3.3862,8.5773,7.9193,3.9177,-1.9340,4.1447,2.9622
13.404,10.3973,2.3398,0.4739,1.1658,-3.1947,7.5246,6.9124,-0.5008
13.408,10.9602,8.1872,4.6308,7.5646,7.1891,3.4423,1.6945,11.8965
13.412,8.1251,6.7619,1.3142,7.1174,-5.2768,8.9921,-0.3505,4.7084
13.416,-4.9533,2.1432,1.9134,3.1881,6.6869,4.7962,15.7124,-4.1997
13.420,-2.6851,16.8963,-1.8939,16.9602,4.8802,14.2450,5.7043,-0.4958
13.424,17.7735,-5.7969,8.9756,9.7190,9.4933,15.8872,3.0491,0.8072
13.428,7.4428,2.4718,-0.6820,-6.3921,-2.7526,9.2799,2.7051,-2.4655
13.432,8.4398,0.8676,3.3958,2.3130,11.0981,5.1904,-0.2666,7.2393
13.436,0.7612,1.6801,9.2627,2.2083,4.6062,-2.5563,1.0706,2.3387
13.440,8.8042,-4.9486,-2.2428,-0.9913,1.3672,12.4512,1.7924,3.1841
13.444,-3.3120,0.8723,-4.8495,0.0784,-0.8122,1.6754,0.3487,3.4217
13.448,4.7610,1.7430,3.8011,-4.6245,5.1323,2.2988,-3.7956,-2.1443
13.452,2.3948,-5.4136,3.5401,-1.8766,1.7281,-0.0035,3.3960,-2.2328
13.456,-1.7777,-11.9958,-1.9628,-0.5411,3.2057,-1.9617,2.4563,-6.6095
13.460,-3.6656,-8.4613,-12.8102,-1.7212,-0.7903,-6.5061,-7.6755,-14.0785
13.464,-5.7294,4.5816,-2.5179,-2.6907,-0.0937,-6.6383,-0.8215,-1.6709
13.468,-9.5156,0.9540,-5.0549,-5.5994,-0.5731,-4.1328,-6.8058,-2.3190
13.472,-2.0900,-1.9426,-1.4055,-3.7624,-2.2414,-10.8381,-2.0363,-6.3240
13.476,-12.3287,-3.3586,-0.4244,0.0892,-4.4668,-11.8107,-2.0474,-5.0525
13.480,-9.8921,2.8460,-5.6306,-5.1580,-10.7250,-7.0961,-6.6681,-11.4400
13.484,-6.3537,-8.8611,2.9821,-5.2097,-10.8984,-0.5300,-14.5835,-7.2338
13.488,-7.0967,-6.9848,1.9889,-2.7576,2.9188,-4.3157,-6.6297,-10.9711
13.492,0.3018,10.9364,4.2884,3.2503,0.8434,-8.1511,-5.2735,2.7724
13.496,-10.6828,5.9086,-2.8617,-4.7888,4.2376,1.6594,0.3142,10.2082
13.500,-0.7016,0.8956,0.8939,4.7358,-2.0232,10.3512,-8.5762,-5.5941
13.504,-0.3147,5.9743,3.4897,2.8808,16.2414,8.9967,-3.3796,7.9219
13.508,14.0819,7.3913,11.5863,7.2009,3.9366,1.1252,-0.2252,7.5232
13.512,2.5913,11.1971,0.0421,0.5313,13.1910,9.7737,6.4970,8.2358
13.516,6.3332,6.7157,14.5077,14.9527,22.9650,5.6458,6.8934,10.3242
13.520,7.1386,11.7089,0.6279,6.8695,-1.2837,7.0673,13.4753,6.1847
13.524,11.6191,3.3255,5.7370,7.3112,16.4792,10.3039,7.5304,0.1691
13.528,11.4801,10.7220,4.5743,6.2961,12.7207,0.5380,11.7357,11.1264
13.532,11.7072,0.4824,5.4132,9.5872,8.1043,-1.3038,12.0345,4.4438
13.536,7.0030,16.7912,7.6940,9.9907,4.3348,3.4277,-0.1870,3.9312
13.540,9.1477,6.9269,8.6997,5.4484,7.9590,-1.4253,8.5974,12.1667
13.544,6.4159,5.1274,5.8934,3.7097,13.0845,5.3249,3.9336,0.1881
13.548,4.7678,20.3393,9.6316,6.7212,11.7029,-3.1217,8.2804,10.0963
13.552,13.1668,6.6781,13.1971,2.4875,4.1875,3.5600,5.3836,3.5441
13.556,14.0596,5.8632,7.2302,6.2979,1.7814,3.2522,0.0177,3.1341
13.560,7.9161,6.3935,6.6020,5.3468,2.6094,0.3068,2.2331,-1.0979
13.564,1.1996,8.4454,5.0845,9.6662,-5.5492,-1.1087,-4.0899,-1.7173
13.568,1.1052,1.0917,-3.6610,0.1525,-5.4503,7.0705,-2.9649,-10.0195
13.572,-2.5597,1.3564,3.6142,4.3903,-1.2541,-2.4179,4.4324,-4.3374
13.576,5.1366,-0.4228,6.5668,4.2574,-5.4351,-0.6710,-0.8664,-19.3899
13.580,0.4859,4.3321,2.4293,1.9028,-3.7924,-5.6954,-7.9535,-11.3035
13.584,-6.2744,3.1958,-0.9671,-12.7760,-2.7452,-10.5568,-9.0828,-5.0175
13.588,3.1024,0.7800,-11.2811,-9.1381,-1.9051,-7.1721,-1.1346,1.2077
13.592,2.4390,4.1071,-0.7673,2.1626,-5.0541,-3.5090,1.1636,-6.8071
13.596,-7.3601,1.3682,9.3244,-3.6329,-6.5664,-0.8915,2.2797,-2.8602
13.600,2.6093,5.8233,-7.5834,1.6401,-0.9084,-9.7614,-2.4910,0.8922
13.604,0.7027,1.3588,1.2090,-8.4611,4.2893,-0.5968,-1.4906,0.8621
13.608,-1.4283,-4.1859,-8.6254,-4.9965,7.8882,7.4722,-1.9733,4.4457
13.612,-0.7119,-4.1039,1.0905,0.9189,-2.1169,9.7182,5.0198,7.7830
13.616,2.5058,14.9512,-10.3851,-0.6556,-2.1991,0.8795,3.2411,5.1790
13.620,-4.1681,4.0886,-3.7237,-8.5445,6.5238,0.6198,4.8762,1.8887
13.624,-1.5687,-9.9671,-16.7623,5.0846,-7.7358,1.5791,3.3491,6.2455
13.628,-3.6800,-5.4618,-2.0983,5.8931,-1.6313,-1.8551,3.8330,11.5321
13.632,0.2192,-9.9741,-5.5403,-10.1202,-2.6377,9.2797,0.6627,2.1296
13.636,-1.9472,-4.7677,-4.4407,-1.5269,5.0250,-4.5342,2.2955,6.2134
13.640,-0.2711,2.0011,-7.1398,-2.0185,-0.1627,1.6236,0.8557,-2.1499
13.644,0.4329,-5.1510,-8.0697,-7.5440,7.9212,2.4966,-1.3470,-13.8212
13.648,-5.4968,2.1288,4.3761,-7.6003,-3.7028,1.2105,-3.9694,12.0407
13.652,4.1559,-11.3099,-7.3506,-9.8771,-4.5133,0.4250,0.9512,-4.0089
13.656,-3.6738,-2.0060,2.7805,-1.5436,-7.7634,-1.7846,0.2891,3.4274
13.660,7.8442,0.4124,-7.5193,-4.5275,1.1877,-9.2516,-13.1789,3.6619
13.664,2.6773,1.6601,-6.8302,-9.2575,-4.0404,0.2696,-0.9179,-6.0855
13.668,9.4832,0.9779,-10.7747,1.5378,-3.7585,-8.4698,-1.0696,-1.3456
13.672,-0.9348,9.5383,2.7884,-5.5688,-1.3612,-10.0530,-14.0430,-1.8148
13.676,4.5570,2.5077,-2.0326,1.0813,-10.8889,-6.6737,-0.9869,-7.4258
13.680,2.4114,-2.8009,4.3400,-13.2271,0.3879,-8.1584,-8.2594,-6.2071
13.684,0.4055,4.5107,15.1981,3.2543,-4.2596,-8.6308,-3.4424,-15.7652
13.688,2.9020,5.0843,-3.6457,-0.4007,-6.1995,-5.4644,-3.9727,-4.4040
13.692,9.0828,6.5409,4.1861,5.3483,-9.5938,5.8852,-0.0304,-0.1889
13.696,-3.9126,13.4703,-0.2555,-3.0655,2.7776,-5.4195,-9.5448,1.6023
13.700,4.1065,0.3449,11.4016,-0.5867,2.3590,12.5220,3.1139,-0.4626
13.704,13.3859,8.8189,9.1267,3.8629,-2.6061,10.4299,4.3890,7.1831
13.708,9.2181,9.6522,-1.2358,6.1332,2.8878,11.5977,-2.8919,1.7328
13.712,8.2375,6.8835,1.3220,18.7287,6.5115,1.6707,2.2668,7.1377
13.716,4.0792,2.8402,8.4383,11.3940,6.7852,8.3121,9.2018,7.0170
13.720,1.2285,16.0529,8.6673,6.4999,12.7712,5.0317,10.6780,12.0471
13.724,6.9954,18.5472,4.1466,7.7787,7.0095,13.2591,3.6089,3.4121
13.728,8.1290,10.7821,11.9159,2.3513,9.0570,11.3698,2.6033,-0.9267
13.732,2.0983,8.2583,3.9944,0.6492,5.6422,3.6870,13.5222,4.2225
13.736,6.3800,9.3268,12.9180,5.5157,7.9195,5.7497,12.9710,5.0531
13.740,3.5541,9.2316,3.0569,5.9797,-0.7526,-1.4988,-1.1686,6.7987
13.744,9.0763,5.4990,9.9573,-0.9013,-0.3880,1.8084,6.0372,4.2398
13.748,2.6037,-3.3788,-4.0531,2.3325,6.0128,-4.6675,-2.7690,4.3235
13.752,-2.8613,2.7994,3.4732,3.0788,-6.2724,-3.3245,-3.7357,-8.2322
13.756,-4.4177,5.1116,-1.5657,-5.2043,-7.0793,-7.8142,-3.6959,-2.9876
13.760,0.4897,-7.4080,0.6611,-7.0481,-8.8297,-5.4032,-7.1436,-3.3693
13.764,-7.0547,-0.2199,-4.4892,-10.3401,-2.0353,0.6057,-11.3123,-5.0506
13.768,-0.1999,-2.6043,-5.2021,-11.8660,-9.3713,-24.3012,-8.1910,-9.0066
13.772,-8.4814,-8.1995,-5.6079,-8.7535,-12.1505,-5.0184,-3.0812,-8.3834
13.776,-1.1382,-0.6535,-16.3567,-7.0283,-9.2792,-3.9796,-12.8915,-13.0043
13.780,-5.3918,2.2570,-0.6380,-4.7308,-12.8985,-15.7703,-9.3761,-18.0379
13.784,-9.6119,-13.6171,-13.5907,-7.9382,-18.9142,-3.0273,-6.9889,-11.0266
13.788,-8.4421,-3.2660,-9.9584,-7.4678,-6.7442,-13.7380,-10.5058,-2.3482
13.792,-6.0515,-7.4942,5.3651,5.2004,-11.8633,-8.0650,-1.5727,-5.8268
13.796,-4.8396,-10.7719,-2.3604,-8.1362,-4.6215,-2.6311,-4.5447,1.5220
13.800,-3.7479,-1.7075,-3.6397,-3.6315,-2.5799,-2.9830,-3.5401,-3.1770
13.804,-1.5641,-3.2050,-2.8080,-2.7288,-0.7623,-0.4587,-0.8629,-2.3762
13.808,-0.8993,-1.5449,-0.9351,-1.1967,2.2188,1.8620,0.6341,-0.7670
13.812,1.4553,-0.4443,0.3835,-1.6310,3.6072,3.3644,1.0486,2.5580
13.816,1.5562,1.5095,-0.4786,-1.2258,4.5011,3.8777,2.0361,2.8149
13.820,0.9740,2.2354,-0.7446,0.1328,6.2677,3.0066,4.2519,1.4946
13.824,2.6799,2.2702,-0.1971,0.9403,4.5148,4.2736,2.9379,4.8267
13.828,3.0139,1.9912,2.4246,0.6592,2.9139,3.9848,4.0622,4.3190
13.832,2.7717,2.5625,0.9694,2.0285,3.6706,3.4625,3.0180,2.6200
13.836,2.6390,2.2311,0.8663,2.9171,2.9833,3.5928,2.5950,4.1079
13.840,3.9284,3.0853,3.0229,1.9718,3.1679,1.8703,2.6571,1.7011
13.844,4.2325,4.4854,3.3309,3.2164,0.5421,1.2739,1.5620,2.2755
13.848,4.2765,3.8502,3.7717,2.8629,0.3118,-0.4053,0.2168,-0.5837
13.852,5.3668,4.5709,4.2003,3.0601,0.2559,2.1301,-0.7523,-0.3361
13.856,6.4597,5.4347,3.5063,2.8662,-0.2934,-0.0005,-2.1660,-0.7411
13.860,6.1373,3.0867,4.2622,2.4791,-1.2434,-1.8617,-2.6503,-2.8271
13.864,5.6719,4.7696,4.1040,3.6755,-0.9813,-2.6444,-4.1197,-2.1503
13.868,4.7223,2.8549,1.7265,2.3266,-2.8529,-2.8388,-3.3654,-4.1532
13.872,4.6189,3.7569,3.8106,2.0881,-5.6278,-5.2695,-4.7193,-5.4608
13.876,4.6267,3.8060,2.5797,2.7538,-4.3446,-5.3918,-6.6360,-5.5012
13.880,4.1986,4.1215,3.2061,1.2042,-5.0449,-7.2800,-3.8042,-5.5607
13.884,4.4764,3.7674,1.5339,2.1142,-5.5605,-5.7580,-4.8650,-4.5204
13.888,3.2410,3.9940,1.2379,0.6426,-4.3890,-4.4085,-4.3944,-4.9979
13.892,3.4397,4.0791,2.7079,2.3209,-3.3424,-3.4798,-4.0624,-3.2873
13.896,3.5843,4.8444,3.6857,2.5313,-1.3702,-1.4691,-0.8883,-1.0509
13.900,3.9271,5.8191,2.9851,2.9865,0.8772,-0.4237,1.1595,-0.5694
13.904,5.7978,5.1828,2.4471,3.1646,2.1003,3.3985,0.7554,0.5493
13.908,5.4776,4.9212,2.2996,3.8072,4.7950,2.2691,3.5455,3.9399
13.912,5.4055,3.1082,3.3570,3.0408,5.0113,4.0505,3.5750,4.8652
13.916,1.9581,2.0426,2.7858,2.0441,5.9501,5.0180,4.7725,5.6100
13.920,3.5015,2.3339,0.8724,0.6366,5.1820,5.1738,6.1938,2.6986
13.924,2.3116,1.2790,0.9331,0.3494,3.1330,3.8093,5.0333,3.9683
13.928,0.8381,0.3031,0.5261,0.8736,1.6197,3.2180,3.6010,4.1869
13.932,-0.0407,-0.2656,-0.4454,-0.4991,1.2651,2.0206,2.8093,3.3833
13.936,-2.0784,-1.8703,-3.2675,-2.4280,0.4524,-0.0001,1.6140,1.2818
13.940,-2.7362,-1.8457,-2.5512,-3.9271,0.4601,-0.0612,0.4534,-0.4084
13.944,-2.3043,-2.1204,-5.1988,-4.6070,-0.8005,-2.1439,-2.4614,-1.2861
13.948,-3.9666,-3.1770,-4.7106,-5.7841,-2.0594,-1.9059,-2.5120,-0.9905
13.952,-3.6828,-3.2732,-4.7026,-4.4665,-1.8381,-3.5292,-2.7937,-3.5026
13.956,-4.2671,-3.4573,-6.3165,-5.5632,-5.4200,-5.4282,-6.7800,-3.7884
13.960,-5.4944,-5.0441,-6.4920,-6.4819,-6.3926,-5.7260,-9.0278,-6.4415
13.964,-5.3224,-4.7901,-7.2108,-7.3861,-8.3984,-8.6679,-7.7910,-7.3910
13.968,-4.5644,-5.5192,-4.4884,-6.0494,-8.8246,-8.6815,-8.2487,-8.5106
13.972,-4.9757,-7.5444,-7.2539,-8.3755,-9.4939,-9.8299,-9.2001,-8.9487
13.976,-4.6153,-6.4759,-6.8516,-7.6366,-8.7572,-9.7485,-10.0313,-9.6176
13.980,-4.4902,-4.7899,-5.4739,-7.5734,-11.2094,-11.0681,-9.5084,-9.3244
13.984,-4.9211,-4.8120,-5.6352,-7.7556,-10.0099,-9.9441,-8.2829,-9.2343
13.988,-3.4995,-1.9893,-4.8246,-4.9141,-7.9179,-7.9735,-6.8373,-6.9983
13.992,-2.9788,-1.8548,-3.5049,-4.0918,-4.9262,-5.8380,-6.8079,-4.3070
13.996,0.4700,0.9388,-2.1391,-3.0370,-2.7441,-3.6589,-3.9946,-2.2258
14.000,1.0875,2.1582,-0.9863,-0.9970,-0.3898,-2.4999,-2.4146,-2.0619
14.004,1.1436,4.2002,0.5585,2.3542,1.7751,1.9899,-0.0066,1.3976
14.008,3.5429,3.5834,3.3360,2.8283,3.9686,3.1630,1.6505,2.8951
14.012,4.9710,5.4598,4.4819,3.6808,5.2825,4.4021,4.1443,4.8394
14.016,5.2373,5.8564,4.9685,4.9408,3.7228,5.7625,4.8995,5.7407
14.020,7.4455,5.6554,3.9852,4.6751,7.6281,5.6763,5.2408,5.8079
14.024,6.3424,6.2902,4.2131,4.4958,5.5822,5.0896,7.4288,6.2075
14.028,7.8281,5.1037,4.7377,4.4262,5.6564,4.3994,5.5756,6.7020
14.032,7.3999,6.7048,2.7371,4.9999,4.0958,4.3517,5.9324,5.6733
14.036,6.4555,5.7573,4.1800,4.4190,3.3603,3.7741,4.7602,4.2548
14.040,6.4684,6.1949,5.0498,4.4664,3.4407,4.0224,3.1997,3.8837
14.044,6.4139,4.9094,4.4348,4.1547,2.0474,1.4181,2.3394,3.4444
14.048,5.7038,4.9122,3.2225,5.3859,1.0613,1.4639,0.6912,1.1946
14.052,3.5460,4.6791,3.8636,3.7336,0.8759,1.0006,-0.9033,-0.1335
14.056,4.4712,4.6962,2.9883,0.9188,-0.7911,0.2730,-2.3444,-0.4655
14.060,2.7215,2.8003,1.8747,2.1747,-2.9567,-0.8343,-4.0422,-2.3419
14.064,2.2622,2.8468,1.8106,0.5968,-4.7014,-3.3194,-5.8529,-4.5379
14.068,0.6502,0.3860,-0.2557,-0.6150,-5.6294,-4.4747,-5.7140,-6.1473
14.072,0.4046,1.1426,-1.6894,-2.3830,-7.0784,-7.5998,-5.9682,-6.8309
14.076,-1.0145,-2.4869,-3.3478,-1.3928,-7.8760,-8.6458,-9.5055,-7.4826
14.080,-1.3211,-3.5806,-3.5575,-2.8132,-8.9497,-8.5450,-8.4307,-8.3694
14.084,-3.2813,-3.1407,-3.3055,-5.9644,-9.7019,-9.4612,-7.1166,-6.6025
14.088,-2.7055,-2.7953,-3.8432,-4.3438,-9.0366,-9.0971,-7.0780,-7.3142
14.092,-2.6671,-2.1894,-4.9985,-5.9374,-7.6332,-6.0182,-5.8382,-5.6200
14.096,-3.1117,-2.0964,-4.7538,-4.6796,-5.9358,-5.4418,-5.6944,-4.5930
14.100,-1.6387,-3.0006,-5.2557,-3.9889,-3.2429,-0.8627,-3.2975,-3.3380
14.104,-1.6211,-0.8598,-3.7042,-4.2992,-1.3583,-1.7549,-1.9555,-2.2901
14.108,-1.0742,-2.5860,-2.6219,-4.1965,0.4822,0.3597,1.7713,-0.1261
14.112,-1.9819,-1.2478,-2.8983,-2.8598,1.4431,0.6823,0.6934,0.7589
14.116,-2.5992,-2.1912,-3.7213,-3.9215,1.7825,3.3166,2.5420,2.1655
14.120,-1.0839,-2.9325,-4.2087,-4.1982,3.1265,-0.4413,2.4496,1.4991
14.124,-3.0821,-2.2380,-3.2150,-3.6575,1.4323,0.8251,2.6063,0.9502
14.128,-1.9723,-3.7353,-5.4101,-4.7867,0.4696,0.6778,0.6629,0.8398
14.132,-1.4647,-3.4020,-4.7285,-4.7006,-0.8158,0.2344,2.1674,1.2273
14.136,-3.4018,-2.5539,-3.6238,-4.5251,-1.5553,-0.8739,-0.3907,1.2806
14.140,-2.3174,-2.7389,-4.6068,-5.6790,-1.8721,-1.4505,-1.2522,-0.4620
14.144,-2.1369,-3.0453,-4.7605,-5.4326,-1.2264,-2.8211,-0.7921,-0.7343
14.148,-3.2772,-4.3606,-4.3739,-5.0325,-2.3028,-2.3223,-2.9464,-1.5182
14.152,-2.6136,-4.0130,-4.2737,-5.5604,-4.1286,-3.3848,-3.7217,-4.8933
14.156,-1.6517,-2.6140,-3.6653,-3.2598,-3.6004,-4.1067,-5.2465,-5.3686
14.160,-1.1584,-1.6339,-3.6470,-3.4486,-6.1675,-4.3038,-5.0964,-5.7268
14.164,-1.2388,-2.1749,-2.6787,-4.2848,-7.0110,-6.6864,-6.4221,-7.0718
14.168,-1.5564,-2.1245,-1.5425,-3.1422,-6.9820,-8.2054,-7.7497,-7.8542
14.172,-0.3591,-2.0516,-4.2288,-2.5531,-8.3218,-6.9380,-8.1493,-8.4232
14.176,-1.5994,-1.7634,-2.5207,-2.0933,-7.5154,-7.9167,-8.4253,-6.1619
14.180,1.2777,-1.0587,-0.2876,-2.7457,-8.8016,-9.5557,-8.2303,-7.8585
14.184,0.4071,-0.1032,-1.6391,-1.1836,-8.6918,-7.0255,-7.5401,-6.2878
14.188,0.9567,-1.2465,-1.9973,-2.1733,-6.5969,-6.1017,-5.0472,-5.5130
14.192,1.6124,1.9534,1.7741,-0.1544,-4.0333,-6.1172,-5.8055,-3.4257
14.196,5.7063,4.2304,2.2942,2.3161,-0.3757,-2.4144,-1.7098,-0.7700
14.200,3.7012,2.6738,2.2201,2.6859,1.7828,-0.2023,0.1652,1.5325
14.204,5.6391,6.4019,3.6661,5.8828,2.7127,2.7035,1.8405,1.7829
14.208,4.8787,6.8203,5.2413,4.8164,3.4704,3.2544,4.3654,4.2649
14.212,6.4422,6.2579,5.2917,3.7605,5.9983,5.6654,4.7001,5.2578
14.216,5.9614,6.9967,4.5179,4.5393,6.9748,6.4550,4.4128,6.6237
14.220,5.8536,7.4238,3.2277,4.3899,6.3152,4.4121,4.6689,6.7120
14.224,6.0650,5.2760,4.4206,3.6776,4.6002,5.1712,5.7493,6.7284
14.228,5.9901,4.7134,4.1987,2.6828,5.7262,3.8591,3.8506,5.4209
14.232,6.3942,3.8391,3.1821,2.1138,3.8144,2.1522,4.3772,4.4312
14.236,4.1061,2.2959,-0.1657,1.9947,2.0263,3.7308,3.2848,5.8671
14.240,3.2361,2.3010,-0.0770,1.5473,0.2559,1.3084,1.9145,1.4711
14.244,1.3314,0.4401,0.3679,-1.8406,2.0363,0.0279,-0.6241,0.8779
14.248,0.5962,0.0198,-1.7240,-1.6091,-4.0673,-1.0059,-1.9453,-0.4322
14.252,-2.4398,-0.1240,-2.7021,-2.7780,-3.6421,-1.7849,-3.3887,-3.2152
14.256,-0.7760,-2.4315,-3.2592,-3.8539,-4.3633,-2.8327,-4.4443,-3.6482
14.260,-2.6386,-2.7934,-5.1002,-4.8631,-5.4364,-5.2005,-6.7037,-6.0005
14.264,-3.7699,-2.9513,-5.6945,-5.6210,-6.4420,-8.0434,-7.8290,-7.1456
14.268,-4.8040,-6.2887,-7.1479,-8.0200,-9.9382,-9.7658,-8.7284,-8.3395
14.272,-5.5430,-8.1530,-8.3234,-8.4560,-11.3604,-9.5998,-11.6107,-9.9521
14.276,-6.4762,-7.7777,-8.6354,-9.7636,-12.1590,-10.7932,-10.7843,-10.8049
14.280,-7.9969,-8.3887,-9.2961,-7.6026,-11.4083,-10.6654,-11.0224,-11.5293
14.284,-8.3810,-8.6903,-8.0214,-10.5428,-13.0496,-11.4127,-10.6567,-9.4265
14.288,-6.4036,-8.4088,-9.2319,-11.9266,-11.1496,-10.1189,-10.1221,-9.9515
14.292,-7.0206,-7.0134,-8.2894,-9.0675,-9.9952,-8.3380,-8.3803,-8.6944
14.296,-5.2162,-5.1506,-7.7140,-8.4906,-5.9442,-6.9727,-6.2206,-8.1780
14.300,-5.7878,-5.2875,-6.8730,-7.1665,-4.3162,-5.2864,-5.0965,-3.4704
14.304,-4.0538,-5.2016,-7.5620,-5.4478,-1.4110,-2.5383,-1.9874,-3.1300
14.308,-1.7871,-3.2716,-4.8044,-6.1729,-0.9836,-1.0631,-1.5160,0.3598
14.312,-2.0309,-4.1509,-4.0759,-3.6992,0.6310,2.2823,1.2470,0.8526
14.316,-1.8643,-1.6254,-2.6433,-4.4052,1.6685,0.9095,3.4302,2.6122
14.320,-0.8036,-0.0182,-2.4728,-0.5364,3.8288,2.3474,3.4399,3.5540
14.324,-1.2587,-1.2020,-1.1241,-3.0834,2.4815,3.4231,2.6332,3.3715
14.328,-0.0746,-1.8711,-2.9435,-1.5931,0.8369,4.0631,3.8776,3.4039
14.332,0.2112,0.8634,-1.1430,-1.9136,1.7928,1.4259,2.9453,2.0334
14.336,0.1317,0.3736,-1.6498,-1.6267,1.1393,1.7941,2.7415,2.0765
14.340,1.8888,0.0824,-1.6985,-2.8288,0.2789,0.6394,-0.5492,1.9745
14.344,2.1144,0.2763,1.5004,-0.8477,-0.6024,0.8928,0.1062,0.9829
14.348,2.0833,1.0616,0.9375,-0.5166,-0.7260,0.2168,0.8524,-2.1416
14.352,1.9861,2.1018,0.8880,-0.0492,-2.1935,-2.6873,-1.2345,-1.4864
14.356,3.7158,1.1512,1.7447,1.1798,-2.2905,-2.8016,-3.3835,-1.0765
14.360,1.9933,2.1930,1.1790,-0.1198,-3.8573,-2.1350,-4.3401,-3.0044
14.364,1.8395,2.2496,-0.2293,0.9931,-3.5065,-4.0461,-4.3279,-4.5364
14.368,2.0154,0.1794,0.3051,0.4412,-5.4752,-6.0991,-6.0484,-5.0070
14.372,2.3104,1.8853,0.5032,-0.5967,-7.4879,-7.7654,-7.2793,-6.3498
14.376,1.4067,0.9731,0.1428,-1.0127,-7.0391,-6.5199,-6.2806,-5.6578
14.380,-0.3428,0.8648,-0.2280,-0.4582,-7.9849,-7.2443,-8.1108,-4.7887
14.384,0.7732,-0.8367,-0.9483,-1.7260,-8.9971,-8.0458,-6.1888,-6.6526
14.388,0.9283,1.3370,-1.2159,0.1003,-5.0372,-6.0155,-4.8292,-5.5259
14.392,0.4433,0.8746,-0.6323,-0.6907,-4.9412,-4.9686,-3.9759,-3.3865
14.396,1.0121,1.9093,-0.5269,-0.3354,-4.1426,-3.7800,-2.5353,-2.0923
14.400,1.3289,0.0765,0.3727,0.1289,-0.3971,-2.2121,-0.1999,-1.2279
14.404,1.4019,0.8474,0.7697,-0.3639,0.4681,1.0555,0.3808,0.3491
14.408,2.2041,1.3314,0.6797,-0.9772,2.5835,0.9761,1.9412,2.6813
14.412,1.8134,1.2639,0.1329,-0.3821,3.9857,4.6157,3.3431,5.1448
14.416,2.6279,1.5964,-0.0393,-1.0814,3.3451,2.8689,2.9171,3.3323
14.420,-0.2565,-0.5065,-1.1696,-0.7032,4.4729,3.5644,3.2056,5.0550
14.424,-1.8844,-1.4263,-2.1357,-2.2726,2.2954,3.0652,2.1053,3.5324
14.428,-1.8860,-0.9908,-2.3865,-4.6662,1.5112,1.3024,2.5240,2.1557
14.432,-2.6191,-2.9723,-5.6997,-4.9668,0.5266,1.1858,1.6953,1.9107
14.436,-3.9427,-5.2326,-6.2706,-6.9962,-1.7384,0.3645,0.2498,1.1217
14.440,-6.2352,-5.0904,-5.4859,-6.0886,-2.2232,-2.0479,-1.1109,0.2550
14.444,-4.5974,-4.5754,-7.8833,-6.6090,-3.0418,-2.5840,-1.7114,-1.6399
14.448,-6.6217,-5.5434,-7.7757,-7.3874,-3.7271,-4.0006,-2.1613,-1.4680
14.452,-6.8684,-7.3033,-7.4437,-8.5772,-3.7166,-5.0776,-4.9807,-5.3477
14.456,-6.2865,-5.9060,-8.2280,-8.7904,-6.9635,-5.3724,-6.1319,-4.7945
14.460,-7.2481,-7.0407,-9.7065,-9.6915,-7.4620,-7.2145,-8.2950,-7.6226
14.464,-7.0163,-8.1526,-9.9544,-10.6531,-8.7076,-10.4780,-9.2045,-8.7574
14.468,-7.3280,-8.6900,-9.1402,-9.2278,-10.0349,-10.9426,-9.6659,-11.4764
14.472,-8.5844,-9.2642,-10.7840,-9.3680,-11.1367,-12.0090,-11.1436,-10.6253
14.476,-7.6350,-8.8281,-10.3754,-9.8137,-13.2715,-12.0419,-11.4146,-11.0747
14.480,-7.4659,-9.1760,-9.1025,-10.6466,-13.0746,-11.6707,-10.3520,-9.2743
14.484,-7.5655,-7.4437,-8.8534,-9.1092,-11.0309,-11.4900,-8.6187,-9.7984
14.488,-5.9241,-6.7115,-8.5774,-7.0955,-10.1277,-8.0898,-9.0882,-9.6668
14.492,-4.1530,-5.6027,-7.3001,-5.8102,-6.7112,-7.6071,-6.3037,-5.3178
14.496,-2.9556,-3.1032,-5.1377,-5.6325,-5.8435,-6.5764,-4.6363,-4.2892
14.500,-1.2212,-1.3429,-3.1705,-3.2946,-2.3337,-2.2430,-1.7993,-1.2121
14.504,-1.2061,-0.4202,-1.7262,-1.7968,-0.7450,-1.4526,-0.0424,-0.2845
14.508,0.6065,0.1449,0.0562,-1.1954,2.9157,2.1483,2.7620,2.5249
14.512,3.3193,1.8154,0.7424,2.1158,3.3162,3.2929,4.7407,4.3471
14.516,4.6404,2.6617,2.1929,2.4040,3.4939,5.1015,4.8881,5.0819
14.520,5.2407,2.3694,4.6725,1.4983,5.9672,5.5814,4.6517,6.0904
14.524,2.6972,4.2281,2.6717,2.5382,4.1960,5.2684,5.6145,5.9288
14.528,4.5984,4.0637,2.9870,2.4055,2.9664,5.4043,6.0981,5.4882
14.532,4.5200,3.0885,3.1835,2.5066,4.2781,3.5089,5.8282,5.1040
14.536,3.1983,4.9144,3.0602,4.1462,2.9196,1.8953,4.2521,5.7034
14.540,3.1455,4.9618,1.5635,1.5512,2.9379,2.2103,3.1517,4.1989
14.544,4.3864,3.1578,0.4863,1.3669,0.2319,0.2026,2.1851,1.3185
14.548,3.8640,2.7935,1.6286,1.3471,0.2688,0.3390,-0.1984,-0.7415
14.552,1.9471,1.1798,0.2959,0.9602,-0.9080,-0.9934,-0.7749,-0.3971
14.556,1.2220,0.5308,-0.1136,0.8173,-1.8216,-2.6975,-1.6314,-0.8959
14.560,1.5548,1.2280,-0.8727,-0.4453,-4.8980,-3.1211,-3.6508,-2.7979
14.564,-0.0264,-0.2688,-2.2863,-1.0755,-6.0777,-5.1201,-6.7353,-5.4916
14.568,-1.6711,-0.9996,-2.7693,-3.2515,-7.9897,-6.8031,-6.8535,-8.3322
14.572,-0.4342,-2.6821,-3.1816,-3.2628,-8.8602,-9.3108,-8.4557,-7.8527
14.576,-3.8193,-3.5536,-5.2411,-5.3452,-9.9033,-10.3624,-8.0921,-7.8817
14.580,-4.4548,-5.2649,-4.3027,-5.5026,-10.9045,-10.5205,-8.6338,-8.9129
14.584,-5.5521,-5.7614,-7.9620,-7.5654,-9.6583,-10.2472,-8.4459,-8.5497
14.588,-5.7522,-6.2798,-7.8600,-7.9733,-9.1214,-11.1325,-9.4221,-7.4680
14.592,-5.7688,-6.2153,-6.8491,-7.2823,-9.5140,-7.9322,-7.0040,-6.0620
14.596,-5.5863,-4.4939,-5.6894,-5.8798,-5.0173,-5.3416,-5.2762,-4.8662
14.600,-6.3081,-7.1779,-6.2149,-6.4464,-3.8027,-4.1021,-3.4729,-2.6081
14.604,-5.3461,-5.0828,-5.5646,-6.0072,-2.7315,-0.6523,-1.6894,-2.0049
14.608,-4.8811,-5.5307,-5.9097,-5.3218,-1.5400,-0.0740,-0.1708,0.7642
14.612,-4.9734,-5.3014,-5.8586,-6.6963,-0.2099,0.3838,0.3260,2.1284
14.616,-4.3899,-5.1595,-6.3631,-5.1797,-0.9716,-0.1491,1.8114,1.4126
14.620,-5.6027,-5.1590,-6.3695,-7.1505,1.7351,1.8647,1.4768,2.4378
14.624,-5.5011,-6.2429,-5.9832,-6.7012,0.3471,0.2843,3.3236,1.4971
14.628,-4.5718,-6.2983,-6.4739,-7.8072,-0.3093,-0.4169,1.1338,0.5009
14.632,-4.6214,-5.8376,-7.3607,-8.8412,-0.6138,-0.7319,0.3755,0.8106
14.636,-5.3555,-8.4708,-5.7568,-5.2221,-2.5807,-1.7055,-0.1087,0.8837
14.640,-5.9357,-7.2763,-6.5916,-6.4148,-0.2055,-3.1477,-1.4817,0.5641
14.644,-5.8226,-6.7478,-7.3976,-8.0288,-3.0287,-2.7735,-2.3894,-1.0958
14.648,-4.3451,-6.1300,-6.8120,-6.4056,-3.3461,-2.7693,-2.8319,-3.2003
14.652,-5.9753,-6.2862,-6.1252,-5.8458,-4.9406,-3.0822,-4.1967,-2.6300
14.656,-5.1048,-5.0869,-5.6546,-4.6603,-5.8134,-4.8683,-6.6834,-5.8311
14.660,-6.1136,-5.3845,-4.9387,-5.7956,-6.5750,-6.0514,-4.8136,-5.4965
14.664,-3.4519,-4.7687,-6.3594,-6.4065,-7.6498,-6.9380,-8.9374,-6.2188
14.668,-5.0294,-5.3378,-4.7771,-5.3060,-9.3419,-8.1400,-8.7197,-8.0064
14.672,-2.8865,-3.2304,-5.0808,-4.8882,-10.0800,-7.3447,-8.4846,-8.0572
14.676,-3.4899,-4.2201,-5.0499,-4.4485,-9.9834,-9.0665,-8.5401,-7.7845
14.680,-3.1430,-4.4440,-3.3415,-3.7792,-10.8567,-9.5104,-8.7392,-8.3375
14.684,-1.8434,-2.6588,-4.1551,-4.0347,-10.0001,-8.8431,-6.9770,-6.0224
14.688,-3.0860,-0.2147,-2.1237,-3.6210,-8.4747,-6.6110,-6.1891,-5.8011
14.692,0.7819,-0.3776,-0.6983,-2.2324,-6.4333,-4.1430,-4.8361,-1.9718
14.696,0.0656,0.8872,1.0784,-1.5655,-3.0629,-2.1200,-0.3961,-1.3054
14.700,2.1666,1.4311,1.4762,0.9220,-0.3593,-0.0672,0.2703,1.3463
14.704,2.8197,3.5889,1.2593,1.5412,1.2378,0.8965,1.6420,1.9743
14.708,2.7675,3.2936,3.4437,2.7379,3.3438,3.6775,4.0710,3.6051
14.712,3.5489,3.5170,2.2574,4.0181,3.8160,4.9551,5.2581,4.4767
14.716,3.1787,4.0636,4.1038,3.7127,6.2379,4.3219,5.6250,7.3584
14.720,3.8485,1.4927,3.8564,2.3249,4.8089,7.0910,6.9638,6.3709
14.724,3.6014,1.8110,1.7094,0.5792,2.9997,5.3570,6.0931,6.4758
14.728,2.4955,2.8267,0.8944,2.7764,3.6271,3.7737,4.9021,4.0716
14.732,3.5845,1.1539,1.3416,-0.3203,2.8168,3.1229,3.7227,4.8593
14.736,2.3301,0.9167,-0.1079,0.8860,2.7585,2.4625,5.1114,3.4461
14.740,-0.2699,-0.6662,0.1705,-0.4716,0.4373,0.3586,2.3806,1.4475
14.744,-1.6707,-2.5197,-1.7719,-2.4787,0.8652,-0.5210,-0.5280,2.1990
14.748,-1.8614,-1.0685,-3.1805,-3.2717,-1.8376,-2.1314,-2.5165,-2.2008
14.752,-2.7847,-2.6072,-3.7031,-2.6493,-3.1206,-3.9745,-3.3735,-1.7409
14.756,-3.8715,-6.2893,-5.4414,-4.6796,-4.5481,-5.5346,-4.6116,-2.3800
14.760,-5.1673,-5.9871,-5.6570,-6.2622,-6.2507,-6.5822,-4.8249,-5.5208
14.764,-7.3591,-6.8548,-10.1175,-9.2249,-9.2272,-6.5167,-7.8085,-5.6675
14.768,-9.2505,-8.0432,-8.6592,-8.1998,-11.4168,-8.3998,-8.5944,-9.4670
14.772,-8.3733,-8.5002,-10.5902,-11.1950,-11.9807,-10.8341,-10.8175,-11.6458
14.776,-9.8281,-10.3955,-11.7830,-11.2417,-12.4682,-12.8026,-11.8252,-9.5162
14.780,-11.2366,-11.2376,-10.9448,-10.8251,-11.8845,-13.2262,-10.2130,-12.9942
14.784,-9.6171,-11.1426,-10.7754,-11.3144,-13.0103,-12.3432,-9.9669,-10.4132
14.788,-10.1718,-10.8040,-10.3207,-12.3491,-10.3934,-10.3004,-9.5367,-9.7209
14.792,-9.2108,-9.7755,-9.6439,-11.5871,-8.8848,-8.7527,-9.0202,-6.9155
14.796,-9.4733,-7.6742,-8.6509,-11.4172,-7.3964,-7.6896,-6.4832,-5.7948
14.800,-8.7742,-8.6434,-8.1236,-8.4364,-5.1180,-2.8360,-4.2510,-4.3814
14.804,-8.0739,-7.4809,-6.5293,-7.1477,-2.6180,-1.4970,-2.1739,-2.2549
14.808,-4.7879,-5.8854,-6.6431,-6.4992,1.0350,-0.6699,-0.9616,0.3873
14.812,-3.9933,-6.4442,-4.4031,-4.8483,0.1446,1.7563,1.2918,1.3176
14.816,-3.1528,-3.4049,-4.5521,-5.0396,2.1774,3.0966,1.6614,3.3067
14.820,-2.6291,-3.6564,-4.2450,-4.2722,4.8980,3.0500,3.8849,4.2619
14.824,0.1090,-3.8697,-3.9412,-3.1543,1.7614,3.0606,2.5110,2.9402
14.828,-3.2913,-3.1284,-3.8553,-2.4630,2.5519,1.8635,2.9651,4.6310
14.832,-2.9489,-1.2002,-1.4822,-3.2466,-0.3883,1.8420,3.6979,4.0028
14.836,-2.0280,-2.7001,-2.3982,-1.5313,0.8739,1.6863,2.3983,1.8936
14.840,-0.9112,-2.1398,-0.9988,-0.8510,1.3638,0.9460,-0.1559,3.1325
14.844,-0.4186,-2.4877,-0.9151,-2.2521,-0.6901,1.4368,2.1788,0.6382
14.848,-0.8332,-1.3182,-1.1764,-0.2963,-0.3908,-2.5790,-0.3083,1.1888
14.852,-2.2044,-0.2088,-0.2602,-1.1153,-2.9979,-1.7832,-1.1009,-2.0220
14.856,1.1892,-0.9253,-0.3759,1.1885,-2.1846,-1.8902,-1.4599,-1.3904
14.860,1.0841,-0.7303,-0.2735,-1.7238,-2.6022,-2.6084,-3.3528,-4.6749
14.864,-1.5392,-1.2205,0.2013,-0.7850,-5.8627,-5.0164,-3.8539,-4.7391
14.868,-0.8893,-0.0710,-2.3907,0.1659,-7.1299,-4.8509,-5.8010,-5.4209
14.872,-0.6254,-0.7294,-2.1920,-1.3312,-8.6386,-6.3501,-6.4841,-6.1631
14.876,0.2205,-1.0919,-0.5473,-2.2714,-7.2341,-7.2852,-7.9479,-7.1659
14.880,-0.7574,-2.6049,-2.5346,0.0802,-8.8873,-8.7306,-8.1652,-5.5484
14.884,-2.3398,-2.1444,-1.4463,-1.2446,-8.5861,-7.5818,-7.7351,-5.8366
14.888,-2.4338,-1.4252,-2.4354,-4.0857,-6.5699,-6.6340,-5.6228,-3.8679
14.892,-0.7993,-0.9652,-0.3070,0.1802,-4.4530,-5.4571,-4.6531,-4.4753
14.896,-1.3528,-0.1773,-1.7179,-1.2495,-4.1755,-3.3510,-2.7368,-2.1868
14.900,-1.5615,-2.0605,-0.2982,-2.0168,-1.7032,-1.8268,0.6013,0.2060
14.904,0.1664,-0.4786,-0.6476,-0.5597,1.9891,-0.1204,0.5824,1.3707
14.908,0.4167,-1.1556,-0.3889,-0.2815,3.0030,3.0579,2.3251,2.1361
14.912,-0.1645,-1.6273,-1.1146,-0.0783,3.5067,2.8948,4.2715,4.2134
14.916,-0.5981,-2.6805,-0.0748,-2.1065,3.4291,4.2049,4.8008,3.8855
14.920,-1.1506,-1.9405,-2.3706,-1.0903,3.8137,2.8770,2.7292,4.6282
14.924,-3.1554,-2.5659,-3.3610,-2.7414,3.0048,2.5851,4.2383,4.9775
14.928,-3.3438,-5.3286,-4.2243,-4.8589,1.3680,0.4780,2.4376,3.3806
14.932,-6.0472,-5.2248,-5.2798,-6.0752,-0.3831,0.1494,2.0270,2.6972
14.936,-5.6977,-6.4446,-6.1413,-4.4636,-2.5027,-1.5437,1.4754,0.9865
14.940,-7.5418,-6.9464,-6.9778,-6.9741,-2.3937,-2.0690,-0.5766,0.3477
14.944,-7.4343,-8.7721,-8.3728,-7.8973,-2.8760,-2.7007,-3.3834,-0.7734
14.948,-7.2056,-9.7550,-9.1142,-10.0906,-3.3921,-2.9530,-2.6470,-1.4879
14.952,-8.8993,-6.8808,-9.2267,-8.6126,-5.9251,-5.0943,-4.7227,-5.5596
14.956,-7.9309,-9.0348,-10.6068,-8.1815,-7.1538,-5.3203,-5.6061,-6.0433
14.960,-10.8727,-9.0489,-10.8217,-11.2793,-8.4325,-7.4832,-6.7016,-6.4369
14.964,-10.3196,-11.2555,-9.4716,-8.9061,-8.6531,-10.0402,-9.5288,-8.6220
14.968,-10.2096,-9.9756,-10.9823,-11.6940,-12.1353,-11.5005,-9.8673,-9.5974
14.972,-9.3642,-12.0060,-10.8956,-10.3555,-10.9533,-11.9327,-9.2733,-10.0665
14.976,-12.3293,-10.7213,-10.5756,-11.5731,-12.3570,-11.7884,-10.0452,-11.7782
14.980,-9.1477,-10.2961,-9.5559,-10.3221,-11.1720,-11.8544,-11.2641,-9.6752
14.984,-9.4663,-8.8268,-9.2276,-7.7259,-12.0706,-11.3295,-9.9859,-9.7147
14.988,-8.4208,-8.9548,-6.7031,-8.3236,-9.0214,-9.4171,-7.9413,-7.1370
14.992,-6.6799,-5.4388,-6.6340,-7.5781,-7.3799,-8.8099,-5.5905,-5.5310
14.996,-5.3653,-5.2363,-5.9736,-4.9038,-5.7154,-4.1925,-4.2453,-3.6821
15.000,-3.7668,-4.4118,-4.8265,-3.1263,-1.3712,-1.4273,-0.4488,-2.6529
15.004,-0.5664,-3.0764,-3.4786,-1.4640,-0.0097,1.6390,0.1049,0.2757
15.008,-0.2761,-1.0932,0.1406,-1.0280,1.8471,2.9219,1.6307,4.3808
15.012,1.0644,0.9584,0.7082,0.6289,5.3259,4.2194,5.1820,4.2272
15.016,0.8014,-0.0610,0.7039,0.7461,4.7515,4.2561,5.3506,6.5771
15.020,0.6322,2.0937,1.2736,2.1446,4.3725,7.1097,5.5875,7.0270
15.024,2.5268,2.8264,1.8906,2.1096,4.7906,4.0475,5.5650,7.0277
15.028,2.8027,3.0324,1.7196,3.5751,4.5952,5.6910,5.6067,7.1537
15.032,2.9092,1.6908,2.0154,1.8342,2.6552,3.5427,5.7603,5.8778
15.036,3.0735,2.0014,2.2568,1.9999,1.0166,4.5287,4.8843,6.2839
15.040,2.5473,1.5614,1.4166,1.7819,2.0094,2.6513,4.8683,4.5193
15.044,1.6333,0.6191,2.1432,1.1180,0.5022,1.9634,3.6592,2.1432
15.048,0.7036,1.8533,1.8845,0.4858,0.1711,1.1771,1.7261,1.6012
15.052,0.3736,0.3302,2.1578,1.7300,-1.8265,-1.2162,-0.9645,-0.5736
15.056,-1.9757,0.3245,-1.1798,1.1207,-2.3235,-2.2539,-0.1312,-2.0179
15.060,-1.0744,-1.3884,0.0038,-0.5955,-3.3755,-2.3960,-2.6913,-2.2129
15.064,-2.2679,-3.0197,-3.2165,-1.0108,-5.4330,-6.1150,-4.9138,-4.5807
15.068,-4.2906,-3.2434,-4.1668,-2.5919,-6.6214,-7.2670,-5.4225,-6.5886
15.072,-6.3008,-3.8783,-4.7481,-4.9371,-9.0316,-9.6692,-7.9631,-6.8960
15.076,-6.0796,-6.7577,-5.7289,-4.5220,-10.4419,-8.4336,-7.0454,-7.1581
15.080,-4.9777,-4.8063,-6.3511,-7.1092,-10.6121,-10.0422,-8.6143,-7.4734
15.084,-7.9966,-6.7348,-6.5221,-5.8112,-9.7066,-11.4964,-8.8499,-8.0829
15.088,-7.2351,-6.6792,-7.5414,-6.0608,-10.0731,-9.7923,-6.2681,-8.5000
15.092,-7.1127,-7.1771,-7.7533,-7.1592,-8.5576,-6.9151,-6.5041,-6.2412
15.096,-7.9159,-7.2175,-6.5830,-6.1074,-4.9268,-5.7366,-5.7687,-3.3815
15.100,-5.6288,-4.5589,-6.8129,-4.1714,-3.9935,-2.4474,-3.0265,-3.2619
15.104,-7.2203,-6.7966,-6.1870,-6.1840,-1.9389,-2.3905,-0.3763,-1.5862
15.108,-6.8362,-6.9991,-7.2347,-5.0540,-1.2005,0.1155,-0.5918,1.0814
15.112,-7.0142,-6.8723,-4.8388,-6.5434,0.8627,2.5595,0.3362,1.0097
15.116,-5.4284,-5.8331,-6.4829,-6.9378,3.1986,1.2556,2.5481,4.4289
15.120,-7.1774,-7.1140,-5.9781,-6.6861,3.0831,2.7598,0.5324,3.8734
15.124,-6.0794,-5.4693,-6.7315,-7.1872,0.1384,1.5324,1.9059,3.3081
15.128,-9.3236,-6.9226,-7.5988,-7.2364,1.0279,0.8732,1.8137,1.5288
15.132,-8.0118,-9.0114,-6.7834,-4.9209,-0.1988,-0.6518,2.5545,1.5230
15.136,-7.5734,-9.0469,-8.4675,-6.6958,0.5529,0.2143,0.8374,1.3296
15.140,-7.2826,-8.5504,-9.9979,-6.7290,-0.5296,-0.7259,-1.1230,1.6994
15.144,-7.3970,-7.8846,-6.9661,-6.8958,-2.1981,-2.9154,-0.8903,-0.8190
15.148,-7.5722,-6.6916,-6.4684,-6.0554,-2.8961,-1.3632,-2.9626,-3.6906
15.152,-6.1975,-9.0017,-7.0347,-6.7167,-2.1094,-2.9089,-2.9005,-2.6474
15.156,-6.1790,-6.9811,-6.2061,-6.4475,-5.2549,-5.3252,-4.4278,-4.1291
15.160,-5.4424,-7.4525,-7.7445,-5.1382,-6.1813,-6.4683,-6.0158,-5.4634
15.164,-5.0985,-5.1214,-4.7903,-5.9086,-5.8330,-7.7247,-6.6392,-6.8752
15.168,-5.2215,-7.4804,-5.9253,-4.3252,-7.0645,-7.1002,-6.5759,-8.7840
15.172,-5.9015,-7.0634,-3.7760,-4.4822,-10.2919,-8.3615,-7.4857,-8.4245
15.176,-4.3378,-5.6422,-6.0541,-4.3535,-9.2804,-8.7286,-8.4308,-7.6744
15.180,-4.9214,-4.5849,-4.7372,-3.7895,-10.5301,-8.5393,-7.8328,-7.4406
15.184,-3.7586,-4.3910,-2.2819,-3.4488,-8.5179,-7.4971,-6.7602,-7.4170
15.188,-3.6777,-2.8798,-2.4228,-2.4502,-6.1791,-7.6553,-5.7703,-5.9636
15.192,-0.8124,-1.9016,-1.0139,0.0720,-4.4858,-5.2095,-4.0500,-2.8817
15.196,0.3282,-0.1219,0.3513,0.4046,-2.6624,-3.3852,-0.2176,-1.3100
15.200,-0.3703,-0.0393,1.0515,1.0822,-1.2526,-1.2175,0.9091,1.3395
15.204,2.2213,0.0744,2.1485,2.8835,2.2268,2.7078,1.9848,3.2414
15.208,2.1460,2.9545,3.5547,4.4783,5.1464,4.6437,3.2642,3.9822
15.212,1.9233,3.1528,3.3274,2.2929,5.2606,4.8060,5.2416,5.6908
15.216,4.0268,2.2595,3.9406,3.9292,5.9806,6.1446,5.7256,7.0153
15.220,1.4650,2.3603,3.4203,4.0388,7.1739,6.8413,7.7746,7.3726
15.224,2.7517,1.3507,1.9756,3.6885,5.2069,6.9373,7.0423,6.3548
15.228,1.6214,2.6608,2.4550,2.2102,4.3293,4.3308,6.7568,5.3335
15.232,1.9030,-0.2671,0.7111,-0.0774,3.3625,4.7428,5.8503,5.2162
15.236,1.1443,-0.5191,0.0991,2.7080,2.9842,3.4138,5.7817,4.4563
15.240,0.1556,-2.5837,-1.1759,-0.3352,-0.5920,2.1532,1.7962,2.3547
15.244,-3.1413,-3.4066,-1.9661,-1.1879,0.4879,-0.2072,1.2666,0.7494
15.248,-3.5284,-4.8140,-3.1019,-2.9475,-2.8113,-1.3710,0.2286,0.0792
15.252,-4.4189,-5.7960,-2.5191,-3.0606,-3.1419,-2.5166,-1.3500,-3.1974
15.256,-5.8125,-5.7471,-4.3106,-6.0420,-5.0917,-3.9876,-3.9331,-3.8734
15.260,-7.7464,-7.3055,-4.8017,-4.2079,-5.8681,-5.4945,-6.3374,-5.4321
15.264,-9.0901,-8.2523,-7.4588,-7.3595,-7.6517,-8.2067,-7.8987,-7.4276
15.268,-9.7807,-10.9255,-9.5844,-8.4687,-9.4558,-9.0254,-9.7842,-8.2715
15.272,-11.6743,-10.9420,-10.2225,-9.5962,-10.2696,-10.4270,-9.2116,-10.4517
15.276,-10.7916,-11.2504,-10.6101,-9.0705,-13.0625,-12.2729,-11.0788,-9.7791
15.280,-11.8488,-11.5608,-10.2993,-10.9115,-12.1320,-11.5795,-10.7092,-10.0650
15.284,-10.8769,-12.1321,-9.7107,-10.4674,-11.3741,-12.9045,-9.0859,-11.1654
15.288,-12.4484,-10.9822,-11.0564,-11.0055,-11.8689,-10.2373,-9.5405,-9.6381
15.292,-11.7443,-10.3432,-10.7450,-10.2664,-9.0606,-10.2509,-6.8859,-6.5320
15.296,-8.2520,-8.2720,-7.5753,-10.5278,-5.4829,-5.3574,-5.9038,-4.4309
15.300,-8.6845,-7.3130,-10.0803,-8.4938,-5.6295,-3.7944,-3.1975,-3.6053
15.304,-8.4204,-8.7131,-7.3175,-7.3055,-0.6067,-1.4786,-2.2847,-1.7541
15.308,-6.8023,-5.6981,-6.2349,-5.3066,0.4244,-0.5856,0.8356,0.5411
15.312,-6.3770,-5.4621,-4.6886,-3.8192,2.1168,2.7781,0.4350,2.0706
15.316,-3.9719,-5.6685,-5.1396,-4.3247,3.6634,4.1591,4.1182,4.1257
15.320,-4.2698,-4.0126,-2.9123,-2.0952,3.0952,3.9856,3.7754,2.9134
15.324,-3.0280,-4.9544,-2.8322,-2.3100,3.6262,2.2518,3.7330,5.7875
15.328,-2.8049,-3.2617,-2.1006,-1.4210,0.4666,4.7145,5.2461,3.9469
15.332,-2.7854,-4.7516,-1.3372,-1.7566,1.7102,2.7412,5.0891,2.6903
15.336,-3.8735,-3.1672,-1.0709,-1.8640,2.7732,2.3279,4.1876,3.3284
15.340,-2.1717,-2.7418,-1.9484,-3.0981,0.6721,2.9134,1.9679,3.7241
15.344,-2.1058,-1.9700,-0.7569,-0.1778,0.7381,0.2513,1.9550,1.4220
15.348,-1.4847,-1.5328,-2.1833,-1.1757,-1.4818,1.0932,1.9185,0.7758
15.352,-2.5083,-0.7844,-0.8278,-1.1368,-0.1837,-0.9241,-0.3462,-0.0441
15.356,-1.0663,-0.7632,0.4346,0.9838,-1.1504,-1.6985,-0.9528,-1.2850
15.360,-1.1763,0.0797,-0.5240,1.8530,-3.1787,-2.5784,-5.0647,-3.9883
15.364,-1.5956,-1.2651,-1.5008,1.3739,-4.8249,-3.4343,-3.8574,-3.2830
15.368,-1.7546,-1.9887,-0.3536,0.1462,-6.7767,-3.5985,-7.0328,-4.9116
15.372,-1.8484,-1.1207,-0.6958,0.2357,-7.3983,-5.3262,-7.3254,-6.0764
15.376,-2.3329,-2.6573,-1.1135,-0.4173,-7.9589,-6.6711,-5.7508,-6.9980
15.380,-2.1949,-1.2092,-1.3085,-0.7051,-7.2820,-7.4084,-6.8693,-6.9953
15.384,-2.3065,-2.7447,-0.3334,-0.1076,-6.9983,-6.9267,-6.3750,-6.5840
15.388,-1.5406,-1.2004,-1.5708,-1.6059,-5.6940,-5.8450,-4.8352,-4.2134
15.392,-2.4349,-1.3720,-0.5009,-0.4723,-4.3936,-4.8821,-2.6276,-4.4361
15.396,-0.0002,-0.9622,-0.9779,0.2580,-1.8079,-2.2936,-0.8238,-3.0241
15.400,-1.1862,-1.5331,-0.6634,0.6540,1.0591,0.6177,0.4695,0.0365
15.404,-2.0652,0.3147,-0.6361,1.0207,2.4277,2.1640,2.5375,2.6363
15.408,-1.1122,-0.0250,-0.6402,0.0795,4.0369,2.7923,3.1293,3.4520
15.412,-1.1123,-1.7070,-1.7052,-0.6132,4.6347,4.4190,4.6328,5.8887
15.416,-2.4025,-3.2688,-0.5661,1.3845,5.2913,5.6937,4.3052,3.0176
15.420,-2.9936,-1.2574,-1.0589,0.7133,4.0321,5.1607,7.0771,5.5155
15.424,-3.3909,-3.4602,-3.6113,-0.8881,5.0590,4.3380,6.0848,4.9548
15.428,-3.9738,-4.8972,-3.8828,-1.8542,1.7823,3.6175,3.6918,3.1897
15.432,-6.7938,-3.8613,-3.9592,-5.0276,1.2483,1.5122,3.3280,1.7654
15.436,-6.4444,-5.4124,-5.4490,-6.1148,0.5001,1.9704,0.9726,2.2419
15.440,-6.7675,-7.3194,-5.2040,-4.6534,-1.5406,-0.5233,-0.0483,-0.8802
15.444,-7.4332,-9.2417,-5.9786,-6.1971,-1.7613,0.2068,-0.8447,-1.5379
15.448,-10.0807,-7.6732,-8.1826,-6.7369,-2.5282,-3.8678,-1.9005,-1.8059
15.452,-9.4664,-7.7670,-6.5383,-7.2816,-4.7046,-3.8131,-5.3033,-4.6053
15.456,-10.2308,-9.6603,-9.7500,-8.1960,-6.3096,-5.4249,-6.4243,-5.1467
15.460,-10.5610,-9.4864,-7.8801,-9.4243,-6.7348,-6.9720,-7.6520,-6.7616
15.464,-11.1617,-12.0699,-9.5051,-8.9969,-8.2709,-8.1387,-9.0638,-8.4533
15.468,-10.2053,-11.0901,-11.1651,-8.2757,-8.0868,-8.9562,-9.5386,-10.4568
15.472,-10.1440,-12.1351,-9.8236,-10.3584,-10.5801,-9.9453,-9.9521,-11.0282
15.476,-11.0038,-9.6517,-10.1524,-11.1376,-10.6990,-10.6879,-8.9380,-10.3385
15.480,-11.6821,-9.4026,-8.9190,-8.3365,-12.3720,-9.0250,-9.5933,-8.5708
15.484,-10.3424,-9.7328,-8.9490,-7.6549,-11.2336,-9.2787,-8.3488,-8.6435
15.488,-10.1471,-8.4480,-7.3232,-6.8166,-8.3393,-6.5579,-9.0460,-7.2734
15.492,-8.3213,-6.7672,-6.1057,-6.1035,-7.6150,-4.3067,-5.5405,-6.3338
15.496,-5.6936,-6.3281,-4.5389,-2.6846,-3.9282,-3.2154,-3.5701,-3.6961
15.500,-4.3596,-3.6652,-2.4055,-1.6353,-2.0220,-1.2147,-0.2141,-1.7918
15.504,-2.1680,-2.3891,-0.6422,-0.1777,0.3892,2.5022,0.4667,1.7984
15.508,-0.5298,-0.7610,0.6417,0.0922,5.3438,4.4104,3.6418,2.5756
15.512,1.2545,-1.2397,1.0060,1.1020,4.6778,5.8237,4.9210,4.1319
15.516,1.5676,1.1897,2.4523,4.3274,6.3696,7.8549,6.8446,5.2117
15.520,1.1861,1.5770,2.0919,3.7128,7.5325,6.2833,7.1886,6.5180
15.524,3.0857,2.2696,2.9340,3.8654,7.6238,5.8370,6.5434,7.0664
15.528,2.6962,3.1889,2.5759,4.4760,5.9000,5.3775,6.2263,6.6041
15.532,1.2648,1.1050,2.2362,3.7288,5.6209,4.8120,7.1192,5.4053
15.536,2.2944,2.9956,5.1321,3.8283,5.1126,4.9920,5.7276,5.9953
15.540,2.1722,2.6508,2.9017,3.9360,3.0863,3.4354,4.7444,1.6244
15.544,-0.3062,2.2632,3.3284,4.0810,3.7005,3.1349,2.9834,3.3247
15.548,1.6917,-0.0565,2.6000,0.7661,1.9056,0.1049,1.4316,1.9585
15.552,0.8945,-0.0109,2.6188,3.2577,1.0164,0.4011,-0.8459,0.7833
15.556,-0.3461,1.0729,1.1314,1.1117,0.3074,-0.7826,-0.9368,-1.6572
15.560,-0.5932,-0.2624,1.1103,1.8969,-1.0531,-1.2269,-4.0071,-2.8113
15.564,-0.9571,-1.5969,-0.3523,-1.6777,-3.0279,-4.7202,-3.3671,-6.8161
15.568,-2.7168,-3.4525,-2.6511,-2.2820,-6.5893,-5.9742,-6.2021,-6.5376
15.572,-4.5751,-3.4867,-3.7094,-2.1117,-7.1781,-8.2398,-5.8984,-7.8476
15.576,-5.6186,-5.2992,-2.7075,-2.9053,-10.4394,-7.4804,-7.1384,-9.0307
15.580,-6.1727,-7.1786,-3.4583,-4.0921,-9.7263,-10.8296,-6.8408,-9.0220
15.584,-5.6858,-7.3816,-5.7913,-3.7047,-8.5637,-7.6774,-7.2660,-7.0692
15.588,-6.9029,-6.1041,-5.3093,-5.4822,-7.9669,-6.7248,-7.8595,-6.7961
15.592,-7.4184,-8.2340,-4.4120,-4.2941,-6.3483,-6.0364,-5.5684,-5.4047
15.596,-5.6857,-7.3364,-5.8027,-5.8990,-6.1984,-4.4882,-5.1272,-5.7659
15.600,-7.2765,-6.4337,-5.9802,-6.5542,-1.5445,-2.5134,-3.2393,-2.5731
15.604,-7.6048,-6.5040,-5.2616,-3.9044,0.3453,-0.2910,-1.7010,-0.7599
15.608,-6.1656,-7.1622,-4.4392,-4.4344,1.2484,2.0443,0.5671,1.6449
15.612,-6.1429,-5.6646,-4.8401,-4.9647,1.6228,3.2272,1.3123,1.6729
15.616,-6.3817,-5.8068,-3.5597,-4.3220,4.7161,4.6423,2.8052,2.4511
15.620,-5.9923,-5.5640,-5.1438,-4.3861,2.0700,3.7694,2.6547,1.2713
15.624,-7.1315,-5.9476,-4.3392,-4.9015,1.6718,3.6497,3.3354,4.6469
15.628,-6.3495,-5.9946,-6.2922,-6.0033,0.5489,2.3810,4.1626,1.2778
15.632,-7.7931,-6.6931,-5.5897,-4.9684,1.3690,1.5871,1.6687,1.6369
15.636,-7.6821,-6.8934,-5.2766,-4.9894,1.6778,0.7745,1.0764,0.8840
15.640,-6.0312,-6.4283,-4.9840,-4.3586,-1.2279,-0.8004,-1.5937,-0.1215
15.644,-6.2512,-6.4070,-5.3215,-5.1217,-0.5383,-0.7263,-1.0372,-1.6966
15.648,-7.4389,-6.6009,-4.4000,-4.6198,-1.6118,-0.7625,-1.7227,-1.9206
15.652,-7.8868,-5.7680,-4.2648,-3.8396,-1.2042,-2.9447,-3.4742,-3.2540
15.656,-6.1910,-5.3295,-4.2898,-4.5556,-4.8784,-3.3877,-2.4315,-2.5611
15.660,-7.4369,-5.4805,-4.9750,-3.5028,-5.9684,-4.9146,-4.6867,-4.4462
15.664,-6.2401,-4.8711,-3.9995,-3.7996,-5.0221,-5.2881,-6.6092,-6.4669
15.668,-6.6063,-5.4110,-4.4329,-3.7464,-6.5689,-5.1877,-6.5638,-8.0978
15.672,-5.1809,-6.0669,-2.6982,-4.1165,-8.1183,-7.8623,-6.9945,-7.6403
15.676,-4.4736,-4.7223,-2.0144,-2.8094,-8.0793,-8.6428,-6.3458,-8.2377
15.680,-4.8052,-3.9484,-2.3958,-2.8838,-8.0986,-7.5901,-8.3244,-8.8064
15.684,-4.6183,-2.8681,-1.4207,-1.0336,-6.2049,-6.7135,-6.7597,-5.9989
15.688,-0.6844,-2.7797,-0.9773,0.1444,-4.2398,-6.0057,-4.3512,-4.1017
15.692,-0.1932,-1.3651,0.6505,1.7128,-4.0819,-3.4732,-2.9853,-3.1673
15.696,1.1300,-0.0529,3.1273,3.0448,0.1182,-0.8386,-0.3968,-0.0374
15.700,0.5186,2.1568,3.5106,5.1233,0.8738,0.1391,-0.5437,0.2382
15.704,1.2563,2.2154,3.6056,4.8848,2.9685,3.5691,2.2190,2.7458
15.708,3.8125,3.3400,4.0273,5.9084,5.3316,5.3809,4.8072,4.2645
15.712,3.0848,3.3307,5.2651,4.7640,6.2572,6.2975,6.0271,6.5798
15.716,2.6664,3.6096,5.2866,6.4960,8.4284,7.8411,6.4839,8.1538
15.720,3.6060,4.2409,4.2670,7.4075,7.4068,7.2852,6.3573,5.0787
15.724,3.4557,4.2411,4.4852,5.2283,7.3370,7.4628,6.9823,6.0643
15.728,1.6893,2.6450,4.2817,3.4164,5.4782,6.7445,6.8688,6.9191
15.732,1.0906,0.9693,3.1514,3.1400,6.2567,5.6583,5.9354,4.6634
15.736,0.3528,0.3296,2.9066,1.7426,4.5380,3.0433,3.9062,4.1362
15.740,-0.6515,-0.7481,-0.1693,3.0710,3.6496,1.5007,2.6266,4.3470
15.744,-1.6891,-1.0232,-1.1911,0.9154,0.9390,1.3601,0.7932,-0.0560
15.748,-3.3177,-1.7434,-0.5821,-1.1781,0.3611,-1.1596,-0.5287,-1.6485
15.752,-3.9128,-3.9124,-3.0264,-1.1532,-1.6627,-0.3674,-1.3432,-2.5539
15.756,-4.8447,-4.8043,-3.2222,-3.7004,-2.4938,-3.0457,-5.4310,-4.5233
15.760,-5.4429,-4.8114,-3.6173,-3.9982,-5.7079,-4.7975,-4.4178,-7.7621
15.764,-6.0538,-8.3214,-4.5874,-5.8469,-7.9254,-6.6793,-6.7016,-6.7956
15.768,-7.7928,-9.0049,-6.6878,-6.6365,-8.5908,-9.5644,-9.0350,-10.5966
15.772,-10.0660,-8.5432,-8.6340,-7.4784,-10.0354,-8.4795,-9.6784,-10.1741
15.776,-10.9508,-8.4978,-8.5454,-9.0820,-9.4002,-9.9040,-10.6443,-10.8713
15.780,-11.1295,-10.4527,-10.4284,-9.1627,-11.0253,-11.0208,-8.9147,-9.9863
15.784,-11.1271,-11.7915,-9.0121,-8.5816,-9.9415,-9.3064,-9.9007,-10.6515
15.788,-10.3802,-9.9779,-8.3995,-8.7988,-8.8894,-8.4576,-10.3321,-7.5249
15.792,-9.3900,-8.2057,-7.8428,-8.0740,-7.5155,-5.8136,-7.5187,-6.7265
15.796,-9.9193,-8.2416,-7.1284,-6.5535,-4.1903,-4.9152,-5.5969,-6.1914
15.800,-7.6555,-8.4699,-6.6586,-6.7109,-1.9732,-1.8837,-3.3340,-2.7801
15.804,-6.7351,-5.8572,-5.4775,-5.3573,-0.7391,0.8828,-0.8336,-0.8887
15.808,-6.2274,-4.9803,-4.1583,-4.0152,0.8722,1.2512,-0.1065,-0.6684
15.812,-4.5281,-4.1329,-3.4940,-1.7237,3.6888,3.1483,1.8700,2.4682
15.816,-4.0101,-3.7641,-0.5871,-3.0825,4.5836,4.7352,2.2133,3.0812
15.820,-2.0782,-1.9146,-1.7776,-0.6253,5.0325,6.2035,3.8158,3.0276
15.824,-3.0726,-1.6373,-1.0481,0.0344,4.1275,4.2610,3.9930,3.9130
15.828,-2.9575,-2.7377,-1.5683,0.9975,4.4998,2.4615,4.3734,4.0213
15.832,-2.8305,-0.4641,-1.0883,-1.2743,3.5379,3.5616,3.5345,3.4212
15.836,-0.9115,-0.5975,-0.0941,0.8570,4.2451,2.7127,4.9574,3.0896
15.840,-0.5230,-1.0931,0.4480,0.8367,2.6545,3.9605,2.2420,3.3692
15.844,-0.6328,0.1688,1.2139,2.0793,2.9093,2.9008,1.9015,0.1163
15.848,0.1370,0.7050,1.2883,0.0577,1.8050,1.5548,1.6908,-0.0103
15.852,-0.3316,0.6775,2.3295,2.0951,1.3121,-0.3007,-0.3096,-0.7931
15.856,0.1797,1.0595,1.8830,1.4543,-0.0836,-0.5809,-1.5849,-2.3745
15.860,0.2977,2.2628,0.9242,2.3594,-2.3204,-1.8807,-3.4908,-2.6676
15.864,1.1576,0.3067,3.9360,4.3986,-2.7567,-2.3042,-4.9314,-3.1480
15.868,-1.8751,-0.6800,2.4139,1.7905,-4.8985,-4.5115,-4.4492,-4.3060
15.872,-1.5299,0.7578,1.6041,0.7168,-5.0473,-4.8742,-6.0552,-4.6342
15.876,-1.8262,1.6784,-0.4372,2.0593,-6.3532,-4.3074,-6.7313,-7.9216
15.880,-0.6369,0.1705,1.6237,2.3765,-7.1734,-6.1682,-7.3868,-5.7102
15.884,0.1293,0.7197,1.4805,1.2711,-5.1807,-6.2371,-4.6734,-4.3391
15.888,-0.7003,0.9159,0.8155,2.8413,-5.3454,-5.3359,-3.7089,-5.0501
15.892,-0.2780,-0.0297,0.4950,2.2415,-2.1369,-2.5791,-3.8010,-3.9146
15.896,-0.0491,1.1444,0.5722,2.1840,-0.6745,-0.3424,-2.8287,-1.8869
15.900,0.3737,0.2135,0.9716,2.3571,1.1868,-0.0331,1.7087,0.0075
15.904,-0.6876,0.2752,2.4561,1.3203,3.6734,3.1258,1.8957,3.1467
15.908,1.1583,0.5935,1.7453,1.5526,5.2787,4.6683,2.8510,2.3732
15.912,1.1408,0.5368,-0.5430,2.4232,5.1530,4.4461,5.2198,3.1824
15.916,-0.4194,-0.6890,1.5954,1.5673,5.8145,4.9953,5.0885,4.8057
15.920,-1.7536,-0.5218,1.0225,0.9151,5.0177,4.8438,5.0229,4.6641
15.924,-1.6241,-1.6465,0.4135,0.8622,5.4128,4.5361,4.5217,3.7894
15.928,-2.7352,-2.7552,-2.0576,-1.4558,4.8402,2.8243,4.7958,3.3159
15.932,-3.9232,-3.7877,-2.5386,-2.5491,2.9280,0.7727,2.2648,3.1485
15.936,-3.4450,-2.4000,-3.1788,-2.7511,0.4365,-0.2356,1.6962,0.0992
15.940,-5.3802,-6.4106,-3.4991,-2.6300,0.2849,0.0992,1.1243,1.1000
15.944,-7.0239,-6.6544,-4.4907,-3.4010,-1.3776,-0.8307,-0.2803,-1.2347
15.948,-6.9255,-5.7501,-5.5820,-5.1677,-1.3583,-2.3566,-2.9000,-4.0015
15.952,-8.5909,-6.1954,-6.3680,-5.5298,-3.2024,-3.9409,-3.9050,-4.4587
15.956,-6.5409,-7.7608,-5.2833,-5.8346,-3.8230,-2.6256,-5.5895,-5.3238
15.960,-8.4160,-8.7838,-6.9302,-5.8509,-7.3804,-5.9402,-6.1472,-8.2859
15.964,-7.5595,-7.3935,-7.5050,-6.5931,-7.2281,-7.4292,-8.5152,-8.5928
15.968,-8.9304,-8.6889,-8.0694,-6.2341,-9.2285,-7.8460,-7.3795,-9.9573
15.972,-9.0595,-10.1853,-6.9987,-7.6374,-9.8859,-8.6378,-10.4718,-9.9446
15.976,-9.0411,-7.0010,-8.1969,-7.0809,-9.7170,-11.3534,-9.0811,-8.6073
15.980,-8.3812,-8.8316,-7.9891,-7.0883,-10.3920,-9.4241,-9.6214,-10.6366
15.984,-7.3836,-8.8625,-6.2671,-5.9650,-8.5452,-8.7994,-9.6439,-9.6320
15.988,-7.0367,-6.9670,-4.7698,-5.4777,-6.8721,-5.7279,-7.7794,-8.7657
15.992,-4.4204,-4.7994,-4.1653,-3.2340,-5.5223,-5.2640,-6.4920,-5.9881
15.996,-3.7173,-3.8270,-1.8601,-1.6740,-3.4437,-2.4575,-2.8845,-2.9625
16.000,-2.0545,-3.6058,-0.8157,-0.3828,-0.7655,0.5378,-1.3742,-1.9584
16.004,0.0438,-0.4163,1.6076,1.2166,1.3247,1.3543,2.8069,1.0552
16.008,1.3014,0.5417,4.1443,3.3942,4.7902,4.7294,2.3511,2.7278
16.012,2.1046,1.6736,2.9338,3.4086,5.7341,6.1528,4.5041,5.1077
16.016,2.8085,3.5702,4.8602,5.0215,7.8348,6.3906,6.0479,3.9111
16.020,3.1084,4.5478,4.5873,4.9313,7.0996,7.4580,6.6534,8.0788
16.024,3.4688,4.2945,5.2488,6.5981,7.1426,7.2135,7.2118,7.2627
16.028,3.4110,3.8027,4.7812,5.6464,7.9766,7.0439,7.2504,6.4585
16.032,5.0895,3.6880,6.0565,5.5461,5.6403,5.5147,5.5509,4.7772
16.036,4.6175,4.6152,4.7741,5.4942,4.7866,4.5860,6.2161,6.1640
16.040,4.1662,3.2995,4.7042,6.6073,4.5272,4.1240,4.2426,3.3673
16.044,4.3110,4.6645,4.2673,5.6370,3.1065,3.7815,3.5261,3.3150
16.048,2.8622,1.9937,5.0888,4.4845,2.9545,3.3059,2.0372,1.7077
16.052,2.5508,2.6415,5.1264,4.5098,2.1943,2.0863,0.2977,1.2731
16.056,1.3388,2.1487,3.3986,4.1137,-0.1371,-0.0988,-0.8831,-0.0138
16.060,1.0149,0.8794,2.5996,2.7764,-0.0003,-1.0174,-3.2757,-2.9375
16.064,-0.2592,1.7062,2.0648,1.7445,-2.1847,-2.9370,-6.2203,-3.2659
16.068,-0.9702,-1.0842,0.8816,-0.3540,-3.3392,-3.8040,-7.6293,-5.6545
16.072,-2.8574,-2.1262,-0.3585,-1.2091,-5.5697,-6.3108,-6.6956,-7.4637
16.076,-3.2985,-3.3563,-1.8945,-2.1277,-8.2182,-8.8784,-8.5465,-9.3682
16.080,-4.2778,-4.4853,-3.5178,-3.6257,-6.9221,-6.9429,-7.9071,-8.4488
16.084,-6.1671,-3.8780,-1.7863,-3.7751,-6.5151,-7.2600,-8.5362,-8.4061
16.088,-5.1673,-4.8284,-2.6666,-2.4573,-8.6954,-6.3744,-6.3922,-7.4251
16.092,-4.5771,-4.7952,-3.7193,-4.3593,-4.9910,-5.1463,-4.4927,-6.1622
16.096,-4.3803,-4.7915,-3.2566,-4.0435,-3.2887,-2.8319,-4.1214,-3.9217
16.100,-4.9742,-3.7546,-2.7366,-2.5464,-1.8306,-0.5378,-3.1270,-2.7351
16.104,-4.6439,-2.7876,-2.6856,-2.3353,1.5080,-0.4222,0.9132,-2.1988
16.108,-3.2661,-3.3073,-2.9031,-2.9774,2.7935,4.2406,2.0719,-0.0536
16.112,-4.6245,-3.3031,-1.1819,-2.1105,4.3867,3.4680,2.3601,-0.4703
16.116,-3.4141,-2.2155,-3.8598,-4.0925,4.6125,3.7048,2.6139,3.4668
16.120,-3.9142,-4.7015,-3.0440,-2.3730,4.8859,3.7006,4.1636,2.1781
16.124,-4.9480,-3.7893,-3.2240,-2.6793,3.0548,4.5746,2.6328,2.2472
16.128,-4.9303,-5.1200,-4.9848,-4.7715,2.7752,1.6513,2.4614,1.7433
16.132,-5.7632,-4.2920,-4.0374,-4.0981,1.3631,2.4440,2.0865,1.6913
16.136,-4.6879,-3.7568,-3.1911,-3.0307,0.8368,1.5925,0.8817,0.8635
16.140,-4.6085,-3.2375,-3.7400,-3.5993,-0.0741,1.6260,0.8033,-0.1760
16.144,-4.1814,-4.2935,-1.8685,-4.0654,-0.2286,0.4617,-0.4920,-1.5153
16.148,-4.7728,-4.6889,-3.4322,-4.1389,0.0684,-0.6288,-2.6267,-1.5305
16.152,-5.0973,-3.2118,-3.1686,-1.2673,-1.7850,-0.1182,-2.7840,-3.5843
16.156,-3.5563,-2.7702,-3.1580,-3.0522,-2.9641,-3.0214,-2.0440,-5.8002
16.160,-3.8819,-3.7244,0.0346,-2.9473,-3.8814,-3.7447,-4.9125,-6.0387
16.164,-4.2048,-4.0240,-3.0104,-2.0138,-4.4733,-4.4254,-5.7976,-5.8739
16.168,-3.1505,-4.0316,-2.4804,-2.0872,-4.3530,-7.9660,-7.5650,-7.2497
16.172,-2.5256,-2.3565,-1.4923,-3.7555,-6.6562,-7.3712,-7.5333,-8.2967
16.176,-2.3265,-1.6684,-1.9023,-2.0226,-6.5229,-8.0886,-6.9551,-6.9739
16.180,-1.0086,-1.4316,-0.4859,0.2753,-6.6013,-7.0406,-6.8085,-5.8213
16.184,-1.6166,-0.7979,0.1246,0.7742,-6.2165,-6.2971,-4.6828,-5.9713
16.188,1.0663,1.1301,0.7682,0.6266,-4.6887,-5.7887,-5.5846,-5.1023
16.192,1.7168,0.1316,1.4394,1.4675,-1.4591,-2.1237,-2.3608,-4.6931
16.196,2.9064,2.6135,3.2991,3.2943,-0.1028,-0.3152,-0.9341,-1.7076
16.200,3.6040,4.2938,4.3951,6.0337,3.7003,3.1509,1.4135,2.9148
16.204,4.0902,4.7034,6.5988,5.5581,5.3163,4.8987,3.2883,3.4486
16.208,6.5864,5.6778,7.3918,6.8341,5.2338,7.0305,3.7807,5.8927
16.212,5.1089,5.7713,6.6155,7.0847,8.7251,9.0591,6.1819,6.7184
16.216,5.3171,6.5247,7.2625,8.0302,8.9174,9.2282,6.7746,6.4519
16.220,6.0236,6.1340,6.3570,6.3768,7.6233,7.0779,8.7303,7.2880
16.224,5.5310,6.3494,6.8547,6.0323,7.6598,6.7847,7.0147,6.2539
16.228,6.2089,4.3107,5.0606,6.9080,7.3471,6.4459,6.5423,7.0840
16.232,3.0660,5.3990,5.1929,5.7394,5.7804,6.1777,4.8358,3.5026
16.236,1.4198,3.1653,5.4667,3.3128,6.1478,4.4589,3.9640,3.8535
16.240,0.9850,1.7367,3.2205,3.8542,3.0806,4.0733,3.7164,3.1546
16.244,1.0513,1.2246,1.2363,1.4324,2.3070,3.1513,2.4736,1.4643
16.248,0.6566,0.3829,0.2407,1.1993,1.6761,0.8268,0.0583,0.1949
16.252,-1.8148,-1.9337,0.1880,-0.9738,-0.9457,-0.6096,-2.1211,-2.7692
16.256,-2.0184,-2.8939,-0.8257,-1.6780,-3.3205,-2.4759,-2.3088,-3.6389
16.260,-4.0413,-2.3632,-1.8909,-1.5127,-6.0890,-4.5494,-5.6788,-5.4227
16.264,-4.6820,-3.1323,-3.9379,-4.7658,-6.2179,-5.0953,-6.5969,-7.0195
16.268,-6.5727,-5.7526,-4.9067,-5.0536,-7.2824,-6.2748,-8.2660,-8.6999
16.272,-6.2002,-6.6148,-6.4000,-6.3241,-9.6991,-9.5961,-10.1067,-8.9195
16.276,-6.8535,-8.8077,-6.0025,-6.9998,-9.2881,-10.3282,-8.7251,-9.6002
16.280,-7.2369,-8.2319,-6.8204,-6.8454,-10.1203,-11.9453,-10.7316,-9.9272
16.284,-9.5311,-8.0691,-6.9579,-7.8811,-9.3298,-9.1143,-10.4411,-9.8839
16.288,-7.5472,-8.1334,-6.4351,-5.2039,-7.0641,-7.9072,-8.5453,-8.3157
16.292,-6.9315,-6.2617,-5.2025,-7.3830,-6.2374,-6.9412,-8.6632,-7.9664
16.296,-7.5988,-6.3971,-5.4310,-5.2465,-3.0064,-4.6923,-4.6057,-6.1034
16.300,-6.6542,-4.0785,-4.5117,-4.1906,-2.1114,-1.4021,-3.1605,-4.5985
16.304,-4.9227,-2.9421,-3.6703,-1.3955,0.3472,0.2320,-0.8611,-1.8090
16.308,-2.7062,-2.1550,-1.8963,-1.1239,2.1935,1.5946,1.1757,0.8794
16.312,-0.9132,-1.5176,-1.2076,-1.2721,4.5104,4.3267,2.3273,3.3690
16.316,-0.8212,-0.4046,-0.2410,-0.3868,6.3246,5.2939,3.3977,3.0654
16.320,-0.2896,0.3684,0.9687,-0.9099,4.7436,4.9651,3.7007,3.6372
16.324,-0.2677,1.2226,1.9334,0.4705,5.5240,6.1356,4.1596,3.6149
16.328,-0.4822,1.0572,1.2751,1.2012,5.6695,4.2278,4.9939,4.2469
16.332,0.4133,0.7584,2.9210,1.8421,4.7084,2.8638,3.9963,3.2409
16.336,1.9033,1.5209,2.0694,1.9218,1.1404,4.2406,3.3683,2.9957
16.340,2.4205,1.9575,2.7127,1.4329,3.7802,2.0678,1.4297,1.3816
16.344,1.8372,1.8529,3.1340,3.9958,2.7143,2.8272,1.5038,0.3192
16.348,3.6669,3.4954,3.8110,4.8455,2.2336,1.1210,0.4142,1.7788
16.352,2.0371,2.4500,3.4384,3.3226,0.4452,0.9529,-0.5596,-2.1384
16.356,3.4518,4.3292,4.5362,3.0179,1.2022,-0.2466,-0.9483,-1.9153
16.360,3.9579,4.1273,3.9572,3.0849,-1.8718,-2.0073,-2.7565,-3.1516
16.364,2.8764,2.8804,3.6513,4.0739,-2.1208,-1.7730,-4.1393,-5.3542
16.368,3.2059,3.3782,5.2061,3.0334,-4.4028,-4.3576,-4.6749,-5.2601
16.372,1.5669,2.9171,2.1707,3.7126,-4.4512,-5.7618,-4.7644,-5.7567
16.376,2.3114,4.0196,1.5137,3.2302,-4.8146,-4.4852,-5.8993,-7.2261
16.380,2.6383,2.7682,0.8970,3.6514,-6.2330,-5.7434,-4.4898,-6.5307
16.384,2.2039,2.4892,1.5198,3.1520,-4.7067,-6.0084,-4.3149,-5.8910
16.388,1.9510,3.5268,3.2190,1.1492,-4.3918,-5.2276,-4.3885,-4.0400
16.392,2.8155,3.3452,2.6961,3.6333,-3.1222,-2.6193,-2.7958,-4.2860
16.396,2.3114,3.2103,2.7516,3.7997,-0.4836,-0.4764,-0.9747,-1.3929
16.400,3.8237,3.2963,3.4233,4.0062,1.4393,1.7779,0.6548,0.1351
16.404,3.3468,3.2060,4.0122,3.9311,4.2607,2.5576,1.4165,1.6625
16.408,4.5288,3.9142,3.1646,4.1598,4.7550,5.7207,3.9130,2.4865
16.412,2.6677,3.3861,3.5583,2.9974,6.9040,5.8325,4.9581,2.9938
16.416,3.0720,2.1227,3.0340,2.3081,7.0875,6.3975,3.5222,4.3258
16.420,2.3374,1.2031,3.0205,2.1589,6.6434,5.3183,6.6310,4.0296
16.424,1.3990,1.1866,2.0904,1.2826,5.8175,7.2267,5.0354,2.8683
16.428,1.5172,0.4087,0.7522,1.3039,3.4431,4.8618,4.6315,4.4130
16.432,-0.0934,-0.1531,-0.4741,0.0975,2.1117,2.7199,3.1177,2.4024
16.436,-3.0430,-2.5156,-2.3889,-2.1013,2.2264,3.0857,2.3863,1.8702
16.440,-3.0065,-3.7123,-3.7419,-2.0011,1.6720,1.1463,1.6793,-1.2290
16.444,-3.9279,-3.1834,-3.9666,-3.9998,1.4433,0.4502,-2.1012,-1.2143
16.448,-3.9586,-3.1005,-4.7473,-3.0992,-0.6308,-2.1067,-2.4456,-4.1639
16.452,-4.5649,-2.9239,-3.6637,-3.3978,-2.9515,-3.1709,-3.3330,-3.8769
16.456,-4.5925,-4.2295,-3.6982,-5.1846,-1.8142,-2.5102,-4.9003,-5.1205
16.460,-4.8949,-5.1980,-5.8317,-5.6100,-4.7087,-5.5241,-7.4065,-6.1084
16.464,-5.5955,-6.0480,-6.2897,-6.3407,-6.2840,-8.2819,-8.4633,-7.8846
16.468,-5.0309,-5.6376,-5.5775,-6.0513,-7.7309,-7.0238,-8.2338,-11.2768
16.472,-4.8002,-6.1655,-5.8936,-5.5744,-8.9328,-9.3266,-11.2792,-9.5373
16.476,-6.1481,-6.2879,-6.3381,-6.0517,-7.4124,-9.9444,-9.6268,-12.0734
16.480,-6.5385,-4.3250,-6.6843,-7.2507,-9.4050,-10.7272,-9.4375,-10.0567
16.484,-6.1175,-3.2047,-5.8065,-5.4696,-7.6764,-8.8263,-8.6388,-10.0931
16.488,-3.7758,-2.6478,-3.1411,-4.8523,-5.3769,-8.0086,-7.2471,-6.3528
16.492,-2.2100,-1.9850,-0.6039,-2.9431,-4.7796,-4.5589,-4.9804,-5.6261
16.496,-1.2260,-1.7642,-0.4948,-0.6900,-1.3597,-4.0524,-1.2584,-2.0253
16.500,-0.7921,1.0301,2.0705,1.6160,0.7213,0.0033,0.8532,-1.0761
16.504,1.7808,2.7954,3.6577,2.5161,1.6044,2.7078,1.8859,1.4645
16.508,5.4226,3.0570,3.3707,3.5982,5.9356,5.1170,3.6892,2.3056
16.512,5.3973,3.7723,3.4049,3.7755,8.3568,8.0843,5.3003,5.4442
16.516,5.1151,5.2964,5.9527,5.7790,8.3168,8.4310,6.4267,5.7486
16.520,5.7058,7.1094,6.9312,6.2006,7.7255,8.6247,6.1984,6.4421
16.524,5.5044,6.9016,7.4916,7.6523,7.6335,7.5950,6.6123,8.6321
16.528,7.1600,7.2079,7.5890,7.6648,8.0475,6.1140,5.0780,7.2235
16.532,6.4502,8.0870,6.8415,9.2782,7.2651,6.7701,6.8837,5.5743
16.536,5.6086,7.5148,6.6615,7.6344,6.4249,4.9324,5.3417,2.8583
16.540,5.9257,5.3401,7.1206,7.2250,4.3590,6.0844,5.6411,5.4608
16.544,6.6809,6.5255,6.6344,6.8948,3.7314,4.2808,3.0737,3.7990
16.548,6.6569,5.5093,7.2495,5.9470,3.9163,1.6250,2.2090,2.9999
16.552,3.6081,5.3884,4.6778,5.6536,1.5669,1.9718,0.0898,0.7501
16.556,4.1771,5.1555,3.1584,4.0612,1.6106,-0.0797,-0.8433,-0.3819
16.560,2.7369,4.4192,4.7413,3.7895,0.0736,0.2472,-2.8501,-2.1584
16.564,3.5744,3.0966,2.1719,2.2983,-1.7908,-2.1957,-5.3498,-5.5257
16.568,1.6920,2.2216,1.8665,1.8209,-3.4685,-4.9380,-5.7773,-7.4302
16.572,0.3008,1.9695,1.3972,-1.3655,-4.9975,-5.8790,-6.2010,-6.3527
16.576,-1.5657,0.3840,0.3144,-0.5682,-5.4382,-7.5896,-7.1444,-9.2760
16.580,-2.5497,-1.0162,-0.9332,-0.7584,-6.4718,-7.9711,-6.6860,-7.9022
16.584,-2.3582,-0.9162,-2.2056,-2.2763,-6.5465,-7.7109,-7.9263,-7.5705
16.588,-1.8083,-3.6283,-1.5764,-3.0100,-7.4548,-6.9196,-7.9736,-6.5014
16.592,-2.1047,-3.2100,-0.9363,-1.9997,-6.0961,-4.1951,-5.5953,-5.5934
16.596,-1.8157,0.7003,0.1370,-1.7011,-2.7931,-3.9687,-3.7966,-3.8767
16.600,-1.1460,-0.9947,-0.8362,-3.2665,-1.6617,-1.4811,-2.8514,-1.7047
16.604,-1.7993,0.2504,-1.2678,-0.9350,1.5875,0.1593,0.2724,-0.2064
16.608,-2.2806,-0.7216,-1.6093,-0.7540,4.2237,0.9878,0.5852,-0.7362
16.612,-0.9313,-1.3120,-1.2569,-2.6685,2.5033,4.2707,2.5063,0.7124
16.616,-1.2654,-1.7862,-2.8641,-0.9527,3.8239,2.9493,3.1879,3.1187
16.620,-2.6217,-2.0969,-1.1511,-2.9211,5.4067,3.5648,3.5998,3.3079
16.624,-0.4936,-0.8416,-0.8046,-1.5100,4.1096,2.6008,3.9428,2.7387
16.628,-1.8953,-1.9618,-2.4768,-2.2871,3.9910,3.3957,2.5100,2.9028
16.632,-1.9643,-2.6369,-1.9877,-3.2325,2.2439,2.9907,1.6335,1.4520
16.636,-1.5827,-2.2742,-1.6911,-2.6102,1.5457,2.6146,2.3632,1.9061
16.640,-2.9533,-2.8950,-3.7085,-2.8535,1.2926,2.0706,0.6612,0.7635
16.644,-1.9364,-2.8010,-2.7162,-1.8664,-0.5020,-0.2884,-0.7138,0.7508
16.648,-0.9621,-1.2788,-1.8610,-2.4557,-0.8374,0.1610,-2.2520,-2.2631
16.652,-1.3061,-0.7888,0.0339,-1.6537,-2.0112,-0.7818,-2.8098,-3.2279
16.656,-0.8606,-1.9280,1.0320,-1.5252,-2.7065,-2.3615,-3.4278,-2.5419
16.660,-0.4767,-0.8129,-0.4985,-1.0003,-4.3515,-2.2019,-4.5240,-4.8288
16.664,-0.6792,0.2823,-2.2091,-0.5083,-4.1312,-5.3197,-5.6455,-7.1285
16.668,-0.7025,0.0408,0.0424,0.5605,-4.8152,-4.1497,-5.8430,-3.9732
16.672,-0.9669,-0.0552,-1.1641,-0.8223,-5.4346,-6.1767,-7.0447,-6.3779
16.676,0.4839,0.5349,0.6730,-0.2271,-5.3554,-6.3145,-7.7321,-7.5073
16.680,-0.6361,1.6662,0.9868,0.7284,-6.1526,-6.0241,-6.3469,-8.9688
16.684,3.2790,3.4409,1.0021,3.0508,-6.1492,-5.7585,-4.3393,-6.1194
16.688,2.7770,1.7720,2.0523,1.7487,-2.2311,-3.7131,-4.5470,-4.9473
16.692,3.5606,2.0954,2.8038,3.3147,-1.1059,-2.0346,-3.9596,-2.0811
16.696,3.8762,5.8028,6.3415,4.5490,1.2585,0.0403,0.2057,-0.6044
16.700,6.3395,5.8013,5.1702,5.5823,1.6365,3.8444,0.5372,1.1508
16.704,9.0380,7.3661,8.2694,6.5048,6.2732,5.3658,3.0813,2.3924
16.708,6.9939,8.1898,8.5078,7.6930,6.1924,7.7632,2.5838,4.9673
16.712,9.6660,7.9951,8.8239,6.7755,8.6020,7.3569,4.0151,6.5944
16.716,9.1102,9.6995,6.8234,8.7392,9.7127,7.8342,6.3070,6.5532
16.720,8.2963,7.4338,9.4934,8.4010,9.5482,7.8377,7.3030,6.7130
16.724,6.6750,8.3780,8.6960,7.6429,7.3333,7.0317,7.8615,7.5847
16.728,6.6919,7.5111,5.4830,5.7036,6.5430,6.0789,6.4245,6.3634
16.732,6.0084,7.2608,6.7486,4.9901,7.1305,7.4058,6.0929,4.6228
16.736,5.5327,6.0307,6.2182,4.9066,5.2786,4.9645,4.2858,5.0058
16.740,4.3060,3.7425,3.5959,2.9541,4.8067,3.9081,3.3031,1.1009
16.744,3.0841,2.3438,2.8417,2.6183,1.6639,2.7039,0.7543,1.3132
16.748,3.1119,1.2102,1.3949,1.2360,3.1895,0.9720,-0.1019,0.1750
16.752,2.4527,1.1340,0.8412,0.8774,-1.9222,-0.3444,-1.9485,-1.8391
16.756,-0.9218,0.9257,-0.5306,-0.0646,-1.9530,-0.7456,-4.1119,-3.2917
16.760,-0.1389,-2.1811,-1.5749,-1.5918,-3.8175,-3.4710,-5.6654,-5.5276
16.764,-1.8426,-2.0031,-4.2130,-3.4759,-4.9663,-5.8394,-6.8987,-6.9713
16.768,-2.9810,-4.0499,-3.7015,-3.6800,-6.5051,-6.1672,-8.1252,-8.6946
16.772,-4.4949,-3.5275,-4.3725,-5.0608,-8.0070,-9.1512,-7.7784,-9.3831
16.776,-3.8972,-4.2151,-5.0688,-5.7334,-7.6807,-7.9179,-7.5543,-8.8457
16.780,-5.2399,-5.5099,-5.2202,-7.1003,-8.9595,-10.2955,-10.6740,-9.0555
16.784,-6.9464,-4.4690,-6.8289,-6.8260,-9.9410,-8.8368,-8.1855,-9.0649
16.788,-4.4238,-4.6596,-4.9378,-6.5705,-10.3089,-8.2430,-7.5181,-8.7300
16.792,-5.2766,-4.7246,-5.0479,-4.7098,-5.4681,-6.3630,-5.3868,-5.6784
16.796,-3.1643,-3.8354,-4.0869,-4.2082,-3.9158,-3.5027,-5.1713,-5.9306
16.800,-3.4191,-1.1903,-3.1148,-3.3071,-1.2590,-1.0858,-1.2006,-4.4047
16.804,-0.8115,-2.3203,-2.0305,-2.1598,0.6359,-0.0064,-0.5244,-1.1670
16.808,-0.9511,0.1430,0.2057,-2.0357,2.6852,1.9436,2.9803,1.3317
16.812,0.5169,0.1394,0.1028,-0.5279,3.2084,3.2541,2.0680,2.6704
16.816,2.3126,2.1189,1.0899,0.6751,5.0114,4.2672,5.2187,3.8168
16.820,1.9481,1.0570,2.2332,0.2794,7.1623,4.2149,3.9439,2.7297
16.824,1.5485,2.3637,1.7987,0.0443,5.3891,5.3578,3.9319,5.1502
16.828,3.8367,3.6922,2.4329,0.5480,5.6565,4.0714,4.9006,4.3479
16.832,2.3905,3.1809,4.7774,2.1122,4.2581,3.4260,5.0517,4.4714
16.836,3.7688,3.4198,2.8708,3.3379,4.2389,3.8312,4.0408,2.8675
16.840,3.8973,2.9284,4.2746,2.2333,4.0849,2.6246,3.5768,3.4450
16.844,5.2216,3.7618,6.0712,3.7660,2.8545,3.3000,2.8900,1.0995
16.848,5.5365,5.2603,5.1634,3.1239,1.8857,2.6376,1.2287,1.1528
16.852,7.0147,5.0283,4.8462,3.0943,1.8505,2.7381,0.8888,-0.2533
16.856,5.5443,5.9196,5.6657,4.0445,0.4799,-0.5281,-1.0774,-1.5188
16.860,4.5964,5.4971,5.9555,5.8390,-0.0189,-1.7568,-1.1841,-1.6270
16.864,4.2573,4.4987,5.5397,5.1685,-1.0067,-3.3259,-2.6400,-3.4191
16.868,5.4309,4.7711,3.7272,5.0736,-2.3169,-2.7713,-5.7969,-3.1269
16.872,3.0258,5.9364,3.6411,1.8844,-3.5662,-4.4286,-7.7419,-5.1415
16.876,3.6608,3.6746,4.2319,3.6722,-5.3314,-3.8145,-5.9479,-4.9479
16.880,3.6678,4.0797,3.5712,3.1900,-5.2967,-6.7698,-5.5525,-4.5620
16.884,4.3415,4.3647,4.2851,2.6989,-2.8683,-4.9554,-5.7009,-5.1738
16.888,5.0302,4.7985,3.4772,4.0869,-2.6356,-5.5958,-3.8591,-3.7847
16.892,4.3237,4.6324,2.5601,1.9716,-1.6306,-2.3031,-2.4831,-3.9613
16.896,6.1370,4.3950,2.8187,4.1496,0.1137,-0.7651,-0.0754,-0.7857
16.900,5.5501,6.8030,5.5022,4.5087,3.2121,1.7876,0.1946,0.0691
16.904,5.9859,5.6263,4.3237,4.2845,3.7809,4.1257,2.5449,2.4288
16.908,4.9240,4.5784,5.4814,5.1679,5.1791,5.5580,4.2312,4.4118
16.912,5.1491,6.6532,3.3709,2.5921,7.1411,5.8018,3.6813,5.2044
16.916,5.6854,4.5561,4.5738,3.5604,8.0588,6.2862,5.0741,4.5951
16.920,3.3976,2.2030,3.5689,1.8338,7.0661,5.7575,5.1929,3.9612
16.924,2.4300,1.7064,3.5301,1.9149,4.6058,5.2083,4.5089,4.6711
16.928,2.2919,2.9674,0.6540,0.5747,5.9799,4.6325,3.1786,4.3200
16.932,1.2188,1.0544,0.2119,0.4401,3.4006,2.7443,2.2603,2.1434
16.936,1.0986,-0.8857,-1.5924,-1.7097,1.9465,1.9293,2.7082,2.5837
16.940,-1.6259,-0.1629,-1.8511,-2.1336,2.1210,-0.9545,-0.3514,0.4485
16.944,-1.8517,-0.7147,-2.9903,-2.8304,-0.5278,-0.4596,0.1752,0.7561
16.948,-1.9530,-2.8653,-2.3443,-3.7023,-0.2775,-0.9393,-2.7611,-1.6104
16.952,-1.8978,-1.7046,-3.0195,-3.2651,-2.4942,-2.3600,-3.2911,-4.5282
16.956,-3.1923,-2.1248,-3.5624,-4.4237,-3.5580,-4.3250,-4.1361,-4.6539
16.960,-3.1159,-3.5181,-4.1350,-3.5089,-6.2720,-4.4202,-4.9284,-3.8848
16.964,-3.7641,-3.7183,-5.3661,-4.5889,-6.2159,-6.5746,-5.9564,-7.3894
16.968,-3.8024,-5.5125,-4.6409,-6.4477,-7.3153,-7.2402,-6.6521,-9.0485
16.972,-3.3181,-3.2050,-5.3626,-5.4838,-7.9010,-9.4820,-9.1256,-8.6426
16.976,-4.6259,-4.1154,-5.5835,-5.8169,-9.1907,-9.3357,-9.0242,-9.0402
16.980,-4.7288,-3.7206,-3.9940,-4.8466,-8.6417,-8.1596,-7.8975,-9.7249
16.984,-2.6887,-2.5548,-3.8096,-3.0341,-8.8096,-6.4050,-6.7464,-7.5153
16.988,-2.0106,-1.4378,-2.6681,-3.3736,-6.9312,-6.0117,-7.4863,-6.3465
16.992,-1.1027,-1.2424,-1.7864,-2.6180,-3.2446,-4.8400,-4.0510,-5.0024
16.996,1.4628,1.0873,0.7984,0.5154,-1.5722,-3.0582,-2.9406,-1.3830
17.000,2.5970,2.6632,0.7860,-1.0282,0.8726,-0.4812,-0.6502,-0.4166
17.004,5.4125,5.0610,3.4260,1.8921,3.0220,2.1301,1.0124,3.1907
17.008,5.8120,6.4606,4.3517,3.6689,5.3965,4.9546,1.5471,3.5497
17.012,6.7069,7.0073,4.6269,5.6885,7.5722,6.9731,5.6121,6.7664
17.016,9.3991,6.4491,6.7496,6.9212,9.8233,8.4988,6.7769,7.2503
17.020,9.5776,8.2258,7.9589,8.3758,7.9037,6.4424,8.0089,7.0379
17.024,9.8304,7.9586,7.1239,7.5048,8.0329,8.8520,7.6688,8.7107
17.028,8.4608,6.4564,8.7415,5.6952,7.6381,7.6866,7.7695,4.3956
17.032,8.0854,8.4700,6.5683,7.0108,5.5261,6.2090,6.8309,6.6516
17.036,9.6417,7.2307,9.4336,7.2766,5.4280,5.9508,5.2591,7.0739
17.040,9.0868,8.7243,7.9740,7.6443,7.2960,4.6900,6.0146,6.0287
17.044,9.5464,7.7935,6.9131,5.8310,5.1757,4.0008,4.0659,3.8301
17.048,7.0876,9.2489,6.5017,5.6096,2.7647,4.0810,3.0342,1.5446
17.052,8.1709,7.2458,7.3304,5.7977,3.4627,0.0830,1.5286,0.9442
17.056,7.3271,6.4314,5.7038,6.6833,0.1617,0.4446,-0.3776,-0.5652
17.060,5.8486,5.6333,4.0721,4.2473,-0.2806,-0.4380,-0.8014,-2.0559
17.064,3.4694,3.8921,3.8761,0.4367,-0.2654,-2.0509,-2.4283,-2.8937
17.068,4.2822,3.6925,1.9501,2.3412,-4.1160,-3.9557,-3.0738,-4.2294
17.072,1.7053,2.5786,1.3181,0.7583,-5.0463,-3.7551,-7.5439,-5.1973
17.076,0.4905,0.7685,-1.0847,-0.0348,-6.0580,-6.4957,-6.4161,-5.5910
17.080,1.0313,0.4328,-0.2912,-1.1740,-5.4255,-7.1276,-5.3922,-6.7473
17.084,1.4644,0.2790,-1.8018,-1.1181,-6.8078,-9.4363,-6.0622,-6.8239
17.088,0.1556,0.6328,-1.2275,-1.3869,-4.7340,-6.5101,-5.5548,-5.7161
17.092,-0.3502,-1.1979,-0.4181,-2.2650,-3.4217,-4.9444,-3.8409,-3.9859
17.096,0.7076,-0.1786,-0.9654,-3.5474,-2.1723,-1.7115,-3.0370,-3.0730
17.100,0.5172,1.1448,-1.6322,-0.0980,-0.2760,-3.2096,-0.7163,-2.1349
17.104,0.6009,-0.3683,-0.0182,-0.9573,2.1433,2.7818,0.7138,-0.0462
17.108,1.4761,0.4789,-1.0137,-0.5181,3.5641,3.0348,2.0819,2.4675
17.112,1.4751,0.7134,0.0946,-0.9129,3.6520,4.2432,3.5268,3.6731
17.116,1.1972,0.4232,0.1741,-2.2727,4.3120,4.4855,3.3322,2.9659
17.120,-0.6652,-0.3566,0.2140,-2.1285,4.0054,5.3286,3.0582,4.6194
17.124,-0.3539,0.2175,-1.3006,0.4480,3.4137,5.1177,4.6232,3.6441
17.128,-1.9193,-1.1925,-2.4693,-2.1017,4.8539,2.5942,4.3179,3.2067
17.132,-0.9331,-0.4621,-2.1059,-2.4814,2.3132,2.1397,2.8332,2.0200
17.136,-1.9156,0.2060,-2.3997,-2.0456,3.2736,0.7304,1.8704,3.6885
17.140,-0.4703,-0.7188,-1.8788,-1.9666,-0.1463,0.3578,0.1020,2.7959
17.144,-1.0943,-0.7394,-0.3866,-2.0580,0.8881,-0.2968,1.0729,1.1726
17.148,-1.1723,0.1983,-1.1247,-2.0917,0.3511,0.0159,-0.6735,-0.1894
17.152,-0.2418,0.9318,-2.5009,-1.4728,-0.9047,-2.0690,-1.7071,-0.7885
17.156,0.8883,1.3282,-0.7719,-1.5942,-2.7257,-1.5326,-3.0811,-2.3563
17.160,-0.0534,1.0290,0.7644,-1.6964,-1.3316,-2.5229,-4.2223,-3.4527
17.164,0.5829,0.2179,-0.4867,-0.4997,-3.6430,-3.4399,-4.5328,-3.2623
17.168,1.3083,1.3135,0.6517,-0.8232,-4.5678,-4.9995,-5.7816,-5.6193
17.172,2.3434,0.7969,-0.3247,-1.1176,-5.5998,-5.8290,-5.0216,-5.7866
17.176,3.2741,1.3215,1.4645,-0.2896,-4.9605,-6.5976,-5.2764,-4.7822
17.180,1.7009,2.2175,0.5930,0.9681,-4.8510,-6.2503,-5.2877,-4.3875
17.184,4.0251,3.1462,2.6226,0.0361,-4.4621,-4.8032,-5.0253,-4.9219
17.188,6.1612,2.9047,3.3391,2.3423,-3.5211,-2.7354,-4.5746,-1.5292
17.192,6.6979,4.6860,3.9445,3.5727,-1.0728,-2.1507,-2.4418,0.1159
17.196,7.2756,7.2680,6.2707,6.1063,0.8626,1.1462,0.3201,-0.1725
17.200,8.2843,6.8677,6.6825,5.8064,4.3879,2.1548,3.1707,1.3423
17.204,7.3209,8.0955,6.9389,7.9312,6.0010,4.5276,4.1532,3.0157
17.208,8.8785,9.2332,8.2744,7.8499,7.7428,8.4007,6.0550,5.1608
17.212,9.0357,9.6631,8.6868,9.6421,7.8757,8.8054,7.8208,4.8346
17.216,9.6568,9.1701,7.8437,9.0768,9.1502,8.5925,7.4459,8.4854
17.220,9.7652,9.8356,9.1352,8.6008,10.0494,9.9510,8.1983,8.7483
17.224,8.0200,8.8449,8.4450,6.8044,8.4360,9.2554,8.1729,7.7216
17.228,10.2419,6.9066,4.5230,6.0665,8.2821,7.2179,7.6546,6.7366
17.232,6.7526,6.5479,6.3673,3.9746,7.0506,6.9374,5.5031,6.8775
17.236,6.6306,6.7364,5.2202,5.4095,5.1512,5.9837,5.4679,6.0551
17.240,5.9868,5.7749,3.5478,2.5880,5.5990,2.8545,4.8743,4.5144
17.244,5.0135,4.5885,4.6711,1.7057,2.7308,3.1825,2.2822,3.6466
17.248,4.0736,4.1702,3.1267,1.9321,0.8538,2.3436,1.4666,2.4192
17.252,1.6937,3.0894,0.2775,0.7290,0.2828,1.3078,-0.6257,-1.1257
17.256,0.4784,0.3049,-0.7483,-0.1800,-1.2563,-0.4920,-2.3636,-0.8576
17.260,0.7817,0.6878,-1.3100,-1.4518,-2.1865,-3.0480,-4.4840,-3.1814
17.264,-1.0802,-0.0639,-2.3051,-3.1059,-4.3255,-3.8666,-3.9537,-5.2249
17.268,-2.2155,-1.9967,-3.2784,-2.6436,-5.1343,-6.8323,-5.7298,-5.5445
17.272,-2.8791,-3.7048,-3.2358,-5.0361,-7.7611,-8.6670,-6.4668,-7.0830
17.276,-3.4227,-3.6302,-5.5071,-5.9355,-7.3632,-8.5256,-7.5121,-8.6325
17.280,-3.4920,-3.3994,-5.4201,-5.4515,-7.8823,-8.2229,-6.9690,-7.9159
17.284,-3.3050,-5.0414,-6.0265,-5.8794,-7.4995,-7.0990,-7.2401,-7.7814
17.288,-2.9500,-4.5094,-6.3158,-6.9330,-7.8142,-7.2806,-7.2454,-6.4518
17.292,-3.6669,-3.1832,-7.0129,-4.0111,-5.4839,-5.7888,-6.9163,-5.0045
17.296,-2.1228,-4.7346,-4.0026,-4.7495,-0.3928,-4.1819,-2.1278,-2.5169
17.300,-1.9428,-1.6861,-3.0244,-2.7681,-2.0887,-1.9095,-1.5592,-1.7268
17.304,-1.2640,-1.2500,-2.0066,-2.8779,0.8443,1.7971,0.6398,2.3204
17.308,2.1605,0.4339,-0.0774,-0.4663,3.5281,1.1465,2.8947,3.5281
17.312,1.3067,0.5133,-1.7912,-0.2478,4.4674,4.0817,3.7867,5.2715
17.316,0.4094,1.4614,0.9638,0.5871,5.2514,4.3790,6.5298,4.9349
17.320,2.3224,3.0348,1.8215,0.8910,5.4745,6.0575,7.3070,3.9816
17.324,2.9191,2.6672,2.0931,0.8488,4.8565,5.4530,5.5296,5.5583
17.328,4.8018,2.8513,3.2818,1.5047,6.3163,4.9318,5.6922,5.4327
17.332,5.7307,2.8094,2.5234,1.2130,5.3616,4.2793,5.5923,5.6975
17.336,3.7013,2.6292,3.5089,3.2629,3.7369,4.5826,6.2654,5.4224
17.340,5.8311,3.7891,4.7823,3.4182,4.2187,4.4042,4.6187,5.4538
17.344,6.7424,5.5323,3.6942,3.7409,4.3931,3.9131,4.1685,3.8791
17.348,7.2654,6.0568,3.5884,4.5419,4.1205,2.4939,1.9486,3.3287
17.352,7.3027,6.8895,4.0426,4.0058,1.8008,1.6296,3.1414,1.6710
17.356,6.7623,6.1189,5.3346,4.8334,0.4497,0.5968,0.7146,0.0995
17.360,5.9900,5.8840,3.9349,3.9083,0.4392,0.6932,-1.3109,0.4996
17.364,7.9279,5.9967,4.2488,4.2306,-0.7013,-2.3243,-0.5634,-1.2582
17.368,4.3947,5.7577,4.4295,3.4298,-2.0741,-1.0727,-3.0259,-1.9232
17.372,5.7845,5.7149,4.3838,4.0194,-3.7282,-2.7577,-2.4386,-2.4530
17.376,5.6472,4.6821,4.5043,2.7095,-3.7294,-4.2569,-3.4789,-2.8536
17.380,6.5049,5.5973,3.4497,3.1371,-4.6237,-3.6899,-2.9611,-4.2075
17.384,5.8979,4.4159,2.5675,4.2728,-2.9525,-4.9803,-3.7493,-2.3049
17.388,5.0560,5.2201,3.0842,4.5011,-4.1798,-2.0351,-0.9187,-1.8545
17.392,7.3274,6.5867,3.7887,3.1575,-2.0145,-1.4249,-0.9511,-0.0526
17.396,5.3166,6.0595,3.2105,5.3646,-0.8576,1.4061,1.1468,1.8534
17.400,6.2665,5.6176,5.9400,4.3741,2.3509,2.7693,2.5070,3.1181
17.404,6.1496,6.9735,5.1179,3.4406,4.3378,4.3628,3.2851,5.4708
17.408,6.8402,5.3607,3.8987,5.1079,6.9643,4.6479,3.7390,4.4446
17.412,7.1388,5.9874,4.4360,3.0386,6.9066,6.4524,6.0187,6.0450
17.416,4.9186,5.0576,4.2610,4.8479,6.4591,6.8740,6.3377,6.7566
17.420,4.1789,3.1222,2.2140,4.0100,6.4159,6.7164,5.5020,7.6527
17.424,4.2407,3.8753,2.7566,2.8040,6.7073,5.9644,7.1063,4.3948
17.428,2.2621,1.6750,1.9955,1.4522,4.6902,5.8257,5.9546,5.0834
17.432,2.9765,2.5308,1.8701,0.9475,4.3879,4.8125,4.2965,4.6151
17.436,0.8921,-0.7757,-1.4117,-2.3913,2.8553,2.3323,3.0466,5.1497
17.440,0.7482,-0.4047,-1.7644,-0.0153,0.5421,0.8697,3.8744,2.2171
17.444,-1.0806,-0.8691,-1.3084,-2.5333,0.5404,0.9680,2.1835,2.0202
17.448,-0.4144,-2.3411,-3.6253,-3.9300,0.0429,-0.0568,0.8244,-1.3493
17.452,-1.9553,-1.1494,-3.8747,-2.6986,-0.8014,-1.0880,-1.0934,0.3522
17.456,-2.3591,-2.4249,-4.7013,-4.6979,-2.1625,-1.8421,-4.4282,-3.7355
17.460,-0.5587,-2.7214,-3.3307,-3.9872,-4.4376,-4.2659,-4.9775,-3.7705
17.464,-3.1416,-3.0680,-4.0308,-6.1837,-5.0852,-3.6648,-6.2296,-5.4493
17.468,-2.8096,-3.8395,-4.4353,-5.0255,-6.0740,-6.1155,-4.7900,-6.1388
17.472,-2.5433,-3.4297,-5.1097,-4.4834,-8.5897,-8.7870,-7.3208,-6.8495
17.476,-2.9742,-3.4020,-5.6775,-5.3524,-7.8280,-8.3670,-7.7820,-6.8056
17.480,-3.2451,-4.9905,-3.4463,-4.9390,-7.0236,-7.7613,-6.2225,-6.7465
17.484,-1.3232,-2.3826,-4.3914,-2.9105,-7.3153,-8.2305,-5.4264,-5.4107
17.488,-2.0038,-1.2133,-3.8011,-1.9459,-7.1125,-5.4126,-4.3562,-3.7775
17.492,0.6930,-0.3366,-1.4566,-2.6392,-2.8517,-4.1332,-3.1495,-1.1791
17.496,2.3273,1.2026,-0.1955,-0.4257,-1.2301,-1.5200,-0.1385,-1.5642
17.500,5.0820,3.6983,1.2077,2.0017,1.3046,2.3635,0.9902,1.0447
17.504,5.6615,5.4105,3.0049,3.6960,3.6329,4.8533,3.0112,4.0463
17.508,5.1900,6.0814,5.1872,5.6505,7.2997,6.1853,6.3483,6.0381
17.512,6.4666,6.7781,5.6115,6.1861,8.0420,7.0727,8.7294,6.9563
17.516,7.4552,6.5697,5.7509,6.6374,8.5702,9.3183,8.2363,7.8234
17.520,8.2497,9.4787,7.2410,5.6509,9.0488,9.6817,9.2818,9.3833
17.524,7.7694,10.3554,5.9133,7.2986,8.2168,9.0551,9.4472,9.5788
17.528,8.9375,10.3397,7.6265,6.8945,8.7606,8.0620,8.9684,11.1396
17.532,9.5352,8.5160,9.3848,6.8595,7.4755,6.3044,8.5527,7.6490
17.536,8.3527,8.6632,7.5746,6.1930,6.0969,5.8628,7.2547,7.1798
17.540,10.3079,8.6567,7.8975,7.2451,6.4622,6.1036,5.7192,7.2001
17.544,9.2236,8.4694,6.4049,7.4362,5.9741,4.2574,5.7739,6.5505
17.548,8.0454,7.8750,7.5754,8.0041,3.8144,3.8009,2.6700,5.7995
17.552,8.0626,6.3165,5.7359,5.4949,4.8482,4.5934,4.3073,3.5984
17.556,7.7057,6.5533,5.3697,4.0767,3.4201,2.7250,3.2581,1.1186
17.560,6.2334,5.4835,4.3075,4.9279,0.4496,0.1172,1.7131,1.4300
17.564,4.3611,2.6630,3.7393,2.2821,-0.4187,-1.0070,-0.2494,-2.9125
17.568,4.7377,4.1570,3.7319,3.0265,-3.2014,-2.0976,-1.4996,-1.6002
17.572,3.2438,0.3030,1.8206,1.1617,-4.6980,-2.6529,-3.6124,-2.6089
17.576,1.8647,2.4594,1.5756,1.6999,-5.0657,-4.6405,-4.5200,-4.5982
17.580,-0.1130,0.6837,-0.2090,0.4932,-5.5555,-5.9266,-3.7999,-3.2241
17.584,0.6960,0.2988,-1.2366,-1.3375,-5.1024,-5.8693,-3.7394,-4.2945
17.588,1.8719,0.7306,-1.4140,-1.0847,-6.3294,-4.7912,-2.9672,-2.1413
17.592,0.1063,-0.3154,-1.1063,-2.1543,-3.8299,-3.5169,-1.4231,-1.2756
17.596,1.7403,0.0366,-1.3012,-1.0930,-2.3294,-1.3231,1.1904,-0.6271
17.600,0.0905,0.5541,-0.5195,-0.8111,-0.4371,0.6683,0.7202,1.2747
17.604,2.1307,1.1158,-0.0784,-1.2219,3.3753,2.3311,2.4364,3.5964
17.608,0.2062,1.7886,-0.3744,-1.7895,4.6786,2.3091,3.8307,4.5082
17.612,1.4421,0.7400,-0.5429,-0.1017,5.4618,4.8546,4.6857,5.4879
17.616,1.5519,-1.1734,-1.4235,-0.0562,6.1488,5.0788,5.3156,5.0700
17.620,0.6319,0.2888,-3.8665,-0.2932,4.7146,4.6874,5.6391,6.7208
17.624,0.6082,1.8972,-1.7783,-1.6757,5.7993,4.3347,4.9615,6.0513
17.628,-0.4672,-0.3454,-2.2957,-2.4233,2.7900,5.1420,5.1112,4.6445
17.632,0.0784,-0.7056,-2.8714,-2.4572,2.1210,4.0193,6.3735,6.2056
17.636,-1.0891,-0.7097,-2.9790,-2.3220,3.3094,3.2811,4.6739,3.8955
17.640,-0.1437,0.3741,-0.2761,-2.1225,2.4982,1.9247,3.9220,3.8897
17.644,0.4484,1.4097,-2.1731,-1.4327,1.7043,0.8516,2.4149,3.1764
17.648,0.6241,0.6451,-1.3686,-2.6863,-0.4203,1.3419,0.4387,2.3014
17.652,0.7078,1.9469,0.2214,-0.9182,0.6246,-1.5659,0.5882,1.8705
17.656,1.4840,1.5136,-0.8239,-0.6814,0.0870,0.2868,-0.2788,-0.9049
17.660,1.9766,2.0332,0.3165,-0.8199,-1.8311,0.3216,-1.5287,-2.7597
17.664,1.8532,-0.1258,0.8723,-1.4948,-3.4232,-2.8878,-2.9331,-2.0176
17.668,2.0715,2.4757,0.4306,0.2763,-2.4054,-3.5306,-3.3923,-1.9241
17.672,2.2528,2.6191,3.0585,0.6106,-3.8099,-4.3950,-1.8939,-3.1557
17.676,3.3969,1.4972,1.9290,1.1182,-3.0791,-3.3201,-2.2213,-4.0917
17.680,5.2446,3.4605,1.0354,1.0608,-3.3251,-3.8144,-1.5900,-1.6766
17.684,4.1692,5.5651,2.8509,3.8816,-2.4753,-3.5422,-2.0782,-1.6405
17.688,6.6544,6.6740,3.4829,3.3922,-2.6608,-0.7477,-1.0366,-0.9352
17.692,6.7061,7.6142,4.2453,5.0494,0.4254,2.1333,-0.2419,2.3359
17.696,7.2136,8.6028,5.5675,6.4248,1.5958,2.7918,3.4269,3.5141
17.700,9.4792,9.4184,6.0055,5.4059,4.7011,4.5167,4.1191,4.1105
17.704,10.2912,9.3960,6.8698,7.4618,7.7811,6.9503,6.8249,8.7886
17.708,12.3386,11.1268,7.0069,8.4299,9.3723,8.2047,6.7874,7.5916
17.712,11.7845,9.6484,10.7367,8.7974,10.4165,8.9968,8.5194,11.1462
17.716,12.5007,9.7491,10.6597,8.5899,9.3122,9.6197,10.4049,11.3409
17.720,11.2616,10.6327,9.3532,8.8815,9.6661,10.1494,10.4757,11.3104
17.724,11.0609,10.0494,7.5700,8.4574,8.2229,8.8637,11.5254,11.2004
17.728,10.4504,10.4983,7.9127,7.4632,9.9921,9.2903,10.7676,9.5252
17.732,9.6027,10.6519,6.0602,6.0351,7.0342,7.5810,10.3273,9.7291
17.736,8.1186,9.1640,5.3200,5.3381,6.3496,7.7866,9.1365,7.8802
17.740,7.9633,8.2380,2.9176,6.2720,6.0148,4.6101,7.4009,8.0985
17.744,6.6987,6.1358,2.3043,4.0689,3.5513,4.1932,4.2725,6.5782
17.748,6.8313,6.3054,2.6736,4.6653,3.1885,4.0097,4.6996,3.8501
17.752,5.8660,5.8429,1.5236,1.1359,3.0441,1.6580,2.6212,4.0051
17.756,4.4279,5.3385,2.2929,-0.0708,0.4439,-0.5762,-0.5386,1.5875
17.760,5.6191,2.6974,-1.2377,-0.6439,-0.7391,-1.0719,0.0191,-0.2515
17.764,3.4927,2.3370,-1.9652,-0.9723,-1.9231,-1.1172,-2.0979,-1.7055
17.768,1.8676,2.7008,-2.7568,-2.9034,-4.1686,-3.0898,-1.6031,-2.1238
17.772,0.6620,1.5314,-3.7005,-3.5825,-4.1836,-5.1673,-4.8198,-4.7147
17.776,-0.0959,1.2775,-2.5903,-3.4737,-5.7276,-4.3548,-4.4059,-5.0461
17.780,-1.2581,0.6451,-3.9368,-5.0216,-6.0096,-4.1553,-5.5077,-3.0580
17.784,1.3698,1.3035,-4.8388,-6.0314,-6.6695,-5.1422,-5.1313,-3.8068
17.788,0.2481,0.3377,-2.9993,-4.8378,-5.7418,-4.4509,-3.2525,-2.6414
17.792,1.8653,1.1098,-3.5428,-3.1896,-2.9439,-2.8411,0.0683,-1.0647
17.796,2.6245,0.9563,-1.5931,-1.8487,-1.0428,-0.2278,1.2493,2.9485
17.800,3.2491,3.5895,-0.8874,-0.5988,0.6281,2.4558,2.6995,3.1681
17.804,4.5029,7.2830,0.4589,-0.9138,4.6962,3.1512,2.3627,4.4448
17.808,7.8075,5.6878,-0.3538,1.1205,4.8629,6.8408,6.4263,6.2496
17.812,9.1446,6.5446,-0.5888,2.1736,7.9858,8.2603,6.0926,7.2702
17.816,9.1570,6.9673,2.0622,1.4337,7.5454,7.3921,8.5730,8.2465
17.820,9.5702,10.0237,4.1936,3.4254,8.5533,7.9518,8.9592,9.1338
17.824,10.1597,10.3992,3.9053,2.7370,8.7097,10.2319,9.4494,10.1434
17.828,12.7740,11.3487,6.1810,4.5426,8.7963,8.3538,9.7573,11.8525
17.832,11.9694,11.2735,4.8728,5.1387,8.9080,8.2400,9.6997,8.2573
17.836,12.1365,13.5991,4.3390,4.6459,6.5855,7.1012,9.2711,10.1187
17.840,14.6524,13.6164,4.3940,6.2784,8.7425,7.4313,9.5266,10.5231
17.844,16.5440,15.3051,4.2863,6.6106,7.2994,6.0589,7.9619,8.2825
17.848,17.5295,16.2595,7.3639,6.8435,7.2310,6.9181,7.9813,6.8733
17.852,16.5336,15.6053,6.1278,8.7129,3.5198,5.8411,6.7550,7.0107
17.856,18.9141,16.0897,7.4118,9.4264,5.9311,5.2065,6.7946,6.9621
17.860,17.7837,16.7864,6.0310,8.8780,5.6033,4.6952,4.5550,5.5306
17.864,18.3725,17.2919,8.8986,7.4391,3.7991,3.7376,3.3592,3.9943
17.868,18.6197,17.2547,7.4841,6.9378,2.4757,2.0073,3.5050,5.4894
17.872,17.9160,18.1786,7.6646,7.9958,2.5995,2.9547,2.6701,3.7179
17.876,20.3673,19.7764,7.1251,7.6797,2.7166,1.9331,1.8948,2.8040
17.880,19.9635,19.2773,8.1369,6.9427,1.0826,0.4498,2.3208,2.3655
17.884,19.6369,20.5022,7.9778,6.9922,0.2214,1.5276,3.3614,3.6355
17.888,20.4959,20.1848,8.3300,6.9525,1.4911,2.4527,3.6895,3.3458
17.892,21.8244,21.4716,9.2920,7.8792,4.3069,4.4033,4.9371,6.3192
17.896,23.0914,22.7571,8.1871,8.9254,4.4846,5.4436,7.0652,7.8372
17.900,21.3400,22.6449,10.2044,10.1949,7.7105,8.8680,10.2862,8.7984
17.904,24.6601,23.2356,10.3971,9.2237,10.4216,9.8269,10.5816,11.5038
17.908,25.6013,22.9279,9.2682,9.5878,11.8301,12.9443,12.8202,11.8110
17.912,23.8777,25.5374,9.6406,9.9348,13.1101,13.0357,12.9997,14.0709
17.916,25.1205,24.4408,9.6508,8.9058,12.2481,11.9716,12.7461,13.8924
17.920,24.7511,23.4588,8.3157,7.1717,12.3691,12.6135,13.8054,14.1572
17.924,26.3024,24.2686,6.7170,6.9868,12.6416,12.7538,13.2418,13.4387
17.928,24.3734,23.7107,7.0774,5.3298,10.4431,9.7810,13.5607,13.2799
17.932,23.4828,24.8595,7.3529,4.2517,11.7327,11.5682,12.0854,13.2986
17.936,24.8308,23.8943,4.8704,4.5149,7.7753,9.8485,11.6433,10.9285
17.940,25.0309,23.3911,5.9668,4.8665,9.2314,7.9914,10.5726,10.8639
17.944,25.2802,23.8802,4.9863,4.2969,8.5556,8.3836,11.0096,9.1126
17.948,24.1528,22.4469,5.7130,3.9296,7.0954,7.4205,8.4198,8.9869
17.952,24.2031,23.0858,4.3643,3.5850,7.1391,7.3717,7.7697,8.8925
17.956,24.5976,25.1212,2.8223,3.2744,6.7308,6.0847,5.3172,6.3190
17.960,25.7997,25.5647,4.4388,3.3051,5.0793,4.8965,5.6653,5.5482
17.964,24.2746,25.2218,3.0624,4.0025,4.4629,4.5960,4.8498,3.6005
17.968,26.5181,25.8627,2.3876,2.5192,2.4529,3.3044,4.3479,5.5843
17.972,26.7971,25.7998,3.8977,3.5195,2.3981,1.6595,2.8259,4.1345
17.976,28.6440,28.5035,2.9535,4.3779,3.5242,2.4663,1.3000,4.4702
17.980,28.9737,30.8301,3.1675,4.8850,2.6382,2.6302,4.5762,3.6643
17.984,31.0908,30.4831,4.1882,4.2603,2.2572,2.4022,5.7263,6.3351
17.988,34.3411,32.6168,6.9938,7.0073,4.1259,5.2463,5.0301,6.4157
17.992,36.3334,34.9292,7.4457,7.5427,6.0570,7.1163,8.0609,9.0273
17.996,38.4581,37.0647,10.9253,7.6985,9.2014,8.8847,11.1662,11.6809
18.000,40.6631,39.4255,10.5660,10.8638,12.9355,12.2824,12.1980,13.7873
18.004,42.7206,41.8659,12.7178,11.1024,15.1080,15.8518,15.2505,15.6415
18.008,45.5404,44.6251,16.1662,14.7810,15.5662,17.1173,17.0066,16.0126
18.012,48.0119,46.7161,16.5379,16.5964,18.6056,19.0530,19.6108,21.0236
18.016,49.8599,49.3572,16.9443,15.1910,19.3643,18.7662,20.4672,19.3557
18.020,51.8031,48.9693,17.5601,17.4033,20.5289,20.6045,21.4442,21.4466
18.024,50.9287,51.2062,17.1447,19.3066,19.4059,21.6382,20.6218,20.9331
18.028,51.7114,53.3721,17.6215,19.9275,20.8426,20.5842,22.4462,22.5455
18.032,53.6936,52.6264,17.7485,18.3373,19.8478,21.0968,19.5294,22.9230
18.036,54.3149,53.6772,17.9402,18.9307,20.2250,19.4687,21.3287,21.6809
18.040,55.5751,55.6555,19.9617,19.4422,18.8683,18.8390,20.0149,21.4695
18.044,55.1289,55.8463,19.1807,20.2893,17.3255,18.9541,20.8258,21.2558
18.048,56.7925,54.9750,20.2283,18.2404,18.4347,17.0345,19.7269,18.1859
18.052,56.2628,54.9346,18.5204,20.1751,17.6670,16.8148,17.5709,18.2708
18.056,57.2988,56.9898,18.1073,19.4179,16.7052,17.2389,15.7668,17.2052
18.060,58.4150,56.3947,18.8468,19.5339,14.6403,14.8039,14.6284,16.5776
18.064,56.8797,56.9286,17.1082,17.4631,13.5032,14.1950,14.4408,15.1822
18.068,55.5691,56.9101,14.5492,15.6518,11.8619,12.9882,12.4902,12.4620
18.072,56.0118,56.0815,15.5442,15.1062,11.1091,10.7486,12.7413,13.0761
18.076,56.9136,57.1566,14.5777,14.1797,10.6109,11.2063,11.2772,12.6799
18.080,55.9112,55.7755,13.5679,13.9986,10.5259,11.9023,11.1449,11.2938
18.084,56.3468,56.2403,11.8578,13.0659,9.6581,11.6593,11.9906,12.4591
18.088,56.4089,56.1771,14.4373,13.6990,10.1527,12.7613,13.6060,12.8679
18.092,56.6770,57.1374,13.9663,13.5564,12.2494,12.6985,14.1140,14.9544
18.096,57.9196,59.2449,15.5547,14.7153,15.0640,13.4504,16.7530,16.2624
18.100,60.7786,58.7197,13.1081,14.7076,17.8600,17.7820,17.1291,18.2096
18.104,59.3382,59.3258,14.3024,13.4236,17.6667,19.0574,19.6349,20.0905
18.108,61.2890,60.7676,15.2119,15.5508,18.1036,20.4008,19.1929,20.4720
18.112,62.8814,61.8574,12.8063,15.3100,20.9164,21.8727,21.5652,21.4914
18.116,61.5755,62.9423,13.0717,15.3696,22.9437,21.3858,22.5250,21.6003
18.120,63.9997,63.2288,15.1481,14.2577,22.0154,21.0316,22.6564,24.7310
18.124,62.8128,63.8199,14.5367,14.5411,22.6739,22.5774,22.3948,24.0273
18.128,64.6422,62.8432,13.0958,14.6353,20.2514,21.3488,22.6662,22.9173
18.132,64.6250,63.5674,15.1029,14.5249,21.1092,21.1411,22.8710,23.3180
18.136,64.6820,64.5953,15.2339,14.5186,19.2965,21.6412,21.2786,21.8344
18.140,64.8690,65.4850,14.9017,14.6002,19.2656,19.1998,21.5349,22.2925
18.144,66.6635,64.4407,15.8418,14.1579,18.6479,20.7316,19.8482,20.3886
18.148,66.2459,65.3015,16.2786,16.0853,18.8037,20.1698,19.6020,20.7415
18.152,67.7637,66.3628,17.9351,15.8091,17.2433,19.2899,19.6633,18.4234
18.156,68.7204,67.5999,17.1086,18.2723,18.0156,18.8664,18.5772,19.7432
18.160,67.9643,68.3711,18.9945,19.0425,16.9870,17.7689,16.5151,18.1081
18.164,69.4196,68.7472,17.3560,17.2132,15.9324,16.8427,16.8869,17.4698
18.168,69.4129,69.0115,18.1977,18.8509,14.9493,16.1190,16.8862,16.2432
18.172,71.1932,71.2750,17.7170,18.4828,14.9463,13.1902,16.9101,15.9566
18.176,71.0925,69.5525,17.8477,18.3640,14.5352,13.4494,15.3941,16.1275
18.180,72.1063,73.0660,19.2235,19.3854,14.5330,13.1449,16.8369,17.0819
18.184,73.1664,71.7004,20.2481,20.0855,15.2918,15.5754,16.6339,15.5613
18.188,73.3946,74.1772,20.3076,19.6176,17.0822,16.8916,17.7916,18.5115
18.192,75.0132,73.5910,21.2898,22.7845,18.3204,19.4953,20.7762,21.2579
18.196,76.2191,74.6757,21.9979,23.3962,19.8695,19.8630,22.6228,22.4570
18.200,76.4912,77.3005,25.0910,25.0705,23.6194,23.9226,25.7410,24.8867
18.204,78.6892,76.7852,25.5211,24.9013,25.0022,23.6038,23.8646,26.2271
18.208,76.3314,77.9159,25.7475,25.9342,26.8548,25.9125,28.8902,25.7952
18.212,78.3894,78.6375,25.7013,26.9952,27.9377,28.0811,27.9137,27.3853
18.216,78.7397,77.7959,27.9121,25.6965,27.0133,27.8528,26.6370,26.9722
18.220,77.2393,79.2454,25.4928,26.0073,29.4435,27.2130,29.8501,29.1332
18.224,78.7762,77.1060,23.5755,25.2889,28.0234,28.1844,27.6816,29.6579
18.228,76.0589,76.2718,25.0048,23.6800,26.6656,26.9456,30.0796,28.9243
18.232,74.1550,74.7225,23.5381,23.6919,26.2205,24.5510,27.1962,28.2642
18.236,73.5135,74.4445,22.3210,23.0005,23.4838,23.6699,24.9743,25.4045
18.240,73.5545,73.1089,20.9167,21.5193,21.9847,23.8434,24.0157,25.2712
18.244,70.8847,71.1921,21.6687,20.3318,21.7501,22.5337,22.2199,24.1516
18.248,70.1927,69.3544,20.1848,19.3931,18.8922,19.7499,22.2492,21.7038
18.252,68.9556,67.5829,17.7266,17.2655,20.7848,20.4603,18.5100,19.8637
18.256,68.1026,67.6174,16.7615,17.8994,18.9918,18.1670,18.4473,17.7990
18.260,64.9034,64.0169,14.5833,17.7060,17.4871,17.6090,16.5235,17.1735
18.264,64.4062,64.2936,13.8235,15.6759,14.9275,15.0810,15.1786,15.4459
18.268,61.8850,61.3977,13.8637,15.1884,13.1829,13.3881,14.8373,14.3416
18.272,61.0571,60.0751,10.3905,10.9908,12.3900,12.0805,13.8221,13.4078
18.276,58.8564,58.3032,11.5966,10.9817,12.1021,10.9972,12.5667,13.8231
18.280,57.5791,57.5682,11.3274,11.5515,9.7457,11.7378,11.1275,12.6042
18.284,57.0734,56.5475,9.6018,10.6100,9.9165,11.1615,10.9323,12.8681
18.288,56.3841,55.9776,11.8652,10.4400,11.4129,12.7337,13.1458,13.3536
18.292,56.4011,56.9856,11.4855,11.3867,13.2131,12.8686,14.6768,15.7369
18.296,57.1404,56.0564,10.4218,11.5995,13.7310,13.0148,16.3261,15.9709
18.300,57.4286,56.4308,12.2827,10.1178,18.1677,16.8901,16.1671,16.8885
18.304,56.9711,58.2601,12.4216,13.4458,18.5560,19.4585,17.5798,18.6366
18.308,57.4011,56.7391,12.9756,14.9056,20.3166,19.5999,19.1599,20.4173
18.312,58.5820,57.8587,13.4138,14.5848,19.6777,20.6699,20.6822,21.0365
18.316,57.1814,57.6491,17.0311,15.8762,20.6574,22.3521,22.8935,21.8242
18.320,56.3772,58.0995,14.5695,15.7394,20.6703,22.4748,21.9828,21.8773
18.324,56.9237,56.0499,15.8598,16.4482,21.3399,20.9189,22.1417,23.4142
18.328,55.7571,56.3397,15.9178,16.9500,21.1402,21.8277,21.8755,21.4921
18.332,57.1192,54.7919,15.2543,16.0079,20.3056,19.7316,22.6033,21.7245
18.336,56.2256,54.8364,15.3257,17.1298,19.6087,19.3980,20.2518,20.8638
18.340,54.0948,54.0355,16.2367,16.4223,19.5676,19.0138,19.1941,20.0205
18.344,54.7281,54.2241,16.6884,17.2503,17.6349,18.5932,19.4750,19.8757
18.348,54.2275,53.9987,19.0109,18.0146,18.1348,17.8512,18.6682,19.2159
18.352,52.3590,51.6933,18.3012,18.3785,17.4996,18.1828,18.3804,17.8143
18.356,52.9527,51.6000,16.9180,18.9529,16.8833,15.7555,14.8034,18.2187
18.360,51.7075,52.5002,16.5752,18.9799,14.5420,16.7947,14.0017,15.7944
18.364,52.5148,52.4350,17.1594,18.0233,14.9937,14.8264,13.0499,13.5754
18.368,50.4599,48.7249,17.0238,16.6907,12.0951,13.3739,13.2473,13.5888
18.372,48.7706,49.5230,16.3666,15.9719,11.8279,11.5832,12.5077,12.9255
18.376,48.5022,48.1048,15.1929,15.3250,9.5228,12.8461,10.8424,10.6947
18.380,46.1251,47.5253,15.4596,15.4199,9.6997,9.9558,11.6809,10.3446
18.384,45.7117,43.8698,14.7954,13.7661,9.8193,10.3284,10.3546,11.0875
18.388,44.5418,43.8418,13.8082,13.9926,9.8244,10.6932,12.7631,13.0514
18.392,44.4429,43.7098,13.5499,14.7329,11.4018,11.7274,13.5337,13.4184
18.396,42.5705,44.3102,13.2026,15.0467,13.7852,11.5016,14.6516,15.1247
18.400,43.1510,42.3024,13.7657,14.5677,15.3904,14.9909,14.4588,15.6390
18.404,40.5776,41.4994,14.6254,14.4141,16.0920,16.4443,16.5898,16.9335
18.408,41.3578,40.3492,14.5812,12.2672,17.0917,17.2970,15.9055,17.4774
18.412,40.0184,38.0486,12.1385,13.6884,15.6693,17.3123,16.3184,17.0825
18.416,37.8577,37.6636,13.0222,13.7129,17.7473,17.6567,16.6692,17.7651
18.420,35.2615,34.5972,11.1233,12.7124,16.5361,17.1006,17.6215,16.9225
18.424,33.3440,35.0484,11.6343,10.8367,16.7656,15.8593,16.6171,16.0784
18.428,32.0959,33.4492,7.4582,9.5468,13.0411,14.5270,16.6688,15.6849
18.432,30.9245,30.2056,7.8544,8.8973,14.0942,12.8146,14.4888,15.4665
18.436,27.2809,28.5419,7.9403,7.2363,12.8912,12.1130,14.6459,14.8030
18.440,26.8993,25.4805,6.8468,5.3619,10.9738,12.5039,11.8901,13.4932
18.444,26.1993,25.3219,4.0039,5.4555,9.3106,9.5816,12.0167,11.9034
18.448,23.8785,23.7065,4.1759,6.2660,7.9522,8.9891,10.7356,10.6260
18.452,21.8350,23.4533,3.8692,3.5216,8.1181,7.9389,7.7730,7.8080
18.456,21.5201,21.4250,2.1575,3.5991,6.1377,7.9566,6.6983,6.2696
18.460,20.5126,21.6473,2.1108,1.8889,5.6728,4.3087,5.9624,6.2094
18.464,18.7862,19.1266,2.0426,0.9175,4.6112,4.7346,1.6783,5.2898
18.468,18.2574,17.8219,1.9882,1.8362,2.1851,2.2392,1.7704,2.0046
18.472,16.4831,17.5428,0.6629,1.0094,0.3831,0.8876,1.6500,2.9671
18.476,17.0907,16.8804,1.6873,1.8493,1.2201,0.1802,2.3697,2.6814
18.480,15.7745,16.7505,1.5928,0.0418,1.2883,0.7043,1.0279,1.3056
18.484,16.6709,16.7871,2.9752,2.3974,1.4419,0.6956,3.1031,3.0773
18.488,16.4553,16.1735,2.9780,3.7971,2.1034,1.9799,2.6398,2.8369
18.492,16.9876,18.4723,3.9851,4.3222,4.5273,4.5895,4.9157,3.8547
18.496,17.0060,18.8194,5.2526,4.9922,6.5534,6.4582,7.1336,5.9865
18.500,18.6992,19.1568,6.6716,7.8874,7.9292,9.0164,7.3687,10.3042
18.504,19.8881,19.3605,6.5946,7.8199,9.7931,10.4626,11.3474,9.6994
18.508,19.8082,20.6635,9.4012,8.5846,11.0411,12.2294,10.3778,11.8593
18.512,20.5323,19.8770,9.8320,9.4636,13.0808,12.7589,13.4195,13.1965
18.516,21.4840,21.6239,10.9828,9.8202,13.9624,13.1779,12.8353,15.0965
18.520,20.3735,21.1319,11.0922,9.5395,13.9623,15.3574,13.6866,14.9669
18.524,21.1651,19.4953,11.6922,11.4522,12.5554,13.7361,15.4182,14.0826
18.528,19.6229,20.1844,10.7793,12.0880,10.6379,12.8356,15.0693,14.1640
18.532,19.1970,19.4363,11.6078,11.1874,13.0023,13.9212,12.7403,14.8346
18.536,19.5030,20.4655,10.6407,11.3940,11.5521,12.2129,12.2969,12.0016
18.540,17.5566,18.8022,10.5746,11.2180,11.1123,10.7295,11.6958,11.9138
18.544,16.9847,17.1029,9.6681,11.4466,10.3809,9.7266,10.8462,10.5858
18.548,15.8573,16.9922,9.6578,10.8287,8.5577,8.4156,8.8675,9.6292
18.552,16.2272,15.8222,8.5621,8.9614,8.0166,8.8605,9.4943,8.8958
18.556,14.8393,15.5262,8.0043,10.0047,6.2291,6.1709,6.6876,7.1268
18.560,12.2338,14.3901,7.6079,8.3251,4.4569,4.2453,5.2630,5.9747
18.564,12.2945,11.3828,5.5386,7.7729,2.6546,3.4118,3.1216,5.4149
18.568,10.0706,11.2400,5.9295,6.0594,1.0435,1.9845,2.0528,2.5969
18.572,11.1114,10.5798,4.3495,4.8502,0.3244,0.3665,3.2801,2.9104
18.576,7.4573,7.1612,3.4015,4.3620,0.1906,-0.9351,0.2414,0.6818
18.580,6.6662,6.9380,2.0246,2.9341,-0.6677,-1.1164,-0.2466,0.7997
18.584,5.4851,5.5908,1.0478,2.2092,-1.8576,-0.3875,0.1057,-0.2153
18.588,5.3629,4.9556,0.2486,1.2922,1.0465,-1.2791,0.8455,1.1263
18.592,4.8470,6.3423,1.4106,1.8017,1.2203,1.3691,2.8168,1.2348
18.596,4.3420,2.9355,0.8681,1.7821,2.8958,3.4330,1.7024,5.3040
18.600,4.3176,4.3015,1.6408,1.0028,4.4689,3.1504,3.4369,3.8974
18.604,4.6388,4.2912,0.4410,2.5749,5.8353,6.6471,5.9267,5.7097
18.608,4.4261,3.7960,-0.8980,1.3024,6.5355,6.7382,6.0630,6.6469
18.612,4.6334,3.8558,0.1782,-0.3010,8.7365,8.9654,7.4430,6.6570
18.616,2.9560,2.6448,1.6327,1.0673,7.7761,7.3829,7.4620,8.1924
18.620,0.4892,3.8792,-0.5358,0.4286,8.7936,7.9589,7.3545,8.0301
18.624,0.7543,1.5584,0.2297,0.7329,6.2361,7.7655,7.3562,7.6036
18.628,0.8380,3.2481,-0.1019,-0.1306,7.6198,7.0926,8.2785,7.0413
18.632,0.4408,1.5754,0.1016,1.0340,4.4225,6.6934,7.5390,6.2287
18.636,1.5087,-0.1342,-1.1466,-1.5064,5.5850,5.6720,7.0486,7.0180
18.640,1.3429,1.2657,-0.5615,-2.0138,3.2494,3.8194,5.3639,5.4731
18.644,1.0666,1.8434,-1.0436,1.0525,3.6974,3.5589,4.9301,4.2496
18.648,1.4963,0.5598,1.3042,0.7597,2.5351,4.9077,2.8708,3.3349
18.652,0.4480,2.6127,-1.0912,1.1458,3.2414,2.9921,4.4509,3.2899
18.656,0.9888,2.7770,1.4718,1.6919,5.5246,3.2933,1.6199,2.6404
18.660,1.5454,2.7623,1.7266,1.2701,3.2971,2.7529,1.6538,0.5354
18.664,2.6050,2.2670,0.2940,1.0244,0.7593,0.9534,0.1221,-0.2866
18.668,1.0630,2.7479,2.1778,1.3369,-0.9127,-0.4271,0.1593,0.5161
18.672,1.5510,1.5953,1.5478,1.7672,-2.4326,-0.8874,-0.1922,-0.6250
18.676,1.5311,3.7332,2.2021,2.8633,-1.6055,-0.5937,-1.2116,-0.2164
18.680,3.6636,3.5221,3.7320,2.4157,-2.1098,-1.2887,-1.4138,-0.3315
18.684,2.4547,4.0768,3.2877,4.0286,-0.9326,0.0391,0.9063,-0.6113
18.688,3.5424,4.6739,5.6831,4.1077,0.0121,0.6590,1.3024,0.4839
18.692,5.4707,5.7443,6.2840,5.9530,2.0790,3.5722,1.8594,3.4676
18.696,6.1768,5.7325,5.9932,8.8864,4.6707,4.7839,3.8530,5.0808
18.700,7.1989,7.9518,6.9480,9.5710,4.6233,6.1107,5.9781,5.4289
18.704,8.6445,8.5259,8.1686,10.0166,8.2909,8.9431,7.2933,8.6425
18.708,8.4731,8.8465,8.5816,9.0625,9.5231,9.5260,9.7447,9.0191
18.712,8.9514,9.5592,10.6863,10.4818,10.6149,10.4045,10.3341,10.8058
18.716,9.8012,8.3428,8.3456,8.9893,10.8304,12.3312,11.0193,11.3877
18.720,8.1508,7.0481,8.7989,10.0607,11.4141,12.6727,10.4498,10.9135
18.724,7.6917,7.6797,8.8996,9.5112,10.5836,9.6183,10.2376,10.7376
18.728,6.7990,7.9336,6.8960,6.6331,10.6477,10.8990,10.4963,9.8742
18.732,6.9765,6.0938,6.1019,5.8771,8.7038,9.0006,10.5126,8.9196
18.736,4.1307,6.2003,4.3049,4.7991,7.5402,7.7687,7.9142,9.0600
18.740,3.3853,5.4857,4.9479,6.1531,5.0230,7.3203,7.5933,6.2289
18.744,2.5719,4.4458,4.3041,5.1589,6.2204,4.6089,7.2671,5.2893
18.748,2.3167,2.2310,1.8843,3.2888,3.8000,3.7346,5.9639,4.3121
18.752,1.3247,1.9215,1.4964,1.9697,3.2430,3.5801,3.1106,3.7282
18.756,0.9685,-0.1262,0.4620,1.1636,2.9897,1.8903,0.8350,2.8629
18.760,0.7937,0.0065,0.5422,1.7803,0.8202,1.3237,0.7690,0.4632
18.764,-2.4254,-3.2320,-0.5630,-1.2907,0.5147,1.0439,-1.2784,-0.7623
18.768,-3.2516,-2.8279,-2.6084,-3.1003,-0.2897,-2.1727,-1.4917,-2.4512
18.772,-4.9627,-3.8603,-5.1145,-1.7035,-3.6911,-3.6642,-1.5862,-4.1493
18.776,-5.5462,-4.9489,-3.8132,-3.7290,-5.1305,-5.5172,-4.2532,-4.6370
18.780,-5.3226,-4.8660,-5.4388,-5.2753,-5.9374,-5.1707,-5.3282,-3.8747
18.784,-4.5090,-5.8774,-6.0220,-3.2899,-4.9894,-3.3699,-4.0201,-3.4518
18.788,-6.6091,-5.1434,-5.3052,-4.0963,-3.7405,-4.2038,-3.6518,-4.8296
18.792,-4.5758,-4.2596,-4.7005,-2.5078,-1.7332,-1.9112,-1.7091,-0.4180
18.796,-4.5652,-5.6574,-3.8877,-2.8405,-1.1240,0.6118,-0.3018,-0.0816
18.800,-4.5971,-3.6710,-3.8498,-1.2539,1.6748,0.9406,1.2195,1.8072
18.804,-3.9825,-2.1818,-0.4228,0.4471,3.4392,4.4861,3.3914,2.7176
18.808,-1.7054,-1.3450,-0.8399,0.3630,5.2452,4.9629,4.4336,5.1993
18.812,-1.0749,-0.0726,0.1963,1.8602,5.5874,5.9255,6.3737,5.5018
18.816,0.7522,-0.9426,3.2109,1.9540,5.7439,7.0739,7.4798,6.8651
18.820,0.2652,2.0796,0.9588,2.3807,8.9459,8.3541,7.4465,7.1224
18.824,0.1285,1.3853,2.1483,2.2286,5.6670,7.7190,8.0389,6.4888
18.828,1.9834,1.9967,2.5602,3.1518,5.6507,5.9764,7.0143,6.9745
18.832,2.6212,1.6428,2.8649,4.4216,5.0468,5.8115,7.3331,5.9419
18.836,2.0519,1.9380,2.3792,3.1031,6.4483,5.5536,7.4716,6.7610
18.840,1.7922,2.4805,2.7962,5.1429,5.5852,4.7295,5.7113,7.2231
18.844,3.5280,2.9153,5.4451,3.1223,6.4020,5.6108,6.1240,5.3384
18.848,5.6679,3.0257,5.5022,5.7722,5.7434,4.8977,5.7523,4.3767
18.852,4.2709,4.3826,4.5617,6.3041,5.2082,4.9251,4.9490,4.4822
18.856,4.8857,4.5501,5.4366,5.7357,4.3930,5.0182,4.4742,3.0802
18.860,5.1513,4.2805,5.0795,5.9121,2.7140,2.9459,2.5190,1.3324
18.864,5.5479,4.2803,4.6824,5.8850,2.8446,2.7981,0.8486,2.4230
18.868,4.5332,3.7835,6.0668,5.3047,2.0676,0.7047,1.4993,2.0994
18.872,3.3531,3.3169,5.7730,5.9210,0.9910,-0.3626,1.6263,0.0409
18.876,2.3450,3.1095,5.3219,5.5276,0.0599,0.2527,-1.3976,-0.3338
18.880,3.3464,4.1572,4.5590,3.8936,-0.8910,0.1783,-1.3852,0.7590
18.884,2.7660,1.4019,5.3404,5.7963,1.2252,-0.9048,0.7853,0.4119
18.888,3.2661,4.0537,4.6759,5.9505,-0.0747,-0.0079,1.6512,1.3015
18.892,4.3710,3.7885,5.8928,4.9192,1.8173,0.6525,1.9928,2.6969
18.896,3.2810,4.3191,4.6374,4.3937,3.2648,2.2621,4.1811,3.5436
18.900,3.2480,4.8990,5.4611,4.8007,4.2898,5.1061,4.3861,5.1606
18.904,4.0893,4.3563,6.4545,7.1833,7.1894,7.1342,5.7094,6.7799
18.908,3.3595,4.3832,4.6300,6.0473,8.5450,7.0355,6.7991,6.4138
18.912,2.6114,3.2603,4.7177,5.4645,7.4395,7.8162,7.7342,8.1064
18.916,2.0512,2.5095,4.3792,4.5086,8.9361,8.1562,7.6188,7.3525
18.920,0.8705,1.2344,3.8727,4.0455,8.1369,7.2924,7.8301,6.4170
18.924,0.8370,2.4755,2.1954,2.2767,7.6968,7.7656,8.1726,7.5236
18.928,0.7525,0.0512,1.4181,1.1187,6.0505,6.8129,7.1025,7.2831
18.932,-0.4874,-1.2132,0.1165,-0.1154,5.8214,5.7194,6.2233,5.2105
18.936,-2.2444,-0.7135,0.2469,0.7350,4.8938,4.4717,4.1045,4.3214
18.940,-2.6119,-1.9930,-0.6206,-0.1789,4.1247,3.0344,5.0931,3.7201
18.944,-2.7446,-3.5851,-2.6442,-2.2579,1.8877,2.2143,3.2861,2.1172
18.948,-3.8228,-2.3172,-2.2475,-0.0338,1.9791,2.5495,1.0058,0.1690
18.952,-4.3646,-1.7682,-3.4260,-3.6189,-0.3863,0.5319,0.1292,1.3528
18.956,-4.5173,-3.5492,-3.5769,-3.8033,0.6269,0.3193,-0.4083,-0.5893
18.960,-4.6595,-4.1904,-2.8940,-3.3815,-0.2618,-0.8273,-1.8286,-2.6664
18.964,-5.1623,-4.1475,-4.3572,-2.9641,-3.1286,-1.3193,-3.3740,-1.6406
18.968,-4.5853,-5.4115,-3.0437,-3.4553,-4.3163,-1.3922,-3.8299,-4.0983
18.972,-4.7754,-4.1910,-5.0025,-3.5291,-2.6420,-3.2677,-4.6571,-3.9023
18.976,-5.7362,-5.9898,-2.7725,-3.3442,-4.3315,-3.6925,-4.0468,-3.3376
18.980,-5.0122,-4.3532,-4.4591,-3.5843,-3.1185,-3.6343,-3.4784,-3.0848
18.984,-3.1957,-5.4048,-2.4190,-4.2729,-2.9278,-3.0443,-2.9087,-3.9017
18.988,-4.3365,-4.5455,-1.2386,-1.7419,-2.8463,-0.6388,-2.5456,-2.3595
18.992,-1.0794,-1.6680,0.3475,-1.0583,-1.6600,-0.3789,-1.4991,-1.3029
18.996,-0.5716,0.4495,1.2144,2.1050,-0.2672,2.0666,-0.1820,2.0193
19.000,-0.3327,0.9286,3.4441,3.7661,4.3278,4.6046,1.9255,2.7864
19.004,2.0289,2.2423,2.4242,3.8795,4.1713,6.7564,4.2933,3.1873
19.008,3.9815,3.7861,4.8245,5.6272,8.2783,7.1708,6.3515,5.8114
19.012,3.5597,4.7012,6.8222,4.7990,7.4176,8.4942,7.3641,7.5557
19.016,5.5982,3.2279,6.4523,7.8558,8.6752,9.8716,8.1546,8.2661
19.020,6.2319,6.0521,7.0127,8.4225,9.0096,10.0721,9.3296,8.8744
19.024,4.4634,5.6464,7.2450,8.7999,9.2791,8.5893,10.0739,8.5854
19.028,5.5321,6.1280,8.4447,8.0057,9.3309,8.3304,9.5306,7.9863
19.032,6.3365,5.9067,7.8708,8.6958,7.8348,7.3924,8.5690,7.0194
19.036,7.2070,7.7291,8.6316,6.8681,8.1573,5.3762,6.3297,7.4119
19.040,8.0103,7.3120,6.6471,9.4314,6.3937,6.3129,7.8808,5.5170
19.044,4.4546,4.9706,6.8630,7.5274,5.8451,5.2909,5.1162,6.1512
19.048,4.3692,7.0765,7.6475,7.7846,4.5519,5.0548,5.0456,4.4867
19.052,5.0184,4.7702,6.6967,7.0379,4.6952,4.7086,4.9860,4.7778
19.056,3.1999,4.4663,6.2653,7.7127,4.4577,4.3694,2.6663,2.8094
19.060,3.6071,4.5676,6.7017,5.8606,3.2035,2.6245,2.7116,0.7117
19.064,3.8659,3.9926,5.2818,5.9764,1.5993,2.2531,0.2276,0.0706
19.068,3.2472,1.4940,4.2671,2.8010,1.4517,0.5550,-0.6576,-2.5753
19.072,-0.4094,1.0328,1.9502,0.7473,-1.2367,-1.6772,-0.7823,-2.5456
19.076,-0.9759,0.6680,1.7795,1.5842,-2.3938,-2.2697,-2.1275,-2.7425
19.080,-0.5899,-0.7094,0.0093,0.1704,-3.2995,-3.9990,-2.3482,-1.8091
19.084,-1.7266,-0.4272,-1.8872,0.1723,-4.6761,-2.6794,-2.2271,-2.9843
19.088,-2.7713,-1.5817,-0.8493,0.0828,-2.2583,-2.7829,-2.8641,-0.6859
19.092,-2.7507,-1.9131,-1.2265,0.3469,-1.6614,-2.3555,-0.7061,-1.4903
19.096,-2.7707,-1.1767,0.2608,-0.1152,0.0130,-0.2337,0.0605,-0.4894
19.100,-1.5904,-1.0649,0.0122,-0.8813,2.2497,3.3930,3.1531,0.0333
19.104,-3.1161,-1.4182,-0.5873,0.3874,4.2395,4.2652,1.5901,2.4931
19.108,-1.5573,-0.8181,0.8074,-0.5897,5.6790,4.5217,5.0067,4.0750
19.112,-2.8432,-1.7778,0.3082,-0.9509,4.9632,4.5387,3.6387,5.0448
19.116,-1.9278,-2.1754,-1.3358,-0.7666,6.0122,5.6034,3.9397,4.8454
19.120,-3.7548,-1.4226,-1.7376,-1.8563,5.3139,5.0138,3.8367,4.1302
19.124,-3.0125,-3.0452,-2.3126,-1.5880,5.4774,3.6657,6.2354,4.5781
19.128,-2.6419,-2.6179,-2.3403,-0.3686,4.7028,3.6936,3.1624,2.1334
19.132,-3.1030,-3.2728,-1.6918,-1.3513,2.5602,3.3424,2.2678,4.2686
19.136,-3.0041,-2.7615,-1.0353,-0.7798,3.0627,1.5252,3.0439,2.1177
19.140,-3.8389,-3.6372,-2.3018,-2.8087,1.8737,3.0355,1.2501,1.8921
19.144,-4.3315,-2.9814,-1.0586,-0.4282,1.2918,1.4391,1.0419,2.7099
19.148,-3.6347,-3.1785,-1.5593,-0.0776,0.7714,1.5013,1.3591,1.0470
19.152,-0.9751,-2.0110,-1.8257,0.4812,1.6549,0.6648,0.3889,0.7746
19.156,-2.0291,-0.1173,-0.1476,0.6211,-0.0155,-0.3735,-0.0511,-2.2231
19.160,-0.5137,-1.3528,0.4358,0.7255,0.8254,0.2582,1.3429,-0.7175
19.164,-0.8400,-1.0658,-0.0434,1.2665,-0.9384,0.4991,-0.2545,-3.1944
19.168,-2.1788,0.6066,1.9444,1.2979,-3.2799,-0.5039,-1.6714,-3.0825
19.172,0.7102,-2.1908,1.6180,-0.1163,-2.6502,-1.3738,-1.7346,-3.8118
19.176,-0.8415,1.6490,2.3822,1.0165,-1.8721,-2.6173,-2.3875,-3.4894
19.180,0.1925,1.4379,2.0669,2.5390,-3.2194,-2.4485,-2.9910,-1.8452
19.184,0.8647,3.2561,2.3535,2.6288,-2.3735,-1.2356,-2.1221,-0.6871
19.188,2.8891,2.2890,4.0097,4.4972,-1.4675,-1.1585,-1.2325,-1.5429
19.192,4.9692,4.3792,4.6428,4.8136,1.1832,1.4279,-0.4621,0.2188
19.196,3.9577,5.2620,6.3761,6.5672,2.9582,3.3834,1.9084,0.9050
19.200,4.9475,5.3804,6.8317,6.8369,4.4735,4.5041,3.8419,3.9562
19.204,6.2077,6.4276,5.6826,7.4178,6.7424,7.3698,5.8543,3.5252
19.208,7.9777,7.3124,8.3598,8.4652,6.9379,8.4735,8.2030,5.5858
19.212,6.7999,8.2752,9.8807,9.2634,8.5547,8.9730,7.9054,7.8950
19.216,7.1161,8.3751,9.1346,7.2093,9.2204,9.2469,7.8119,7.5158
19.220,6.3680,6.6198,6.8409,8.8230,6.5711,10.6233,8.8259,7.1605
19.224,5.3703,5.9232,8.7457,8.2340,8.9145,6.9249,7.8132,9.2960
19.228,3.8298,6.5551,6.4233,6.7535,8.3100,7.5651,8.2917,6.9584
19.232,3.7431,5.8850,6.2239,6.0899,6.5109,8.4323,6.5054,4.5169
19.236,2.2000,3.6248,4.9726,6.1665,5.3526,5.2600,5.6556,4.8790
19.240,1.9881,3.2505,3.9264,5.3439,4.3825,3.9618,6.4008,2.9422
19.244,2.3182,0.2535,2.5862,4.1896,4.6610,2.5942,4.1371,3.3586
19.248,1.1241,1.6002,1.3493,2.2114,3.2749,2.6779,2.9587,1.9355
19.252,0.4447,1.5681,1.6541,2.7880,1.9621,1.7424,1.1813,0.9180
19.256,-1.0820,0.2560,0.3461,0.5134,0.4570,0.9162,-0.3660,-1.2143
19.260,-1.0906,-1.7135,1.7968,0.9593,-0.1529,-0.5766,-1.9323,-2.8867
19.264,-1.7825,-3.7054,-0.0199,-1.4788,-1.2413,0.2516,-3.7602,-3.5124
19.268,-4.0435,-3.7109,-1.8386,-2.2523,-3.5155,-2.0471,-4.2737,-4.4110
19.272,-5.1090,-3.6947,-1.4419,-3.0022,-3.8288,-3.8205,-4.5128,-4.0174
19.276,-6.2781,-5.6636,-5.8191,-5.0780,-4.1464,-6.7395,-6.4304,-6.0265
19.280,-5.1664,-6.8946,-2.5666,-4.8200,-5.7089,-5.3952,-7.6996,-7.6893
19.284,-6.7919,-6.4449,-3.7402,-7.0559,-5.5645,-5.6713,-5.9980,-6.1314
19.288,-6.3589,-7.4731,-5.2345,-6.7952,-4.6611,-3.9412,-6.5685,-4.7100
19.292,-6.1799,-5.5507,-5.6942,-3.5314,-5.0032,-2.8942,-4.4611,-3.8126
19.296,-3.8619,-4.2938,-3.9147,-2.8859,-1.9335,-1.4184,-2.2033,-2.5821
19.300,-2.1975,-3.6846,-1.7806,-1.9183,0.2918,0.8440,-0.2171,0.0774
19.304,-3.9535,-3.2993,-1.2634,-2.5687,3.8714,1.1034,-0.3449,0.0194
19.308,-1.8748,-2.5065,-0.6964,-0.6988,2.9743,3.3392,2.0249,1.4429
19.312,-1.9244,-0.7299,0.5861,-0.0819,5.0264,5.0138,4.1067,1.4465
19.316,-0.6695,-0.8348,0.5802,1.5901,6.1535,4.7736,4.8448,1.8798
19.320,-1.8966,0.7174,1.2413,1.2220,4.9914,4.1402,6.4724,4.5380
19.324,-0.8405,0.6889,2.0559,1.0632,4.8183,5.6377,5.2527,4.8647
19.328,0.7211,-0.3207,1.3122,2.8559,5.2543,3.9050,5.0336,4.1310
19.332,1.9530,1.6775,2.4177,2.5930,3.7481,4.6082,4.0830,2.7598
19.336,2.3251,1.6186,1.5275,2.6027,4.6110,4.1720,5.5853,2.8645
19.340,1.5183,3.0422,3.9353,2.9220,2.3440,2.6032,3.8318,3.6037
19.344,2.0000,3.9481,4.4257,4.1812,4.6916,3.2910,3.6095,2.6446
19.348,2.4078,2.3991,4.3647,4.8582,2.8478,2.2838,3.0577,2.7776
19.352,3.8738,3.8557,5.4444,5.5249,2.9141,3.0916,2.2005,3.1391
19.356,5.4270,3.9355,5.4551,4.8666,3.6865,0.9510,1.0503,1.2924
19.360,3.2295,4.6261,4.7798,6.0415,2.5030,2.1333,-0.5146,2.0815
19.364,3.1901,6.4503,4.3948,4.8650,1.4496,1.2769,-1.3788,-1.9263
19.368,3.3662,5.1574,5.4567,6.0987,0.5122,-0.1469,-1.7091,-0.7276
19.372,3.0053,4.4219,5.1376,5.1494,-1.2679,-0.0732,-1.8367,-2.4621
19.376,2.9714,3.0020,3.7970,4.5717,-0.9657,-2.4791,-2.4052,-3.3621
19.380,3.4013,4.2802,4.9119,5.7366,-2.2805,-2.9149,-2.7394,-3.5127
19.384,0.9411,4.9465,5.4558,4.8985,-0.6758,-2.6143,-0.9898,-1.1109
19.388,1.2654,3.5855,3.8320,4.1299,-1.1505,-0.6719,-1.5359,-2.1270
19.392,2.5602,4.2417,3.9339,3.6920,0.4241,0.9064,-0.8860,-0.5145
19.396,3.2407,4.5018,4.7367,3.8611,0.8609,2.1759,1.2744,-0.2965
19.400,3.7119,3.5803,4.0613,5.9943,2.5824,3.3141,1.6316,2.7351
19.404,3.2531,3.9523,5.2821,5.2584,4.0052,4.5348,2.6754,2.2247
19.408,3.2694,3.4498,4.4860,5.7218,6.6556,5.5571,3.8330,2.5199
19.412,4.2537,3.8108,4.5237,5.0632,5.4451,6.3904,4.5325,3.9982
19.416,2.9549,2.6063,4.2099,2.6665,4.3230,6.8776,3.9645,4.3355
19.420,1.0079,0.8259,3.4711,2.9396,5.5040,7.0249,4.2418,3.6979
19.424,0.6099,1.9622,1.7493,0.0713,3.6485,5.1246,4.1188,4.4155
19.428,-2.0346,0.8845,1.4924,-0.1280,3.8291,3.4717,3.3752,3.4885
19.432,-1.7908,-1.6505,0.1353,-0.1509,1.4428,3.5788,3.0930,0.8140
19.436,-2.4012,-2.2331,0.1996,-1.4409,2.3655,0.7768,1.8339,0.6051
19.440,-3.0839,-3.3311,-2.1903,-2.8769,1.8334,-0.3618,0.7499,-0.9476
19.444,-2.9724,-3.8433,-2.3881,-1.0823,0.9373,0.3508,-0.3873,-0.8279
19.448,-3.6464,-2.2819,-2.6789,-4.1716,-0.5060,-0.7085,-0.3263,-1.6572
19.452,-3.7693,-4.6300,-3.2979,-4.2277,-0.2457,-1.7261,-3.0903,-3.0140
19.456,-5.7103,-2.8251,-2.4171,-3.7128,-0.6376,-2.4237,-3.4943,-4.0126
19.460,-3.8645,-5.4125,-3.3386,-3.3052,-1.6964,-2.4376,-4.4329,-5.8940
19.464,-5.7768,-5.6451,-4.6835,-3.2496,-3.0995,-4.7378,-4.9606,-6.0121
19.468,-5.2495,-5.6741,-4.4753,-4.7046,-6.1031,-4.8840,-5.8989,-7.5918
19.472,-4.9293,-5.4541,-5.0497,-3.5774,-5.2598,-4.7697,-6.6476,-7.3531
19.476,-5.5640,-5.2952,-3.4782,-4.1023,-6.6401,-6.7299,-6.5240,-6.1669
19.480,-6.2282,-4.2495,-4.0826,-4.7486,-5.8022,-6.2348,-6.3427,-7.4493
19.484,-5.1383,-3.8787,-2.7858,-2.4345,-4.5524,-6.8200,-6.5730,-5.5974
19.488,-3.9366,-2.3310,-2.4437,-2.4927,-5.7663,-5.4149,-5.5038,-3.5520
19.492,-2.3740,-1.5072,-0.7111,-1.4743,-2.9655,-2.2293,-2.4905,-4.9871
19.496,-0.4587,-0.5562,-0.4508,-1.4881,0.1897,-2.0979,-0.9419,-2.4940
19.500,1.1071,1.1830,1.9477,1.8167,0.9384,0.5682,-0.2308,-1.2967
19.504,1.9964,1.2659,2.4399,1.6176,4.6271,3.3762,1.8015,1.5543
19.508,3.0986,2.3053,4.6165,4.4368,5.1764,4.5899,3.5928,2.0452
19.512,3.6295,5.0796,4.1940,6.5241,5.6110,5.9163,5.9755,4.5931
19.516,4.8258,4.7465,5.8612,7.4719,7.3636,5.5598,5.6133,4.8248
19.520,4.9821,6.0982,6.7995,7.2531,8.0757,6.4166,6.5564,6.2701
19.524,5.8438,7.3689,5.8649,5.5481,6.8333,5.9535,6.8499,5.9157
19.528,5.5127,5.2582,7.3436,6.6516,5.7379,6.1912,5.8890,6.5054
19.532,5.8250,7.3864,7.7266,7.7916,6.4267,4.6826,5.4291,3.9988
19.536,4.6905,5.8212,5.7761,6.6495,5.6958,5.0124,4.4673,3.5256
19.540,6.9725,5.4171,6.4881,6.5893,5.9076,4.2977,3.8441,3.0457
19.544,5.0007,5.6991,6.8888,6.9942,3.5959,4.2915,3.7375,3.2298
19.548,5.6889,5.3052,6.4882,5.9501,3.8248,3.8060,1.3981,2.3346
19.552,5.1018,7.3143,6.2684,4.3831,2.7446,3.6193,0.4885,0.6533
19.556,5.3396,4.8558,5.5675,4.4132,2.4048,0.9553,-1.1069,-0.6774
19.560,2.4717,4.3606,4.4487,5.0611,1.1318,0.7859,-0.7126,-0.6195
19.564,2.9138,3.2592,2.8767,2.9757,0.5467,0.2503,-3.0087,-1.5933
19.568,2.7384,1.3012,3.2576,1.5265,-1.7522,-3.2232,-5.7776,-3.4283
19.572,0.4508,-0.5351,0.8621,0.0002,-3.4910,-3.8481,-3.7603,-3.3959
19.576,-0.7252,-0.4787,-0.2767,-1.0690,-4.9370,-5.4227,-4.4156,-4.0561
19.580,-2.0486,0.7985,1.3774,-0.8840,-4.9439,-6.9461,-4.4582,-4.8162
19.584,-1.2343,-1.9115,-0.7852,-0.6097,-5.6943,-5.1952,-5.1796,-4.3813
19.588,-2.0522,-2.1403,-0.2025,-0.1667,-3.8667,-3.8525,-6.1576,-3.9009
19.592,-1.7731,-2.0428,0.7952,-1.1465,-4.4211,-5.2182,-3.6809,-3.9235
19.596,-2.2529,0.4735,-0.7042,-2.3310,-2.0264,-0.9335,-1.8592,-2.8170
19.600,-1.5778,-0.9129,-0.8770,-3.2311,-1.2838,-0.1479,-0.8231,-1.9766
19.604,-2.3107,-3.3622,-0.3159,-2.3488,1.3431,1.3794,-1.8097,-1.7752
19.608,-2.7561,-1.4683,1.3496,-0.6943,3.4958,0.8848,1.1338,0.2842
19.612,-1.3981,-1.6981,-0.4671,-2.2537,3.5836,1.6282,1.5691,0.2564
19.616,-1.9985,-2.4888,-1.6222,-3.2479,2.7986,1.9269,2.7171,-0.1467
19.620,-1.7822,-2.8739,-2.3778,-2.5794,2.2763,1.7383,2.4782,-0.1525
19.624,-2.9799,-2.9861,-1.9297,-4.0196,2.2726,0.2844,2.4295,1.0897
19.628,-3.9540,-2.8114,-2.1904,-2.3062,2.1782,1.9797,2.0379,-0.5229
19.632,-4.0049,-3.0119,-5.1573,-2.8768,0.5766,0.5860,-0.3442,0.3361
19.636,-3.2772,-3.6281,-4.6701,-2.7612,0.0429,0.1564,-0.4817,-0.4951
19.640,-2.6905,-2.2984,-2.9557,-2.8629,-0.8367,-0.5044,-0.4984,-1.4547
19.644,-1.5612,-1.4710,-2.4962,-2.4566,-0.3076,-0.9906,-0.3287,-0.9888
19.648,-3.2699,-3.4409,-2.4121,-3.6864,0.0351,-0.9341,-0.0177,-2.4367
19.652,-2.5335,-1.7271,-2.8563,-2.1899,-1.5673,-1.5931,-1.7108,-3.5745
19.656,-1.4511,-2.2987,-0.9561,-0.9631,-0.4949,-1.0504,-2.8300,-3.3771
19.660,-0.9810,-0.2643,-0.3021,-0.6991,-0.2826,-0.8893,-4.0259,-3.1022
19.664,-1.5612,-0.3301,-0.2527,-0.3624,-2.3955,-2.3308,-4.1232,-4.2432
19.668,-0.1908,-0.1807,-0.9860,-0.5526,-3.5469,-2.9467,-4.0450,-2.9338
19.672,-0.1330,0.5661,0.5965,-0.7028,-4.6454,-4.6094,-5.4773,-7.0428
19.676,1.2141,2.3403,0.1131,1.6891,-4.5136,-4.6259,-6.2674,-5.6816
19.680,-0.4222,0.0758,0.7964,1.2090,-3.4275,-3.3574,-5.5269,-5.6643
19.684,1.0362,1.2708,2.6422,1.6194,-3.7352,-4.2552,-3.3848,-4.8806
19.688,3.1939,1.9920,2.0724,3.2011,-2.4271,-3.5186,-4.2579,-4.3801
19.692,2.2057,3.4431,2.0573,2.0563,-1.0322,-0.8728,-2.4939,-3.0044
19.696,2.7396,5.0357,5.4824,4.6628,-0.5539,0.7197,-1.7287,-1.1527
19.700,4.4891,6.0320,6.2412,4.0836,2.9281,2.5242,0.2419,-0.4296
19.704,6.0468,5.1164,5.7867,6.4561,4.9600,4.3331,1.2765,2.4529
19.708,5.1449,5.8492,7.6976,8.0875,3.3131,5.9699,2.9558,4.3932
19.712,8.4420,7.4106,9.1658,5.9135,6.8158,6.0441,3.2811,3.7235
19.716,6.9709,8.2662,6.7111,8.2456,6.7493,5.0878,5.7361,4.2783
19.720,6.7405,5.7543,7.1270,7.2557,6.4117,6.6652,5.9284,6.7840
19.724,4.0331,5.6647,5.9837,5.7651,4.5505,4.7862,4.4084,2.5875
19.728,4.5411,6.4734,5.0388,6.0507,6.3672,2.7622,3.8869,4.8866
19.732,4.4866,5.6118,4.3712,4.9276,3.8404,3.4045,2.4555,3.2800
19.736,4.6831,3.2469,2.9390,2.9901,1.2561,0.6935,2.7873,1.8645
19.740,1.4276,1.3146,1.8839,0.9726,2.6694,3.5346,1.7097,-0.3433
19.744,0.3486,2.8547,2.4896,1.6933,1.6506,0.6459,0.5195,0.6980
19.748,1.8724,0.2590,1.4679,1.6898,0.7967,-0.2518,-0.7944,-1.7561
19.752,0.2547,0.5506,0.6607,1.3436,-0.2839,-0.7407,-2.7058,-2.5793
19.756,-1.9761,0.4108,0.4510,-0.4331,-1.6855,-1.7202,-3.6661,-4.2494
19.760,-2.8320,-1.0756,-2.0864,-2.1248,-1.6551,-2.4886,-3.3301,-4.5741
19.764,-4.3047,-2.4142,-2.4303,-2.7511,-3.5594,-3.0668,-6.9065,-6.2236
19.768,-4.8814,-3.3945,-4.1336,-4.1730,-4.6492,-5.9307,-5.5831,-7.6606
19.772,-5.5130,-5.9228,-5.4474,-5.0973,-7.8135,-6.1982,-7.3630,-7.7293
19.776,-7.0133,-6.0020,-6.5932,-6.1507,-7.7932,-8.5531,-8.5085,-8.6473
19.780,-6.2296,-6.6083,-6.9331,-6.5133,-8.9278,-7.7398,-9.6468,-9.2569
19.784,-6.4835,-7.4662,-6.2279,-7.3614,-8.2152,-7.6150,-8.5674,-10.2042
19.788,-6.3418,-4.7149,-7.2821,-5.2043,-5.6837,-7.5824,-7.7257,-8.2159
19.792,-7.5009,-6.7591,-7.2292,-6.6874,-5.2774,-6.3612,-5.3952,-7.2191
19.796,-5.7123,-4.4483,-3.9493,-5.5852,-4.3785,-4.2081,-5.4017,-5.5762
19.800,-4.4999,-4.5420,-3.8900,-2.9863,-2.4947,-3.8482,-5.1961,-4.2474
19.804,-4.7080,-2.3638,-2.2429,-5.2744,0.9097,-1.2049,-1.3511,-2.2762
19.808,-1.9928,-0.8065,-1.4117,-2.2934,-0.1774,1.8778,-0.9487,-1.2730
19.812,-2.6788,-2.5596,-1.5383,-2.7385,0.7533,1.5384,1.6514,-0.1659
19.816,-1.9752,-1.9764,-2.0030,-0.5969,3.4701,2.1022,0.5873,1.0594
19.820,-0.5522,-1.1789,-0.3329,-0.8115,2.1930,0.1908,1.1780,-0.6022
19.824,-0.9058,-2.0315,-0.2346,0.0220,1.7974,1.7833,1.0026,0.6093
19.828,0.0157,0.6921,0.0385,-1.5430,1.8188,0.2619,2.9372,-0.4323
19.832,-0.4447,0.8061,-0.4755,-0.1234,2.7089,2.0648,0.3497,1.0073
19.836,2.1755,0.0115,1.0725,1.6978,0.9288,1.4036,0.2272,1.7622
19.840,0.4257,1.0268,2.6303,2.0501,1.0098,1.3840,0.5761,-0.2296
19.844,1.4412,2.4290,3.0047,1.6459,0.9774,1.7594,1.2935,-0.2437
19.848,3.6668,2.3674,2.1985,2.9179,0.0239,0.9447,0.4543,-1.5405
19.852,2.5240,3.5656,2.8324,3.8208,0.9033,-1.0060,-0.8944,-1.4950
19.856,3.4002,4.9802,4.4895,3.6521,-0.8581,0.1609,-0.1043,-2.6167
19.860,5.6816,3.2043,4.1658,3.9300,-1.3111,0.3629,-3.7829,-2.9024
19.864,4.7174,4.2365,3.7933,2.8398,-0.4149,-0.5220,-2.8311,-3.5581
19.868,1.9012,3.0822,3.6743,3.7903,-3.6911,-2.7434,-3.3116,-3.5338
19.872,2.0306,3.9539,1.1561,1.3874,-2.9235,-4.7104,-4.0431,-4.5310
19.876,3.0115,2.8988,3.4003,3.6180,-2.7368,-6.0356,-5.8276,-5.1937
19.880,3.4338,2.7121,2.9772,2.2509,-4.5051,-3.1535,-5.1288,-4.8374
19.884,3.0271,3.6130,2.0958,1.7072,-5.6437,-4.7136,-6.2997,-4.5021
19.888,2.4070,3.6156,2.7041,2.1627,-4.1282,-4.2222,-3.0925,-3.0800
19.892,2.6351,4.1629,2.4477,2.9842,-3.3806,-2.9023,-3.0228,-4.5898
19.896,2.6816,2.6074,3.3027,1.9353,-1.9207,-0.8179,-2.9597,-3.3074
19.900,1.8305,2.9682,3.2000,2.5693,0.9942,1.0677,-0.6587,-0.9050
19.904,2.3201,3.2343,3.0763,2.6428,2.7306,0.9360,-0.4843,-0.9897
19.908,3.6401,3.2260,2.9098,0.9560,2.9368,2.7008,0.4922,0.1520
19.912,3.5262,4.1188,2.8726,2.3554,3.0025,1.7798,1.1034,1.4352
19.916,2.2489,2.0526,1.1709,0.9841,2.6377,3.3569,2.1322,1.8373
19.920,-0.1706,1.3614,0.4580,1.2532,1.9544,1.7208,1.5577,1.5574
19.924,-1.3443,0.5893,-0.3188,-2.1756,2.0906,1.1660,0.3125,0.8179
19.928,-0.7234,-1.0356,-0.8899,-3.1173,0.9303,2.9916,0.1060,0.6098
19.932,-1.4480,-3.3245,-2.5461,-2.4695,-1.0231,0.4401,-0.0151,-0.1326
19.936,-3.3174,-3.3056,-3.1007,-2.8510,0.4643,-0.2101,-3.1681,-1.2998
19.940,-3.8582,-4.5750,-5.4386,-3.5265,-2.6529,-2.6284,-1.7931,-2.7926
19.944,-5.2734,-3.7136,-4.2329,-4.8510,-1.8268,-3.0348,-4.2041,-2.9244
19.948,-5.1613,-4.3393,-3.9634,-4.8785,-2.8278,-2.7204,-4.4030,-3.7175
19.952,-3.3251,-5.3574,-4.6833,-5.8474,-3.0979,-5.1456,-3.4802,-5.7709
19.956,-5.5280,-4.1204,-4.8375,-6.5415,-4.1168,-4.9502,-3.8108,-7.2538
19.960,-6.3577,-4.8668,-5.5820,-5.6122,-5.2150,-6.0609,-5.2916,-7.7776
19.964,-4.4953,-4.5527,-7.5501,-5.3413,-6.1165,-7.0217,-7.4339,-8.7257
19.968,-6.5092,-7.2592,-7.2659,-7.5366,-6.7461,-6.6290,-8.8628,-7.8304
19.972,-6.1021,-5.8792,-7.1258,-7.3723,-9.1218,-9.0977,-9.2044,-9.3685
19.976,-5.7099,-5.6107,-7.0915,-6.3280,-6.9532,-7.0676,-8.9819,-9.7131
19.980,-4.4351,-5.3715,-5.7755,-5.8000,-8.2800,-8.7548,-9.1822,-10.3710
19.984,-5.8605,-5.4639,-5.9078,-3.9769,-7.7903,-8.4102,-8.3378,-7.6273
19.988,-4.5296,-3.5095,-4.5465,-3.9246,-6.8748,-8.2158,-7.8689,-7.3073
19.992,-2.7819,-1.1538,-2.8937,-2.9183,-4.9770,-5.2383,-6.6151,-6.9573
19.996,-2.0779,-0.9858,-2.3888,-2.6830,-3.9387,-4.3316,-4.7259,-4.8803
20.000,0.8758,-0.5224,0.0123,-0.2352,-0.4715,-1.5566,-3.1623,-2.8176
20.004,1.3883,1.6101,-0.0665,1.5879,-0.9322,0.4105,-0.9016,-0.0357
20.008,2.0226,2.3035,1.1757,2.7593,2.2812,2.0804,0.9785,0.0333
20.012,2.4287,2.9067,4.1157,2.7983,2.3787,2.6838,1.3222,1.8840
20.016,4.8191,4.3125,2.6775,3.2090,3.9477,2.3380,2.2467,1.9358
20.020,5.2383,4.1003,4.6149,3.9420,5.6543,2.6164,3.8634,1.9168
20.024,4.6245,4.6443,5.1937,3.8582,4.6729,2.8324,2.7290,2.4687
20.028,4.5833,5.2662,4.0631,3.8662,3.7510,2.6540,3.3833,2.7950
20.032,5.0999,5.8137,3.8614,3.5746,2.4354,2.8679,0.3659,3.3202
20.036,5.3562,5.5564,3.8743,4.2176,1.7539,1.0800,2.5718,2.9012
20.040,5.2487,4.8969,3.7129,3.9517,0.1092,0.3002,0.3702,1.4150
20.044,4.4815,6.1938,4.8865,4.2075,1.5599,0.5930,0.9222,0.3560
20.048,3.8039,5.8278,4.4845,2.7833,1.6111,0.5928,1.5820,-0.6979
20.052,3.7271,4.7772,3.6881,2.6456,0.2382,-1.6390,-0.7075,-2.3128
20.056,5.0215,3.1438,3.2726,3.3498,-0.5985,0.3120,-2.6234,-2.4352
20.060,4.1552,3.7580,1.6010,2.6403,-1.6428,-1.4983,-1.4878,-5.2451
20.064,1.9791,2.9988,1.0620,0.7004,-1.8810,-3.3905,-3.9881,-5.6937
20.068,1.4670,2.0655,0.3050,-0.6387,-5.5742,-5.9152,-5.3169,-6.0653
20.072,0.5838,-0.9550,-1.0346,-2.4291,-5.9945,-7.1231,-7.1036,-6.9804
20.076,-0.8077,-2.1400,-1.6565,-1.9679,-6.8934,-7.4621,-7.2979,-7.4509
20.080,-2.1617,-2.0170,-3.4240,-3.7658,-7.1419,-8.7199,-7.7038,-7.3158
20.084,-2.4225,-1.2985,-2.7927,-4.1549,-6.9501,-7.8390,-7.3932,-8.2047
20.088,-3.4688,-3.0554,-4.0368,-3.6276,-7.2473,-8.8601,-7.5623,-6.7318
20.092,-3.2349,-2.1687,-2.7752,-4.1888,-5.3361,-7.2131,-8.2494,-7.7628
20.096,-3.2163,-3.2226,-3.5397,-3.5080,-4.7227,-6.2542,-6.2016,-6.1648
20.100,-3.8432,-3.1659,-4.0436,-4.0268,-4.5995,-3.6894,-4.6726,-4.7317
20.104,-2.3437,-4.4422,-3.5684,-3.1149,-2.2799,-2.3612,-2.2000,-3.4630
20.108,-3.5332,-2.8546,-2.9251,-5.7717,-0.8268,-3.0009,-3.8908,-1.5208
20.112,-2.9412,-3.2950,-4.2574,-3.9625,-1.3310,-0.3709,-0.2782,-1.9137
20.116,-2.0975,-3.5308,-5.1002,-4.5384,1.2986,-1.3890,-2.6255,-2.1194
20.120,-3.6815,-3.5968,-5.7727,-5.8027,-0.3085,-1.3745,-1.9276,-1.2973
20.124,-4.2299,-4.7816,-4.7986,-5.3097,-0.3270,-1.2867,-1.8041,-1.1036
20.128,-4.5246,-5.6995,-6.0978,-6.7860,-1.9241,-3.6315,-2.5454,-0.8500
20.132,-4.5214,-3.8062,-5.3966,-6.1940,-2.6146,-1.6590,-3.2452,-2.5611
20.136,-4.7530,-4.3779,-5.3286,-5.4030,-3.0622,-2.8809,-2.7489,-1.4253
20.140,-4.8733,-3.8175,-5.8529,-5.4796,-4.5139,-4.8054,-2.9974,-3.7567
20.144,-4.2613,-3.1489,-4.5662,-5.5059,-1.5253,-3.0390,-5.0849,-4.7907
20.148,-4.2072,-3.9236,-4.6301,-3.9454,-2.8516,-2.6829,-5.0070,-4.1471
20.152,-2.6951,-2.7930,-3.9379,-3.0998,-3.8738,-4.4425,-4.3702,-4.0425
20.156,-1.6723,-2.1553,-3.3686,-3.1883,-4.6543,-3.4820,-5.5584,-5.2561
20.160,-2.7038,-2.5170,-3.1339,-4.1551,-5.7867,-4.0102,-6.9653,-6.1986
20.164,-1.3230,-2.1645,-3.0977,-2.0179,-5.1700,-4.2156,-6.8648,-8.9135
20.168,-1.9564,-2.4734,-2.7670,-1.9288,-6.4139,-5.7448,-6.3601,-6.0011
20.172,0.8384,-2.2000,-1.8978,-1.8899,-5.6697,-7.1437,-6.1244,-6.9037
20.176,-0.8126,-3.2066,-3.2328,-0.7766,-5.7743,-7.6769,-7.7098,-6.5320
20.180,-0.2060,0.7777,-1.2456,-1.2080,-7.3753,-7.3121,-6.8822,-8.4506
20.184,0.7934,1.2179,-0.6718,-0.3683,-4.9351,-7.2897,-6.2780,-6.3182
20.188,-0.0127,0.4947,0.3762,-0.3493,-4.6867,-5.6953,-4.6423,-4.1367
20.192,1.9609,1.9832,2.1225,-0.0522,-2.9553,-6.3649,-4.9652,-3.2479
20.196,2.9502,5.1768,2.2842,1.3152,-2.5559,-1.5487,-2.6797,-2.5651
20.200,3.8471,4.4780,3.6274,2.4581,-0.6037,0.1696,-1.5158,-2.0953
20.204,3.9550,4.2826,5.7284,3.7326,0.4861,0.7985,0.4930,-0.5961
20.208,4.7878,4.5561,4.2009,4.0591,2.3393,2.2281,1.7635,2.6359
20.212,5.5469,4.7422,5.6353,3.3182,1.8826,3.8735,1.4554,2.6358
20.216,5.3476,4.6925,5.3969,2.9232,4.0964,3.2444,2.2541,2.0183
20.220,5.5376,7.1185,3.9283,4.1705,4.4687,2.4367,3.1616,1.5177
20.224,4.8176,3.8259,3.8882,2.3603,2.9632,4.5362,3.0095,1.6423
20.228,3.7992,3.5312,3.9193,0.7471,2.1904,0.4578,1.3328,1.8426
20.232,2.0724,1.5621,1.4406,1.3269,-0.1180,0.0673,1.2338,-0.6306
20.236,1.7647,1.0677,1.2570,1.1817,0.8115,-0.6765,-0.8235,-1.3779
20.240,1.0780,1.5583,1.0019,-1.5275,-1.0410,-0.9988,-2.0291,-1.3538
20.244,0.7829,2.0268,-1.6473,-0.9549,-1.9102,-3.1750,-1.5970,-2.2583
20.248,0.5513,-0.5688,-0.7177,-1.7143,-3.9648,-2.1819,-1.9025,-3.4151
20.252,-0.9209,-1.1832,-2.7005,-1.6461,-1.8257,-2.7590,-2.7946,-5.6824
20.256,-1.5962,-0.8845,-3.2927,-3.4824,-2.9376,-3.9414,-6.3968,-4.8961
20.260,-4.5179,-3.6985,-4.3315,-4.0853,-5.6409,-7.7511,-6.1966,-5.7606
20.264,-5.0033,-3.8046,-5.1810,-6.4380,-5.5240,-6.6417,-7.9430,-8.0687
20.268,-5.3167,-4.0694,-5.4687,-5.8187,-8.4211,-7.2623,-8.1932,-8.6860
20.272,-6.2128,-6.1755,-6.7096,-7.3159,-8.0462,-8.6239,-9.6615,-9.9396
20.276,-7.5410,-7.0447,-8.2020,-7.8258,-10.6403,-9.8256,-9.8173,-10.1306
20.280,-8.9883,-8.2846,-7.9645,-8.9074,-9.1073,-11.2917,-10.1557,-10.6070
20.284,-7.6486,-7.3464,-8.7945,-9.5597,-10.3128,-10.5657,-10.8787,-9.9948
20.288,-8.4041,-7.9491,-8.9650,-9.0262,-9.5414,-9.9708,-8.6380,-7.8237
20.292,-7.4945,-7.5265,-6.7158,-8.5543,-9.1992,-7.5784,-8.6689,-7.4890
20.296,-7.0700,-6.9228,-7.1666,-8.5791,-7.7810,-6.5300,-7.1337,-7.4042
20.300,-6.9105,-5.8339,-6.1685,-8.3029,-4.9597,-6.0927,-6.2143,-6.9622
20.304,-3.7807,-5.1345,-4.6000,-6.6081,-4.1371,-4.5304,-5.8682,-4.6151
20.308,-3.1159,-3.3430,-4.9809,-5.6109,-2.0578,-1.2808,-3.4568,-2.3336
20.312,-2.9212,-1.8549,-2.5959,-5.3938,-1.6446,-1.0316,-1.3470,-3.2026
20.316,-2.3828,-3.7812,-3.5824,-3.0711,-2.3252,-1.3684,-0.5725,-1.8067
20.320,-2.6465,-2.2858,-2.5158,-3.0505,-0.7022,-1.2393,-1.1621,-1.7974
20.324,-0.6625,-2.0455,-1.8968,-4.2800,-0.5546,-0.6080,-1.1899,-1.3014
20.328,-1.2241,-1.9363,-3.6434,-2.2752,-1.1313,-1.0917,-3.2693,-2.2407
20.332,-0.9692,-1.3720,-1.0636,-2.2508,-0.4873,-2.1696,0.5563,-1.0519
20.336,0.7091,1.7677,-1.8633,-1.3601,-1.0320,-1.0784,0.2648,-1.3203
20.340,0.1663,-1.4434,0.2598,-2.9255,-1.7462,-0.4898,-0.0827,-1.0467
20.344,1.4232,1.6261,-1.1099,-0.4632,-0.9437,-2.1341,-1.4262,-3.0147
20.348,0.1709,1.7954,0.8968,0.9144,-1.9186,-1.9432,-3.0478,-1.6983
20.352,2.0369,1.9632,0.1971,0.0763,-2.3666,-1.1571,-2.8204,-0.8475
20.356,2.4385,2.2305,1.6747,1.0821,-1.5617,-3.4250,-2.2499,-2.8878
20.360,5.2782,2.5219,1.3858,1.2294,-3.3866,-2.7844,-4.9942,-3.5173
20.364,2.6091,3.8173,0.9933,-0.1954,-3.7637,-2.5606,-5.4835,-4.1763
20.368,2.7164,4.2428,1.9997,0.1742,-3.9433,-3.7993,-5.7659,-5.8285
20.372,2.7675,2.1423,0.4615,-0.2463,-5.5130,-4.5615,-7.1023,-6.0879
20.376,1.3007,0.8246,-0.0829,-0.1297,-5.9782,-5.7435,-5.0020,-5.6078
20.380,0.5518,0.5530,0.5693,-0.4907,-5.3750,-7.3846,-6.5396,-5.7201
20.384,1.4665,0.9033,-0.3980,-0.4973,-6.8282,-7.2872,-6.6423,-5.2611
20.388,0.2573,-0.2784,0.6245,-0.3400,-7.1369,-5.2636,-5.0725,-5.6072
20.392,1.2547,1.8312,-0.2468,0.1147,-5.6024,-5.6944,-4.5209,-2.8130
20.396,3.0536,1.8995,-0.9238,-0.6383,-3.5346,-3.8410,-3.1878,-2.5214
20.400,1.9192,1.7516,1.1606,-0.7829,-0.6597,-2.8495,-2.6813,-2.4658
20.404,0.8557,1.6055,0.3333,1.1322,-0.8614,-0.1449,-2.2758,-1.1161
20.408,2.3645,1.4693,-0.1276,-0.2878,1.4943,1.2800,-1.7761,-1.5623
20.412,0.8064,0.2595,-1.5050,-1.6000,-0.7561,-0.7087,-0.3135,-0.1761
20.416,1.2827,0.6133,-0.7439,-0.0301,1.4758,-0.5483,0.4994,-1.1753
20.420,1.5737,-0.1554,-1.2011,-3.0568,-0.6144,-0.7264,-0.1314,1.9307
20.424,-0.5550,-1.0425,-2.9194,-3.6865,-1.5435,-1.8294,-1.3869,0.6890
20.428,-2.7309,-1.9871,-3.7757,-4.3923,-2.1302,-1.6276,-2.7888,0.0786
20.432,-4.1066,-4.0379,-5.3795,-6.0692,-1.4364,-3.2601,-2.7650,-2.5536
20.436,-3.5474,-5.1332,-6.1121,-5.6803,-3.8674,-3.7667,-2.8827,-2.0735
20.440,-5.3901,-4.1422,-7.4304,-6.2197,-2.8433,-4.9146,-2.0952,-4.1725
20.444,-7.2876,-6.0910,-6.4903,-7.2922,-5.5541,-5.4348,-5.2790,-5.4634
20.448,-5.1753,-6.1447,-7.0734,-9.1723,-4.4788,-4.9718,-6.6820,-5.0447
20.452,-6.3340,-6.5985,-8.0790,-7.7262,-5.1352,-6.5928,-6.5850,-3.8932
20.456,-6.2411,-7.4861,-6.9093,-9.5519,-7.0523,-7.2063,-7.5637,-7.6126
20.460,-7.1752,-7.8416,-8.3462,-8.3561,-7.5010,-5.7931,-6.8720,-8.8753
20.464,-7.3912,-7.4345,-7.7236,-8.6492,-8.9130,-8.8112,-8.0344,-8.7570
20.468,-7.7989,-8.3978,-9.2196,-8.4378,-9.4831,-9.0174,-8.9594,-10.2094
20.472,-6.7619,-8.9381,-8.6374,-10.0439,-9.8530,-10.3901,-10.3820,-10.5456
20.476,-7.9981,-7.9878,-7.1467,-9.1627,-8.8777,-11.7759,-7.9989,-9.2671
20.480,-7.3416,-4.7948,-7.5094,-9.1893,-10.2082,-8.6101,-9.7161,-10.8729
20.484,-6.0676,-5.1420,-8.8097,-9.1270,-10.0165,-10.3450,-9.4105,-10.1305
20.488,-4.1319,-5.1124,-7.7997,-8.1461,-9.4914,-10.9745,-9.8676,-7.2733
20.492,-4.5958,-4.4430,-6.4163,-5.7693,-6.9652,-8.1476,-7.0540,-7.3125
20.496,-2.2528,-2.1408,-4.7883,-4.8573,-6.1790,-4.7860,-5.1591,-4.7630
20.500,-0.1350,-0.8845,-3.0714,-2.7710,-3.4718,-2.4849,-4.2187,-3.2045
20.504,0.2594,-0.4971,-2.0898,-3.7579,-2.7219,-2.1706,-2.3466,-2.0671
20.508,0.5163,-0.0326,0.7875,-0.9442,-0.4241,-1.2946,-2.2852,-0.6451
20.512,3.4470,1.0197,0.9877,1.3143,1.4808,1.7042,-1.0258,-0.4843
20.516,2.2963,2.5947,1.4211,2.6940,1.9882,0.7887,0.1648,0.0657
20.520,4.4623,3.0058,2.1954,0.4499,1.5326,0.5091,1.7297,1.3728
20.524,4.4367,3.8018,1.6754,1.6308,1.7506,1.0111,-0.7082,0.7177
20.528,2.8759,2.8989,2.7835,2.0621,0.5416,-0.6212,0.1220,0.8761
20.532,2.5412,3.8380,1.6581,1.9003,-0.5330,1.2908,1.4339,-0.0181
20.536,2.6811,2.9784,1.7325,2.3354,-1.9542,-0.9461,1.5312,0.7175
20.540,5.5206,2.9889,1.3767,1.6455,-1.6922,0.0692,-0.7781,0.0772
20.544,3.3090,2.7090,0.4983,-0.0768,0.0867,-2.8046,-0.1317,-0.8242
20.548,3.9250,2.5920,2.9140,0.6916,-0.4911,-1.8934,-3.2894,-1.1177
20.552,1.4933,2.6364,1.2170,1.7030,-2.4743,-1.6880,-0.1149,-0.2518
20.556,2.2373,1.9567,0.9210,1.4843,-3.2420,-2.4810,-3.3808,-2.9536
20.560,2.7905,1.4259,0.6856,0.2416,-4.3711,-4.5130,-2.3179,-3.8569
20.564,1.6770,2.2887,-0.3409,-0.2684,-6.0773,-5.6216,-4.0763,-4.4235
20.568,0.1410,0.8306,-1.8354,-1.4713,-5.6832,-6.3190,-4.7069,-5.6112
20.572,-0.4548,-0.6775,-2.9039,-4.0302,-8.9057,-7.0418,-7.2527,-6.4394
20.576,-1.3794,-3.4103,-4.3434,-4.2264,-9.1746,-8.5347,-9.3789,-7.7175
20.580,-3.5826,-3.5689,-4.4955,-3.6919,-8.3396,-8.7421,-9.1552,-8.9511
20.584,-4.6880,-4.1722,-3.3617,-6.0982,-7.9663,-10.2618,-6.9353,-8.5917
20.588,-4.8022,-4.9648,-6.0430,-5.2760,-7.3323,-7.6009,-7.2312,-8.0555
20.592,-6.7338,-5.4531,-4.4998,-6.3956,-7.5659,-6.5878,-6.0149,-6.1464
20.596,-3.7744,-6.2108,-5.5669,-7.6344,-6.7154,-5.7907,-5.9239,-5.8496
20.600,-4.2580,-5.1808,-6.7894,-6.0612,-5.8546,-5.0826,-4.5085,-5.9421
20.604,-5.1092,-4.8271,-6.4983,-6.2763,-4.4111,-2.9070,-4.6989,-4.9109
20.608,-4.6552,-5.9341,-6.8248,-6.0911,-2.4454,-1.9920,-3.1925,-3.3376
20.612,-5.3116,-4.8481,-6.5635,-6.8096,-2.1668,-2.6023,-1.8619,-2.5704
20.616,-5.6095,-4.7065,-6.8793,-6.9536,-1.7320,-1.2552,-1.9988,-1.2307
20.620,-5.7427,-5.3880,-7.4706,-6.0504,-2.9637,-4.5052,-2.3099,-2.3378
20.624,-5.8869,-4.9542,-8.1928,-7.3860,-1.7992,-3.3402,-2.3920,-4.4781
20.628,-6.2102,-6.6206,-7.9350,-7.9640,-4.0392,-3.4974,-3.9486,-1.3338
20.632,-5.9212,-5.9762,-6.8108,-8.7530,-2.7141,-2.7609,-3.1478,-3.6173
20.636,-6.3565,-7.5833,-9.3772,-8.4241,-4.8115,-4.5221,-4.2943,-2.6039
20.640,-6.2338,-7.5781,-7.9950,-7.9694,-4.8050,-5.2494,-4.4497,-3.5905
20.644,-4.3056,-5.9499,-7.6470,-5.8627,-5.3161,-5.2074,-4.7904,-5.0766
20.648,-2.8160,-2.6888,-5.2312,-7.4438,-2.7428,-5.6264,-4.5486,-4.6485
20.652,-4.9530,-4.6292,-6.8523,-6.6683,-5.4519,-6.1876,-5.7700,-5.0917
20.656,-4.9124,-3.8627,-5.5258,-5.7420,-6.1627,-5.4989,-5.6416,-4.4791
20.660,-3.6021,-2.3246,-6.3850,-4.0667,-6.2850,-4.7389,-6.6140,-6.3212
20.664,-2.5686,-4.8783,-4.3972,-5.7681,-6.9740,-6.5444,-7.2441,-5.9827
20.668,-1.2965,-3.1885,-4.5247,-5.2185,-7.0769,-8.0589,-7.7549,-6.1017
20.672,-1.8341,-3.3406,-4.0094,-4.2502,-7.3608,-7.4748,-8.2312,-7.0043
20.676,-3.2137,-3.0740,-3.2678,-2.1537,-8.4866,-7.5540,-8.1113,-7.6665
20.680,-2.4936,-2.9818,-3.5937,-3.1583,-9.3306,-7.8607,-9.8172,-6.3357
20.684,-1.2779,-2.3379,-1.4203,-3.4650,-8.3461,-9.2081,-6.7486,-5.5810
20.688,-1.2605,0.4290,-0.4172,-2.7960,-5.5109,-6.9907,-4.8496,-5.4783
20.692,1.3811,-0.0191,0.2219,-0.8372,-6.0000,-6.1643,-4.7733,-3.9368
20.696,1.1838,1.4914,1.8793,-0.2442,-4.6687,-2.8522,-2.6503,-1.5332
20.700,2.7288,1.7943,1.3163,0.9439,-0.5134,-2.0574,-1.7236,-2.1643
20.704,4.4349,3.3887,0.2016,2.5459,-0.9451,-0.8193,1.2738,-0.6515
20.708,4.7143,2.5157,3.3290,1.7700,1.5231,1.4679,0.5190,0.6117
20.712,3.9576,4.3166,2.2779,3.9081,1.4650,2.0622,2.0884,2.0154
20.716,4.4970,4.7707,2.1008,2.0431,1.3340,1.3011,1.6053,2.1078
20.720,1.9729,3.2613,0.7754,2.0699,1.3393,1.9848,2.5080,2.3741
20.724,2.5821,0.8534,1.8817,1.2607,1.4684,0.9921,0.2150,1.8635
20.728,0.8377,1.3205,1.7073,1.6859,-0.4029,0.2054,2.4180,1.9428
20.732,1.5527,1.6560,0.3813,0.0320,-0.9040,-0.0408,1.4877,-0.4174
20.736,0.1149,-0.1081,-1.7403,-1.2695,-1.8580,-1.6595,-0.3292,-0.4832
20.740,0.1942,-0.2216,-1.7432,-1.2398,-2.4314,-3.4757,-1.1670,-0.4518
20.744,-1.1592,-2.0589,-2.5993,-4.3910,-3.1370,-2.3004,-2.5959,-1.9512
20.748,-0.2965,-3.2098,-4.1649,-4.0644,-4.2919,-4.4405,-2.8897,-3.1751
20.752,-3.3097,-1.1847,-4.8535,-3.9991,-4.4617,-2.4822,-6.0120,-4.2499
20.756,-4.0473,-4.3969,-5.0646,-5.6625,-6.2831,-5.5027,-6.0458,-5.0993
20.760,-4.7596,-4.4085,-6.4317,-6.7785,-6.3816,-5.9323,-5.7107,-5.8892
20.764,-6.4670,-6.8519,-6.6473,-6.9747,-6.1430,-7.8713,-6.9126,-8.4063
20.768,-6.2608,-6.3222,-7.1434,-7.0058,-8.3307,-8.7375,-8.7697,-8.1911
20.772,-7.4920,-7.5659,-7.6521,-9.4715,-9.4283,-9.1679,-10.1361,-8.4365
20.776,-8.2946,-8.6609,-10.6247,-9.8583,-13.2434,-10.8994,-8.9321,-10.0477
20.780,-10.0751,-8.6901,-10.1266,-9.7398,-11.8450,-12.2651,-9.8125,-8.9629
20.784,-9.2474,-8.7750,-10.5118,-11.4637,-10.6943,-9.8446,-9.7219,-8.7301
20.788,-7.9563,-10.1665,-10.6768,-9.7166,-10.2132,-11.1322,-8.2844,-10.6902
20.792,-9.5098,-10.2431,-10.0651,-10.0116,-11.8756,-10.1631,-7.0584,-7.9314
20.796,-7.6877,-8.1668,-10.0530,-10.0907,-8.1925,-8.4615,-7.2316,-7.7436
20.800,-5.5046,-7.1300,-8.2439,-9.4122,-6.0416,-7.4198,-5.4165,-5.3025
20.804,-5.5193,-7.7155,-8.8547,-8.0679,-3.7618,-3.3684,-3.6047,-4.7179
20.808,-5.3113,-5.4926,-8.3153,-6.8274,-3.1368,-2.7032,-3.6607,-2.2801
20.812,-5.0314,-4.9320,-6.6610,-7.2484,-3.1631,-2.4895,-2.3852,-2.2799
20.816,-2.4427,-2.9189,-5.6136,-7.5649,-0.7688,-1.5710,-3.1726,-0.0878
20.820,-3.7325,-3.0903,-5.3568,-4.7694,-1.8808,-2.2285,-0.1537,-1.5819
20.824,-3.2224,-3.1625,-3.2551,-6.4391,-0.8928,-1.5101,-1.8742,0.3780
20.828,-3.1647,-4.2655,-4.3800,-4.4188,-1.9281,-3.3333,-1.0051,0.5252
20.832,-1.3160,-3.6067,-3.7698,-3.4407,-1.9023,-1.7785,-0.7349,0.1594
20.836,-1.6830,-1.5250,-3.6170,-2.6773,-2.1290,-2.9367,-1.7570,-1.2894
20.840,-0.9505,-1.4788,-4.5137,-1.5554,-1.6540,-2.3439,-2.3517,-1.2426
20.844,0.1940,-1.2392,-1.1421,-2.3489,-1.5073,-2.6147,-1.3008,-0.5591
20.848,-0.2820,-0.3623,-2.1731,-1.1742,-2.0307,-2.9711,-2.4995,-0.4315
20.852,0.6425,-0.5453,-0.9364,-0.8816,-2.8114,-1.0989,-2.5101,-1.6409
20.856,1.7554,1.1896,-0.3671,-0.7693,-2.5484,-3.0452,-4.6986,-2.4130
20.860,0.9898,0.1385,0.8224,-0.0008,-3.6669,-2.0999,-2.6860,-1.5860
20.864,2.1549,1.0474,-0.2743,0.8692,-3.5675,-3.4392,-4.0310,-1.8253
20.868,0.6134,-0.1601,0.1253,-1.6109,-5.1068,-4.6767,-4.2444,-4.4487
20.872,0.1966,0.1146,-1.1277,1.5749,-5.2334,-5.4395,-6.2524,-4.6206
20.876,0.0074,0.4834,-1.6460,0.3902,-6.3116,-6.8722,-5.3552,-5.4914
20.880,0.8902,0.8321,-2.2840,-1.5367,-7.4186,-8.0481,-6.4943,-4.0550
20.884,-0.3372,1.2874,-2.8745,-1.0975,-7.0479,-7.4771,-5.3924,-4.2328
20.888,1.2194,1.8085,-0.1228,-0.9882,-6.2176,-5.6405,-4.9405,-2.6964
20.892,1.4474,0.8208,-0.3984,-0.1795,-5.6932,-4.2351,-3.7014,-2.8540
20.896,0.7095,-0.2340,-1.1615,-0.6957,-4.9855,-4.9979,-2.7385,-3.5603
20.900,1.0364,-0.3503,-1.4030,-0.1013,-3.1756,-3.1878,-1.5860,-2.0876
20.904,0.7319,-0.5141,-1.4038,-1.2280,-1.7877,-1.8311,0.2778,-0.3880
20.908,0.4168,-1.0782,-1.5486,-2.0332,-0.7215,-1.4078,-0.2331,-0.7518
20.912,-1.1553,-2.0261,-2.5037,-2.7303,-0.0235,-0.2242,-1.1427,1.0349
20.916,-0.8524,-1.8612,-3.9459,-0.9752,1.2651,-0.2531,1.3214,0.8412
20.920,-1.9436,-4.5304,-4.7576,-3.5733,-1.3127,0.5326,0.3344,0.1791
20.924,-3.1575,-3.7753,-4.7727,-5.3149,-1.9334,-1.6328,0.5900,0.3935
20.928,-4.5061,-4.1367,-4.2412,-5.8182,-2.3744,-1.7516,-0.6099,-0.9369
20.932,-5.4912,-5.4044,-6.1332,-7.6485,-2.3164,-2.8735,-2.0714,-2.2392
20.936,-5.5966,-5.2993,-8.8376,-7.2377,-4.4338,-4.1276,-2.6178,-2.1102
20.940,-5.9691,-6.7880,-7.6969,-7.5511,-4.9996,-5.2882,-3.8119,-4.2428
20.944,-8.3186,-6.2744,-8.3608,-8.8946,-5.2753,-5.3319,-4.2433,-4.0074
20.948,-7.5341,-8.6264,-8.3604,-9.2776,-5.0184,-4.8779,-5.1890,-7.0773
20.952,-7.8452,-8.3139,-9.1744,-8.3588,-5.2590,-5.4712,-6.3013,-5.7501
20.956,-8.8945,-7.2006,-9.9519,-7.4525,-7.5194,-6.7559,-7.3870,-5.6322
20.960,-8.6253,-8.4439,-9.4511,-10.5346,-6.5236,-7.8933,-6.5413,-6.3497
20.964,-8.2682,-8.5548,-8.6751,-9.6560,-9.5594,-7.7291,-8.4118,-7.8886
20.968,-10.0831,-8.7456,-10.9598,-9.2939,-8.3034,-7.6296,-8.6455,-7.9136
20.972,-7.4778,-8.5519,-9.5831,-10.1931,-10.7021,-10.6599,-8.6316,-8.6460
20.976,-9.9949,-9.9734,-8.9895,-10.1556,-11.1985,-10.8372,-9.6770,-9.3854
20.980,-7.5798,-10.0689,-10.1931,-9.1550,-10.4679,-10.8190,-9.5189,-8.6322
20.984,-7.8170,-6.9943,-8.8093,-9.3165,-9.3856,-10.2103,-8.9379,-8.9468
20.988,-6.5758,-6.3369,-8.5367,-8.2739,-8.6557,-9.8666,-7.0735,-6.6633
20.992,-4.6600,-5.0348,-5.6286,-6.3110,-7.1963,-6.1603,-6.1994,-6.7024
20.996,-4.4596,-4.9060,-5.8550,-7.3035,-5.9493,-6.1190,-3.6853,-5.0537
21.000,-4.2779,-3.7050,-3.5632,-4.5787,-3.5511,-2.6149,-1.8869,-1.9586
21.004,-2.4892,-1.9306,-1.4015,-2.8850,-1.2033,-1.9016,-2.3208,-0.7226
21.008,0.6037,-0.9816,-1.5633,-2.1341,1.1112,0.2784,-0.4535,0.6702
21.012,-0.2885,-0.1389,-1.2236,0.3828,0.1987,0.0097,1.4159,-0.0087
21.016,1.8175,1.0332,0.7362,-0.2229,1.9646,1.5285,1.9390,2.8307
21.020,0.2732,1.0779,2.0692,-0.0921,2.3023,1.5584,1.2535,2.7400
21.024,2.5815,1.6584,1.2148,0.9385,-1.7740,1.3953,2.6471,2.2054
21.028,2.2765,1.4208,0.3451,-0.0743,-0.8808,1.6946,2.0090,1.0242
21.032,1.8493,2.0889,0.0342,1.1933,0.4451,-0.1708,0.6540,0.7088
21.036,0.8815,1.2619,0.3374,0.4485,0.7300,-0.3239,0.8697,1.3415
21.040,2.9453,2.3735,0.5640,1.0067,0.3694,-2.1612,1.9790,0.1537
21.044,3.1094,1.7645,1.4520,0.5843,-1.0399,0.1039,-0.1100,0.5507
21.048,1.9115,2.5897,-0.5145,1.0686,-2.6130,-2.6293,-1.4045,-0.9695
21.052,1.1681,1.0759,1.6799,0.3397,-2.4914,-2.4891,-1.4191,-1.4011
21.056,-0.2005,-0.0104,0.1667,-0.8424,-3.6559,-1.8390,-2.2164,-1.1625
21.060,-0.4478,-0.7619,0.4516,-0.3441,-3.0083,-3.3644,-3.5809,-1.9079
21.064,1.1376,-1.1347,-1.7727,-2.3614,-4.0362,-4.1405,-4.2376,-2.7468
21.068,-0.8681,-1.4516,-1.4155,-3.3575,-5.6860,-6.2214,-4.5315,-3.7193
21.072,-3.1470,-3.0055,-3.8345,-4.0076,-4.8458,-6.0785,-5.8369,-6.7630
21.076,-3.1659,-5.1444,-5.1150,-3.8873,-7.6475,-7.4352,-6.8302,-7.9753
21.080,-4.3830,-5.0045,-4.6271,-5.4902,-8.5932,-8.4651,-7.5110,-7.8660
21.084,-4.5676,-4.8926,-5.7261,-5.9781,-8.1827,-9.3824,-5.7645,-8.3538
21.088,-5.5614,-6.8907,-6.5697,-6.4140,-7.6663,-8.6254,-6.5396,-5.5233
21.092,-6.0649,-5.4607,-7.7962,-6.8954,-8.3580,-6.4060,-6.2479,-6.5536
21.096,-5.5010,-7.3273,-7.0868,-7.4831,-7.4145,-6.1979,-4.9735,-6.2810
21.100,-5.5454,-5.4433,-7.2868,-7.1832,-4.8051,-4.5071,-3.4997,-2.9735
21.104,-5.5707,-5.2335,-7.8275,-6.4351,-4.3981,-3.2253,-3.5457,-2.7303
21.108,-4.8640,-5.8176,-6.5978,-6.8109,-1.0517,-1.6265,-2.4430,-2.3667
21.112,-6.2606,-7.7841,-7.3175,-6.2972,-1.6582,-1.8738,-1.0369,-0.5707
21.116,-6.9000,-7.0697,-8.0688,-6.7951,-1.5539,-2.4616,-2.0887,-1.4874
21.120,-7.1982,-7.9676,-6.6216,-8.0396,-2.0994,-2.1586,-0.9867,-1.3785
21.124,-7.8923,-6.5366,-7.6513,-7.8856,-2.6791,-2.5616,-2.2269,-1.7608
21.128,-8.0127,-7.9682,-9.4845,-8.5340,-4.0796,-2.5118,-1.5462,-1.6246
21.132,-8.5559,-6.2466,-9.6906,-6.9060,-4.2113,-4.0255,-2.7667,-2.7098
21.136,-7.8383,-9.0623,-6.8847,-7.3481,-4.6147,-3.5021,-3.5948,-2.4553
21.140,-7.9572,-8.2165,-10.0035,-7.3140,-6.1300,-3.4148,-1.8295,-2.7393
21.144,-8.5938,-7.3723,-7.5243,-7.5298,-3.7404,-4.1548,-4.1768,-1.6714
21.148,-8.7428,-5.9504,-6.4300,-5.4828,-5.2363,-3.8896,-5.7568,-3.8788
21.152,-5.1897,-6.6451,-6.7068,-6.9567,-5.1032,-5.1117,-4.6431,-3.9661
21.156,-5.6946,-5.5140,-6.9761,-5.5437,-4.2181,-3.9152,-4.9026,-4.1289
21.160,-4.2392,-5.5105,-5.1895,-6.4948,-5.3910,-5.0302,-5.1686,-4.3517
21.164,-4.4707,-4.0282,-5.8202,-5.3317,-6.2119,-5.6493,-5.9836,-5.2649
21.168,-4.2898,-4.0746,-5.8013,-4.6922,-5.8236,-5.6050,-5.8028,-5.8047
21.172,-3.3336,-4.3206,-5.3483,-4.2728,-7.4166,-6.4779,-6.5170,-5.6942
21.176,-4.2464,-3.0647,-4.7149,-3.3803,-7.5634,-9.0168,-5.7761,-5.5672
21.180,-2.8277,-2.2515,-3.5601,-3.4632,-7.9420,-6.4643,-6.2647,-6.1634
21.184,-1.9133,-2.8670,-4.0887,-3.1692,-7.5884,-5.8363,-6.0167,-4.5117
21.188,-0.7198,-1.1757,-2.5321,-1.1493,-6.1120,-5.4603,-5.3921,-4.4503
21.192,-0.3893,-1.5121,-0.8742,-1.1619,-4.5918,-3.5244,-4.0189,-1.2200
21.196,0.4494,0.0978,-0.9797,1.0062,-1.7185,-2.3937,-1.2037,-0.7404
21.200,1.4340,1.2309,0.9264,0.7271,-0.1473,-2.0625,-1.2207,0.8793
21.204,2.1356,2.7427,2.0216,1.9300,-0.4883,2.2398,1.2747,1.3096
21.208,3.5501,1.5870,2.7358,1.4092,2.3725,2.7285,2.3109,2.4165
21.212,3.8759,1.9567,3.0920,2.4065,2.8422,1.3445,3.4938,3.0173
21.216,2.7007,3.6315,2.0942,2.6372,1.7930,2.5165,3.5518,2.3605
21.220,2.4414,2.8332,2.4315,2.3770,2.2061,1.9842,3.5140,3.5828
21.224,2.2857,1.9171,1.1379,1.5347,0.5732,1.4092,2.3449,3.4593
21.228,1.1400,0.2795,-1.2877,1.1885,0.3294,1.9804,2.7099,2.8044
21.232,0.4954,0.1328,-1.5590,-0.5409,-0.2504,1.3993,1.8036,2.2483
21.236,-0.4810,-1.3231,-1.7313,-1.4539,0.6081,-1.5045,0.0245,2.8967
21.240,-1.6385,-1.6662,-1.5105,-2.7128,-1.8547,-1.2003,0.0402,1.0318
21.244,-2.3194,-2.7739,-2.7478,-3.5904,-1.7210,-1.2648,-0.1416,-0.4323
21.248,-1.9545,-3.0868,-3.4318,-3.2973,-3.4052,-1.6721,-1.6954,-0.4202
21.252,-4.6957,-4.4724,-3.9360,-2.5112,-2.9947,-1.7121,-2.4105,-2.5562
21.256,-5.4271,-4.5610,-6.9364,-5.3350,-3.7858,-4.6513,-2.9958,-3.5797
21.260,-3.2050,-4.4099,-5.1888,-5.7064,-5.0880,-5.8008,-4.7009,-3.9218
21.264,-7.3850,-5.5129,-7.5767,-7.6009,-6.4103,-6.6425,-5.5207,-5.5051
21.268,-6.5712,-7.4852,-8.5718,-7.5298,-8.4371,-6.8880,-7.6909,-5.7987
21.272,-8.8211,-9.5531,-9.0046,-9.1767,-8.8589,-8.2386,-8.6718,-6.8915
21.276,-9.3008,-10.6072,-9.1850,-10.0134,-11.2600,-8.3041,-8.4301,-6.8973
21.280,-9.6614,-10.2424,-9.4514,-11.2985,-9.8309,-9.5818,-8.7236,-8.1242
21.284,-10.3612,-10.2032,-10.7077,-11.7086,-10.3142,-9.4560,-7.9312,-8.7246
21.288,-9.2015,-10.7655,-10.4506,-10.0410,-7.7437,-8.9499,-7.9209,-6.2066
21.292,-9.1660,-10.5006,-10.6404,-9.9871,-9.2978,-7.8650,-6.0288,-5.1949
21.296,-9.2023,-9.7727,-8.7557,-9.3131,-6.6325,-6.2581,-4.9469,-5.3577
21.300,-8.5619,-9.9801,-6.9303,-8.0341,-5.7264,-3.4695,-4.7588,-3.4025
21.304,-7.2730,-8.4468,-8.2438,-5.5339,-3.3326,-2.6621,-3.8867,-3.1028
21.308,-6.4103,-7.0508,-7.4330,-6.7087,-1.7423,-2.8735,-1.3161,0.5885
21.312,-5.4055,-4.8232,-7.1089,-6.0511,-2.7939,-1.0351,-0.4460,-0.2754
21.316,-5.2774,-6.4408,-5.9819,-6.6012,-0.2141,-1.2439,0.2130,0.9033
21.320,-3.4366,-4.0319,-5.6695,-5.7107,0.2322,-0.3193,1.6580,1.2699
21.324,-4.5724,-5.4098,-4.2094,-3.9732,-1.0171,-0.0546,0.8162,-0.0600
21.328,-4.8519,-2.9208,-4.9317,-3.7897,-0.5659,-1.3720,0.2258,1.5337
21.332,-3.3099,-3.0893,-3.8968,-3.8007,-1.7452,-2.3681,-0.1549,-0.2110
21.336,-1.9449,-3.4332,-3.4101,-3.3794,-1.2855,-1.7587,0.1468,1.1942
21.340,-2.1715,-2.2856,-1.2474,-1.7669,-0.4472,-1.1766,0.6638,0.8915
21.344,-0.8789,-1.8466,-0.7366,-1.8542,-2.0797,-1.5435,-0.2654,1.3286
21.348,0.6619,-1.8865,-1.6539,-0.8998,-2.1712,-2.3759,0.2453,-0.3878
21.352,0.9416,-0.1220,-0.6212,0.2240,-2.4938,-1.1643,-0.2067,-0.0833
21.356,-0.0439,-0.4048,0.0621,-0.4046,-2.3153,-0.8933,-1.0105,-0.9021
21.360,0.9791,0.1208,-0.9137,0.4402,-0.9888,0.3761,-1.0735,-0.9737
21.364,1.3085,-0.1053,0.3197,1.0058,-3.3863,-2.3553,-0.8544,-1.0686
21.368,0.5427,0.1200,-0.8069,-0.9433,-3.8757,-1.8392,-3.2138,-2.5707
21.372,0.2039,0.0686,0.7376,-0.6665,-4.9819,-3.8979,-2.4037,-3.1841
21.376,0.4544,-0.2087,-0.8737,-1.0588,-5.7456,-4.6940,-2.5888,-3.0425
21.380,-0.3130,-0.9607,-0.0072,-1.3666,-6.4651,-4.7647,-3.5869,-3.9302
21.384,0.3382,0.1851,0.8424,-0.8629,-4.2282,-4.4241,-2.7814,-2.2267
21.388,1.6953,-0.8043,-0.1927,-0.0047,-3.0998,-3.1854,-2.7249,-2.6588
21.392,-0.9384,0.0525,-1.3444,1.5122,-2.3135,-3.4986,-0.8823,-1.3879
21.396,-1.0563,-1.8470,-0.6404,-0.0769,-3.6397,-1.7736,-0.7669,-2.0209
21.400,0.1865,-0.4680,-1.0613,0.3001,-0.7669,-0.6707,-0.8143,0.4290
21.404,-0.7023,-1.3834,-1.0006,0.2470,0.3637,0.9859,2.5062,1.3520
21.408,-1.3330,-1.3930,-1.0203,-0.9534,0.1406,2.2420,1.1039,1.5633
21.412,-0.8895,-2.9547,0.0247,-1.4997,0.6723,1.4330,2.3148,1.5659
21.416,-1.6653,-3.1564,-2.0488,-0.6819,2.2101,3.3204,1.6725,1.2800
21.420,-3.3193,-3.1871,-2.0773,-4.4968,0.5256,0.7601,1.8982,1.5116
21.424,-3.6548,-4.7000,-4.3246,-4.9894,-0.1453,-0.4667,1.1987,0.8651
21.428,-5.2894,-5.6565,-5.3680,-5.3617,-1.0543,0.6432,-0.3966,0.8463
21.432,-5.3119,-5.2266,-7.3056,-4.8532,-2.1119,-2.5143,0.3956,-0.3276
21.436,-7.2895,-6.3166,-5.4921,-5.3289,-3.5146,-2.3468,-1.0918,-0.1657
21.440,-8.5144,-7.7912,-7.1901,-5.5163,-3.0870,-3.4192,-2.6362,-0.5887
21.444,-8.2512,-8.3491,-7.1562,-6.5246,-4.2367,-2.0355,-4.1036,-4.5340
21.448,-6.3806,-9.0374,-7.9611,-6.5283,-2.7875,-4.4706,-2.9698,-2.7632
21.452,-9.0666,-8.8169,-8.2078,-7.6287,-4.2784,-3.6909,-4.1850,-2.9067
21.456,-8.1653,-8.2970,-8.1297,-7.2887,-5.6852,-3.7240,-5.4145,-4.4600
21.460,-8.4901,-9.6703,-9.3397,-9.9991,-5.9307,-6.4585,-6.6513,-5.5260
21.464,-10.5468,-8.6317,-9.4684,-8.8468,-5.6648,-6.1959,-5.7447,-5.7080
21.468,-9.7358,-8.3533,-9.5758,-9.7357,-8.4337,-7.2131,-8.7475,-4.6624
21.472,-8.8958,-8.9787,-9.8212,-8.3224,-8.6325,-8.4502,-6.8202,-7.2083
21.476,-8.6171,-8.3481,-9.7560,-8.4229,-8.5170,-7.8380,-6.5505,-7.4798
21.480,-8.9149,-9.9014,-8.1271,-7.2237,-8.1062,-7.5584,-6.3779,-6.9623
21.484,-8.7614,-7.9234,-7.7288,-8.8655,-7.0873,-7.8625,-6.8404,-7.2399
21.488,-7.9644,-7.7372,-7.8906,-6.5838,-7.9129,-6.1728,-6.4438,-5.3243
21.492,-5.7930,-4.4346,-3.6757,-5.1567,-4.1142,-5.4646,-3.9402,-4.4040
21.496,-4.5659,-3.8248,-3.7060,-3.8280,-4.1509,-3.2237,-1.8308,-3.4853
21.500,-2.8456,-3.5775,-3.1861,-2.6548,-1.5442,-0.4659,0.6036,0.1440
21.504,-2.3623,-2.1073,-1.0500,-1.4063,-0.9694,0.4769,0.6516,0.3583
21.508,-0.8824,0.2636,-2.3667,-0.4041,2.7753,2.0129,1.4837,0.7839
21.512,0.8074,-0.0433,0.5836,1.7223,1.9211,4.0342,2.6781,3.3175
21.516,0.9221,0.7091,0.9222,3.1898,2.6666,2.3798,4.1139,4.6551
21.520,0.4400,1.2110,1.9247,2.8033,2.5306,3.9561,3.1415,4.1961
21.524,0.8893,2.1401,2.6262,1.7849,0.9256,2.5868,4.2371,4.9885
21.528,1.6450,1.4329,2.1010,2.0822,2.3990,4.1914,3.4621,2.9201
21.532,1.9743,0.2264,2.1362,3.4276,2.8674,2.1738,2.8119,3.2259
21.536,0.4491,0.3066,2.6420,2.9553,0.8398,1.0316,1.8725,2.5620
21.540,2.9355,1.6541,3.4480,1.4538,0.6818,0.5732,2.5046,3.1350
21.544,2.3776,0.4757,0.9227,1.1092,-0.5609,1.3051,1.4615,2.8684
21.548,2.3303,0.3374,1.9204,3.3727,1.3049,-0.0147,2.5745,1.5171
21.552,1.8656,1.4817,1.5734,2.1109,0.9170,0.2996,1.5879,1.5206
21.556,0.9875,1.4983,0.2497,2.3063,-0.5684,-0.1094,0.6809,0.4101
21.560,-0.2392,-1.2462,-0.0455,-0.7701,-0.2104,-1.0346,0.3353,0.3422
21.564,-0.1048,-0.0707,0.8115,1.9292,-1.2085,-2.2486,-2.3509,-2.6746
21.568,-2.4408,-1.1233,-0.8304,-2.4264,-3.4288,-1.4401,-2.5687,-3.2707
21.572,-2.9289,-2.5343,-2.8251,-1.8360,-4.2470,-3.2499,-3.5991,-2.9100
21.576,-3.5361,-3.8922,-2.1876,-2.9730,-5.3314,-5.5241,-4.7640,-2.5647
21.580,-4.4472,-5.2718,-4.4322,-4.1554,-6.8271,-5.9167,-3.8821,-4.0285
21.584,-5.3746,-4.0944,-5.9810,-3.4201,-7.6849,-6.4187,-4.7228,-3.3310
21.588,-4.4787,-5.9944,-3.8440,-5.0585,-5.9743,-5.5677,-4.8794,-4.6129
21.592,-5.4793,-6.9813,-4.8230,-5.7793,-5.8753,-5.0750,-1.6417,-2.4994
21.596,-6.2404,-4.8656,-3.5140,-4.9365,-4.3401,-2.7279,-3.9366,-4.0858
21.600,-7.5734,-6.3310,-6.8094,-6.6891,-1.2837,-3.1553,-3.1280,-1.2437
21.604,-5.4719,-6.7900,-5.7169,-5.0468,-2.7885,-0.6675,0.0481,-0.4299
21.608,-7.2384,-5.6968,-6.0631,-3.7610,-0.3083,1.2555,-1.6294,-0.5334
21.612,-5.8335,-6.3077,-4.1788,-6.1050,0.9811,0.0136,-0.1131,0.8500
21.616,-6.8575,-6.2305,-5.5891,-5.1175,0.4947,1.5028,-0.3486,0.1582
21.620,-7.5162,-7.4849,-7.5030,-5.4537,-0.5846,-0.2723,0.5194,0.4144
21.624,-7.6520,-6.7219,-7.9706,-7.7730,0.5975,-0.1582,0.6343,-0.3718
21.628,-6.9909,-6.8197,-6.0476,-6.9485,-1.2655,-1.4290,-0.4138,0.2499
21.632,-8.0094,-6.7376,-7.2786,-7.1129,-2.0166,-1.3623,0.9105,0.5241
21.636,-7.8303,-6.7246,-6.5888,-6.8170,-3.4186,-2.1441,0.9029,0.2735
21.640,-8.5066,-6.8636,-6.2334,-8.2649,-1.6394,-2.6167,-0.8224,-1.4445
21.644,-8.3482,-7.5260,-5.5592,-5.9069,-1.1350,-2.2778,-1.5262,-0.3197
21.648,-6.2493,-5.5210,-5.1186,-6.2620,-1.4687,-1.5766,-1.0110,-0.0077
21.652,-6.3708,-5.5475,-5.4752,-5.5099,-2.5306,-0.9110,-1.2980,-2.2233
21.656,-4.2705,-3.9076,-5.8123,-3.8248,-1.8164,-1.3914,-1.6502,-2.4741
21.660,-4.0314,-4.9126,-4.5170,-3.0994,-3.8402,-2.0363,-2.3021,-0.8096
21.664,-4.8144,-4.4340,-4.5187,-3.0638,-2.1110,-4.1400,-2.6242,-2.1950
21.668,-2.8961,-4.0478,-2.4918,-1.7019,-2.3933,-3.0321,-2.6854,-2.8835
21.672,-3.7297,-4.7783,-0.7256,-1.0800,-4.5587,-2.4674,-3.5819,-3.4672
21.676,-2.8507,-3.1778,-1.9562,-2.5435,-3.4800,-4.6454,-4.5943,-2.9503
21.680,-2.2336,-2.9571,-1.5204,-1.4096,-4.0557,-3.8124,-2.9971,-3.4812
21.684,-1.6836,-2.3134,-0.3969,-1.3318,-4.0650,-4.4349,-3.5809,-1.9553
21.688,-0.8555,-1.9588,1.0573,0.0750,-2.2373,-2.8925,-3.0889,-2.6824
21.692,-1.3460,-0.6515,-0.6256,1.7309,-1.8823,-0.9572,0.1606,-1.7671
21.696,0.5525,1.6000,0.5721,2.3317,0.9315,-0.1150,-0.9088,1.8465
21.700,1.1206,2.4205,3.3523,2.9163,-0.2340,1.2719,3.2525,2.3507
21.704,1.3634,2.4394,2.3134,3.9906,4.9630,2.8320,3.6884,3.6143
21.708,0.8513,2.7206,3.2383,3.3045,3.3658,3.2348,3.0174,5.1950
21.712,3.7253,2.7368,3.8143,2.6666,4.6053,5.7808,4.4624,4.4536
21.716,3.6973,2.8674,2.5328,3.6871,5.4272,5.7762,5.6084,4.6620
21.720,1.5290,3.1192,2.9210,6.3409,3.5321,5.3800,6.8014,5.0383
21.724,2.5258,1.7720,2.8575,3.0326,4.1573,4.0428,5.3272,6.2178
21.728,0.9435,1.6253,1.8799,3.1571,4.0079,2.9204,3.9067,6.1885
21.732,1.5748,0.4699,2.4428,2.4384,3.3354,4.0774,2.4886,5.6081
21.736,0.0554,-0.2650,0.4790,1.6614,1.6172,1.5878,1.9171,3.1703
21.740,-1.7039,-1.3755,0.1545,0.1827,1.1397,0.5395,2.5614,2.6248
21.744,-1.2271,-1.4237,-0.7046,-0.0963,-0.1863,1.0165,1.2726,2.0503
21.748,-2.8260,-2.8147,-1.9804,-1.3736,-0.7997,1.0785,0.9800,1.3870
21.752,-4.0551,-2.4556,-3.2527,-2.1393,-1.1530,0.2910,-0.8234,-0.9175
21.756,-4.6898,-3.4595,-3.2950,-3.6113,-2.6405,-1.3944,0.2475,-1.1315
21.760,-4.0146,-4.9528,-3.9712,-3.1472,-3.0419,-2.8483,-1.6525,-1.9715
21.764,-6.6987,-6.0950,-3.5895,-3.6652,-3.3407,-3.8363,-4.2283,-4.3479
21.768,-6.3111,-8.4754,-5.1959,-5.8831,-5.7277,-3.4252,-3.2837,-4.8557
21.772,-8.9365,-7.9454,-6.1732,-7.7691,-7.8669,-6.1024,-4.4556,-4.1997
21.776,-7.7428,-8.7625,-8.5849,-6.8562,-7.6143,-7.4199,-4.8277,-4.4810
21.780,-9.4870,-9.6556,-7.4418,-7.1576,-8.1345,-7.1715,-6.5890,-6.3926
21.784,-9.1160,-10.2141,-7.5060,-6.0594,-8.1735,-8.4468,-7.8403,-4.6766
21.788,-10.6929,-9.4760,-8.5928,-7.1065,-6.8557,-7.5941,-5.3893,-5.2791
21.792,-9.7200,-7.7900,-8.8618,-8.1420,-6.0862,-4.8124,-5.3913,-2.1326
21.796,-8.5345,-7.8782,-8.0443,-6.8687,-2.4248,-3.7103,-3.4179,-4.1389
21.800,-7.1932,-8.3465,-7.1891,-7.1520,-1.7669,-1.8028,-1.0986,-2.1191
21.804,-5.4751,-7.0995,-6.3593,-4.8245,-1.2169,-0.7845,-0.5082,-0.9174
21.808,-5.1275,-4.6435,-4.8999,-3.3686,1.1203,2.5237,-0.1354,-0.3973
21.812,-5.6006,-6.2001,-3.1286,-1.4404,1.8179,1.9540,1.3545,1.0508
21.816,-5.6186,-4.7477,-3.6237,-3.0463,2.1708,2.7456,1.7243,2.9537
21.820,-3.0732,-3.9839,-2.7962,-1.2649,1.9661,1.2170,2.7488,3.5298
21.824,-4.6017,-4.4197,-2.4270,-1.0041,3.1512,0.5124,2.7993,3.1917
21.828,-4.1138,-4.5780,-2.0364,-2.3745,0.6513,2.4858,4.0645,2.6002
21.832,-2.9816,-3.4072,-0.3167,-0.2596,0.8419,2.0211,3.4059,2.6987
21.836,-2.2400,-2.2617,-0.6617,-0.9605,-0.3597,1.6174,1.8596,1.2326
21.840,-1.9098,-1.1370,-1.1674,-1.6598,1.3413,3.8775,1.9376,2.8104
21.844,-1.6520,-0.1745,1.9778,1.6035,0.7110,0.3084,1.9779,2.2193
21.848,0.7185,-1.0281,0.5317,2.4774,1.6580,0.1555,0.6164,2.1151
21.852,0.1602,0.2477,1.9552,2.8682,1.3860,2.2297,1.6695,1.0382
21.856,2.2545,1.6122,2.7068,2.9409,1.0998,1.2993,0.7704,1.1579
21.860,0.3194,0.7721,1.5353,2.4284,-0.1080,3.5498,1.4909,1.3789
21.864,0.9659,1.2937,2.6528,4.3333,0.8768,0.2611,0.0869,0.5862
21.868,-0.4608,2.5590,2.8414,3.1442,-0.0939,0.0582,-0.3243,1.4020
21.872,1.4828,1.1057,2.9142,2.4550,-1.8846,-1.2996,-1.1586,-1.4207
21.876,-0.2395,0.3780,3.4873,1.9444,-1.2946,-1.8838,-1.3451,-1.0738
21.880,-0.6741,0.4492,3.6428,3.1415,-3.0716,-2.4369,-2.2482,-0.9978
21.884,-1.8380,-0.1133,1.0465,2.3494,-2.9906,-1.3217,-3.3071,-2.3754
21.888,0.2433,1.2696,1.9634,3.0701,-3.8221,-1.0273,-2.1035,-0.6860
21.892,-0.0495,-0.4413,4.1558,2.2392,-0.3777,-1.0822,1.2027,0.6895
21.896,0.8526,0.3446,1.9975,2.6671,-0.6692,0.5834,1.1326,1.5430
21.900,0.8419,2.0194,3.4847,3.0187,1.1327,1.0870,2.3737,1.6292
21.904,1.9994,0.0876,3.1825,2.3862,3.5697,3.1523,1.7941,3.2733
21.908,-0.5536,0.8918,1.7816,1.2790,3.2008,4.2319,3.8377,2.6383
21.912,-0.3504,0.2123,1.1840,1.2598,3.9208,4.1564,3.0996,6.0372
21.916,-2.4082,-2.0557,0.3257,1.5261,4.7973,5.7033,5.6504,3.7631
21.920,-1.8668,-0.9919,-1.0981,-0.3062,3.8521,4.4043,3.6137,4.6894
21.924,-2.7794,-1.1436,-0.9345,-1.6363,2.8514,2.4717,3.6196,4.0692
21.928,-2.3217,-3.2859,-2.9353,-1.6053,1.3365,1.5025,2.3511,2.0504
21.932,-4.5188,-4.9965,-2.5253,-3.0502,0.2435,-0.0072,2.1876,1.1947
21.936,-6.6791,-5.0426,-3.5544,-3.6351,-0.9415,0.5104,0.5620,1.3592
21.940,-6.7455,-5.3366,-3.2537,-3.6948,-1.9952,-0.2257,-0.4191,0.9730
21.944,-7.2915,-6.2738,-4.9511,-6.0664,-0.8424,-0.3992,0.2200,-0.7598
21.948,-7.2627,-6.6842,-5.7823,-5.1456,-1.5380,0.4093,-0.7176,-1.9508
21.952,-7.0696,-5.3783,-6.6935,-3.8683,-1.2648,-3.3489,-2.2549,-1.2797
21.956,-5.8742,-7.1402,-5.7019,-5.7754,-2.3815,-2.5796,-2.0168,-1.9020
21.960,-7.3278,-8.5684,-5.9677,-5.1267,-2.5278,-0.4598,-3.5250,-3.4450
21.964,-7.6678,-7.9330,-5.7084,-5.4452,-2.4709,-3.4048,-3.6750,-4.2612
21.968,-7.0569,-7.5385,-6.0415,-6.1236,-4.8027,-2.4972,-3.2076,-3.5291
21.972,-7.3209,-7.0095,-7.0606,-6.6556,-4.4813,-4.9554,-3.7440,-2.8221
21.976,-7.8707,-8.4181,-6.8147,-6.2530,-6.4750,-4.6988,-4.4646,-4.3161
21.980,-8.3704,-6.8252,-5.4827,-5.2861,-6.8535,-6.0195,-4.8145,-5.2525
21.984,-5.6575,-5.6925,-6.5475,-4.3542,-5.0395,-6.3540,-5.5878,-4.7559
21.988,-6.9162,-7.2395,-4.3276,-3.4920,-4.6216,-4.4209,-2.6059,-5.2389
21.992,-5.5953,-4.3278,-3.6134,-3.1896,-3.5006,-2.5868,-2.1701,-2.9438
21.996,-3.6206,-3.8783,-1.9666,-1.8253,-1.4143,-0.2639,-0.3924,-1.2504
22.000,-1.7397,-1.9879,0.0558,0.7036,2.9829,1.4430,1.1832,0.7723
22.004,2.8622,-2.0704,5.8780,6.3929,0.6491,1.4378,-3.5726,5.9981
22.008,7.3559,6.6420,3.5602,-4.4258,4.9847,-5.6618,1.9596,5.6561
22.012,7.1480,-6.2387,-2.7025,-0.0826,-1.5859,0.0161,9.6832,5.1629
22.016,7.7798,7.7314,8.1901,2.9463,2.8837,4.4985,11.1470,12.0626
22.020,6.5482,1.8658,6.2171,3.8741,12.8751,2.5681,11.7253,2.9861
22.024,17.6897,0.7779,2.4265,11.3569,2.9172,2.6526,4.7806,8.3900
22.028,11.3008,-0.2093,8.3770,-1.0255,9.5096,5.3371,10.3094,1.6008
22.032,7.8866,-7.7201,7.4325,-0.6155,8.4047,5.9460,1.7368,6.6588
22.036,-2.7334,-3.7319,11.0830,10.8217,7.5930,10.3514,0.7467,4.2635
22.040,4.0032,4.4925,2.9511,-5.0364,7.0909,7.8115,5.6451,4.6743
22.044,7.7193,5.5388,-0.8646,3.3221,7.8647,6.9352,3.0994,-0.0636
22.048,3.5052,4.1799,7.4378,3.1600,9.3598,5.7828,8.4925,2.1457
22.052,-2.2309,1.2317,-2.4277,9.9625,4.2444,-1.2363,2.3332,6.2363
22.056,-1.9264,3.3678,7.4603,11.1097,3.6348,0.1888,-3.1408,6.6362
22.060,5.8733,12.3692,1.8372,3.5261,1.8829,2.4679,4.0332,-4.6703
22.064,8.2666,6.8727,16.1197,-3.4652,-0.3924,-0.2232,-4.2877,1.2645
22.068,0.8204,-5.9210,6.1148,12.9956,-11.0412,4.1302,-1.3903,-5.6977
22.072,-1.5079,-3.0967,-5.6093,3.9986,-9.8705,-5.6344,-1.0101,-6.5352
22.076,-9.1418,-0.4900,6.7811,1.6615,4.1008,-2.0896,-6.3920,6.2346
22.080,-9.1794,-6.7756,-4.1686,-2.7795,-14.1952,-5.0285,-5.9489,-4.9778
22.084,6.2669,-2.7876,4.6299,-2.3265,1.1456,-3.8438,3.2086,-0.1813
22.088,-5.0566,-3.0915,-11.4773,0.8191,-5.7706,-11.4090,-6.1185,-0.4330
22.092,-7.6295,-0.4078,2.4350,-7.8746,-0.9730,8.4766,-1.9374,4.6719
22.096,-7.1914,-3.2700,-3.3613,-0.6219,2.6074,3.4546,-1.9233,-8.3210
22.100,1.5899,-6.7833,2.4191,-1.0126,4.2233,0.6562,-2.8646,2.2195
22.104,-6.5831,0.8569,-8.0366,-11.1244,0.9394,-3.3726,-0.9378,-3.3212
22.108,-3.9331,-12.8070,-10.6724,10.2324,-6.0128,4.0881,-2.3102,-4.0821
22.112,-6.7603,-6.6505,-3.2171,-0.1988,0.1732,3.0697,11.9935,8.8631
22.116,1.6338,-0.8818,-1.8970,-1.1970,5.6723,9.0159,-2.0264,9.1733
22.120,0.8207,-6.6583,-7.0093,-8.2187,8.7383,-10.2013,8.2941,6.1133
22.124,-22.5770,-3.0372,-0.7747,0.8613,5.2970,2.1501,3.9592,6.8304
22.128,-4.3527,-4.4429,-0.7051,-2.9451,5.7729,-6.0285,-0.0385,-3.3220
22.132,-1.6885,-10.3534,-4.4391,-4.7374,-4.3937,1.1382,-4.5458,7.1190
22.136,-6.4791,-3.5380,0.6001,-7.1099,11.0053,4.8050,5.5539,1.1197
22.140,2.5100,-4.2006,-0.0492,-8.3512,7.0608,-0.0361,2.9223,-6.0253
22.144,-5.7413,-7.6990,0.9806,-0.9122,0.6282,-0.0568,1.5179,-7.7840
22.148,-9.7956,-5.4363,-9.3574,-4.2405,-4.8680,-11.3937,5.1116,8.6853
22.152,-6.9755,7.1916,-3.9919,-5.2456,3.2555,6.8972,-3.4852,2.9402
22.156,-7.9630,-4.9102,-2.3820,0.6714,-6.5519,8.0994,-1.0010,6.0317
22.160,3.8473,-4.8838,-0.8494,-10.2068,-2.8986,4.8494,6.9070,1.7683
22.164,1.9291,-2.1944,-4.2559,-1.5713,-8.4950,-7.0419,-0.1509,-7.7423
22.168,1.7843,5.5452,1.8393,-3.0137,-8.4806,1.3411,4.8002,-3.0932
22.172,-7.9523,-6.7431,-15.6836,7.8680,-0.4227,-5.8825,-2.3692,2.3437
22.176,-7.3616,-1.7508,-3.6682,3.9992,-1.0409,-9.4109,1.8545,-5.5957
22.180,0.2783,6.3556,4.0300,0.0291,-1.6165,-2.1302,-11.3526,-11.6417
22.184,-3.6723,-0.3341,10.4022,6.5889,-0.3708,-5.0926,3.4460,-1.3560
22.188,0.5143,-4.4891,4.4371,-0.7826,-6.4649,3.5539,7.4793,0.4949
22.192,9.6198,3.5450,1.1957,1.1147,-4.7216,-0.3766,-4.2525,6.8615
22.196,8.7826,4.9222,5.7837,-0.6119,5.2587,-1.9501,-4.3273,2.7543
22.200,-0.3170,9.6653,6.1382,0.5143,3.5611,2.4339,6.7372,12.5870
22.204,6.1295,2.9194,7.3589,5.8162,8.1340,3.6740,10.7876,-6.7089
22.208,9.3741,6.6691,5.5690,13.5015,10.6944,13.9840,0.7228,2.2015
22.212,3.4085,6.9428,4.7472,7.1277,4.1995,7.7666,4.0650,7.6814
22.216,7.1629,4.3890,7.8390,-0.0687,11.6111,6.3275,7.7632,-5.2880
22.220,3.1938,3.0820,13.9082,-1.8081,10.4399,-0.9227,2.0432,4.5849
22.224,13.8096,6.9638,9.5979,5.6302,12.7959,8.5228,9.6347,11.5518
22.228,-3.7306,2.0878,9.3934,9.8411,0.9246,3.8545,12.4932,6.6591
22.232,3.7388,6.6554,20.3029,4.4566,0.4682,3.5373,1.0371,8.6494
22.236,-1.2922,7.1725,5.1223,0.2630,-0.3278,0.7425,5.9843,8.4799
22.240,7.3984,1.6984,6.2629,10.0401,-2.9069,12.9810,2.7396,8.6817
22.244,-3.7740,10.3756,4.1929,5.1255,16.2692,10.5597,2.7374,1.8245
22.248,1.2215,1.6278,1.6346,2.6458,3.7201,3.1879,8.0863,-1.3958
22.252,-8.1062,8.5068,-4.2611,0.0780,0.6520,8.5458,5.7461,3.8007
22.256,-10.3000,6.4353,0.7594,-9.9466,-0.3575,2.0668,4.2926,1.6520
22.260,-7.1076,-2.2659,2.7112,-8.9679,0.1737,6.3430,-4.5980,-2.0546
22.264,3.4795,1.5214,-1.5399,0.8591,-6.0649,0.1523,-5.1825,-3.9855
22.268,1.0135,-12.1828,-2.7659,3.3490,2.6112,-5.2682,-5.2087,-0.6262
22.272,-9.2735,-6.9910,-6.2082,-4.8567,-14.6125,-6.7464,-2.2479,-6.0492
22.276,-1.5826,0.3113,-4.6214,-8.7253,-5.3666,-1.6007,-9.6428,-6.2417
22.280,-10.4254,-1.2738,-9.6289,1.6308,7.8409,-7.9526,-6.0937,0.9683
22.284,-8.2667,-0.3717,-2.7669,-0.7461,-14.2184,0.1798,-9.7407,-5.3044
22.288,-16.9806,4.8205,-1.5712,-1.6019,-12.4024,-2.6672,-6.7238,-6.4083
22.292,-11.4361,-2.0549,-6.6497,0.3467,-5.7148,2.0075,-7.3196,-2.1383
22.296,0.5055,-2.1547,-6.7791,-4.0322,-3.6279,-5.6955,-2.1799,-2.2410
22.300,-8.7814,-4.3031,-5.6922,1.8006,0.8737,0.0428,2.2543,5.4635
22.304,0.4541,-13.7575,-2.8502,-1.9018,0.8669,4.6621,-6.9840,7.3476
22.308,-12.8997,2.5707,-0.0368,-0.0587,0.1840,-3.7686,3.6184,-5.7235
22.312,-1.6750,1.4022,-10.4377,3.8862,1.2137,4.9848,6.8658,-1.5356
22.316,1.8462,10.9051,1.9351,9.9990,11.4667,6.4814,11.5285,5.1624
22.320,3.9185,-13.4129,8.0490,2.9278,3.7096,9.0311,-2.8706,6.3873
22.324,4.7496,-3.6146,-1.5832,4.3464,3.3004,8.5470,-7.4790,10.8658
22.328,5.0183,3.1741,-0.3778,0.0286,-2.3020,2.4438,4.3735,3.2897
22.332,-1.6783,3.8711,5.0130,-0.0596,10.3944,17.0087,7.4231,2.9431
22.336,1.4156,1.8672,-6.4958,3.2740,10.8302,0.7542,-1.3262,9.5995
22.340,1.7490,2.1009,11.2900,1.1800,-4.3074,-4.9302,2.1989,0.4072
22.344,11.2421,12.8116,3.2390,12.4752,7.1181,8.9098,2.0056,6.8491
22.348,10.2804,5.1086,7.7303,-3.9014,5.4519,-0.2787,11.1513,0.5715
22.352,3.9287,0.9116,6.6663,13.3620,3.9407,11.6472,6.6685,0.4235
22.356,4.0782,2.1667,-0.0986,5.7227,7.4196,-7.1986,8.2543,15.5935
22.360,5.1493,0.0567,5.3818,10.2284,-0.1582,0.4622,-1.7856,6.7961
22.364,-6.2618,2.3756,4.6144,8.5377,-2.2592,-2.4658,0.8382,-0.1296
22.368,1.3665,3.1044,2.6647,2.4345,-3.1057,3.5357,-6.3538,-5.7113
22.372,9.4340,3.9280,4.1515,6.3315,1.4427,-1.8738,3.6934,1.8689
22.376,7.3136,5.9568,8.7252,9.7817,-0.1991,-4.6530,5.2722,-0.1488
22.380,5.1009,-2.9154,10.1251,-0.6748,9.5275,-2.3311,2.1571,1.4243
22.384,-9.7483,-1.1672,-8.5996,4.2648,-1.7343,-1.4247,0.1586,9.8844
22.388,-3.3336,3.6598,6.9146,14.0798,2.1657,1.0737,2.7470,12.1948
22.392,0.2984,5.4614,-1.3328,5.9994,-1.2342,-3.6706,1.6009,3.1129
22.396,1.0032,-4.1274,-1.5779,3.1239,11.9172,5.6802,-0.5981,10.8528
22.400,1.2118,-3.3309,-0.5029,8.9501,11.5155,11.4244,6.5970,2.9674
22.404,2.6631,-3.2258,3.2383,6.3860,4.9188,4.1792,-5.5345,-0.1369
22.408,5.3856,-0.0809,7.7197,6.1938,-2.6957,11.1862,1.9160,4.3741
22.412,10.0140,7.7845,-1.2499,4.3357,13.2531,-0.4161,9.1413,7.0070
22.416,-0.2983,3.5839,3.4248,7.2862,9.8581,1.7499,-0.7026,9.3122
22.420,0.9741,5.9886,-0.5139,8.4633,7.5086,16.9711,9.8121,3.1928
22.424,-0.1940,3.3206,-6.1624,2.1469,7.8778,14.1366,3.7942,10.8408
22.428,-1.8532,-3.9702,12.1748,7.4817,-1.3303,1.3614,3.1194,8.8816
22.432,-2.5954,-0.6521,3.9533,9.0230,-4.0834,5.7817,0.9730,4.8877
22.436,0.5198,-0.4062,-6.1948,-4.7981,2.6093,3.7850,-1.5774,6.2842
22.440,-5.7217,-5.2768,1.8512,5.7902,-5.7097,0.0682,-3.2564,-1.0470
22.444,-9.5193,-2.2564,-0.8811,-5.1016,1.6239,2.6291,1.2419,-7.4292
22.448,-3.1944,-7.1342,0.6812,-6.7829,-0.9725,7.0226,-13.0280,-5.7778
22.452,-5.9501,0.3119,0.3737,-0.1061,4.7977,8.6253,-5.2681,0.0108
22.456,-7.3877,2.0976,-2.3237,-7.6234,0.6463,2.6650,-3.5406,3.2980
22.460,-2.5666,-6.6624,0.5418,-7.8694,-8.4994,-4.9893,-2.3912,1.5644
22.464,-6.4376,4.5771,-4.1478,-1.7688,-1.1937,2.0956,2.9501,2.4664
22.468,-2.5675,1.8998,-4.8615,-5.2066,-0.4774,-3.4265,-6.4194,2.3284
22.472,-1.3379,-10.1993,-3.5066,-2.1399,-5.6066,-2.5834,0.6768,-4.1909
22.476,-9.8255,-3.4929,-6.8640,-4.3150,-3.8857,4.9469,-5.3033,-10.8796
22.480,-4.6991,1.8396,-1.0322,-3.6935,-10.3172,0.9432,-0.9491,-3.1087
22.484,-11.1694,-5.7605,2.4721,-8.5296,-7.1200,0.9223,5.8940,-9.6719
22.488,-5.0498,3.9845,-3.8365,-0.9745,-2.1755,-1.7384,-1.7604,-1.9720
22.492,-0.9273,-3.2863,-2.9473,2.1940,-3.0283,5.6867,-9.5141,6.0323
22.496,0.1340,-7.0764,1.3270,8.1893,5.9140,-1.3104,0.0109,5.5364
22.500,0.8115,1.8952,1.8922,2.7789,3.0747,3.5811,1.3234,1.8338
22.504,3.9869,2.2018,5.1302,2.8861,4.4384,3.8547,4.8878,2.0976
22.508,3.7026,4.3868,3.0165,6.2683,6.0694,5.8644,3.6338,2.8744
22.512,3.7534,4.0130,5.8875,5.1122,8.5949,5.8521,4.4120,5.0874
22.516,6.2013,6.2748,5.3983,6.1397,7.7194,6.5888,6.8061,7.2610
22.520,6.3910,6.2918,6.3524,7.3549,6.9570,8.6949,6.1062,6.4121
22.524,6.2816,6.1832,6.2682,4.6649,5.4680,9.1768,6.6214,6.8241
22.528,6.0759,6.0521,7.0001,8.6493,6.5913,7.1088,5.8637,6.4662
22.532,6.1390,6.0624,8.3699,8.7883,6.8364,6.1622,7.4263,5.6933
22.536,6.2123,5.8780,8.3158,8.9302,5.9558,6.2319,6.2548,6.1867
22.540,5.5176,6.9648,8.0596,6.9698,6.6363,4.9585,6.4349,5.7216
22.544,6.0247,7.8766,8.7783,7.3356,5.9954,6.4212,3.8649,4.3565
22.548,7.2797,7.1581,8.8358,6.0678,4.8153,4.4521,4.3859,3.2376
22.552,6.6696,6.9919,6.1149,6.5630,3.9853,4.5423,3.1123,3.6732
22.556,5.6276,5.1538,7.4149,6.9327,4.2558,2.8573,3.3842,1.1945
22.560,5.6100,4.4057,5.1691,8.1942,2.5429,2.7409,1.2375,0.5369
22.564,4.6742,4.9731,4.4652,4.3121,2.4591,2.7276,1.1313,0.2685
22.568,4.6476,3.5438,3.6645,5.1151,1.3048,1.3015,-0.6464,-1.9106
22.572,1.2142,0.9767,1.6703,3.5541,0.6442,-0.7185,0.1497,-2.2752
22.576,0.8173,1.5212,2.9993,2.4734,-0.3960,-1.8370,-1.3224,-2.9545
22.580,-0.5439,0.5166,0.3124,1.6334,-1.5110,-2.5434,-3.0211,-1.1194
22.584,-1.0826,0.0774,2.3041,1.7941,-2.1982,-1.5407,-2.9052,-2.1014
22.588,-2.6226,-2.5961,-1.5014,-0.0402,-1.2198,-1.5632,-2.0824,-2.8061
22.592,-1.6552,-0.8211,-1.0845,-0.5654,0.2439,0.1208,-2.2605,-2.2757
22.596,-1.0892,-0.5753,0.7361,-0.3282,0.7229,-0.2890,-0.6597,-1.5523
22.600,-2.4413,-1.6241,0.0141,-0.0718,4.0965,2.1252,0.7827,0.2650
22.604,-0.8843,-1.9974,-0.5242,0.9308,2.7025,1.7684,1.3600,1.2363
22.608,-0.5190,-0.0415,1.0786,1.8238,3.0084,6.0119,1.6352,0.9590
22.612,-1.4823,-1.9304,-1.2925,-0.2774,3.2519,3.9174,3.6208,2.5216
22.616,-2.4934,-0.4454,-0.3857,0.3505,4.7337,5.8085,2.3487,1.9603
22.620,-2.3627,-1.8771,-0.1480,0.7043,6.1216,4.2758,4.8205,1.5652
22.624,-3.3222,-3.7105,-2.0113,-1.1893,4.5067,4.2426,3.9314,2.2353
22.628,-3.9289,-3.0607,-2.2519,-1.9039,2.6263,2.0577,3.5421,1.0783
22.632,-3.0691,-3.3264,-2.4679,-0.6234,2.3276,3.6061,1.6722,1.7486
22.636,-2.4050,-2.8832,-3.1686,-0.6382,1.2302,2.5963,2.1619,0.7157
22.640,-1.3319,-0.9959,-2.9469,-1.5169,1.3802,1.2279,1.5791,1.1329
22.644,-2.5769,-0.4208,-0.8663,-0.8660,2.5497,1.4116,1.2791,0.7388
22.648,-1.0670,-1.3380,0.5040,1.0146,2.0096,1.4662,0.5997,-0.0298
22.652,-1.4033,-0.2323,0.1486,1.3848,1.8833,1.7637,-0.3893,0.7756
22.656,-0.8088,0.4585,1.2172,0.5778,2.8706,1.8211,0.5211,-0.1007
22.660,1.5794,1.5041,1.2068,0.6323,1.8775,1.0133,-1.6298,-1.6290
22.664,0.6541,0.7052,2.2574,1.3450,0.2870,-0.5606,-0.5654,-2.0328
22.668,0.7553,2.2024,0.7811,4.5789,0.2647,-1.2289,-3.4106,-1.1482
22.672,3.0260,2.7315,1.9727,1.4619,-1.2661,0.8890,-1.6808,-1.5558
22.676,0.7055,1.5926,3.9175,3.2838,-1.8532,-1.9963,-1.5992,-2.6518
22.680,2.1702,3.1123,3.4907,3.3988,-0.7354,-0.5048,-0.1573,-2.5382
22.684,0.9710,3.3467,6.4867,5.4510,-1.2681,-0.6077,-1.8385,-0.1312
22.688,5.2149,4.4599,5.3910,4.3802,0.5201,-0.2343,-1.2416,-0.1511
22.692,4.4714,6.1062,5.4591,6.6879,1.3913,2.7253,0.7989,0.3155
22.696,5.6980,6.5851,7.0466,6.1391,2.5943,2.6527,4.1990,2.6698
22.700,6.3830,6.7365,7.6679,7.8310,5.9518,5.2867,3.6269,3.9365
22.704,6.8011,9.0712,8.4756,9.9724,6.9442,6.4550,5.8609,5.6836
22.708,8.4645,9.6448,9.7779,9.9201,6.1717,7.9682,5.8387,6.6631
22.712,8.9384,9.2843,9.4856,9.1835,9.4795,9.6493,8.6228,5.8153
22.716,8.6698,9.6178,7.9214,10.7553,8.3607,10.1887,7.2494,6.6364
22.720,8.7614,8.7121,8.4132,9.2157,7.9803,8.9243,6.9883,7.3352
22.724,7.6306,7.2162,9.7297,7.2823,7.6667,7.0864,6.3354,6.5888
22.728,6.0467,6.4196,8.3039,7.4659,8.5407,7.1677,6.3826,7.0625
22.732,6.7171,5.6203,7.2325,6.9655,6.2550,6.2051,6.7351,5.4860
22.736,4.5649,5.6769,6.3044,6.8819,5.0396,3.4879,4.6741,4.7428
22.740,4.2527,5.1081,4.9348,3.9259,4.4176,5.0629,3.5393,3.1614
22.744,3.2031,4.4347,4.4108,4.6236,4.4305,4.8083,4.5271,3.1718
22.748,1.6891,3.0097,5.0508,3.0573,3.3144,3.9210,1.2144,1.5806
22.752,1.8637,1.4536,3.5736,3.0703,2.6255,3.5327,2.0552,1.2297
22.756,0.1682,1.0736,1.3763,2.5072,2.4598,2.4592,0.9644,-1.5984
22.760,0.7056,-0.0383,1.5821,3.1784,0.6725,1.3949,-0.6039,-2.5829
22.764,-2.4170,-1.3442,0.3017,-0.7835,0.1627,-1.5112,-2.4249,-1.5085
22.768,-1.3455,-2.0802,-1.2840,-0.7698,-1.8755,-0.7186,-2.4285,-3.2331
22.772,-4.1495,-2.7345,-0.7309,-1.3917,-3.3010,-4.0029,-4.7465,-4.0581
22.776,-2.2604,-3.0900,-3.2545,-1.1274,-3.6163,-3.8384,-3.7871,-5.8352
22.780,-2.9439,-3.8303,-4.1116,-3.5833,-2.8470,-4.5305,-4.5516,-3.9583
22.784,-3.3024,-5.7533,-4.1469,-2.2328,-4.2414,-3.9249,-5.3434,-5.8096
22.788,-3.3271,-4.6725,-2.1613,-2.7591,-5.0429,-3.3843,-5.1508,-4.9141
22.792,-3.6738,-1.8341,-1.9160,-1.7423,-2.7182,-3.4944,-1.4367,-3.7208
22.796,-2.6787,-2.7886,-2.8677,-2.3380,-0.4955,-0.6544,-0.2066,-2.3099
22.800,-1.7195,-2.8810,0.0666,-2.3888,1.7604,1.5555,-1.3290,-1.3199
22.804,-1.3604,-0.9252,-1.2514,0.5664,3.6550,3.4323,1.4594,0.0697
22.808,0.7620,0.7208,0.8077,1.4212,4.2460,3.6877,2.6294,2.8657
22.812,0.0663,-0.2148,1.9496,1.8494,5.9037,5.1080,2.6112,3.3717
22.816,1.1123,0.9092,2.4424,2.8970,4.8384,6.2884,4.8507,4.9384
22.820,1.3053,2.8630,2.0139,2.0992,5.4966,5.3183,3.9075,3.2912
22.824,2.2632,3.4002,3.7753,3.0473,5.3439,5.8299,5.2048,3.5441
22.828,1.7570,2.9523,4.9783,2.3951,4.9459,4.5159,3.2376,4.2101
22.832,2.6410,2.4591,4.9625,2.8095,5.2940,4.7427,3.9460,5.2892
22.836,3.4741,3.9251,4.0846,3.6086,5.6578,5.2752,3.8693,3.2349
22.840,3.6681,4.1740,4.8468,5.2606,5.6922,4.8935,4.4245,4.0682
22.844,5.4490,4.7035,6.1633,6.3143,4.1511,4.2210,2.5922,2.4714
22.848,5.7924,6.2250,6.4414,5.0723,4.1230,3.6811,4.2923,3.8507
22.852,4.2053,6.3069,6.5449,6.4083,5.0082,5.4738,2.4576,1.8371
22.856,7.9969,6.9426,7.1509,7.5641,2.4050,3.7309,1.3129,2.8274
22.860,6.2326,7.3128,7.3818,7.6053,4.3333,4.2104,2.1247,2.9565
22.864,5.1535,8.8990,7.2087,7.7353,3.7952,2.8385,1.3460,0.1674
22.868,7.0893,7.6118,8.1599,6.3947,2.6431,1.1257,0.8905,0.1175
22.872,6.5289,7.7836,7.5575,7.2570,1.2755,0.6390,0.0650,-0.6945
22.876,6.9109,5.5852,7.7864,7.2472,0.0588,-0.6382,0.1972,-0.5082
22.880,6.4944,4.4527,6.4344,6.2612,-0.1076,-0.8300,-0.4061,-2.1848
22.884,7.3751,7.1423,6.1892,7.0944,0.6160,-0.7015,0.1265,-1.5954
22.888,6.1459,6.3170,7.5401,6.4855,-0.3691,1.9172,0.1997,-0.0651
22.892,4.6628,5.7540,6.3055,5.2657,1.9801,1.3224,1.9406,0.4182
22.896,7.3231,5.8463,6.2900,6.2545,3.5034,2.6960,0.4187,1.9043
22.900,7.1060,6.4487,6.7438,7.7973,5.8800,6.1398,2.6355,3.5203
22.904,6.6338,7.1562,5.7700,5.9616,5.1135,5.0268,4.5535,3.0547
22.908,5.1134,7.0997,6.3208,6.3138,6.9643,6.9586,5.0347,3.7801
22.912,5.5159,6.0184,5.2480,6.6036,8.1567,6.9118,5.6911,5.2393
22.916,3.7037,6.4209,5.5193,5.8914,6.9284,7.9113,5.9880,4.5899
22.920,3.2172,4.7956,5.4442,2.7138,5.9919,5.9812,5.2239,3.9115
22.924,3.1649,3.2245,2.6015,3.9685,7.2158,5.5894,4.7139,3.7316
22.928,1.9632,-0.0102,1.5512,3.0234,6.4789,4.7840,2.0287,4.1868
22.932,1.2505,-0.0701,1.4221,1.1479,4.4363,3.7867,2.0003,2.2586
22.936,-1.3105,-0.5148,1.3880,-0.4467,3.5847,3.0651,2.9233,2.6459
22.940,0.7738,2.1431,0.4701,0.6146,2.6404,1.9337,1.7384,1.9450
22.944,-2.1635,-1.2508,0.5511,0.1102,2.7695,1.1481,0.9986,0.2319
22.948,-1.9214,-0.8074,-1.6383,-1.6607,0.6702,2.2243,0.9366,0.4939
22.952,-2.2341,-0.8285,-1.2624,-0.6014,2.0221,-0.0353,-1.7071,-1.3098
22.956,-2.8224,-0.9044,-1.3891,-1.4814,0.7107,0.7049,-1.2648,-2.4179
22.960,-0.5533,-2.8338,-0.9317,-2.5732,-0.5742,-2.9887,-2.5848,-1.2740
22.964,-2.3750,-1.8076,-1.1806,-1.0431,-1.9908,-1.9414,-3.3578,-2.2949
22.968,-2.1326,-1.6665,-0.8194,-2.3950,-2.0041,-2.2505,-4.2189,-4.2889
22.972,-2.4957,-2.5368,-2.5403,-2.1284,-3.1942,-4.0352,-3.8695,-4.9849
22.976,-2.7991,-1.5298,-2.1505,-2.1437,-3.8217,-3.0264,-4.3344,-4.9844
22.980,-2.1038,-1.3907,-1.5875,-1.2535,-3.7847,-4.0033,-3.4547,-4.6147
22.984,-0.5263,-0.1364,0.0271,-1.2574,-1.9594,-3.9751,-4.5005,-4.2670
22.988,-1.7571,0.1934,-1.1389,0.3799,-1.8515,-1.4090,-2.6298,-3.4673
22.992,0.7716,1.0551,1.4589,2.6485,-0.8248,0.0281,-1.2499,-1.8510
22.996,2.6763,2.4777,2.4160,1.6520,0.3689,1.4081,-0.1180,-0.5159
23.000,3.9501,4.5648,4.4382,4.1413,2.7762,2.8285,3.8138,1.9108
23.004,5.2695,4.9634,6.3104,3.9617,5.9655,5.3783,4.3678,3.5273
23.008,6.2849,6.4838,6.6727,6.4855,8.2430,7.2419,5.4666,4.2966
23.012,7.5744,7.7858,9.0196,6.9787,7.3242,6.9040,6.8192,4.6146
23.016,8.6048,8.2898,9.5628,7.2552,7.4499,9.0300,7.9141,4.6489
23.020,8.1201,8.9414,8.2169,8.1092,7.3651,8.1617,6.7692,5.8516
23.024,8.7198,8.9872,9.0296,9.2623,8.1544,6.6545,7.8195,7.0059
23.028,10.2350,8.2826,9.0068,8.1418,8.2793,7.6003,8.5809,7.3324
23.032,8.3516,8.7926,10.2911,10.2269,7.3107,5.7383,5.9671,7.1727
23.036,8.8356,9.5560,8.9835,9.4343,7.2345,4.3021,5.4231,6.6433
23.040,9.7836,7.9299,8.8708,9.1043,6.4396,6.3434,5.6048,4.8762
23.044,8.7368,8.8896,8.9408,6.5292,4.9857,5.4309,6.2820,5.0085
23.048,8.0276,9.1546,8.8447,9.2739,6.6089,4.7794,5.5773,4.8398
23.052,8.1022,9.3202,7.3269,9.0821,4.3714,4.8867,2.0245,3.1685
23.056,7.7231,7.4642,7.5262,7.4164,5.8624,4.0937,0.5903,2.6646
23.060,7.0795,6.5063,7.8986,6.6150,3.5571,4.7191,1.6868,0.7964
23.064,6.8596,7.0266,6.7393,6.2116,1.9095,2.4186,0.4806,0.4309
23.068,6.4543,4.4520,5.0221,4.2084,1.9415,0.9431,-0.3505,-2.8402
23.072,4.0700,2.8993,4.4908,3.4015,1.4508,-0.8359,-2.1450,-1.6463
23.076,4.2321,3.6438,2.3368,1.9058,-0.5255,-1.0723,-1.9263,-1.3264
23.080,2.8231,2.6556,3.0329,1.9491,-0.5802,-2.0939,-3.4614,-2.6737
23.084,1.1610,1.4407,1.4913,2.3899,-2.4083,-4.5707,-3.0849,-2.3338
23.088,0.4967,0.3707,0.8235,0.2291,-1.6667,-2.1542,-3.0511,-2.1461
23.092,1.3895,1.3675,0.0372,-0.1605,-1.0221,0.2375,-2.4514,-2.1378
23.096,-0.9120,1.2282,-0.1218,2.8447,0.0482,-0.4055,0.2001,-0.0203
23.100,1.0363,0.6806,1.9513,1.1710,3.5065,2.6044,0.9983,0.2512
23.104,0.3950,2.5805,2.2251,0.2236,3.0358,2.4056,1.4570,1.3259
23.108,2.5927,1.3696,1.6235,1.0027,4.3691,4.2111,2.1037,1.7886
23.112,1.4692,0.4829,1.4344,0.4139,3.7603,5.2054,3.7015,4.4360
23.116,0.4817,1.2671,0.1486,-0.0054,4.6234,3.9080,2.3116,2.7566
23.120,0.2990,0.3084,0.6599,-0.6014,3.9127,4.8853,2.3368,4.3841
23.124,0.5014,-0.6334,-0.5498,-0.9431,3.8974,2.9650,3.5748,3.0001
23.128,-0.1260,0.0245,0.0768,-0.4879,3.7350,2.6703,2.3365,1.9460
23.132,-1.2632,0.0097,-1.5698,0.2575,2.9689,2.5513,1.1194,2.4886
23.136,0.8619,0.8338,-0.5242,-0.9322,3.1516,2.5801,1.6107,1.6199
23.140,-1.0714,-0.9198,-0.6743,-0.5762,4.0132,2.3141,1.6325,0.6932
23.144,-1.2606,1.0388,0.8664,-1.1548,1.5584,2.6553,0.6865,0.6020
23.148,0.2364,1.0647,1.6074,0.7145,1.5247,0.2631,1.7242,-0.5704
23.152,1.7095,-0.1933,1.2014,-0.3993,1.4432,1.1224,0.0465,0.8206
23.156,2.6014,1.2178,1.8689,0.0290,1.8076,2.5359,-0.6900,0.0762
23.160,4.8315,2.6924,2.0806,1.3784,0.9184,0.5956,-0.9098,-1.6507
23.164,2.8041,3.1004,1.7390,0.8501,0.8596,1.1939,-0.6990,-1.5874
23.168,3.7564,3.0598,1.9954,3.7256,0.6099,0.2355,-0.7608,-1.6191
23.172,4.0814,3.6575,3.4535,2.0781,-0.4746,-1.7693,-3.0362,-3.1020
23.176,3.2626,4.2171,3.6730,3.5309,-0.2331,-1.5150,-1.7991,-2.6821
23.180,4.4656,4.8747,3.9532,3.8683,-2.0887,-0.9695,-2.0223,-1.4930
23.184,5.9957,5.4411,5.5006,3.7114,-0.1827,-1.4043,-1.4406,-1.4551
23.188,5.9627,6.8315,5.6410,5.3007,-0.0020,-0.2006,-0.8416,-0.6931
23.192,5.5730,8.4689,7.2753,5.9992,0.6003,2.3983,1.8881,1.6475
23.196,7.7865,7.5407,7.1744,7.2287,3.6099,3.1774,2.6813,1.7866
23.200,8.0738,6.8685,7.5703,8.6213,5.2816,4.4248,4.0767,3.6659
23.204,9.0406,10.3222,8.6308,9.0089,5.5210,5.5247,4.5611,6.3147
23.208,9.8458,8.9916,9.8044,10.0022,7.8390,7.2377,6.8044,5.1214
23.212,10.5876,10.4949,10.0094,9.6840,7.5565,8.7872,7.3490,6.5433
23.216,11.6038,10.4066,10.3261,9.4620,8.7640,7.7346,7.7445,7.8049
23.220,10.2109,10.1947,8.7424,9.9112,8.6478,8.4442,8.3824,5.1722
23.224,8.2782,9.2189,10.5605,7.6681,7.8769,7.4210,7.5226,7.2279
23.228,10.0235,8.0464,8.1566,7.2195,6.3592,5.8482,8.0771,6.9952
23.232,7.5766,5.9065,7.9433,6.5562,6.5445,6.5337,6.6914,5.5317
23.236,7.2045,6.7191,7.4692,7.0639,3.5149,5.3834,4.3797,4.5408
23.240,5.9149,4.7013,5.1679,5.1701,3.3607,4.3474,4.0176,4.5131
23.244,6.4471,7.3696,6.0329,6.2830,2.9543,4.0201,2.7946,3.5508
23.248,4.8972,4.9274,4.6360,3.3949,3.3575,2.8681,1.9096,2.3955
23.252,3.3118,2.6100,3.2916,2.6533,1.9679,1.5377,0.6946,0.0529
23.256,3.5509,3.1746,2.5435,2.2049,1.1616,1.4954,0.0081,-0.7004
23.260,2.0443,3.0769,0.4806,0.8764,1.0359,0.2854,-1.8609,-1.9682
23.264,-0.2389,0.8791,-0.6220,1.4068,-0.5069,-2.2618,-1.8890,-2.6918
23.268,-1.6673,0.0042,-0.5435,-0.2823,-2.2006,-2.6888,-3.7854,-4.1246
23.272,-1.8239,-1.2999,-2.2053,-2.3981,-3.2255,-2.1655,-3.7018,-5.1469
23.276,-1.9850,-0.3783,-2.7775,-1.9990,-3.5989,-4.2003,-3.4344,-5.5349
23.280,-3.3941,-1.8812,-3.4775,-3.6003,-4.2432,-6.8198,-3.9603,-3.6967
23.284,-1.3555,-1.9863,-2.2602,-3.6612,-3.6332,-2.9972,-3.8342,-5.2109
23.288,-2.1846,-2.3189,-3.1848,-4.3542,-4.2709,-3.8576,-3.9877,-2.7267
23.292,0.1648,-1.7602,-1.3216,-2.6230,-2.2436,-4.5517,-2.9474,-1.6719
23.296,0.0535,-0.0204,-1.3228,-1.2464,-1.1384,-1.9165,-2.1642,-1.8438
23.300,0.1062,-0.0523,-2.8882,-0.7417,-0.6686,0.8613,-1.2675,0.1434
23.304,2.0172,0.3230,0.5486,-0.0433,3.4895,1.8581,0.9421,-0.1102
23.308,1.0155,2.4269,1.8073,-0.1663,4.7123,2.5971,2.8989,2.6078
23.312,2.5805,2.4973,1.5580,-0.3224,6.8294,3.5357,3.5375,3.7747
23.316,1.3090,2.8105,0.9647,1.6623,6.3136,6.7639,3.6472,2.9106
23.320,2.7186,1.3160,3.9305,5.0523,5.0324,4.9472,4.6201,4.5994
23.324,5.1562,4.8518,3.7363,1.7021,5.1701,3.5426,5.0556,4.9262
23.328,3.4297,4.9229,1.9078,2.7737,4.0421,3.7692,6.2789,4.2561
23.332,6.4141,4.5988,2.5300,2.6628,4.1318,3.7134,4.3380,3.9057
23.336,6.8215,4.1631,3.4449,4.3005,3.2187,3.8848,3.2693,4.5119
23.340,6.1672,5.0449,6.2613,4.1486,5.5367,5.3429,4.1870,4.1832
23.344,6.9703,6.6935,4.0475,6.3926,4.7317,4.8674,3.2448,2.9960
23.348,6.2007,7.4001,7.1636,5.9023,4.4914,4.6943,3.0016,2.5530
23.352,9.5023,6.8566,6.8081,5.4803,4.8170,3.8284,1.8570,2.9968
23.356,7.8557,8.8546,7.4825,6.3508,4.7768,3.7929,2.2529,1.7970
23.360,7.8416,6.8134,8.5816,7.5229,3.1412,1.3451,1.1140,3.4075
23.364,10.2334,8.4156,8.2409,6.2231,3.7302,2.1769,0.6855,1.0691
23.368,8.5615,6.4422,7.7595,5.6099,2.3531,1.5914,0.9012,0.4059
23.372,7.9334,7.4109,6.7044,7.1303,0.6218,0.4086,0.0651,-0.8063
23.376,9.0681,6.4376,6.7108,5.5728,1.5434,-2.2478,0.2597,-0.9944
23.380,7.1347,5.8540,6.4749,7.2594,-1.0923,-1.2509,-1.7294,1.0682
23.384,7.2432,8.4071,6.5136,6.6430,-1.1218,-2.1208,-0.5743,-0.7934
23.388,6.3700,7.2545,4.9861,5.7289,-0.3976,-0.0280,-0.0323,-0.2285
23.392,7.1723,7.4521,5.9281,6.0429,0.9270,0.4280,2.1176,-1.0846
23.396,7.7097,7.3767,6.9968,6.3557,2.5425,2.8490,4.0979,1.6435
23.400,7.0471,6.7111,6.0212,5.4991,3.4257,5.0429,2.0539,1.7072
23.404,6.7014,7.3464,5.9620,6.4978,5.3599,6.1974,4.6433,4.7737
23.408,7.4677,8.4501,6.5866,6.1325,5.9986,6.2285,5.0310,5.0988
23.412,6.6798,5.3227,5.4747,5.7093,7.7560,7.0540,4.7110,4.2633
23.416,6.3489,6.6418,4.5301,5.2609,6.9641,6.6603,5.7747,5.4457
23.420,3.8915,3.4539,4.7590,4.4727,6.5108,5.8981,4.4409,5.2180
23.424,5.1726,5.5336,1.4689,1.9151,5.1330,5.9031,5.3995,5.6315
23.428,3.3564,2.4220,2.0701,0.3953,4.9863,2.8953,4.2625,4.6910
23.432,2.6835,1.2345,1.8857,-0.7845,1.6019,2.7255,4.2768,2.6614
23.436,2.4290,2.8194,0.3900,-0.4653,3.3078,1.9454,2.7097,2.1434
23.440,-0.0289,1.7798,-0.6104,-1.3405,1.8201,0.0821,2.0196,2.5927
23.444,-0.1190,1.5331,-2.0598,-0.6427,0.4709,1.9829,0.0491,1.0179
23.448,0.0529,-1.8784,-0.1021,-1.1218,1.0075,0.9290,-0.0659,0.4016
23.452,-1.4950,-1.1873,-1.9592,-1.5738,0.8370,-0.5227,-0.6956,-0.9674
23.456,-1.5246,-1.1041,-1.0665,-4.1465,-0.8617,-0.3601,-0.3856,-1.2795
23.460,-0.0881,-1.7382,-0.7256,-3.5350,-1.7838,-1.1813,-3.8262,-2.6331
23.464,-0.6999,-2.6831,-2.2913,-3.2772,-0.3995,-2.3389,-3.4550,-3.2889
23.468,-0.9517,-0.7796,-1.7491,-1.6443,-3.3284,-2.3845,-4.5491,-3.6491
23.472,-1.5409,-2.4498,-4.2539,-2.4281,-2.9148,-4.8200,-4.3319,-4.8716
23.476,-1.5898,-0.5895,-3.4967,-2.9712,-4.1689,-5.2022,-5.4064,-5.2350
23.480,-1.9277,-1.1164,-2.5768,-1.1276,-5.8720,-5.9584,-2.2849,-3.8237
23.484,0.6848,-0.7711,-0.8331,-0.1080,-4.8969,-4.7498,-3.4704,-3.4942
23.488,-0.1175,0.7374,0.4978,-0.5219,-1.4162,-2.6313,-2.7609,-2.1951
23.492,1.3767,1.9482,0.4164,0.6151,-0.3400,-1.3208,0.7916,-2.2361
23.496,3.3363,2.8849,2.0928,1.8528,0.3293,0.8920,-0.3524,1.4062
23.500,4.8377,3.4859,3.0656,2.4439,2.8236,1.9843,2.9149,2.6158
23.504,6.2304,5.5198,4.6899,3.8318,4.2269,3.6557,3.9430,3.1144
23.508,6.5856,8.4590,5.9025,5.7955,5.5694,5.3714,5.0837,4.5912
23.512,8.5310,7.3483,6.3667,6.3160,6.3294,7.4048,5.0339,5.4349
23.516,7.7705,9.7775,7.7109,7.3811,4.6565,6.7284,5.6908,6.0311
23.520,8.3382,9.6521,8.1344,9.2015,8.1487,7.4203,6.0923,7.8612
23.524,8.7020,9.1547,9.9158,8.2325,7.2500,7.7955,7.4337,7.3268
23.528,7.9047,9.3523,9.3205,8.2368,7.4368,6.0705,5.4086,7.1316
23.532,9.2505,9.2363,9.3079,7.4014,6.6837,5.0613,7.5730,7.4899
23.536,9.7635,9.6580,9.2669,6.5437,5.2991,4.2629,7.6089,7.3478
23.540,7.6515,8.9792,8.6248,7.9856,5.6593,4.2855,5.5013,4.8311
23.544,10.6316,10.2851,8.6095,8.1175,5.4944,5.9737,5.1092,5.2408
23.548,10.0425,9.3889,7.7719,6.9974,5.5336,4.8824,4.7745,4.0764
23.552,9.1195,8.1748,7.9438,6.9523,3.7583,4.0875,3.6814,3.0981
23.556,7.3729,8.4870,6.8504,8.0536,3.2617,1.7584,2.9560,2.4750
23.560,6.9830,6.3716,5.1448,5.4497,1.3845,2.1849,0.8271,1.9173
23.564,7.8992,5.9994,6.1150,6.4250,1.7482,1.6077,-1.0317,-0.0211
23.568,6.8423,6.2650,6.4660,4.8611,0.8304,1.4783,-1.4073,-1.5291
23.572,5.8640,5.6020,4.6580,3.8368,-1.7522,-1.7132,-1.7279,-1.0564
23.576,1.8030,4.4212,3.6267,2.7126,-0.5122,-1.4865,-2.4364,-2.9317
23.580,2.6528,2.1450,1.6441,2.3208,-4.0265,-3.3226,-0.3962,-3.5062
23.584,0.9672,3.3205,1.1642,1.9749,-2.3957,-3.0498,-3.2666,-2.6863
23.588,1.6130,1.7296,0.3019,-0.5766,-3.9175,-3.7773,-1.8420,-3.2160
23.592,2.8579,1.4694,1.7634,-0.5478,-1.6489,-1.2341,-1.3589,-2.3434
23.596,3.5037,0.2490,0.8153,1.4658,1.2457,-1.0218,-2.2271,-1.3420
23.600,1.5530,1.1150,0.4471,-0.6952,-0.4133,0.8687,1.4542,0.8500
23.604,1.5411,2.4704,0.0295,0.7098,2.2264,2.2154,1.1509,2.4673
23.608,1.1683,1.0754,1.9028,-0.0400,3.2396,2.7168,2.6208,1.0254
23.612,1.4015,0.3474,0.6320,-0.7902,3.9749,5.4377,2.8632,3.5411
23.616,1.6809,0.2968,-1.2406,0.7743,4.6042,4.4890,3.6141,4.2263
23.620,0.6357,0.0641,-0.6763,-1.6727,3.5066,1.8978,2.1058,2.6012
23.624,0.4488,-0.2946,-0.6231,-1.6749,3.8989,3.4664,4.4421,3.6204
23.628,-0.4052,0.2832,-2.3996,-1.8771,4.1668,2.3189,4.9786,3.4622
23.632,1.4737,-0.1687,-0.9335,-0.9878,2.2804,0.9732,2.2657,2.5407
23.636,1.6190,-0.5831,-2.3374,-2.2451,0.8693,1.3830,1.9643,1.8451
23.640,1.4686,-0.4047,-0.0980,-1.0318,2.5677,2.2977,0.7393,1.6407
23.644,1.0316,0.1122,-0.8931,-1.0346,1.2106,1.1044,1.0517,-0.3701
23.648,0.3115,1.7178,-1.0414,-0.6132,1.9576,0.3136,1.7322,1.1614
23.652,1.7531,2.4177,0.0732,0.7731,1.6736,-0.2271,1.3584,2.0475
23.656,2.1795,-0.0599,2.2669,-0.5232,0.6215,-0.7768,0.4807,-0.8093
23.660,3.6259,2.0680,2.8005,0.9349,-0.1596,-0.9165,-1.9391,-1.5404
23.664,3.1535,2.5262,2.0446,1.2911,-0.2760,-0.9542,-2.4530,-2.2402
23.668,2.9724,2.1180,2.4077,2.0201,-1.4628,-1.3978,-2.3219,-1.3130
23.672,5.0104,3.2125,2.0693,1.6508,-1.7883,-1.8043,-2.7687,-1.3892
23.676,5.5013,4.6854,2.4207,2.6675,-3.2397,-2.0485,-1.9069,-2.7870
23.680,4.4022,4.5677,3.3335,1.1598,-3.1866,-2.6827,-0.8338,-1.4357
23.684,7.4526,4.7086,3.2886,2.5592,-0.8046,-2.9461,-0.9146,-1.5808
23.688,8.0862,5.1926,3.2411,3.8900,-1.9231,-2.4303,-0.4812,-0.3300
23.692,6.5091,7.5668,5.5886,5.3640,0.6168,0.2377,1.0995,1.0838
23.696,6.7189,7.7425,6.3722,7.7240,3.6986,1.2451,1.7205,2.2964
23.700,9.8197,8.8464,8.0389,6.8841,4.6734,3.7854,3.8579,5.5100
23.704,10.5386,9.6740,9.1790,7.8978,5.3224,5.5122,6.2242,3.5069
23.708,9.9437,11.1899,7.1766,8.6222,7.4696,6.7496,6.7477,6.8253
23.712,10.9489,11.1625,9.2018,8.9090,7.3340,7.3364,6.2266,7.6669
23.716,10.8099,8.0175,9.4141,7.4617,7.7715,7.4422,7.3082,8.5335
23.720,9.9945,9.4410,9.2553,8.0007,6.9672,7.0582,6.9683,8.3662
23.724,11.3627,9.5688,7.8353,7.9096,7.4524,7.3391,7.4280,7.8911
23.728,8.8467,8.2805,8.8430,6.6365,5.9834,7.5636,6.8309,7.8252
23.732,6.8172,7.3518,7.0541,6.1099,4.4871,6.1435,6.7921,6.4747
23.736,7.3723,7.0294,6.1619,5.0732,6.2656,4.0300,4.0209,5.2312
23.740,5.4070,6.8724,5.5552,4.2554,4.3540,3.7839,6.4076,5.0261
23.744,4.1137,5.2643,4.1384,2.9812,2.9637,2.4726,4.1201,4.0688
23.748,5.0391,3.8057,4.4772,3.6828,2.5534,2.6214,1.5512,3.6998
23.752,4.6583,2.5890,3.2432,1.8510,2.3207,1.6834,1.5435,1.0555
23.756,4.7016,2.8912,1.0784,0.6772,1.4935,0.1022,0.1382,2.0165
23.760,3.2556,1.0470,0.0386,-0.6328,0.9968,0.0433,-1.2067,-0.9114
23.764,1.3427,0.4542,0.2673,-1.8767,-2.1900,-2.2919,-1.5728,-1.8436
23.768,-0.0980,-1.2968,-1.4592,-0.7383,-3.8165,-3.2821,-3.9419,-4.0893
23.772,-1.8078,-2.1974,-2.3898,-4.5637,-3.2586,-5.4923,-4.2228,-3.5150
23.776,-2.0168,-2.7572,-3.7315,-2.1554,-5.8072,-5.3554,-4.8821,-4.6509
23.780,-1.5365,-3.5145,-4.9245,-4.9663,-5.8178,-7.3792,-4.1835,-4.5295
23.784,-1.9965,-3.4619,-4.4966,-4.4700,-6.2237,-4.9903,-4.2869,-4.9906
23.788,-3.3898,-4.0559,-4.7714,-3.6624,-5.2986,-5.8431,-5.1496,-5.1807
23.792,-1.6689,-4.0476,-4.2593,-5.0530,-3.8588,-3.2182,-1.9498,-2.9123
23.796,-1.5293,-1.0787,-2.6984,-3.7688,-1.8585,-2.9022,-1.6824,-1.5000
23.800,-1.1563,-1.1593,-1.6402,-2.8926,0.3761,0.6620,-0.8138,-0.8677
23.804,1.5001,0.6134,-0.6874,-1.7612,0.7399,1.2820,0.7822,1.7346
23.808,0.8790,0.5634,1.7742,0.9956,1.5590,4.0376,2.3864,2.5718
23.812,2.2731,1.7355,0.5102,0.1040,3.9293,2.9807,4.9343,4.6202
23.816,3.3500,2.4531,0.3742,1.4207,5.9190,5.0912,4.3969,4.3476
23.820,2.0349,2.5585,2.7528,0.6111,5.0517,4.3673,5.3495,5.2325
23.824,4.2649,3.6982,1.8784,1.9919,4.7278,4.4779,3.2138,5.4806
23.828,4.8522,4.0069,2.2759,2.7035,3.8577,5.9911,4.2486,5.2378
23.832,4.2810,3.9756,2.1277,1.2664,4.4376,4.3236,5.0831,5.3303
23.836,6.4651,4.9380,2.1062,2.3036,2.1245,4.2399,5.4835,6.6530
23.840,6.4142,5.9087,3.9348,2.0384,4.9438,2.2617,4.8170,5.4461
23.844,6.4067,6.7627,4.2031,3.9359,4.3077,4.9872,4.9940,3.7934
23.848,6.0934,7.5646,4.3224,4.1204,3.7993,0.9986,2.5556,2.4503
23.852,6.7377,7.1731,5.1549,5.5697,5.5186,2.6895,2.7337,2.1382
23.856,7.0389,8.4279,7.3018,4.1554,1.2460,1.7766,2.5872,2.9053
23.860,6.8281,7.2802,7.0535,7.2279,2.7767,1.5838,2.1183,1.4036
23.864,8.2332,6.7372,5.7486,5.4424,0.6666,1.4720,1.5275,0.4657
23.868,7.1416,5.6174,4.8422,6.5540,0.3030,-0.1375,-0.0827,0.0623
23.872,6.1349,6.3792,6.4014,3.7207,-0.5220,-2.8545,-1.2298,-0.5130
23.876,6.9736,4.4059,5.2975,4.5926,-1.1612,-1.9030,-0.1543,-1.0951
23.880,6.9045,6.5528,4.8015,5.5311,-0.8212,-3.4966,-0.6468,-0.8027
23.884,6.5028,5.2067,4.1761,3.7190,-2.2467,-2.8488,-0.5333,0.1304
23.888,6.6343,5.9191,5.5217,4.5646,-0.9233,0.2798,0.8607,0.8406
23.892,6.7462,7.3755,6.0056,5.5005,0.0523,1.1834,2.4176,0.1452
23.896,6.9380,7.0032,5.7781,3.3490,3.1913,2.1198,2.5193,2.7830
23.900,6.7232,5.9725,6.0834,2.3712,3.6159,3.5227,3.6341,3.5439
23.904,7.2381,5.7789,4.8067,4.8702,3.2532,4.4677,4.5165,3.9684
23.908,6.7250,5.8471,4.3119,5.1228,6.7993,3.2239,3.8395,5.7290
23.912,6.7888,5.1568,4.2380,3.5887,5.3340,6.8225,6.0153,5.5297
23.916,5.3249,5.9195,3.3225,3.7315,6.6687,6.2729,6.1109,4.6677
23.920,5.7577,4.0723,1.0688,3.2118,4.4733,5.6891,5.5508,6.8252
23.924,3.1708,3.4113,2.0348,1.9173,4.6467,6.4407,6.2925,4.8691
23.928,4.1919,2.6645,0.2766,-0.0985,4.5297,3.0824,4.1657,6.0356
23.932,2.0087,0.7163,0.1083,-0.3575,2.7201,2.5455,3.3047,5.7001
23.936,0.7241,0.2516,-0.8585,-1.0140,0.9034,2.0658,1.8048,3.1348
23.940,-0.7448,-1.3667,-3.0731,-2.4094,-0.2070,0.8704,3.1209,2.0059
23.944,0.0471,-1.9538,-2.0821,-3.0259,0.2014,0.6925,0.0700,1.6463
23.948,-0.5221,-1.2104,-2.9313,-2.1815,1.0605,-0.0639,-0.3160,0.5074
23.952,0.3986,-2.1579,-2.6223,-2.5250,0.1466,-0.4753,0.5056,-0.7697
23.956,-0.0107,-3.4330,-4.2136,-4.1079,0.1260,-1.8471,-2.7444,0.2043
23.960,-0.3898,-2.4159,-4.0196,-4.4732,-0.4453,-1.4253,-1.6866,-2.0423
23.964,-2.6986,-4.3549,-5.0213,-3.0536,-3.0739,-3.1739,-2.1518,-3.1565
23.968,-1.9679,-2.3302,-5.3086,-4.3118,-3.6843,-4.3902,-3.2958,-3.5341
23.972,-2.9822,-2.1215,-3.9053,-4.9058,-4.8105,-4.3515,-4.0361,-3.1130
23.976,-2.5679,-3.7318,-4.9721,-5.0437,-4.7346,-5.4847,-5.4527,-3.4366
23.980,-0.7859,-3.0363,-4.0972,-3.5355,-5.2714,-5.2364,-1.9242,-3.9838
23.984,-1.3904,-2.1268,-4.3276,-3.1579,-6.3808,-5.1238,-5.0877,-3.3137
23.988,-1.7462,-0.3387,-3.1880,-1.5137,-4.9428,-4.7295,-3.5495,-1.8444
23.992,0.6039,-0.1205,-1.3463,-0.6884,-3.3208,-2.1163,-1.1249,-1.9327
23.996,2.5382,2.2308,0.1503,-1.3141,-0.0767,0.3190,-0.8614,0.3613
24.000,4.9061,2.8204,3.2662,-0.3086,2.1235,1.6535,1.3300,2.2696
24.004,2.3449,2.1093,3.2625,2.7734,4.3473,2.7709,3.8522,3.2303
24.008,6.6768,4.7528,4.9613,4.4622,5.2845,5.8859,4.6978,4.9757
24.012,7.4315,6.1179,5.9993,5.8467,7.8109,5.9059,5.1094,4.1547
24.016,6.5861,6.0194,6.8581,7.1815,6.8058,6.7107,6.6796,8.7432
24.020,7.2236,7.7639,8.0486,6.6268,6.6821,8.2205,8.4625,7.6907
24.024,8.2632,7.9680,6.8949,5.9536,7.5010,8.1058,7.9305,7.7918
24.028,8.1367,6.7441,7.0749,6.6337,4.8772,6.6005,7.9774,7.6279
24.032,8.9061,7.8988,6.8716,6.4195,6.4712,5.4867,6.7210,8.4554
24.036,8.8378,7.8828,8.3885,6.3017,5.7162,5.9303,6.6914,7.2058
24.040,8.3239,9.3021,6.9622,6.5603,4.9269,4.3685,6.2083,5.5571
24.044,7.8390,8.9831,7.5303,6.2168,5.4917,4.0075,4.2318,5.9135
24.048,8.7981,8.4423,7.1057,7.8044,4.4986,4.1121,4.4949,4.7605
24.052,7.7350,6.7179,5.2775,6.5707,3.4909,3.7953,3.5599,5.1165
24.056,5.9588,7.3974,5.7974,5.7410,2.9251,2.8481,2.9338,3.0384
24.060,4.2584,5.4287,3.6843,6.5077,0.8407,2.0687,1.9155,1.5708
24.064,5.1528,4.2591,2.6583,3.8877,0.4191,-0.7624,-0.6560,0.6409
24.068,4.5596,4.2369,3.1284,2.6811,-2.3319,-1.3087,-1.8741,0.4699
24.072,3.8249,2.2511,2.1627,1.3634,-2.0025,-1.1504,-1.9476,-3.3265
24.076,1.7066,3.6905,-0.0709,-0.4334,-3.0672,-3.4660,-1.2885,-2.2707
24.080,0.7180,0.0713,0.4929,-0.2755,-4.5387,-3.1285,-3.8458,-1.0688
24.084,0.9549,1.6200,-1.9729,-1.1893,-3.0385,-4.6207,-3.4999,-1.8498
24.088,-0.0782,-0.0628,-1.7373,-0.5775,-3.6690,-4.1581,-2.4896,-1.5589
24.092,-0.5696,0.2775,-1.3687,-1.8882,-0.9876,-3.6113,-3.0956,-1.7736
24.096,0.2723,0.1711,-0.6820,-3.0804,-1.3843,-0.7199,-0.6819,1.7113
24.100,0.1909,-1.0806,-1.3403,-0.5372,0.4132,-0.0200,-0.3834,1.3406
24.104,0.3625,0.1316,-0.2765,-1.8331,2.1255,2.5124,1.0994,2.8268
24.108,-0.2766,-1.1900,-0.4136,-2.9975,2.8645,2.9327,2.2541,4.0547
24.112,0.6274,0.8969,-1.3842,-1.9619,4.8732,3.6497,2.7269,3.1622
24.116,-0.5338,-0.3568,-2.5645,-1.9380,2.1827,3.7875,2.8101,2.5309
24.120,-0.1239,-0.5083,-0.5251,-3.2938,4.6677,5.2182,4.5428,5.0313
24.124,0.7294,-0.9871,-1.0431,-2.4254,2.3451,1.0142,3.7427,4.9719
24.128,-2.0364,-1.5591,-3.0717,-1.7548,1.0259,0.9286,3.8060,4.1721
24.132,-1.6558,-0.7716,-2.9102,-2.6331,1.0728,-0.3910,3.2862,1.5144
24.136,-2.5670,-1.5402,-1.9482,-1.8568,1.2005,1.2736,0.9852,2.4337
24.140,0.0451,-1.9399,-2.3780,-2.0001,-0.3641,0.2793,2.5228,2.8240
24.144,-1.2000,-0.3235,-0.8256,-3.1253,1.5719,2.1824,2.6951,3.2889
24.148,-0.8175,-1.1453,-1.0958,-2.4207,-0.4987,-0.0514,1.1399,1.4918
24.152,-0.2333,-0.6522,-1.2339,-0.7859,1.5970,-0.2498,-0.7387,2.5764
24.156,0.9391,-0.3426,-0.1784,-2.0273,0.1955,0.1847,0.1542,1.1471
24.160,1.0285,0.8856,-0.9426,-0.8805,-0.9988,1.1266,-1.8402,1.1948
24.164,2.4783,0.0328,0.6428,-1.2842,-0.6262,-0.5157,-0.3965,-0.5662
24.168,1.4783,0.6155,-0.2293,-0.2499,-2.6590,-2.6928,-1.4907,-2.0924
24.172,2.9966,2.1055,0.1106,0.2511,-2.8525,-1.6653,-1.7743,-1.9616
24.176,2.8050,3.4633,0.2903,1.1844,-4.1156,-2.8079,-3.4397,-1.8904
24.180,2.7252,2.0938,1.1689,1.8527,-4.4024,-3.7653,-2.0990,-2.0622
24.184,2.7190,2.3744,1.7750,1.4411,-2.6155,-3.5012,-1.0058,-0.7007
24.188,4.4269,3.0977,3.3122,2.8606,-0.8037,-2.0682,-2.0875,0.6776
24.192,5.6250,3.2672,4.7459,4.1805,-0.4282,0.6523,1.2018,1.4999
24.196,6.4518,5.2945,3.4985,4.7527,2.6342,1.9295,3.0022,3.7929
24.200,6.8569,7.7008,6.9328,5.0391,3.3338,2.5554,3.9028,4.4327
24.204,8.9247,8.5905,6.6254,7.4860,4.8172,5.9349,5.9905,5.9684
24.208,8.6028,8.4362,7.7681,7.4011,7.1348,7.0777,5.5341,8.0556
24.212,8.9255,8.5081,7.1673,7.9340,7.5296,8.0450,7.6527,7.8152
24.216,8.4720,8.2149,6.7873,8.8228,7.4094,9.8266,7.5874,9.2252
24.220,9.2212,8.1212,6.7786,7.3673,7.3956,6.8341,8.2755,9.3544
24.224,8.0620,7.5548,6.4765,7.3407,7.5514,7.7185,7.3344,8.2979
24.228,6.0448,6.1535,4.9336,5.2581,6.8673,5.1561,7.3392,6.0486
24.232,5.7040,6.7785,3.4163,5.3103,4.7548,5.0402,7.3489,7.8803
24.236,4.0310,5.4785,4.8611,4.9233,3.6438,4.1200,4.6289,6.5997
24.240,3.7656,2.8016,1.6341,3.6574,3.8789,4.1584,4.7873,7.3730
24.244,3.0593,2.8844,2.9576,2.8875,3.0977,3.1223,4.1725,5.4381
24.248,1.8872,2.7305,1.6187,3.0552,2.2094,2.2915,1.6885,2.7611
24.252,1.9995,2.8134,0.3714,1.4279,3.0801,1.9683,1.7161,3.5025
24.256,0.6505,0.5970,-0.8820,-0.8340,-0.5317,-1.5503,1.1756,0.9879
24.260,0.6594,-0.3705,-0.8756,-1.4678,-1.8756,-0.5485,-1.2659,-0.1825
24.264,-1.8122,-0.7084,-3.4861,-3.7992,-1.5556,-2.4409,-1.3449,-2.6292
24.268,-2.1621,-4.4725,-3.0095,-5.3942,-3.1090,-3.5386,-2.4618,-4.3598
24.272,-3.3190,-4.6240,-4.9185,-4.6319,-5.0676,-3.9957,-4.2194,-4.6700
24.276,-3.8530,-5.8099,-4.6213,-4.6231,-7.2345,-5.9244,-4.3937,-5.6054
24.280,-4.0264,-3.3565,-6.5521,-5.7026,-6.5249,-6.2840,-6.1298,-5.2670
24.284,-4.9715,-4.9580,-5.7313,-6.0729,-6.3391,-6.0414,-6.3522,-4.2679
24.288,-4.4453,-3.7813,-5.8734,-4.8925,-5.6755,-5.5770,-4.5518,-4.6699
24.292,-2.4709,-4.1970,-5.0460,-3.3139,-4.2612,-2.1562,-3.9028,-2.0017
24.296,-4.4042,-4.7960,-4.5609,-5.5514,-2.8366,-0.7978,-0.5009,-0.9961
24.300,-3.7642,-3.0386,-3.3329,-2.6485,-0.1678,-0.1787,-0.5099,0.1865
24.304,-3.3795,-2.4203,-3.9178,-1.4489,0.4281,-0.4651,1.7652,2.6446
24.308,-0.1376,-1.1180,-2.5016,-1.8246,3.2022,3.8174,2.7443,2.2762
24.312,0.2536,0.7237,-1.9302,-1.8332,4.2869,3.6921,4.9674,3.8406
24.316,1.2866,0.0508,-1.0399,-0.6961,5.1460,4.2755,4.6137,5.7074
24.320,1.9491,-0.8653,-0.5305,-1.1433,5.1582,5.6011,5.2156,5.1546
24.324,1.4083,-0.0401,1.8181,1.2160,3.3687,6.2362,4.8653,6.1024
24.328,0.7388,-0.9106,1.9592,2.4427,4.2192,5.3069,4.9981,6.0244
24.332,3.3143,2.2554,0.7653,0.5216,3.7165,3.6850,4.9796,3.8863
24.336,3.3857,2.5691,2.5010,0.9193,3.0138,4.7012,5.0436,5.7124
24.340,4.8185,2.4451,1.6399,2.6091,3.8900,3.9312,3.7829,5.6759
24.344,3.2840,2.5885,2.5247,2.6101,1.7954,2.4758,5.0871,4.1375
24.348,4.5198,5.2159,4.0734,2.6722,3.3934,2.8272,3.5834,4.3673
24.352,5.4241,4.7771,3.2840,3.7595,1.8188,4.1162,4.6764,4.0412
24.356,6.2084,4.1505,3.7982,3.5265,1.7668,3.0551,2.1056,2.4305
24.360,5.6556,5.7587,4.1861,5.2554,1.8009,0.7271,1.9451,1.1359
24.364,4.6521,4.2549,4.5810,5.6100,0.8695,1.7429,0.9583,2.1376
24.368,4.4360,4.6691,3.3974,3.8136,-0.6617,-0.3543,-0.0406,2.0524
24.372,3.9563,4.4762,4.5518,4.7391,-0.1508,-2.4576,0.2835,0.3742
24.376,5.3969,4.0057,3.1328,4.9895,-1.9822,-2.0643,-0.6731,-1.1933
24.380,5.0560,4.2346,2.7312,3.6219,-1.7255,-1.5455,-0.4116,-1.9098
24.384,4.1478,6.2950,3.1205,3.7875,-3.4708,-1.8586,-1.3386,0.7777
24.388,3.8590,3.3659,2.8131,2.2832,-1.1331,-1.9119,1.5462,0.5496
24.392,4.7963,2.8993,4.9902,4.0970,-0.5405,-0.5122,1.0380,1.7213
24.396,4.3551,4.9113,2.4364,3.4261,0.9719,1.8545,2.9948,2.1023
24.400,3.8998,4.7046,3.5492,3.9065,2.0089,2.6925,1.4746,5.1424
24.404,4.2784,2.8672,1.7006,2.6273,5.6892,4.6524,4.4142,5.2865
24.408,4.1097,3.9646,2.8945,3.7989,4.9533,5.4101,4.6932,7.1569
24.412,4.8765,4.9516,4.4536,3.0552,6.6409,6.7933,5.8889,6.2463
24.416,3.5730,2.7409,2.5270,2.2326,5.5755,7.2339,6.6374,7.9187
24.420,2.4255,1.8333,0.8827,1.6053,5.2192,5.1890,5.9507,6.9260
24.424,0.8191,0.0968,1.5701,-0.3158,5.0455,4.7634,7.2746,5.5937
24.428,-0.7285,0.1521,-0.2585,1.6639,4.0009,4.4366,7.4392,6.7766
24.432,0.1609,-0.8801,-2.6284,-1.1167,3.3559,3.9923,4.5645,5.1170
24.436,-1.3159,-2.2104,-2.4081,-2.5248,2.1637,0.8664,4.7910,4.5820
24.440,-3.0455,-1.9801,-3.0096,-2.7194,1.8072,0.1414,3.6912,1.4253
24.444,-2.8962,-2.7426,-2.8502,-3.3095,0.4485,-0.2644,3.4599,2.7728
24.448,-2.9009,-3.4403,-5.4228,-4.2028,-1.3311,1.4960,0.3055,0.1247
24.452,-4.1618,-3.9465,-3.9408,-4.8225,-1.9066,-0.6558,-0.3123,-0.5121
24.456,-3.1824,-4.0165,-4.5303,-4.9899,-1.0383,-1.8498,-2.6042,-0.3119
24.460,-5.6857,-4.3651,-5.3171,-3.9551,-1.9734,-1.9250,-4.2784,-2.0598
24.464,-3.9834,-5.4156,-5.6327,-4.0626,-4.9361,-1.9663,-4.5970,-3.0775
24.468,-5.7004,-6.6329,-6.3877,-4.9524,-4.1744,-3.6620,-3.4676,-4.1583
24.472,-4.6916,-5.5705,-5.4916,-4.4840,-5.0309,-4.3338,-4.8390,-5.2621
24.476,-4.6543,-4.2736,-4.1730,-4.7127,-6.6142,-7.3763,-4.9584,-3.6542
24.480,-4.4819,-3.5740,-5.2931,-4.9168,-7.3843,-6.9516,-4.4561,-5.3376
24.484,-3.2852,-5.5141,-5.1208,-4.8932,-6.7479,-6.1113,-3.3532,-3.0910
24.488,-1.8561,-2.9726,-2.5960,-2.3835,-4.2851,-3.8796,-4.1226,-4.4382
24.492,-1.0616,-2.2188,-2.4925,-2.3974,-3.2252,-3.4148,-1.7388,-0.6688
24.496,-1.4650,-1.1833,-1.0250,0.0077,-0.1640,0.9933,-0.2768,0.4571
24.500,-0.2465,1.3866,-1.2476,0.7080,2.1821,1.5561,1.5803,2.2787
24.504,3.3290,2.0866,1.9747,1.6846,4.6957,4.9178,3.8731,4.3301
24.508,3.5261,3.8046,4.4162,3.3634,4.6229,6.7682,5.5540,6.3171
24.512,5.3889,3.1926,6.4052,3.7413,7.8912,5.2406,6.4215,7.5953
24.516,6.0401,6.0191,4.1354,4.6241,5.6329,9.0799,7.4846,6.8985
24.520,6.2171,6.0820,5.9233,7.0380,7.9067,7.1168,7.0599,10.3964
24.524,6.5582,5.3391,5.3564,5.5763,6.8454,6.6174,9.6796,9.8116
24.528,4.7100,5.4951,6.1201,5.9495,5.6223,6.4415,7.2186,8.3950
24.532,6.5779,6.0568,5.3009,6.8202,5.0334,7.3962,7.2601,9.2746
24.536,4.9572,7.0541,5.0758,6.3957,6.2395,5.3308,6.6205,8.0931
24.540,6.3737,5.6551,6.2576,5.0368,4.5223,5.8246,5.8371,8.1589
24.544,6.0279,4.7368,6.3523,5.5419,2.3361,5.4805,5.4639,7.1831
24.548,5.1589,4.3757,5.2628,5.0067,3.6103,5.6701,4.3519,6.7952
24.552,5.1196,5.9184,4.8442,5.5193,1.9295,4.7405,3.3089,3.8663
24.556,5.0735,5.1540,5.5788,2.5411,0.8642,2.6141,1.7062,2.9759
24.560,3.4036,3.8162,3.1818,3.1260,0.4564,2.6567,2.6504,1.2783
24.564,2.8288,1.4337,3.7326,2.2957,0.7852,0.8485,-0.6644,0.5681
24.568,2.3285,2.8754,1.8943,0.3812,-2.2464,-0.5319,0.0980,-0.6714
24.572,-0.0408,-0.3210,1.1633,-0.2243,-4.1231,-2.4708,-1.1902,-1.5784
24.576,-0.2057,-1.4430,0.3743,1.1781,-3.2113,-4.4877,-2.2005,-1.3948
24.580,-3.0831,-2.1686,0.3462,0.0167,-5.0012,-3.4603,-2.6122,-3.4531
24.584,-2.9678,-1.8594,-2.4470,-0.8725,-2.9612,-4.1944,-2.3394,-3.2727
24.588,-2.2780,-1.2981,-2.7859,-3.2111,-4.2180,-3.8378,-2.3666,-3.1555
24.592,-2.5097,-3.2660,-1.6081,-2.6997,-2.3313,-2.5750,-1.9013,0.6792
24.596,-3.4005,-0.6540,-2.0060,-3.5744,-2.0038,-0.3645,-0.6862,0.7231
24.600,-0.7795,-1.9265,-2.9266,-3.1116,-0.2375,1.1898,1.6195,0.9177
24.604,-2.7453,-3.0873,-2.9094,-2.6502,1.5773,2.5463,2.5185,3.4129
24.608,-2.3131,-3.5783,-2.5200,-2.0786,2.7886,2.8605,1.6000,3.3899
24.612,-2.0077,-1.1724,-4.5278,-3.6993,2.8720,3.3472,5.0157,5.3638
24.616,-3.2133,-1.5845,-2.4669,-2.7107,4.6065,6.2956,3.5731,5.5485
24.620,-3.7924,-4.5378,-1.8983,-1.9182,3.7340,3.5188,3.7920,6.6878
24.624,-3.0876,-1.9677,-3.4797,-2.2731,3.4570,2.5973,2.8971,5.0659
24.628,-4.7038,-2.5628,-4.2615,-4.1493,3.9273,3.6619,5.0900,3.1428
24.632,-3.8317,-3.0182,-3.4382,-4.9506,2.9470,2.7128,3.1030,4.1373
24.636,-4.6198,-3.7281,-3.5455,-2.8039,-0.4133,2.6564,2.0642,3.2588
24.640,-3.0776,-4.9113,-3.2145,-3.2744,1.4622,-0.3031,1.8657,0.6982
24.644,-2.9037,-4.5881,-2.5514,-2.8690,2.5290,0.9062,1.8500,0.1501
24.648,-2.1861,-2.2114,-3.7645,-2.2648,-0.0833,0.4453,1.4666,0.6027
24.652,-2.7526,-2.8334,-1.5091,-1.0424,0.3361,1.2272,0.6119,1.2327
24.656,-2.4171,-3.2261,-3.1233,-2.0928,-1.0083,-0.4383,-0.6012,-0.5392
24.660,-2.3918,-1.6340,-1.8501,-2.9554,0.0827,-1.5501,-0.9933,1.4774
24.664,-1.1700,-1.1759,-2.1432,-1.4815,-0.8983,-1.9352,0.0299,-1.2802
24.668,-1.5819,-1.7532,-0.7847,-0.5183,-3.3169,-1.9390,-1.6498,-1.3587
24.672,1.1247,-0.4955,-0.5939,1.5618,-5.0537,-2.8303,-2.4845,-2.5470
24.676,-0.3206,-0.5239,-1.1101,-0.1740,-3.1951,-3.7974,-3.1095,-4.1237
24.680,0.8173,-0.0093,0.9959,0.4756,-3.9691,-4.2501,-2.4637,-3.1502
24.684,1.8414,0.5987,0.0696,0.7907,-2.7469,-2.4461,0.5650,0.9181
24.688,0.9570,0.5467,1.5637,1.8475,-1.9908,-1.3930,-0.6023,-0.6227
24.692,2.6256,2.3308,2.9897,3.6909,-0.2068,0.1383,1.2180,0.0634
24.696,3.5133,2.8069,3.0929,4.3097,0.2059,1.3681,1.7878,3.3776
24.700,5.6627,6.1095,4.3413,4.7817,3.1455,2.9760,4.3628,3.9262
24.704,4.5260,6.0696,4.3449,5.8764,5.3827,5.7960,5.0494,5.4141
24.708,6.3501,7.1184,7.1423,6.1721,5.6004,6.5480,6.4892,9.4150
24.712,5.7539,6.4302,5.7215,7.0650,7.4283,9.2527,9.2736,9.1584
24.716,5.7534,6.8922,7.8390,7.5293,9.3143,7.4979,8.8230,10.0551
24.720,5.2587,5.3952,7.1541,5.3079,8.4016,7.6583,9.0740,9.0051
24.724,4.3406,5.0295,7.2633,5.6985,7.5703,9.7588,9.5340,9.3310
24.728,4.6925,5.1802,4.9965,4.3726,5.8774,7.6071,7.5607,9.3375
24.732,3.4173,3.2730,4.4358,3.6999,5.6825,4.7526,7.5171,7.3934
24.736,3.8285,3.2458,3.5716,2.9851,4.8369,4.0763,7.0222,5.3854
24.740,3.0672,3.0269,1.6202,1.9979,3.9107,3.0866,3.7955,6.6786
24.744,0.0145,1.7373,1.3823,2.1807,3.0773,3.0628,4.7296,3.8396
24.748,0.2474,0.6544,1.7081,1.0278,2.2436,2.6121,2.4987,3.2285
24.752,0.0431,-2.3819,-0.8115,-1.7139,1.4825,-0.2710,1.2383,1.5492
24.756,-2.3095,-2.5879,-3.1980,-2.4514,-1.1853,-0.0851,-0.4571,0.5994
24.760,-4.1317,-3.6458,-1.2340,-1.5174,-0.0854,-1.2580,-1.9432,-1.3130
24.764,-4.5492,-4.2624,-3.4637,-3.6261,-3.9107,-3.6308,-2.8789,-2.9866
24.768,-4.3114,-5.0916,-4.6199,-3.2257,-4.4165,-3.4198,-3.8718,-3.7656
24.772,-5.8638,-6.1196,-5.4045,-6.9196,-6.7657,-5.1637,-5.2041,-5.2208
24.776,-7.2465,-7.5849,-6.1944,-5.8293,-6.6899,-5.5980,-5.1277,-3.8372
24.780,-6.0546,-7.6087,-7.2963,-7.2744,-6.7196,-7.1270,-5.6000,-4.1317
24.784,-8.2700,-7.3232,-8.0880,-7.6731,-7.2254,-6.7190,-6.3237,-6.2332
24.788,-6.9298,-8.2946,-8.2560,-6.3887,-6.6558,-5.1494,-4.6115,-4.5682
24.792,-6.7391,-8.0609,-7.7420,-5.6319,-4.8698,-4.1291,-3.9272,-2.6451
24.796,-5.8021,-6.2720,-5.4524,-4.3292,-1.1206,-1.3376,-2.9039,-3.2301
24.800,-3.7019,-6.3211,-4.3746,-3.6257,-0.7556,-0.2888,-0.0960,0.2735
24.804,-5.4461,-3.9199,-2.9448,-2.7868,0.3161,1.4055,1.6774,1.1330
24.808,-2.8338,-2.0596,-3.0577,-2.7267,3.2024,3.7763,3.4954,2.4997
24.812,-1.5871,-1.8988,-1.5938,-2.5217,5.2356,3.2812,5.1492,5.2124
24.816,-0.8007,-2.1028,-2.3944,-1.8478,5.2692,5.3404,5.8612,6.3262
24.820,-1.4004,-1.0386,-0.9864,-1.5105,5.1249,4.6920,5.4077,6.3825
24.824,0.1962,0.6964,-0.3931,0.0532,4.4676,6.3282,5.7125,6.8966
24.828,-1.1115,-0.9770,0.4684,0.2239,4.7439,4.0616,5.8468,7.6894
24.832,0.6119,-0.6578,0.3525,2.2054,4.7826,5.5623,3.9514,5.6444
24.836,1.3223,-0.2114,1.1086,0.7409,2.3471,5.4825,4.4963,6.4038
24.840,0.2136,2.4374,3.2105,1.2558,2.3670,2.1233,5.0655,5.7146
24.844,3.0836,0.5201,2.1539,3.1624,2.3415,3.8977,4.6523,4.7123
24.848,1.9143,2.6540,3.1805,3.7104,3.3379,3.2959,3.6288,2.9874
24.852,5.0204,2.5076,2.2423,2.5047,2.2278,2.8704,3.3421,3.0277
24.856,3.5338,3.6007,2.9546,3.9530,3.2211,4.3436,1.7645,2.1423
24.860,2.7678,3.8324,2.2821,3.3836,1.0861,0.5687,0.4108,0.9938
24.864,3.6634,2.8993,2.4167,3.4553,0.4297,-0.2205,0.3237,0.9476
24.868,3.7783,4.0448,3.5244,6.0528,0.1946,-0.0054,-1.6919,1.2266
24.872,2.8474,3.3252,3.4412,4.4469,-2.1567,-0.9513,-1.0471,-1.1073
24.876,2.1582,2.5131,2.5112,2.4594,-2.2884,-2.7707,-2.1019,-1.7498
24.880,2.6793,2.1653,2.3228,3.2604,-2.5294,-2.9985,-1.3536,-0.7550
24.884,2.3079,3.8621,2.3020,2.9113,-3.1268,-2.6085,-1.1641,-0.9022
24.888,3.0400,3.4080,2.3428,2.5445,-2.0453,-1.1482,0.2336,0.2377
24.892,2.3765,3.6392,2.8534,3.4994,-1.2868,-1.1919,1.2442,0.3918
24.896,3.8145,3.0820,1.6897,4.7572,1.1910,0.5753,1.8322,1.8829
24.900,2.4273,3.5518,2.4114,4.3870,3.3845,4.2914,4.5671,4.3098
24.904,3.9843,3.6806,2.7569,5.4624,4.8728,4.2755,4.2462,5.4158
24.908,3.8538,5.0427,2.0519,2.6361,4.7146,5.8247,4.2141,6.5862
24.912,4.0200,3.2507,3.5232,3.4528,5.9753,7.6461,8.0585,6.2124
24.916,4.6368,2.9212,2.2947,2.4669,7.8037,5.7066,6.4699,7.2569
24.920,1.1447,2.1390,1.9218,0.9164,4.9495,7.1999,6.2914,7.4266
24.924,2.1656,1.8932,0.3518,2.4119,5.0102,6.9767,5.7246,6.6471
24.928,-0.3039,0.3759,-2.0478,-1.4830,4.6057,5.1862,6.0046,7.1071
24.932,-0.9494,-1.1171,-1.9230,-0.3659,1.5577,4.4327,5.7937,4.8787
24.936,-0.3628,-1.9663,-1.6109,-1.5343,2.3551,1.5718,2.8662,3.9398
24.940,-1.4919,-1.2652,-4.1110,-2.6091,1.9472,2.7936,3.5132,3.0244
24.944,-2.7804,-3.4979,-2.2101,-3.4374,-0.2291,1.6409,1.3861,3.1692
24.948,-2.1619,-2.5450,-3.8588,-5.3713,-1.2833,1.8498,0.7857,0.3083
24.952,-4.4920,-2.9512,-2.9270,-4.0445,-1.2786,-0.5785,0.0594,0.0810
24.956,-2.4856,-2.9655,-5.9981,-5.2890,-1.6211,-0.4630,-1.3743,-0.4644
24.960,-4.2540,-2.7701,-5.6251,-5.0481,-2.5145,-1.2161,-1.4085,-2.1931
24.964,-3.5533,-5.5787,-5.2072,-4.7694,-3.3023,-3.4021,-1.6223,-2.8302
24.968,-3.0941,-3.7432,-6.3056,-5.3152,-4.6216,-4.3793,-4.2027,-4.5628
24.972,-2.5269,-2.4240,-4.9944,-3.8156,-5.8332,-5.1840,-4.7753,-3.8183
24.976,-3.7566,-3.7480,-4.8367,-5.6903,-6.0381,-5.4672,-5.0105,-4.2802
24.980,-1.0026,-2.4141,-5.4028,-5.8398,-4.9043,-5.4683,-3.4272,-4.0934
24.984,-2.7699,-0.5748,-4.6083,-3.8779,-5.6951,-4.4108,-3.7576,-4.2724
24.988,-1.6938,1.9016,-2.5804,-3.9486,-5.0738,-4.1749,-1.3812,-2.5890
24.992,1.5244,0.6035,-1.8621,-0.3194,-2.0517,-1.2882,-0.9621,-1.9854
24.996,2.9940,2.2923,-1.4601,1.6058,0.5356,1.0928,1.3560,1.4706
25.000,6.2922,4.2658,1.4732,1.5534,0.8075,2.9964,2.7916,3.7452
25.004,5.9308,4.9380,0.6345,3.0112,5.3880,6.0014,5.2335,4.1064
25.008,7.9070,9.0880,3.3087,4.8742,7.1703,8.5684,7.7850,6.7960
25.012,8.8735,9.4852,5.7483,7.8585,9.0994,8.3501,8.7579,9.6751
25.016,10.8438,10.2037,5.3169,6.1121,10.1099,9.0945,10.9742,9.8718
25.020,11.9318,10.3970,6.0282,6.1213,9.0927,9.9710,10.7873,10.3029
25.024,11.5389,10.3995,6.9989,7.7948,8.6169,10.1077,10.1597,10.2424
25.028,13.6519,12.3638,6.0885,6.7926,7.8802,9.7191,9.9455,8.5779
25.032,13.0367,12.5095,8.0808,8.4239,8.9046,8.7079,10.4969,9.8399
25.036,14.1673,14.0076,5.5217,7.0593,7.5287,7.1696,8.7985,10.1035
25.040,12.9195,11.7580,6.9200,7.1244,7.6041,8.1051,9.8984,7.9916
25.044,14.0702,14.3521,6.8338,7.7820,6.6744,7.7694,7.4405,5.5008
25.048,13.6262,14.2922,7.4707,7.7337,8.3426,5.5703,6.4651,7.2133
25.052,13.7026,14.4043,7.0823,6.4991,5.3906,5.9820,4.3434,7.0062
25.056,13.5095,13.3674,6.5243,8.0438,5.3653,4.2258,4.3819,5.4835
25.060,12.5990,14.0020,4.1563,7.0453,4.3494,3.7460,3.5253,2.2985
25.064,12.9390,13.0797,5.1636,4.0481,1.8993,2.5102,3.6892,2.3687
25.068,12.3986,13.4611,2.7801,3.3129,1.5563,0.9502,0.6483,1.7549
25.072,12.8798,12.0695,1.2666,3.4355,-0.9576,1.0467,0.6565,-0.5633
25.076,10.4815,12.0212,2.6636,4.1276,-1.0294,-1.7077,-0.0469,-0.2689
25.080,11.8461,10.8479,1.6758,2.6160,-0.4468,-1.9402,1.3912,-1.1180
25.084,11.3087,10.8776,0.4281,-0.0485,-0.3489,-2.1251,-1.5043,1.0773
25.088,11.3425,11.2294,0.1540,1.4175,-0.5932,-2.3039,0.7354,0.0042
25.092,10.6649,12.7803,0.2781,2.3601,1.7956,1.4786,0.6084,1.7928
25.096,11.9491,12.8486,0.1141,0.6213,2.2112,2.6315,1.7846,3.5569
25.100,13.7587,14.0122,1.2229,0.7639,3.8744,4.0569,4.5874,2.8474
25.104,13.9896,13.0595,0.7466,2.2471,6.4555,7.5936,5.0994,7.0561
25.108,15.6843,15.4291,2.2452,0.8255,8.3476,8.1578,7.0626,8.2864
25.112,15.8046,15.0597,1.7907,0.8065,10.1536,8.5138,8.1957,6.9222
25.116,14.6086,16.0810,0.3362,2.8397,9.1894,9.6157,9.4294,8.2253
25.120,15.9751,15.5029,1.1185,1.9248,9.6193,8.7033,9.2218,8.9958
25.124,16.8247,17.3366,1.2995,1.9276,7.4561,8.4230,9.7055,9.1086
25.128,16.7759,17.1256,-1.3363,2.3768,9.3726,7.8696,8.7591,8.8281
25.132,18.7218,18.6405,0.6574,2.6299,8.6027,8.5907,8.9715,8.9073
25.136,18.7653,19.0662,1.3967,1.4498,6.7427,8.2596,7.6599,8.6329
25.140,20.0349,18.9954,1.9195,2.0237,6.5467,7.6014,7.3042,6.7498
25.144,19.7357,20.2668,3.2406,1.6519,4.9049,6.4496,7.6304,7.5893
25.148,21.6156,22.3501,2.7507,4.4760,7.3005,7.3336,7.3228,8.8874
25.152,22.5347,22.7550,4.1346,4.3774,7.3002,5.8884,7.3898,6.3487
25.156,23.1376,23.6043,4.0712,3.7308,5.0978,6.1708,4.4879,5.3417
25.160,25.2248,25.0400,3.9832,3.9659,6.5339,5.9551,3.1970,4.4024
25.164,25.1168,24.2900,5.3398,5.9302,4.8341,5.2094,3.6708,5.7560
25.168,26.8195,29.1002,7.3882,7.2964,4.8750,4.5369,3.9294,3.4413
25.172,27.7525,28.2135,7.2708,5.5605,4.6261,4.7107,2.8307,3.2823
25.176,28.1660,30.0008,6.6988,7.0082,3.5147,3.9069,3.6803,3.5170
25.180,32.3452,32.8477,7.5584,8.2792,3.6550,4.0292,4.7183,5.9422
25.184,32.8229,33.4049,8.6671,9.6527,2.4394,4.1143,7.4933,5.2958
25.188,35.1005,34.8519,9.2483,9.7913,5.5358,6.3629,8.7543,5.8500
25.192,36.6589,36.4689,10.8641,11.5169,7.5718,6.5949,7.0296,7.5650
25.196,39.8541,39.8047,12.5343,14.0209,11.0940,11.2513,11.3791,11.1982
25.200,40.8282,40.4968,13.7298,13.5719,11.8687,12.8013,12.5671,12.3646
25.204,43.2209,42.4959,14.6332,16.1891,15.8730,14.9562,14.3869,15.0932
25.208,43.5598,43.5671,15.6092,15.1560,15.9460,17.4024,16.3928,16.2094
25.212,44.6199,44.3230,17.3771,16.0842,18.8929,18.6986,18.2507,17.2409
25.216,45.7663,46.7596,16.2474,17.4777,18.5055,17.6337,16.1886,18.2689
25.220,46.3744,46.4641,15.0804,17.1452,20.5754,19.4262,18.4046,19.2753
25.224,48.6775,47.7419,16.1021,16.6957,16.9454,18.9055,19.3748,19.1738
25.228,47.3484,46.9997,13.8933,16.3815,17.5860,16.6093,18.3463,18.8978
25.232,47.8972,48.3284,14.6025,14.6957,15.8671,17.8093,17.0725,16.3383
25.236,47.4544,48.4475,15.5986,14.5543,14.3982,16.1464,16.2702,18.0380
25.240,47.0209,47.3541,13.7646,14.8599,13.5920,16.0291,16.7557,16.9556
25.244,46.6508,47.2122,12.9515,14.2161,15.6488,14.4244,13.8886,13.6701
25.248,48.4072,47.7258,11.6146,11.6421,13.7582,13.6758,13.7277,12.9723
25.252,46.9440,48.8242,11.5150,10.3723,13.4098,12.2522,12.1548,12.1029
25.256,47.9587,47.8462,10.8278,12.5677,11.5108,12.8983,11.9568,10.4694
25.260,45.8172,46.0795,9.9679,9.0359,10.6685,11.1123,9.4487,9.8290
25.264,45.5582,46.5750,9.3035,7.7178,9.3907,10.2512,9.2185,8.5181
25.268,47.4017,47.4595,8.7276,8.1779,7.5378,7.9914,7.2769,8.4851
25.272,47.6771,47.9294,7.9497,8.2695,6.9505,7.0517,8.5304,7.9952
25.276,47.2839,47.2479,6.6985,7.6888,5.1076,5.9060,7.1134,6.6672
25.280,46.5091,48.1051,7.4636,6.5575,5.1996,6.0822,8.1519,7.7855
25.284,48.2421,47.6050,5.9218,7.3956,7.4059,7.6074,6.1363,6.7011
25.288,49.0069,50.3503,8.1107,6.5042,7.4084,8.3302,7.6292,8.4831
25.292,50.9304,50.3495,7.9685,8.3013,9.3056,10.8264,10.5534,9.6581
25.296,51.1223,51.6265,8.9963,10.8903,12.9005,12.1934,11.4825,12.6425
25.300,53.9075,52.9660,10.2866,10.1136,14.7056,14.2378,13.3397,13.7014
25.304,55.8034,55.6652,11.0550,10.3459,17.4855,16.3639,15.1652,16.6080
25.308,55.8637,57.6071,12.4405,11.4452,18.1533,18.6051,17.1933,16.8866
25.312,57.8459,59.4979,14.0976,12.5064,18.9965,19.5773,17.2500,17.6754
25.316,58.8047,59.4911,13.0238,14.5724,20.6335,21.2359,19.3335,19.5994
25.320,59.2606,61.8751,15.5830,15.6381,20.4494,21.4266,20.8186,21.9654
25.324,61.5237,62.3570,14.0767,16.2227,19.4040,19.1820,20.2687,19.7594
25.328,63.1404,64.2182,16.2329,16.0608,20.6911,21.8440,22.2327,19.9049
25.332,64.2120,63.8466,16.4051,18.4243,19.6635,21.2751,22.0856,21.4069
25.336,64.3148,65.7127,16.1813,16.8962,19.8137,20.3000,21.1881,21.0875
25.340,65.9947,66.5293,18.8858,18.2847,19.2800,19.2092,20.0984,18.4354
25.344,67.0134,66.1752,17.7588,18.4189,19.0045,19.2914,17.7311,19.8290
25.348,70.4383,66.4234,19.6212,19.3688,18.1989,19.5713,18.4988,17.8103
25.352,68.5636,69.0107,19.2812,20.9721,19.9819,18.8818,18.0785,19.0213
25.356,68.2240,70.9396,18.7959,21.8963,17.9757,19.6061,16.5892,16.2752
25.360,69.0072,69.4527,18.7095,22.0900,17.1813,16.6840,16.6306,16.3267
25.364,69.5119,69.1951,20.1669,20.5536,16.7746,16.7575,15.5273,15.5727
25.368,69.6346,71.1315,19.6690,19.8764,14.0760,15.3553,15.3815,14.9153
25.372,68.3860,71.0817,18.5940,20.3079,15.3091,14.9054,13.4706,13.3885
25.376,70.0930,68.9342,20.0171,18.6767,14.5533,13.4164,14.7535,13.1553
25.380,71.2123,69.8047,19.2331,19.2858,12.9236,14.1910,12.5642,14.0200
25.384,68.6682,71.7994,18.6434,19.3513,15.1604,13.9159,14.4537,14.6946
25.388,70.5461,70.3646,20.2294,20.7406,14.5526,15.4343,15.1690,13.7654
25.392,69.9446,70.2081,19.3988,20.0346,16.5879,17.0469,16.8269,17.6964
25.396,69.9084,69.6876,19.8967,20.1101,17.8145,18.6707,16.8731,17.2017
25.400,70.3238,70.9453,19.9880,19.8411,19.2891,19.8771,18.9286,17.8808
25.404,70.0072,71.3665,19.5696,19.7135,19.3216,22.1043,21.5196,18.9166
25.408,71.1992,70.4085,20.6508,21.1694,22.6154,21.7835,21.7332,20.0507
25.412,69.8209,71.5333,19.0120,22.0727,22.6207,23.6185,21.4825,23.0363
25.416,70.4482,70.5440,19.8553,18.8355,22.3532,23.9755,21.9417,23.2570
25.420,68.9246,68.8159,19.1850,19.2250,22.7668,21.4929,21.6521,21.4683
25.424,68.6905,68.5479,17.4345,17.2092,23.4956,22.2193,21.3529,21.7799
25.428,66.4915,66.9624,16.2921,17.7924,20.2972,21.8360,20.4444,20.2321
25.432,63.5431,63.8379,15.5264,16.5771,19.4943,19.3261,20.7964,20.7340
25.436,63.6356,63.6267,13.8286,14.2438,18.5797,18.1071,18.9008,17.8367
25.440,62.5389,63.2370,13.5519,12.4469,18.0713,16.8212,18.5552,16.3696
25.444,61.6278,62.8559,14.1285,11.3122,17.1749,15.9799,16.4564,17.7373
25.448,61.2673,62.3632,13.5519,13.7600,15.6848,17.2821,15.6880,15.9117
25.452,58.8238,59.8608,11.2552,12.0548,14.4378,14.2212,13.1516,14.5990
25.456,58.1160,60.9798,10.9147,11.4034,13.7034,12.8007,11.8529,13.3257
25.460,57.9461,57.5442,11.1548,10.4519,11.7464,10.8372,11.7474,10.9716
25.464,57.1160,58.5006,11.1142,10.9456,10.8386,10.5751,10.9181,9.0094
25.468,56.6425,58.9474,9.0628,10.3855,8.0824,8.8458,8.3102,10.2439
25.472,55.4664,55.0652,10.0770,8.7146,8.5344,8.8225,7.6870,8.6098
25.476,56.2727,55.4650,8.5587,8.5287,8.4335,8.8155,8.4363,7.7885
25.480,54.9743,55.1159,9.3609,8.5980,8.8883,6.7692,7.8146,6.6062
25.484,53.8217,54.3256,8.5302,11.2866,6.8128,7.8892,8.7031,8.7991
25.488,55.1492,56.0994,10.3284,11.1415,9.8653,9.2868,9.0720,9.4700
25.492,55.5804,57.0537,11.9107,12.5522,10.5386,9.7886,10.9536,10.7264
25.496,57.1357,57.2343,13.0183,13.0711,12.0684,10.4919,14.5323,12.5387
25.500,58.7229,59.1513,13.5020,15.1175,15.7650,16.6463,15.6454,15.3569
25.504,58.1810,60.1464,15.9175,15.9205,16.5312,17.4258,15.5318,17.1921
25.508,59.8432,59.9062,17.7976,16.9367,18.8768,20.1852,18.0916,17.2088
25.512,58.3398,59.8839,17.4247,19.1000,21.1312,20.8940,19.7614,17.4889
25.516,58.8594,60.1778,17.8937,16.8277,20.7003,20.3820,20.4916,18.7162
25.520,58.5417,60.5057,18.6849,18.6757,20.5873,20.5311,20.9662,21.1842
25.524,57.9232,58.0103,17.9421,18.8641,20.7955,20.1387,20.0827,19.5597
25.528,59.1193,58.1491,18.1734,18.5163,19.7160,19.5786,20.5629,20.1337
25.532,57.9059,56.9968,17.3639,18.9415,20.1202,19.5699,18.9386,19.3713
25.536,55.2078,55.8594,18.6895,17.4132,18.7606,17.3889,18.4510,19.2343
25.540,55.0915,55.6958,18.8424,18.7048,18.5274,16.2925,17.9857,16.5372
25.544,55.3067,55.4229,18.4953,17.0244,16.3415,15.0953,16.1016,16.5164
25.548,52.7491,52.0031,16.0792,16.8204,15.9642,16.6282,15.0532,15.4716
25.552,52.6835,51.9363,15.6593,15.1699,13.3673,14.3285,13.5920,13.1901
25.556,49.9208,50.2985,15.4129,15.1299,12.0925,12.0810,10.9507,10.2755
25.560,47.8568,47.1403,14.9996,14.1917,10.7584,13.2809,10.6209,9.2257
25.564,46.0295,45.7719,13.6634,13.3462,8.7726,9.0857,7.8679,8.0998
25.568,43.9081,45.2426,11.8556,13.1186,8.4607,7.3688,6.7213,6.0490
25.572,41.7500,42.5305,10.3537,9.7539,6.3719,4.9714,5.3323,6.3933
25.576,39.1665,39.6138,9.4497,9.0164,5.8765,4.2934,3.2744,5.4386
25.580,37.6379,38.7588,8.8414,8.2717,2.6742,5.1072,3.2910,4.2344
25.584,36.2437,36.0291,8.1072,7.4679,3.7895,3.3227,2.3805,3.4904
25.588,35.1059,36.4956,7.2967,6.8760,3.6254,5.5749,4.1844,5.1185
25.592,33.3321,34.0261,5.7782,4.6654,4.8142,4.4720,3.9185,3.6118
25.596,33.2572,34.8184,6.5662,5.7424,7.2335,7.5818,5.4644,6.3014
25.600,34.2927,34.9937,5.3326,6.6656,7.0646,7.2891,7.7748,6.5456
25.604,30.5271,33.1376,6.5540,5.6223,9.0616,9.0582,8.2531,8.7177
25.608,31.0086,31.7221,5.0623,6.2243,11.8450,10.4848,9.5380,8.9368
25.612,29.3810,30.2160,5.0887,5.0237,10.9542,10.7901,10.4016,7.9944
25.616,29.8471,29.2866,5.3642,6.0921,11.9784,11.8005,10.0707,9.2150
25.620,27.0417,29.1549,5.3066,4.1526,11.2424,12.9240,10.6113,8.8950
25.624,25.8781,27.7573,3.2033,2.8188,11.4764,10.4089,9.5201,9.5472
25.628,25.6800,26.5345,3.2363,3.7012,10.2291,9.2776,9.9664,8.7503
25.632,23.5714,25.1572,3.3665,2.3997,8.8513,9.5078,8.1290,6.9339
25.636,23.3948,25.9623,3.2572,2.2020,8.8990,7.7975,7.0331,7.5567
25.640,23.0183,22.8916,3.2409,2.2156,7.3985,6.2867,5.4137,6.2517
25.644,22.7660,23.7724,3.0739,1.2350,5.9612,6.6682,6.8206,6.3534
25.648,20.1661,21.7059,3.0016,3.8264,7.1475,4.9589,4.8936,3.4771
25.652,20.7135,21.6900,2.5039,3.6677,3.7636,5.2755,4.2320,3.3790
25.656,22.6068,21.4911,3.7482,4.2503,3.6440,3.8137,2.7211,1.2433
25.660,19.7174,20.0199,4.0365,3.9450,1.9326,1.6560,1.3481,1.9190
25.664,20.2803,20.1757,3.3546,2.9943,2.9600,2.1581,-0.0695,0.9604
25.668,20.2005,20.6466,3.5533,3.9631,0.5017,1.2799,-0.7610,-0.4699
25.672,18.3953,18.8015,2.7193,3.7428,0.2280,-1.1976,-1.0298,-2.5287
25.676,19.2696,17.5061,3.6159,4.5180,-0.9799,-0.5652,-0.5582,-2.8645
25.680,18.2553,19.1744,4.7791,4.7713,-1.1312,-1.3924,-1.4646,-1.1689
25.684,18.8003,20.0721,3.2519,4.2854,0.1875,-1.2681,0.6984,0.1488
25.688,19.0332,18.3146,4.2924,6.0417,-0.0908,0.1240,0.1155,-0.0175
25.692,18.9668,18.5316,7.7015,6.5819,3.4708,2.1812,2.8981,2.7787
25.696,19.1265,18.9968,7.7027,6.3649,4.7912,5.6531,2.5923,2.1518
25.700,20.2028,19.4068,8.6547,7.9780,6.9913,5.3725,4.6210,4.8496
25.704,22.1845,21.9834,8.8682,9.0540,7.9535,8.2721,8.8763,6.8435
25.708,21.1270,21.2350,9.1442,10.4903,9.7781,10.5983,8.5967,7.5868
25.712,18.5647,20.1360,9.8456,10.9360,10.9613,9.2356,7.8704,8.4619
25.716,21.0297,20.6265,10.6191,11.5362,11.6382,9.8180,9.2695,10.1824
25.720,17.8119,18.6219,10.1961,10.0643,10.7836,11.4847,9.0483,9.7348
25.724,17.0580,17.2153,7.8264,8.9040,10.4285,8.8546,9.9434,10.0821
25.728,16.0280,16.6613,6.8290,8.9187,8.4930,9.6324,6.7238,8.1416
25.732,15.2456,14.9138,7.6027,6.6344,7.1511,8.2550,8.4730,7.8809
25.736,13.9572,15.1544,4.5433,6.2352,5.4261,6.2631,4.6747,4.9687
25.740,13.2470,13.1911,2.9941,5.4780,4.9231,4.9824,3.5027,5.6945
25.744,10.6110,10.7802,4.5237,3.2730,5.4207,3.6232,3.6821,2.2378
25.748,10.0270,9.2435,2.2120,3.3563,2.1302,2.0407,1.5739,1.8474
25.752,7.7442,9.6294,1.5116,1.3610,1.0430,1.2650,1.8987,0.2882
25.756,5.5324,7.3461,0.9307,0.3914,0.9510,1.9866,-1.7664,-1.4612
25.760,3.7425,4.0777,-1.0512,-1.8241,-1.6603,-1.7783,-3.3321,-3.0493
25.764,3.1939,3.4382,-1.9897,-0.4979,-3.7264,-2.2733,-4.2409,-5.8484
25.768,2.7532,0.7344,-2.5700,-2.3140,-5.7871,-5.4827,-5.7817,-7.0535
25.772,0.0476,1.8319,-4.1860,-3.1711,-6.7674,-7.0245,-6.5093,-8.0312
25.776,-0.7144,-0.8705,-7.4747,-6.0501,-7.8023,-6.2262,-8.0997,-7.8172
25.780,-2.1836,0.4669,-5.5865,-6.1310,-8.2755,-8.6442,-6.7120,-9.3611
25.784,-3.1969,-1.6131,-5.3508,-6.1470,-7.9937,-7.2733,-8.2659,-7.7099
25.788,-2.6452,-2.9172,-6.7120,-5.7781,-6.2354,-6.9183,-7.8379,-7.2628
25.792,-1.9006,-2.3355,-6.2464,-3.1116,-3.8100,-5.4401,-3.9285,-6.9827
25.796,-1.2730,-1.4819,-5.2137,-4.6514,-3.4466,-4.2422,-4.7706,-4.4274
25.800,-1.9487,0.6764,-3.7067,-3.7904,-1.2166,-1.4216,-2.7428,-1.9048
25.804,-0.3253,0.4885,-2.2123,-3.4066,0.8042,0.7769,0.2702,-2.1179
25.808,1.1109,2.8782,-2.5753,-1.2576,2.6654,2.8244,1.2190,1.3146
25.812,0.7882,1.2730,-0.8731,-1.0749,5.5493,3.6816,2.5284,1.1174
25.816,1.1707,1.8898,-0.9805,-1.3835,5.0177,5.3053,2.6279,4.3060
25.820,2.4904,1.8770,-0.9285,-0.4495,4.9018,5.7177,4.3347,3.3173
25.824,1.4886,2.8583,-1.3858,-0.7097,4.8019,4.8271,4.7407,4.9244
25.828,1.5756,2.5872,-0.5017,0.3652,3.9190,3.5600,3.4569,2.1108
25.832,3.0742,2.3594,1.2757,1.3358,3.7709,3.5736,3.9779,2.4513
25.836,2.8645,3.8197,1.0971,2.5841,4.1651,3.0992,1.2634,2.4073
25.840,1.8642,4.7043,2.5574,0.2596,3.3391,2.4155,2.0700,2.3955
25.844,3.8313,4.9570,3.2339,2.6071,2.3022,2.9917,1.4198,1.1829
25.848,3.1626,5.1627,3.8583,3.2337,1.7021,1.8801,-0.2361,0.3215
25.852,4.0540,3.4945,0.2835,2.7991,1.5805,1.4349,-1.2771,-2.4297
25.856,2.2929,4.2548,2.8879,3.6510,0.8510,-0.7171,-1.8232,-1.6446
25.860,5.2003,3.5884,3.1111,3.6831,-0.2626,-1.2741,-2.3616,-3.4357
25.864,3.4352,3.5927,3.3443,3.2782,-1.9413,-1.8706,-2.8032,-5.4057
25.868,2.5226,5.5535,2.8810,3.5058,-2.4853,-2.1912,-5.1503,-3.9552
25.872,0.7983,3.6208,2.0582,3.7325,-5.2265,-3.2029,-5.9592,-5.9749
25.876,1.7953,3.4511,1.0757,1.1240,-5.0960,-5.5280,-5.2591,-6.4769
25.880,1.9155,3.2678,2.2873,2.5019,-6.4455,-5.2268,-6.0414,-5.9856
25.884,1.7358,2.0414,1.7083,2.0476,-4.4984,-5.3912,-4.9635,-4.7688
25.888,1.1456,2.5073,3.1941,2.2009,-5.6062,-4.2539,-4.6362,-6.1503
25.892,2.6197,1.7780,2.7967,1.2416,-2.5148,-2.6853,-4.0124,-3.9036
25.896,2.4821,2.3673,1.7711,3.2131,0.1559,-1.2596,-1.2159,-1.4864
25.900,1.0786,2.5056,2.1040,2.5051,0.3671,-0.6268,1.2704,-0.9665
25.904,2.7698,5.2620,2.8950,3.1456,2.7976,2.3903,2.3622,-0.3454
25.908,2.4572,2.7006,1.8884,0.9629,4.0675,2.4190,1.5822,0.5403
25.912,1.2753,3.0267,3.2939,2.1620,5.4417,3.4296,3.4794,2.4090
25.916,1.7139,1.1545,2.7143,1.0198,3.6741,4.6769,3.5233,1.6832
25.920,1.2552,0.5612,1.0263,0.7105,4.3182,5.0971,3.2631,3.7807
25.924,-0.7109,0.0778,-0.2457,0.7137,4.2129,3.5940,2.7408,2.3247
25.928,-1.7099,-2.6976,-2.0466,-0.6580,2.5642,2.6380,3.2116,0.6733
25.932,-2.8175,-2.9782,-1.7492,-0.7559,2.4302,1.8425,0.8817,0.6027
25.936,-4.1560,-3.5395,-4.4851,-2.7211,-0.4564,1.5915,-0.4509,-2.0571
25.940,-4.0065,-3.5471,-4.8558,-4.6550,-0.0769,-1.1992,0.6708,-0.9395
25.944,-4.4678,-4.9341,-5.2478,-4.1102,-1.0894,-1.9082,-2.6212,-2.5180
25.948,-5.7452,-4.9197,-5.2800,-4.9284,-3.4501,-2.2179,-3.2691,-4.5504
25.952,-6.3329,-4.7791,-5.9595,-6.2882,-2.9588,-3.4425,-5.5489,-4.7313
25.956,-6.9351,-6.9334,-7.6231,-7.5946,-5.1922,-5.0211,-6.4173,-7.6055
25.960,-7.6399,-7.6221,-6.4934,-6.5441,-3.7551,-6.4742,-7.9862,-6.7030
25.964,-7.5746,-6.3578,-6.1532,-8.0986,-7.2153,-7.3041,-8.6084,-8.8890
25.968,-7.2520,-7.4149,-6.9432,-7.5857,-8.8750,-7.5755,-9.1651,-10.6968
25.972,-7.4913,-7.1202,-8.5478,-8.2183,-9.4759,-10.8202,-10.0776,-10.8448
25.976,-7.9037,-7.7236,-7.1950,-7.0886,-9.8249,-9.2289,-9.1279,-9.9712
25.980,-7.6254,-6.7972,-8.0826,-5.8957,-10.0732,-9.5887,-8.7691,-11.1646
25.984,-8.6370,-7.4878,-6.0670,-5.3727,-9.8772,-10.2485,-9.1714,-10.5288
25.988,-5.9767,-5.6340,-5.7626,-4.8932,-6.3864,-8.3763,-7.2245,-8.0221
25.992,-5.1389,-3.0636,-5.0152,-4.4902,-6.7031,-5.9675,-5.3213,-6.8844
25.996,-4.5201,-2.3508,-3.4574,-1.9803,-3.3356,-3.2518,-4.6303,-4.0390
26.000,-1.0597,-2.2385,-1.0535,-0.2683,-1.0485,-1.7072,-3.3752,-3.9906
26.004,-0.7474,0.0699,0.6345,1.2921,2.0289,2.2091,-0.4695,-0.8496
26.008,1.7984,3.5514,0.9751,2.0786,3.8450,1.7528,1.3867,0.4061
26.012,1.8689,3.0171,2.1608,4.3347,4.9488,3.3602,4.6043,2.6933
26.016,3.0720,3.6131,2.0916,3.4944,5.5199,5.1455,3.7803,4.0736
26.020,3.3058,4.7083,3.7212,5.1830,7.0712,4.5292,3.0428,3.5573
26.024,3.4979,3.7576,5.7950,3.5000,5.8023,5.1968,5.8419,4.5032
26.028,4.3523,4.0222,4.4977,4.4097,4.8948,5.1498,4.5608,3.5743
26.032,2.3027,3.8042,5.4209,5.4328,4.3343,4.0940,3.4280,3.9651
26.036,3.5758,4.7417,5.2853,5.7363,2.2442,3.0620,3.5329,2.6851
26.040,3.4607,3.5207,3.8831,2.9708,3.7999,3.2014,2.6086,1.7450
26.044,2.6194,3.2436,4.6509,4.1821,1.8805,2.2166,2.0054,0.8785
26.048,2.7976,2.8915,5.2867,4.0760,0.6259,1.0714,-0.2919,1.6463
26.052,3.1413,2.9047,4.2726,3.9716,-0.1560,2.2162,0.0505,-1.7586
26.056,0.5930,3.2882,2.8721,1.9541,0.2502,-1.0122,-3.3881,-4.3277
26.060,1.4156,0.4625,2.2342,1.2377,-2.6778,-4.8680,-4.3656,-2.9672
26.064,0.2464,1.9967,1.9980,1.5187,-3.0120,-3.2657,-4.7824,-7.0394
26.068,0.1340,-1.2861,-0.8322,-1.0557,-4.9628,-6.4628,-7.4697,-7.6489
26.072,-1.5933,-1.4832,-1.5683,-1.4474,-7.7630,-7.1599,-8.9167,-9.3636
26.076,-3.9138,-2.8445,-3.2277,-1.3554,-9.6899,-8.3053,-8.9555,-8.5082
26.080,-3.7459,-3.8272,-2.7542,-1.9180,-6.2866,-7.9806,-8.9700,-9.9661
26.084,-5.3660,-4.5608,-3.7359,-4.3435,-8.8687,-8.7743,-7.2964,-7.7319
26.088,-5.1765,-4.0542,-4.6878,-3.5120,-8.2172,-9.6282,-8.2274,-7.6387
26.092,-6.2578,-5.0490,-4.5458,-4.8508,-6.9677,-7.2518,-8.3109,-6.9035
26.096,-6.4405,-4.4208,-3.7588,-4.2389,-3.4358,-6.7689,-6.1943,-5.7410
26.100,-3.7333,-4.7202,-3.8467,-4.2335,-3.1429,-2.7595,-4.1465,-5.6109
26.104,-3.8938,-3.1638,-4.0524,-3.3544,-0.6411,-0.6419,-3.6486,-2.3415
26.108,-3.8197,-4.0072,-4.2456,-4.3205,-0.1525,-0.3286,-0.5364,-2.0945
26.112,-3.1117,-2.8269,-2.9089,-3.7077,1.7681,1.7570,-0.3742,-1.0675
26.116,-3.1224,-2.8212,-3.9874,-4.1275,1.2771,1.7571,-0.5082,-0.6468
26.120,-5.1364,-4.0252,-3.7107,-3.6203,1.6743,0.4161,0.2697,0.1850
26.124,-4.7135,-4.9151,-4.8986,-4.5854,1.7006,1.2692,0.2464,0.9941
26.128,-4.6256,-4.8900,-5.7742,-5.3587,-0.6026,-0.2571,0.7152,0.4308
26.132,-5.4517,-5.1020,-5.6411,-5.0335,-1.5001,-1.5452,-1.6152,-0.2879
26.136,-4.5245,-6.3892,-4.1724,-5.6060,-1.7294,-1.6294,-2.2196,-2.1318
26.140,-4.3395,-5.7467,-4.6799,-4.9348,-1.2888,-1.6249,-2.1415,-1.6911
26.144,-4.4777,-4.2294,-4.9854,-3.8038,-2.5776,-3.6901,-2.8680,-4.4398
26.148,-4.7370,-5.0275,-4.9838,-4.7193,-0.8553,-2.5767,-3.6188,-4.2368
26.152,-3.9445,-3.1855,-4.0217,-5.8464,-2.4586,-3.9205,-6.5114,-5.6872
26.156,-3.2462,-4.0107,-3.6645,-2.6104,-3.0969,-3.9497,-6.4762,-7.2245
26.160,-4.0071,-2.7662,-2.0247,-3.9408,-3.7748,-4.9833,-5.8324,-8.2695
26.164,-4.1193,-3.1174,-3.8326,-3.0556,-6.2557,-6.2050,-8.4495,-6.7505
26.168,-3.3943,-3.7046,-4.2651,-4.3025,-7.6499,-7.2156,-9.2488,-10.0012
26.172,-2.3815,-2.9340,-2.0443,-2.8038,-7.7320,-8.9979,-9.2785,-8.9977
26.176,-3.2224,-2.9842,-1.2723,-3.9248,-8.6191,-6.6207,-7.4839,-9.2743
26.180,-1.5386,-1.7133,-3.1429,-3.3114,-8.3006,-8.6545,-9.6805,-9.2590
26.184,-2.3750,-0.1033,-1.3296,-1.0417,-7.3294,-7.8783,-8.9158,-8.7266
26.188,-0.6222,-0.8853,-0.9299,-1.4572,-6.8440,-7.0367,-6.9319,-6.3379
26.192,0.8980,1.9861,2.6266,0.9236,-4.8294,-5.9467,-5.8778,-7.0516
26.196,2.4005,2.7224,1.7414,4.1541,-2.3968,-2.6258,-2.7515,-0.7219
26.200,4.8676,2.2037,3.0313,4.3833,-0.0451,0.3338,-2.0049,-1.4569
26.204,4.9147,3.7857,4.4938,3.7773,2.9527,2.7965,0.5003,0.7668
26.208,4.0958,5.7938,3.2432,5.3018,4.4597,3.2980,1.4627,-0.2036
26.212,5.5808,5.4972,5.0926,4.3584,5.2116,4.0022,3.8640,3.6480
26.216,3.7868,6.1150,3.5601,6.3458,5.4090,3.6093,4.9311,3.7703
26.220,3.6752,3.9368,7.2367,5.5796,5.7424,6.1272,6.0127,5.3423
26.224,3.9947,4.1678,3.2172,4.6081,5.0360,4.6726,4.2294,2.5049
26.228,2.9405,3.8648,3.9419,4.0254,4.6274,4.3271,2.1241,2.5681
26.232,2.7593,0.9984,3.2229,1.4533,3.2021,2.1736,1.4055,1.2895
26.236,1.4221,2.0554,2.0058,-0.0379,1.9772,1.6737,2.4855,1.5330
26.240,0.0487,0.6014,0.7115,1.7687,1.4710,1.1376,1.4233,-0.9499
26.244,0.0692,0.3007,-0.8509,-0.4324,-0.5316,-0.1760,-0.4974,-2.7625
26.248,-2.0682,-1.2699,-1.0685,-1.6847,-0.0875,-1.7917,-1.3051,-2.3676
26.252,-1.2322,-2.0877,-2.7367,-2.5163,-3.3436,-4.2420,-4.4683,-4.2725
26.256,-4.7909,-2.4298,-3.5893,-4.0391,-5.3605,-4.6645,-5.9213,-6.6333
26.260,-4.2876,-2.9237,-3.4230,-4.0610,-4.4209,-6.5222,-9.2837,-7.8316
26.264,-6.2823,-3.8816,-6.5784,-4.8395,-7.1424,-7.1974,-8.8341,-9.1403
26.268,-6.3183,-6.6008,-5.6445,-4.6946,-9.5953,-10.6428,-11.5325,-10.9722
26.272,-7.9342,-7.4412,-7.8156,-9.2826,-10.3779,-9.8070,-11.8202,-12.7217
26.276,-7.6617,-7.7078,-7.4412,-8.0564,-10.5608,-11.9903,-12.0785,-12.6940
26.280,-8.0190,-9.8157,-8.5101,-9.0672,-11.1395,-12.2287,-12.9587,-11.6812
26.284,-8.1636,-7.7093,-10.2072,-10.8516,-13.0146,-11.8616,-11.1790,-13.1596
26.288,-9.1543,-8.6267,-9.1831,-9.1225,-10.6610,-10.8447,-10.4046,-10.8559
26.292,-7.5718,-9.1368,-9.1402,-9.4390,-9.1556,-8.8227,-9.9822,-9.3145
26.296,-7.4997,-7.2079,-7.7022,-7.4829,-4.9226,-7.6958,-9.6924,-8.5406
26.300,-6.4332,-6.2480,-6.2401,-7.3162,-5.0052,-4.7870,-4.0349,-5.9429
26.304,-7.2208,-5.6196,-5.6151,-4.8242,-1.1695,-2.6439,-3.1065,-4.6395
26.308,-3.2865,-4.3961,-3.8787,-5.6161,-0.1713,-0.8024,-1.7589,-2.6394
26.312,-3.2155,-4.1309,-3.8475,-4.9038,0.4431,0.7441,-2.7286,-1.5860
26.316,-2.9549,-2.6449,-2.8924,-4.1150,0.8791,1.5486,0.3147,1.1719
26.320,-2.1500,-1.6012,-1.8894,-4.1649,3.5662,3.0020,1.0950,-0.3696
26.324,-1.6840,-2.1779,-0.7332,-0.8721,2.4707,1.7933,0.3548,2.9844
26.328,-0.6932,-1.0862,-1.6126,-1.1978,1.6282,3.1737,0.9910,1.3957
26.332,-0.5939,-0.9964,-1.5097,-0.1222,3.0163,1.1514,1.3316,-0.3577
26.336,-0.8008,-0.2481,-0.1658,-0.4125,-0.5522,2.4758,1.1001,-1.3814
26.340,2.1143,-0.4334,0.9515,0.4098,-0.8476,1.3664,-1.5316,0.3968
26.344,1.3663,-0.3477,0.2476,-0.1031,-1.7450,-0.2576,-2.1818,-1.0762
26.348,-0.6540,0.4388,2.1157,1.8691,0.2219,-1.6861,-1.6892,-3.2964
26.352,1.5077,1.5701,1.0800,0.7443,-0.5673,-0.3631,-0.7377,-3.9734
26.356,0.9522,1.9897,0.5305,1.7034,-2.2445,-4.2396,-3.9022,-3.7035
26.360,2.7894,1.4835,1.1874,0.3015,-3.5396,-5.1082,-4.8152,-7.2970
26.364,1.6103,1.7469,0.2329,0.6887,-4.5479,-4.9171,-6.6384,-6.5533
26.368,1.7455,1.8998,0.8125,0.1151,-6.6421,-7.3133,-6.0607,-6.7369
26.372,1.7412,-0.3305,0.0188,0.9408,-7.2528,-8.1173,-8.2992,-8.3257
26.376,2.5055,0.8070,0.5935,-0.3342,-8.4530,-9.0069,-9.4810,-8.8872
26.380,-0.8718,0.1630,-0.5322,1.8966,-7.0139,-8.6795,-8.5629,-9.4340
26.384,1.1059,0.3593,0.7486,-1.0422,-6.7635,-7.2758,-7.2589,-6.3700
26.388,0.1914,1.4702,0.0988,-1.4528,-4.9930,-6.2651,-6.7816,-7.3944
26.392,2.1258,2.7628,-1.6403,-0.7869,-5.4748,-6.3462,-6.4695,-5.8027
26.396,2.3237,0.8871,1.4676,0.6845,-2.1070,-4.1959,-4.6447,-3.9126
26.400,1.1114,1.0351,1.2197,0.6577,0.3802,-1.9329,-2.0165,-1.9275
26.404,0.4507,2.2684,1.4391,0.9334,0.4385,-0.4104,-1.0371,-1.2171
26.408,0.4779,1.0750,0.3814,0.5030,3.4469,1.5045,0.5260,0.5817
26.412,0.2614,1.2333,2.2043,1.0063,1.9433,1.9802,1.2889,0.0945
26.416,0.9937,2.1238,0.1948,-0.0966,2.3784,1.8807,1.5369,0.5091
26.420,0.5084,-0.1614,-0.1297,-0.6627,3.0809,1.1632,2.3583,0.5273
26.424,0.0775,-0.6819,-1.6229,-2.1655,2.1425,0.7625,3.3212,1.1060
26.428,-2.0656,-1.7036,-1.4428,-2.7368,1.2822,0.8414,0.4165,-0.6470
26.432,-2.8056,-2.3085,-2.3195,-3.2418,1.8786,0.5755,-1.2007,-1.4471
26.436,-2.6672,-4.1159,-3.8517,-5.3912,0.3041,-2.4227,-2.2379,-2.2402
26.440,-4.8462,-6.1529,-5.8780,-4.7636,-3.5235,-3.1651,-3.0996,-2.9134
26.444,-5.3131,-5.7212,-7.5527,-6.7814,-2.8242,-1.8447,-3.2929,-5.3931
26.448,-4.7776,-6.1453,-5.1400,-7.9116,-4.4167,-5.9520,-5.4933,-5.1099
26.452,-6.2472,-4.3791,-7.5850,-6.7119,-5.9244,-6.0213,-6.9415,-7.0204
26.456,-7.3299,-7.0346,-7.7307,-7.4436,-6.4666,-6.8727,-6.9673,-6.7847
26.460,-7.3299,-6.3613,-8.1131,-9.1046,-7.6298,-8.5073,-9.1017,-9.5184
26.464,-8.0687,-8.2655,-8.1486,-9.7484,-10.4427,-9.0993,-9.9495,-9.8261
26.468,-7.6099,-6.9206,-8.2716,-9.2896,-9.8618,-11.5189,-10.9532,-11.9924
26.472,-7.3302,-9.2300,-7.1193,-9.6473,-10.5255,-11.7259,-10.8262,-12.4752
26.476,-8.9731,-8.1960,-8.8097,-8.9281,-11.4185,-13.6416,-13.5877,-12.9934
26.480,-7.5334,-7.6069,-7.8210,-6.7940,-12.5038,-13.4557,-11.8822,-13.3421
26.484,-7.0151,-7.8929,-7.0726,-7.9661,-9.5381,-11.4486,-11.8688,-12.3916
26.488,-4.6435,-6.4646,-7.2706,-7.4384,-10.2628,-9.8297,-10.5066,-10.4517
26.492,-3.7683,-3.6176,-4.6465,-5.9976,-7.9024,-7.9065,-8.1546,-8.7714
26.496,-2.1266,-1.4588,-2.4469,-2.8078,-5.6548,-7.3039,-4.9807,-7.0315
26.500,-1.2031,-1.3587,-2.6802,-1.5576,-2.4410,-3.0317,-3.4628,-4.7050
26.504,0.3571,0.2413,0.5046,-0.7224,0.0601,-1.3107,-1.9957,-2.4164
26.508,1.1540,1.7206,0.9070,1.3579,1.7471,1.2056,-0.6460,0.6553
26.512,3.2563,1.9768,3.2474,1.8107,3.9416,3.1669,0.8401,2.0562
26.516,3.2381,3.1918,2.0226,3.6732,3.3427,2.9825,3.1606,2.2114
26.520,4.1127,3.5906,4.9031,2.7911,4.7949,3.4086,2.8015,3.3270
26.524,5.0626,5.2060,4.6788,3.4149,5.1815,4.3099,3.4932,3.7279
26.528,2.2381,5.2198,2.7725,4.3055,3.9888,4.2186,3.1256,3.3086
26.532,3.9842,5.0047,4.5826,4.5185,2.9375,4.8287,4.1344,2.6961
26.536,4.4797,5.7045,4.2518,3.4050,3.0484,2.4172,2.0890,1.3075
26.540,4.3821,4.8125,3.0451,4.0592,-0.0706,1.7754,2.4249,0.5998
26.544,2.9228,4.7729,3.0332,3.3814,0.7111,-0.4381,-0.3228,-0.4120
26.548,3.3278,3.2435,2.8831,1.9053,-0.3086,0.2296,-1.1790,-1.0562
26.552,2.2389,2.9663,2.3090,2.3037,-1.0178,-1.8886,-2.9885,-3.3672
26.556,1.7897,2.7086,2.3736,-0.2250,-2.6764,-3.4535,-3.2944,-2.7357
26.560,3.3954,3.0314,1.5645,0.4186,-4.2964,-5.6161,-3.0839,-6.3676
26.564,-1.2398,0.9156,0.2022,0.6247,-5.5487,-5.8078,-6.6307,-7.5863
26.568,-0.0837,0.3873,-0.5659,-3.0079,-6.9140,-7.0223,-9.6844,-8.3353
26.572,-2.0419,-1.0671,-2.1761,-3.2712,-7.8647,-8.5641,-8.9091,-10.1797
26.576,-2.4970,-3.4011,-2.2807,-2.9333,-10.3746,-11.3379,-9.5593,-9.6187
26.580,-3.0373,-3.8234,-4.5886,-4.6397,-10.1769,-10.6554,-12.3368,-11.4489
26.584,-5.7502,-3.5828,-5.4928,-5.8209,-10.0010,-10.0207,-10.4506,-10.1120
26.588,-3.5454,-4.0176,-4.7257,-5.5935,-8.2538,-9.9400,-10.3904,-10.0156
26.592,-5.3991,-4.0441,-5.9866,-5.1775,-8.2681,-7.5295,-8.9062,-8.3495
26.596,-3.4861,-4.6262,-7.2718,-6.2520,-6.9166,-7.1091,-7.6705,-6.8063
26.600,-4.2793,-2.7342,-5.3911,-5.9225,-5.0755,-5.1046,-4.6641,-5.9044
26.604,-5.6263,-4.4885,-4.3080,-5.2624,-3.4124,-3.1818,-4.0907,-3.8691
26.608,-3.1484,-3.5166,-5.0392,-5.2179,0.3087,-2.9284,-2.5847,-4.0313
26.612,-3.9897,-2.5238,-5.0209,-5.3490,0.5855,1.0845,-0.8390,-1.0995
26.616,-3.8956,-2.8698,-5.0279,-4.0558,0.8765,1.4211,0.9847,-1.6647
26.620,-4.1584,-3.8283,-5.0670,-5.3208,0.6038,-1.0051,-0.8132,-1.6011
26.624,-3.4814,-3.9726,-5.1051,-6.4467,1.6929,-1.1093,0.5543,-0.0195
26.628,-5.7468,-5.0556,-4.5211,-5.2197,1.4601,0.2868,-1.8967,-0.4187
26.632,-4.8594,-5.1100,-6.9990,-6.7579,0.7049,-1.2032,-1.7888,-1.2308
26.636,-4.9071,-4.8150,-6.7193,-6.9720,-2.3254,-2.4100,-2.4349,-1.5296
26.640,-5.5012,-6.0853,-6.5995,-5.2148,-2.3758,-2.4243,-3.4180,-3.4467
26.644,-5.1578,-4.9870,-5.9837,-5.3620,-4.4450,-4.5775,-2.8901,-4.0687
26.648,-4.8839,-5.4285,-4.3429,-5.2662,-4.1962,-5.2603,-3.3812,-5.6890
26.652,-4.4560,-2.9013,-4.4391,-6.2166,-6.1720,-5.4382,-8.0446,-6.4679
26.656,-4.3129,-4.0721,-3.4818,-4.9628,-6.3566,-6.9425,-7.3841,-7.9864
26.660,-2.5360,-3.0498,-5.6240,-5.9933,-6.0738,-7.1761,-7.0140,-8.2496
26.664,-2.4145,-2.8620,-4.3604,-6.2009,-7.1612,-6.4929,-9.0056,-9.2559
26.668,-1.9775,-4.3983,-4.2547,-4.4431,-7.7451,-9.1089,-9.8807,-9.7595
26.672,-3.6910,-1.9251,-3.5734,-4.1635,-10.3110,-9.5153,-9.1104,-10.6782
26.676,-0.4686,-3.5271,-3.2951,-4.1157,-9.6844,-8.7655,-9.9107,-9.2086
26.680,-1.5181,-1.7365,-3.5297,-4.9150,-9.9549,-9.6208,-9.2480,-8.6652
26.684,-1.9435,-1.2097,-2.3346,-0.3587,-9.1502,-10.9510,-8.5647,-8.3792
26.688,0.6351,0.3449,-1.3160,-2.0347,-8.4638,-8.3893,-6.9670,-9.2904
26.692,0.3204,0.5098,0.5443,0.8201,-6.1837,-6.4422,-8.4335,-6.2914
26.696,2.6766,2.2593,-0.4838,0.9360,-3.0287,-3.3947,-3.0753,-3.5036
26.700,2.1159,3.0536,2.5612,2.3988,-1.4677,-0.5034,-3.2871,-2.3430
26.704,5.4536,3.1713,3.1994,3.8051,1.5993,1.1280,-0.1407,-1.0403
26.708,4.8580,7.5278,4.3612,4.5158,3.9879,2.6719,2.1788,1.6885
26.712,6.0555,4.7909,4.0609,3.8268,4.0040,3.3921,2.9838,3.2343
26.716,6.3577,4.4114,3.9486,4.3761,5.9927,4.7379,4.1400,5.8432
26.720,5.5940,6.3742,3.7543,4.4114,5.2218,4.6838,4.8404,3.3633
26.724,6.2104,5.1983,3.7651,3.9689,4.4094,3.8537,2.9768,3.8620
26.728,3.5901,3.9547,3.7784,3.6260,3.6683,3.3884,3.0203,4.1906
26.732,4.0251,4.5260,1.8900,1.1841,2.5206,2.8114,1.0987,1.7123
26.736,1.0985,0.5074,2.6498,0.7929,1.4328,1.0024,2.1431,1.6347
26.740,1.1462,2.2034,-1.9418,-1.3611,-0.0055,-0.6723,0.4209,0.2006
26.744,0.4786,0.8543,-1.1641,-1.1223,-2.5001,-0.2592,-1.0761,-0.1949
26.748,-1.6839,-0.4316,-2.9840,-3.6616,-3.2420,-2.3588,-4.0168,-1.5713
26.752,-2.3378,-0.4184,-3.8666,-4.4139,-3.6764,-3.6346,-5.1121,-3.6213
26.756,-3.1293,-2.9080,-3.0356,-3.1634,-3.9164,-6.5562,-4.8212,-6.7156
26.760,-3.3499,-2.8971,-4.8555,-5.0115,-5.7467,-8.1357,-9.4117,-8.5382
26.764,-6.2148,-5.4948,-5.3437,-7.5862,-10.0077,-8.1168,-9.0061,-9.2513
26.768,-5.7998,-7.8819,-7.0927,-8.7511,-9.3701,-9.1159,-12.2227,-10.5409
26.772,-7.8219,-7.6918,-7.9086,-8.3271,-10.9018,-11.5291,-12.2231,-11.8953
26.776,-8.7551,-8.6282,-8.0588,-9.8738,-12.4182,-13.9274,-12.8838,-12.5794
26.780,-8.4157,-8.8897,-9.9115,-11.5715,-13.3317,-14.5944,-13.1471,-13.5901
26.784,-8.4415,-8.5199,-10.1970,-11.8008,-13.3456,-11.2360,-11.4769,-12.3429
26.788,-7.4047,-8.4821,-8.6663,-10.0997,-10.5568,-11.6261,-10.5793,-9.9524
26.792,-8.2820,-9.1462,-9.9121,-10.0101,-12.2445,-10.1288,-10.1798,-8.9242
26.796,-7.5542,-6.1847,-6.7794,-8.6560,-9.1254,-8.8762,-8.3974,-8.7937
26.800,-5.8068,-6.0191,-5.7556,-8.6390,-5.2713,-6.4565,-7.2652,-5.9344
26.804,-3.6705,-5.8669,-5.8618,-6.0612,-4.6552,-2.9659,-4.6457,-4.0934
26.808,-3.2935,-2.5069,-4.5665,-5.3919,-0.2004,0.7381,-2.1120,-1.4976
26.812,-2.8992,-3.2489,-4.9764,-4.5437,-0.6186,-0.7360,-0.4655,-0.4355
26.816,-1.3146,-1.5124,-4.1941,-3.8578,1.6838,0.1443,0.1715,0.4037
26.820,-1.1222,-0.8028,-0.9977,-2.9805,2.0932,1.6305,2.2519,0.8801
26.824,-0.5199,0.0051,-0.6401,-4.6516,1.4800,0.8345,2.0185,1.7067
26.828,-0.6188,-0.6807,-0.9552,-1.3817,0.9621,0.0660,0.2387,1.5285
26.832,1.1414,-0.7968,-0.6756,-1.2766,0.1859,-0.3560,1.3996,0.8845
26.836,-0.1935,0.7159,-0.4452,-2.4680,-0.0269,0.0463,1.3373,1.8430
26.840,1.3836,-0.0887,-1.6007,-1.6032,-1.0214,0.6411,-0.0500,-0.3810
26.844,1.0960,-0.4886,-0.4537,0.2111,-1.3525,-0.8284,-0.8480,-0.8913
26.848,1.8559,2.7720,-0.3437,-1.5674,-1.3154,-1.2441,-1.4201,-1.7029
26.852,1.8402,3.3795,-1.5070,-0.5719,-3.6883,-3.0505,-2.1205,-2.8140
26.856,4.1167,1.7733,0.6839,-0.2945,-3.5580,-2.8388,-4.1059,-4.1912
26.860,3.2248,1.6045,1.4059,0.0822,-5.2059,-4.5844,-5.2364,-5.9196
26.864,3.0050,3.5556,1.6109,0.7601,-5.6606,-5.7850,-5.7614,-7.2167
26.868,1.3791,0.6984,-0.0703,-0.7218,-7.3186,-8.7690,-7.8095,-7.0581
26.872,0.9858,1.7362,0.8876,-0.5248,-9.3729,-9.4972,-8.3961,-7.6776
26.876,2.6852,0.5877,-1.2970,1.0079,-8.9318,-8.5386,-6.8047,-8.5659
26.880,1.2956,0.5683,1.2869,-0.6444,-8.0742,-9.8559,-9.5376,-8.8315
26.884,0.4563,1.6358,-0.4926,-0.5992,-10.5257,-8.8151,-7.4247,-9.2906
26.888,2.4435,1.5370,-1.4038,-1.3813,-8.0988,-9.0679,-7.2263,-7.8562
26.892,1.9292,0.7901,-0.9826,0.1201,-4.2315,-6.2654,-6.4851,-5.4446
26.896,1.5654,0.9262,-0.5978,-0.5492,-3.1126,-3.2492,-3.8577,-4.0096
26.900,2.3204,1.8376,0.5328,0.7383,-1.6764,-1.5961,-1.4908,-1.8679
26.904,1.2315,2.0916,-0.7213,0.1226,-0.1736,1.1422,-0.7889,0.6568
26.908,3.6048,2.5556,-0.3222,-0.3520,0.5979,2.0922,0.9672,1.0527
26.912,2.1338,1.2288,0.3736,0.1234,1.9459,2.9843,1.2840,2.1518
26.916,1.9701,0.4168,-0.1709,-0.7930,1.2494,3.0550,1.6491,2.6119
26.920,0.6843,-0.2773,-1.5108,-1.5091,2.1174,2.2330,0.9565,2.6577
26.924,-0.3591,-0.8486,-3.2012,-4.2999,1.7163,0.5954,1.5364,2.2061
26.928,-2.0359,-3.3006,-2.0350,-3.4151,1.0902,1.1810,1.1146,0.9791
26.932,-1.2440,-2.3154,-4.5322,-4.7638,-0.9826,-1.5429,-0.4899,-0.3580
26.936,-3.8818,-3.5698,-4.5761,-6.4537,-0.5351,-1.6608,-1.2896,1.1402
26.940,-4.9516,-5.6783,-6.2321,-6.6859,-1.7916,-2.0956,-2.2721,-2.1624
26.944,-5.3212,-6.0190,-4.9178,-6.5378,-4.6913,-3.9395,-4.0347,-3.0474
26.948,-5.1886,-7.7950,-6.6153,-8.5678,-4.5462,-4.8168,-5.7479,-3.6552
26.952,-4.6917,-7.3823,-7.8022,-8.9391,-7.1291,-5.8633,-6.6603,-6.0811
26.956,-6.9900,-7.5094,-7.3198,-8.1862,-6.5080,-7.8215,-8.1268,-7.2639
26.960,-7.9582,-8.7609,-9.1223,-8.2403,-8.3647,-8.9098,-10.2568,-9.9067
26.964,-6.8248,-7.9398,-9.1569,-7.7894,-8.3600,-9.9031,-11.3352,-9.2500
26.968,-7.9568,-7.5806,-9.3418,-10.2013,-11.9260,-10.8576,-11.4345,-10.5408
26.972,-5.9536,-5.7306,-9.8255,-9.3312,-11.9884,-12.8357,-12.4172,-11.3069
26.976,-7.5214,-7.2253,-8.7134,-9.4755,-13.1265,-12.3962,-12.8126,-11.5966
26.980,-6.2688,-7.2759,-10.3396,-9.0686,-11.9612,-12.6297,-11.0807,-13.0161
26.984,-7.7229,-7.7147,-8.2842,-7.9514,-12.4031,-11.0894,-9.2538,-11.4746
26.988,-5.2653,-7.2527,-7.5036,-6.5477,-10.4696,-9.9258,-10.9452,-9.1453
26.992,-4.2043,-3.7573,-4.9071,-5.7151,-10.2213,-8.1205,-8.2035,-7.2994
26.996,-2.8657,-3.4569,-3.4305,-3.9617,-4.0730,-5.9363,-5.0621,-5.8177
27.000,-0.3998,-2.2245,-2.8929,-3.1829,-2.2734,-3.7374,-3.5475,-4.5634
27.004,0.3813,0.9875,-1.8641,-0.9098,-0.5879,-0.0811,-2.3268,0.7084
27.008,1.7147,2.8175,0.3294,-0.7437,2.4254,0.9634,0.5416,1.1124
27.012,3.0336,3.0811,2.8702,3.0393,3.0559,3.7886,2.0661,3.0854
27.016,4.0681,4.5409,3.8096,3.3178,5.6781,3.7612,4.1934,3.9655
27.020,4.2568,4.9828,2.4832,2.7611,4.3230,4.0138,4.6191,5.3134
27.024,4.7875,5.1838,3.1494,3.1761,4.3799,3.4791,4.1281,4.2314
27.028,5.5366,4.9967,2.5797,2.9680,2.2785,4.9924,4.9655,4.5878
27.032,5.1482,3.8307,2.0630,3.5478,2.0085,3.1125,3.5687,3.0763
27.036,4.9672,3.2289,1.7276,2.3392,2.8447,1.9971,3.1831,2.5184
27.040,6.2079,5.2583,2.8188,3.8722,-0.1297,0.7870,2.4698,0.9784
27.044,5.7426,3.7138,1.7789,1.8121,0.7411,0.4485,0.6175,-0.3516
27.048,2.6206,4.3960,1.7790,1.5710,0.0742,0.5653,-1.5375,0.9844
27.052,3.7651,3.5912,2.1408,0.8638,-2.3772,-1.8458,-1.9780,-1.4768
27.056,3.0500,1.4526,1.3645,0.9290,-3.0956,-4.7677,-2.5748,-3.1447
27.060,2.2290,-0.1205,-0.0054,-0.6569,-3.4772,-4.7191,-3.6489,-4.1461
27.064,1.7288,0.6902,-0.5645,0.2657,-5.9011,-5.1866,-5.9647,-6.6221
27.068,-0.2348,-0.6633,-4.1989,-1.6915,-7.2083,-6.9151,-7.5097,-7.3688
27.072,-0.4715,-2.0478,-3.3360,-2.8273,-8.9433,-8.1949,-9.8216,-6.8429
27.076,-3.0420,-1.1384,-4.2487,-3.6823,-9.9616,-10.9360,-7.8435,-10.3392
27.080,-3.9026,-4.0617,-5.2123,-5.5416,-9.5988,-10.0374,-10.3593,-9.4065
27.084,-3.7303,-6.6843,-5.2744,-6.1655,-10.2108,-10.9283,-9.6559,-10.3767
27.088,-4.3171,-5.5069,-6.9718,-5.7866,-9.7317,-10.4347,-8.3019,-7.3991
27.092,-3.4049,-3.2599,-5.3856,-5.9380,-7.3731,-8.9578,-8.5372,-6.3324
27.096,-4.2643,-4.7107,-5.1394,-5.6390,-7.2161,-4.9093,-7.1408,-6.2751
27.100,-4.3495,-4.6998,-5.4167,-6.8714,-3.9680,-3.8052,-4.5833,-3.6997
27.104,-3.8386,-4.7753,-5.8238,-6.3873,-1.1515,-2.6740,-2.9787,-3.2002
27.108,-3.7164,-4.2725,-5.0602,-5.2199,-0.9405,-0.7505,-1.2193,-1.5762
27.112,-3.5983,-3.2954,-6.5210,-5.9547,0.1430,0.3310,1.2086,0.6006
27.116,-3.2829,-3.5904,-5.7901,-5.8548,0.1930,-0.0333,0.7501,0.1756
27.120,-4.4508,-3.1410,-4.8374,-4.2219,0.5991,-0.5331,0.0667,0.3312
27.124,-3.2332,-4.6354,-5.8894,-6.0298,0.8408,0.4964,1.1614,1.1021
27.128,-5.2375,-4.9926,-6.3909,-8.0432,-0.6457,-1.0732,0.5405,1.2173
27.132,-3.5176,-6.4513,-4.8175,-7.5226,-1.8761,-1.8343,-1.5175,0.0539
27.136,-4.3693,-4.6668,-5.9614,-6.0114,-1.7121,-1.7896,-1.0233,0.7137
27.140,-4.8782,-4.4861,-6.4816,-6.7138,-3.0409,-4.0596,-1.8611,-1.4302
27.144,-5.7337,-5.2293,-6.1734,-7.9040,-2.8960,-2.4654,-2.2046,-3.2639
27.148,-4.9313,-4.3076,-6.2121,-7.1927,-3.6413,-5.5878,-2.8666,-4.2472
27.152,-3.2256,-4.5254,-5.3168,-6.1449,-3.9681,-4.9019,-4.0636,-4.7506
27.156,-3.5900,-3.8354,-6.6519,-5.5238,-7.0385,-4.8619,-6.5380,-4.4535
27.160,-3.0292,-1.5851,-3.8770,-5.4652,-5.2795,-6.6499,-5.6575,-5.9037
27.164,-3.9285,-3.4975,-4.2458,-5.2350,-8.6160,-7.4973,-8.4601,-8.5341
27.168,-2.7087,-3.5865,-3.9987,-3.1113,-9.0246,-8.8785,-8.5719,-8.7467
27.172,-3.4136,-1.8016,-4.4501,-5.0902,-9.7492,-9.3972,-10.6575,-8.1767
27.176,-2.4842,-1.9719,-4.2651,-4.4966,-9.0175,-10.4005,-8.6696,-8.8914
27.180,-1.3776,-2.8385,-3.0076,-4.8271,-10.4104,-9.2085,-8.6648,-7.9445
27.184,-1.1931,-0.0649,-2.7181,-2.8621,-9.8766,-9.2553,-7.9946,-6.9180
27.188,-0.7230,-1.3699,-2.4314,-2.3833,-6.9409,-8.7838,-8.0234,-6.7451
27.192,0.7828,1.4078,-2.1479,-0.3370,-6.3481,-5.5010,-3.9700,-4.1972
27.196,1.8891,2.0745,1.1051,1.1781,-1.9506,-3.9108,-3.1769,-3.6140
27.200,3.6821,4.4742,2.1143,1.1593,-2.2171,-0.3352,-0.5827,0.5493
27.204,4.5883,4.2006,3.0311,3.4744,1.5513,0.7335,2.1448,1.4456
27.208,6.4366,5.5009,4.1678,3.1940,4.8984,3.7658,2.4922,4.4234
27.212,5.4673,4.1365,3.6350,4.1873,4.5645,5.6529,4.7702,3.4179
27.216,6.9464,5.2207,2.8363,4.6072,7.0381,5.5974,5.0234,6.8292
27.220,6.1769,5.0942,4.9580,1.4147,6.0445,5.9253,6.6601,5.9543
27.224,4.4702,3.2993,4.9386,2.5338,4.7314,4.5029,6.3555,4.2751
27.228,4.9689,4.7086,2.3443,2.3520,3.9528,4.4139,4.5874,4.8923
27.232,2.6408,3.2060,0.9517,2.3559,2.9024,3.3102,4.7408,4.5820
27.236,2.8771,3.7217,1.2054,0.9100,1.6960,1.4244,3.3172,3.7056
27.240,0.7440,0.1121,-1.3913,-0.4294,-0.3092,0.9486,2.0285,3.2079
27.244,1.1880,1.0233,-1.4560,-2.0990,0.6296,-0.8158,-0.7597,0.1640
27.248,-1.4717,-1.4009,-1.6018,-2.2773,-1.9466,-1.6512,-1.6264,-1.9937
27.252,-1.9477,-1.6736,-2.3653,-3.5748,-4.1327,-3.5859,-3.5132,-2.8006
27.256,-1.8197,-3.4942,-5.1846,-4.4387,-2.9132,-4.2154,-4.4542,-3.5131
27.260,-2.7722,-4.9249,-6.7199,-6.0606,-6.7942,-7.2645,-7.3254,-7.8730
27.264,-4.5084,-5.7221,-6.2176,-6.6038,-8.6643,-8.1039,-8.5037,-6.5509
27.268,-5.9089,-5.7341,-7.6424,-7.4801,-9.4087,-10.1231,-9.3710,-10.2581
27.272,-8.1402,-6.2684,-8.2477,-8.0653,-12.4561,-11.0268,-10.5637,-9.6094
27.276,-7.5400,-8.0877,-9.6742,-10.8490,-13.2281,-12.9659,-11.9698,-9.9466
27.280,-8.6936,-8.3718,-7.5770,-9.4938,-10.5012,-13.7256,-10.1781,-11.5431
27.284,-8.0651,-8.2862,-8.6584,-10.8245,-13.4011,-13.0085,-11.0564,-9.8180
27.288,-8.0244,-8.9950,-11.0380,-9.3614,-11.1172,-9.8334,-10.4108,-11.0639
27.292,-7.0047,-7.5727,-9.2984,-9.5228,-10.0445,-9.5835,-9.3708,-7.4925
27.296,-7.2741,-6.3726,-8.3143,-8.2151,-5.4212,-5.6465,-6.7139,-5.1525
27.300,-7.2106,-6.4208,-5.4962,-6.4941,-4.8255,-5.0668,-3.0838,-3.6277
27.304,-5.0775,-4.8461,-6.3110,-4.0817,-2.1653,-1.0345,-2.7815,-2.3039
27.308,-2.4047,-4.1106,-3.3745,-5.2899,1.3704,-1.1940,-0.3386,0.1823
27.312,-1.6592,-3.0382,-3.8558,-3.6816,1.2294,1.7937,1.5886,2.5023
27.316,-2.9844,-0.3636,-3.1541,-3.5495,1.5778,3.2628,3.2255,2.5070
27.320,-2.5498,-1.9539,-1.8395,-2.7530,1.3047,1.8623,3.8861,3.0784
27.324,-0.3853,-1.2492,-0.4373,-2.9624,2.4461,2.4878,3.8637,4.1901
27.328,-0.4087,-1.4487,-3.7356,-2.8959,1.0401,3.6298,3.8433,3.9744
27.332,-0.4822,-1.1247,-1.6003,-1.6055,2.2225,1.7096,3.9045,2.9346
27.336,-0.3504,-0.0374,-2.0473,-0.3932,1.1716,2.3189,2.8641,2.8516
27.340,2.0399,0.5001,-0.7582,-1.5168,-0.6240,0.8174,2.1699,2.5923
27.344,0.1794,1.1512,0.8511,0.6077,0.0041,1.0759,0.0800,0.5559
27.348,2.0093,1.7376,1.5625,-0.2253,-1.1435,-0.5546,0.1699,0.5286
27.352,1.2605,2.9147,0.9966,1.0488,-1.4153,-0.3337,-2.4709,-1.1140
27.356,2.9778,1.3262,0.8420,-0.9443,-2.5382,-0.5708,-1.4798,-4.2695
27.360,2.6369,2.0718,0.4852,0.0525,-2.4029,-3.8422,-3.8377,-2.7188
27.364,3.0031,2.0442,-0.2415,0.2611,-4.1512,-3.7467,-4.2290,-3.5690
27.368,3.9486,0.7452,0.5139,-0.3868,-4.7403,-5.7202,-4.9968,-5.1424
27.372,2.5103,0.2957,0.0100,-0.6351,-6.7916,-7.3106,-7.2081,-5.8779
27.376,0.5804,-0.0582,-0.7749,-1.0706,-8.3763,-7.9466,-6.1108,-5.2198
27.380,0.8363,1.5213,0.5316,-1.1308,-8.0991,-8.1615,-6.3861,-5.5958
27.384,0.0302,0.1451,-0.8519,0.8223,-7.3476,-6.9238,-6.7321,-5.6831
27.388,0.0223,1.7785,0.6016,-0.3858,-5.9827,-4.9585,-4.9535,-3.3785
27.392,1.5547,1.1292,-1.1133,-0.6050,-3.3692,-5.6048,-4.1850,-1.9831
27.396,2.7966,0.2986,0.6432,-0.8252,-2.0768,-1.2880,-1.6213,-2.0605
27.400,1.5738,1.2443,2.0971,-0.2673,-0.6259,-1.1197,0.0528,0.1362
27.404,0.9077,2.0418,0.9955,0.6086,0.7227,1.6833,1.6023,2.1174
27.408,2.4710,2.5622,1.3509,-0.2964,2.5623,1.3186,2.4671,3.4998
27.412,1.6328,2.4218,0.8232,1.4232,2.6943,3.2917,4.0254,4.2206
27.416,2.1696,0.6032,-0.1648,-0.7254,4.6340,3.2784,4.8320,5.4195
27.420,1.2828,0.6344,0.3087,0.2149,4.8712,4.0885,4.6877,5.4914
27.424,-0.8882,-0.9736,-1.5766,-2.3379,2.6730,4.4326,5.1644,5.5952
27.428,-1.1838,-0.8673,-2.8692,-3.1505,2.0483,3.2879,4.4007,4.2422
27.432,-3.6010,-2.2915,-4.9020,-3.8766,2.2021,1.7125,3.5376,3.0001
27.436,-2.3094,-2.1838,-3.8106,-4.2588,-0.3189,0.6199,2.0705,2.2514
27.440,-5.1362,-4.1182,-5.9402,-5.7904,-2.1938,-0.0607,0.4166,0.8813
27.444,-6.1127,-4.7154,-6.0635,-6.5263,-2.6857,-2.3406,-0.9962,-1.6105
27.448,-5.9806,-5.5882,-6.5813,-5.0551,-3.4183,-4.4333,-1.9877,-1.3291
27.452,-4.6601,-7.5462,-6.9304,-8.1101,-4.5392,-4.3180,-4.0208,-3.9831
27.456,-5.6868,-5.5796,-7.1490,-8.5230,-5.9856,-5.8567,-6.4349,-5.3729
27.460,-6.9300,-8.2761,-7.9306,-8.0416,-7.2115,-6.5083,-6.7940,-7.7427
27.464,-8.1695,-8.4371,-8.6667,-8.2474,-9.1500,-6.9421,-5.9287,-8.0609
27.468,-7.5601,-8.2634,-8.5073,-8.5284,-9.5489,-8.6996,-9.6335,-9.4385
27.472,-8.8530,-7.3810,-10.1970,-7.9721,-11.3723,-10.9359,-10.8187,-9.4245
27.476,-8.4529,-9.0830,-8.6841,-10.0605,-11.0246,-10.8274,-10.7149,-9.8365
27.480,-7.0695,-8.0250,-9.7724,-9.2128,-12.5990,-10.3823,-9.8124,-9.3126
27.484,-6.9517,-7.6839,-7.1333,-7.1469,-10.6471,-9.7584,-9.1324,-7.4447
27.488,-5.6492,-6.3216,-7.8335,-7.1985,-9.0390,-10.3209,-6.2469,-7.5077
27.492,-5.0144,-4.1396,-6.0586,-5.0528,-7.0726,-7.8598,-5.4102,-5.3126
27.496,-2.2411,-3.3386,-4.3508,-4.3143,-3.1520,-3.5979,-4.1776,-2.9253
27.500,-1.4531,-1.6421,-2.9448,-1.0051,-2.9347,-0.8633,-1.8662,-0.7180
27.504,0.7934,0.4742,0.1121,-0.5470,-0.8608,0.9699,1.2254,2.0145
27.508,1.3990,0.9546,1.8472,0.9705,1.9445,3.2862,2.3112,4.7190
27.512,2.5701,4.0733,2.1395,1.8107,3.4518,5.2987,5.5143,5.9725
27.516,3.0069,4.9161,4.0526,3.2356,5.4272,6.2790,6.6512,7.0343
27.520,5.3035,2.8528,3.0284,4.4101,5.4954,6.5637,5.9107,8.8003
27.524,3.9506,3.7335,4.2329,3.5057,5.4822,7.2426,7.4578,7.9434
27.528,4.9449,4.3097,4.8612,3.6601,4.8998,5.2233,6.5668,6.7634
27.532,5.2060,5.3864,2.8374,3.6987,5.2864,5.9528,6.4126,7.7701
27.536,5.5240,5.8892,4.8881,4.0993,5.3174,5.3538,5.9508,6.1590
27.540,5.2858,5.4031,3.6428,2.8161,2.6312,3.4193,4.9911,3.9463
27.544,3.5357,4.4078,3.3351,3.2223,1.0852,2.1729,3.1380,3.7552
27.548,3.3724,1.5280,3.3247,1.7676,2.4570,1.4430,2.2151,2.2116
27.552,3.0778,2.3944,3.2480,3.9053,0.0717,1.0671,1.7526,1.1464
27.556,2.8021,3.0705,1.1379,2.4454,-1.2752,-0.7212,-0.5071,-0.9649
27.560,2.1100,2.2378,1.3916,0.8621,-1.7838,-4.0998,-2.3317,-1.9149
27.564,-0.5328,1.2558,-0.8794,1.5313,-5.3779,-4.2683,-4.5618,-3.6832
27.568,0.2624,0.2893,-1.6552,-0.2334,-6.7608,-5.0627,-5.8597,-5.6343
27.572,-2.0649,-2.8196,-3.6499,-3.6082,-6.9633,-5.9286,-5.7116,-6.5317
27.576,-1.6838,-3.5439,-3.4006,-2.0071,-9.1609,-8.2718,-6.9865,-6.5396
27.580,-3.7881,-4.5461,-4.4650,-3.5495,-9.1485,-8.5823,-7.8873,-6.5957
27.584,-4.2619,-4.3211,-3.8337,-4.1000,-9.4242,-8.9228,-7.0885,-7.1657
27.588,-4.5407,-4.7926,-6.0834,-5.1143,-6.6565,-9.0683,-7.3635,-4.7517
27.592,-3.2769,-5.9407,-6.4809,-5.2965,-4.7450,-5.9418,-5.2094,-3.5331
27.596,-5.6128,-4.7760,-6.5049,-4.6038,-3.7249,-3.5888,-2.5058,-2.8886
27.600,-4.0367,-5.5090,-6.2141,-4.8763,-2.0770,-1.3427,-2.8692,-1.0686
27.604,-2.0468,-4.4892,-5.6777,-5.8475,0.2106,0.0715,0.3460,-0.7351
27.608,-3.6936,-4.0741,-5.2348,-3.1203,1.1220,1.3560,1.8381,1.9667
27.612,-3.0773,-3.1392,-5.5478,-3.6626,1.6407,3.6737,1.0011,3.5004
27.616,-3.7827,-3.8613,-4.8686,-5.3649,3.0415,4.1004,2.2443,4.5248
27.620,-2.8021,-4.5399,-4.9915,-4.4046,4.3221,3.8308,2.7342,3.6814
27.624,-4.2346,-4.6622,-5.8059,-5.0504,2.5297,2.9311,4.3930,4.0060
27.628,-5.2661,-3.7431,-5.0913,-5.9117,3.0592,2.0587,3.0513,4.9594
27.632,-4.6724,-4.8793,-5.5622,-5.5708,1.0206,1.5078,2.7359,2.7487
27.636,-5.3514,-3.6874,-6.0357,-4.9605,-0.6000,0.5393,2.4645,1.8128
27.640,-3.6243,-5.1560,-5.8308,-4.5831,0.6440,-1.2233,-0.3704,1.5289
27.644,-3.8711,-4.8628,-6.1407,-4.5285,-1.7519,-0.2751,0.2643,0.7043
27.648,-4.4176,-4.9019,-5.9068,-3.5671,-0.6310,-3.0240,-0.9386,-1.1744
27.652,-1.7721,-4.8199,-4.4217,-4.0627,-1.8293,-1.5855,-0.8839,-0.8239
27.656,-2.8190,-3.7806,-4.7707,-4.7714,-3.4170,-1.9934,-3.0506,-2.3587
27.660,-3.5008,-4.3219,-3.1696,-4.9265,-5.0825,-4.9288,-3.8810,-5.9500
27.664,-3.9455,-3.2742,-3.6120,-2.6150,-5.6237,-3.7148,-4.0947,-5.9311
27.668,-3.2148,-3.7807,-2.7744,-1.7692,-6.2293,-6.8963,-5.2248,-6.2427
27.672,-1.9334,-3.0514,-2.7800,-3.2818,-7.0725,-8.1199,-7.5525,-6.0695
27.676,-2.0699,-3.5482,-1.8845,-3.3149,-7.1447,-6.8515,-5.4697,-5.9481
27.680,-1.0786,-1.7766,-1.8101,-1.9532,-6.6290,-7.1185,-5.7564,-6.6519
27.684,-1.4374,-1.2422,-0.8283,-2.7479,-7.8608,-6.8195,-3.5090,-3.6804
27.688,-0.5207,0.2838,-1.2049,-2.0061,-6.3267,-5.0026,-3.3281,-2.7139
27.692,0.5777,0.1918,0.5376,0.8377,-4.3821,-2.7304,-2.0305,-1.6869
27.696,3.3719,2.3194,2.4204,1.9356,-0.2037,0.3603,-0.3563,0.0561
27.700,5.0111,3.0864,4.2451,1.9375,1.6350,2.5366,1.9194,2.2773
27.704,4.5932,4.8207,4.2641,4.8910,4.6163,4.5023,4.7178,5.0517
27.708,5.7816,6.1107,4.8195,3.4403,6.7747,6.2972,7.1242,6.1651
27.712,6.3597,6.4059,6.6247,6.2880,7.9837,8.9881,8.5628,9.0283
27.716,6.6069,4.9736,6.1651,6.9128,6.2594,8.4704,9.2452,7.1300
27.720,6.4482,5.8024,4.3585,5.5604,9.8729,8.8413,8.9592,9.6037
27.724,4.1167,4.5539,6.3087,5.2003,7.0333,7.0965,8.1511,7.5028
27.728,4.6904,3.6529,3.9223,2.3097,7.5739,7.0547,8.4646,7.9418
27.732,3.0957,4.1562,3.1888,2.7272,4.6965,6.1971,6.3379,7.9192
27.736,3.1469,3.0796,2.5941,2.8669,2.1423,4.0444,5.5595,5.9272
27.740,1.3375,2.2973,0.3667,1.3251,2.9637,2.6529,4.0471,4.7411
27.744,1.5298,0.3991,1.2404,1.4482,2.5108,2.0393,3.4659,3.2172
27.748,0.6669,-0.8494,-0.5616,-1.1711,0.5420,1.5019,0.5721,1.4894
27.752,-1.1945,-1.3059,-1.3215,-1.8075,-2.3752,-0.3115,0.5225,-0.0281
27.756,-2.2760,-2.4913,-4.5289,-1.6170,-2.8091,-1.1367,-1.6762,-2.1480
27.760,-4.0205,-2.8865,-4.2926,-3.0306,-2.8769,-4.4539,-4.2858,-4.3446
27.764,-6.3321,-5.2631,-4.9733,-4.8110,-5.7949,-4.9135,-5.6063,-4.6808
27.768,-6.0964,-6.6567,-7.0624,-5.0813,-6.5777,-7.2468,-6.3246,-5.7529
27.772,-6.5800,-6.4972,-7.9065,-7.5193,-8.6977,-9.8303,-8.0913,-7.9791
27.776,-6.8166,-8.0826,-8.6890,-6.8991,-10.2653,-9.2505,-7.6378,-8.1548
27.780,-8.1886,-7.8184,-9.4206,-8.3021,-10.8828,-10.9187,-8.0986,-8.3037
27.784,-8.2170,-8.4975,-9.1392,-7.7959,-10.6298,-10.0611,-6.8872,-7.1509
27.788,-9.1381,-8.4804,-9.6879,-8.0192,-9.8455,-7.3591,-7.3402,-6.6557
27.792,-5.7352,-5.9612,-7.0420,-6.5047,-6.7642,-6.1146,-5.7645,-5.4771
27.796,-5.8930,-6.6917,-8.0353,-7.1738,-5.5595,-3.1903,-1.6214,-2.7416
27.800,-5.2334,-5.4100,-7.8401,-5.8870,-2.6884,-1.3252,-1.5015,-0.4788
27.804,-4.6796,-4.3520,-4.3609,-4.7638,0.3919,0.6076,-0.7549,-0.7664
27.808,-3.6972,-3.1200,-3.1136,-3.5839,2.9065,2.4309,3.8974,2.5307
27.812,-1.3966,-2.6519,-1.2334,-3.7218,2.9763,3.8470,3.4909,4.7197
27.816,-1.9804,-3.6456,-1.3325,-2.0399,3.9234,5.0857,5.5827,5.8419
27.820,0.1334,-1.1090,-1.9509,-0.0608,4.5924,5.3988,7.2334,5.8662
27.824,0.3443,-0.7065,-1.4803,-0.4778,5.5515,4.7803,6.1901,6.7155
27.828,-0.1089,0.1111,-1.4653,-0.1976,4.8173,4.7308,5.6796,5.8626
27.832,1.3463,0.9350,1.0783,-0.0703,4.6575,3.8824,6.2481,7.6172
27.836,0.3853,1.7739,1.0047,1.0797,4.5094,4.9316,5.3461,7.0574
27.840,1.7958,1.7353,0.2196,1.5252,2.6313,4.2238,5.8924,5.3079
27.844,1.6199,1.4075,2.9527,1.0699,2.2065,2.8722,4.9191,4.4805
27.848,3.2607,1.5462,1.7402,2.6429,0.9782,3.7913,3.6606,3.2447
27.852,2.3378,1.4214,2.1808,2.0684,0.1275,1.7939,2.9390,2.7128
27.856,2.6859,3.9404,2.9434,3.7052,-0.1906,-0.2094,0.8137,2.3386
27.860,2.7693,4.1571,3.5155,2.3988,-1.1035,-1.0131,-0.1453,2.0993
27.864,2.6570,0.0120,1.8054,2.6515,-1.5556,-1.1117,-2.4153,0.2455
27.868,2.7558,2.5649,1.9771,1.8875,-3.2040,-2.6149,-0.4320,-2.9280
27.872,1.7924,1.2599,3.4645,1.0661,-5.1295,-4.5444,-2.6879,-3.2199
27.876,0.5852,2.3639,0.8166,2.9933,-5.3597,-6.6307,-3.7621,-3.8142
27.880,0.4461,-0.2486,-0.5267,1.9400,-5.5993,-5.5320,-2.4793,-2.8076
27.884,1.5871,0.6159,1.3330,-0.0647,-5.2800,-5.0785,-4.1808,-3.0359
27.888,1.2555,0.2491,1.7328,1.4059,-2.8774,-4.4955,-1.4536,-2.7992
27.892,2.9947,1.4544,3.1025,1.5879,-2.1566,-0.7438,1.0530,-0.1053
27.896,0.7960,1.8397,2.1872,3.1833,0.9810,-0.1562,0.4599,2.0752
27.900,1.7185,1.7255,2.2086,2.3314,3.5687,3.3215,2.0959,4.1279
27.904,1.2313,1.8106,3.3712,4.0238,4.2086,4.4846,2.4774,5.1666
27.908,2.9084,1.2099,3.5264,1.9701,5.9574,5.7762,8.0857,5.8295
27.912,1.8652,1.7516,1.3462,1.5770,6.1975,5.5276,7.4280,6.9160
27.916,0.2502,1.1203,1.3700,2.1202,7.2213,8.5716,7.8275,6.8836
27.920,1.5338,1.8910,-0.3805,-0.0168,7.1112,7.0619,8.3301,7.7503
27.924,0.0247,-0.0412,1.1607,0.5035,5.9147,7.9361,5.8998,7.7523
27.928,-0.1672,0.3716,-0.2146,-1.2523,6.1409,6.6052,6.0806,6.6122
27.932,-3.1035,-2.0170,-0.8941,-2.4991,2.6677,2.8302,5.0378,6.2883
27.936,-3.7530,-3.2139,-1.8299,-1.6634,1.5599,3.6264,3.8544,4.9211
27.940,-4.1480,-2.6261,-4.5111,-5.2693,1.4842,2.0258,1.7791,3.3150
27.944,-4.9942,-4.1149,-3.3578,-4.9040,1.5187,1.7102,1.9847,2.9477
27.948,-4.5021,-5.0086,-4.5057,-5.9482,-0.2295,-0.5886,0.1028,0.8656
27.952,-5.3903,-6.1972,-6.4884,-4.4688,-2.9140,-2.0986,-0.5747,-0.7370
27.956,-5.6388,-6.0337,-7.7822,-5.6210,-2.5345,-3.0881,-2.6691,-1.5927
27.960,-5.9566,-7.6150,-6.9836,-6.4598,-4.5050,-3.6305,-3.0842,-4.3167
27.964,-5.6375,-6.8911,-6.4270,-5.5361,-5.2431,-4.9668,-4.8396,-5.6049
27.968,-6.5541,-9.5066,-6.1724,-5.8252,-5.2524,-6.4314,-9.4861,-6.2270
27.972,-7.2992,-8.0612,-7.5918,-6.0559,-7.4356,-6.3041,-7.7281,-8.4798
27.976,-6.8620,-7.3457,-7.4142,-6.8110,-9.6946,-9.5667,-6.8265,-7.3818
27.980,-7.0782,-8.0349,-8.5848,-5.4090,-9.9287,-7.1834,-7.0067,-6.6649
27.984,-5.8435,-6.6110,-6.1510,-6.6617,-8.2385,-9.1174,-5.9271,-5.0126
27.988,-5.8781,-4.7926,-4.2390,-5.3850,-5.1835,-5.6102,-3.6787,-4.3878
27.992,-4.3598,-2.8511,-3.3463,-2.6886,-5.0109,-4.0432,-3.6137,-1.3569
27.996,-1.8785,-1.9197,-0.8959,-0.5248,-0.5916,-1.2567,0.8779,-0.3583
28.000,-1.7447,0.3700,-1.8213,-0.8007,2.1795,0.7094,2.5551,2.3725
28.004,0.2284,2.1422,2.4375,3.2206,3.4901,3.8914,3.3907,3.0241
28.008,3.5828,2.6214,2.0458,2.2181,7.4417,6.1151,6.7973,6.2663
28.012,4.7814,3.8061,5.1358,4.1345,7.9234,9.2264,9.1376,8.7173
28.016,6.1926,3.9690,4.7839,5.6155,8.7064,9.1948,9.0286,9.3715
28.020,5.2498,4.0662,5.0653,5.9755,9.3457,8.5081,9.6503,11.2576
28.024,5.5276,4.4465,5.3454,5.7932,8.1512,9.3258,10.5492,9.6092
28.028,6.1032,4.9362,6.2408,6.5597,7.6536,9.4901,8.6645,10.5534
28.032,7.0244,5.6302,6.5060,6.6844,7.7881,8.1358,7.9071,11.3312
28.036,5.6807,5.1744,6.8910,7.3009,6.2450,7.7373,9.1617,7.8253
28.040,5.8482,4.8840,5.0436,7.6619,5.7014,6.2842,6.5645,7.8339
28.044,5.2937,6.5397,7.0768,5.4592,5.8723,7.0775,6.4187,7.9318
28.048,4.1621,3.9157,5.3708,5.8189,2.4832,4.2687,5.4769,5.0589
28.052,4.2580,4.5626,4.3989,4.9285,2.1574,3.0360,3.2676,2.6804
28.056,1.8412,3.3432,3.8778,4.2648,0.7739,2.3397,1.8187,0.0628
28.060,2.4383,1.2843,3.1452,3.6220,0.1188,0.8720,-0.1310,0.2287
28.064,1.6644,0.7397,2.3612,2.3585,-0.6538,-0.2847,-2.4571,-1.6141
28.068,0.4112,-0.1287,0.7047,0.0953,-3.0949,-2.3426,-3.4408,-2.3592
28.072,-0.6738,-1.3549,0.0586,-0.2399,-4.7356,-4.6881,-2.0785,-5.5902
28.076,-2.3377,-1.3285,-1.8989,-1.1673,-5.6897,-5.4778,-4.1894,-3.4188
28.080,-1.9568,-2.6850,-2.4345,-2.7777,-5.1822,-3.4845,-4.4247,-5.0192
28.084,-3.0860,-3.3899,-4.1716,-1.6764,-6.9649,-6.1244,-4.1690,-3.9524
28.088,-2.0469,-2.3397,-2.7385,-3.4217,-4.8385,-5.0004,-4.0165,-2.9151
28.092,-2.2849,-4.4586,-3.1858,-1.7008,-4.3398,-2.2503,-2.8089,-2.3585
28.096,-3.2636,-3.9783,-2.9849,-2.8342,-2.0624,-1.6835,-0.9865,-0.1598
28.100,-1.7759,-3.4830,-1.0146,-0.7412,0.1395,0.2267,-0.1281,2.8825
28.104,-2.7109,-2.6853,-1.9943,-2.8207,2.8949,3.2681,3.0969,3.3708
28.108,-1.6799,-2.6614,-1.3999,-2.4508,3.5017,3.4243,5.8351,4.1153
28.112,-2.2965,-1.8465,-0.7703,-3.1707,6.1268,5.9425,6.2067,5.4086
28.116,-2.0581,-1.7688,-2.3521,-1.5461,5.9735,5.1342,6.7104,7.1513
28.120,-1.5996,-2.1792,-1.7693,-2.3322,6.3708,6.3051,6.8172,7.6142
28.124,-3.8415,-3.0779,-2.2899,-1.6939,4.9552,7.6028,6.5092,7.3670
28.128,-2.8086,-4.1690,-1.7217,-1.3055,5.4504,6.1264,7.2453,6.6434
28.132,-3.6532,-3.0381,-4.2541,-3.3574,4.4557,5.4020,5.1498,6.4069
28.136,-3.9364,-3.2177,-2.8186,-2.5923,3.2155,4.8650,5.9656,6.6895
28.140,-2.8126,-2.9782,-2.8720,-2.6139,2.3505,2.3225,3.7801,5.3047
28.144,-3.6076,-3.2017,-2.8461,-2.9188,2.4557,1.9612,2.5182,2.1837
28.148,-1.9705,-2.6992,-2.3596,-0.4005,1.4582,2.6145,0.3499,2.2620
28.152,-3.8787,-4.3899,-1.6410,-2.4964,0.8418,1.3580,0.2238,1.4891
28.156,-1.6597,-1.8252,-2.9949,-0.7267,-0.5230,0.0562,-1.6834,-1.0958
28.160,-2.5400,-2.6552,-1.1911,-0.8196,-1.0778,-0.8902,-1.6133,-0.9177
28.164,-1.3560,-2.0778,-1.1902,-2.0987,-2.0746,-2.0545,-2.9635,-1.4599
28.168,-2.0264,-1.0980,-0.7236,0.1511,-4.5937,-3.0731,-4.1131,-1.4605
28.172,-0.9508,-2.5257,-0.9910,0.2460,-2.5999,-3.2327,-3.6623,-5.1740
28.176,-1.3069,-0.7862,0.1376,0.0388,-5.0619,-4.9766,-3.2106,-4.5317
28.180,-1.1613,-0.5368,-0.1677,1.2509,-4.6956,-3.9499,-2.0787,-4.0157
28.184,-0.3043,-0.7606,0.0291,2.6261,-4.8841,-3.5354,-2.0726,-1.7943
28.188,1.4611,2.2349,3.2081,2.8731,-2.3951,-2.5457,-0.4441,-0.1665
28.192,2.8341,0.6788,3.0745,2.9248,-0.2560,-0.6573,1.3732,1.8089
28.196,2.2765,2.9655,4.1518,4.6346,1.8028,3.3427,2.4623,2.4434
28.200,4.8913,5.3724,5.1165,6.6362,5.7221,4.5734,5.4599,5.8531
28.204,5.5361,6.8585,6.8948,6.9519,8.4174,7.4247,6.3894,7.6434
28.208,8.4159,6.6327,7.7213,8.5097,8.2634,8.3265,8.6233,9.2381
28.212,6.8065,8.5013,8.0385,7.2435,9.6215,10.1336,10.3933,11.1057
28.216,7.6892,7.9653,8.1423,6.5981,9.9087,12.6032,11.5516,11.7737
28.220,6.2472,7.4915,8.4570,8.8595,11.6006,11.2693,11.4103,11.9382
28.224,7.1292,6.4162,6.2711,9.1956,12.1936,9.9421,11.7798,11.9331
28.228,6.1184,5.1766,5.8338,6.2209,9.2239,9.6707,10.2577,10.5082
28.232,4.6667,5.7128,5.4612,5.0357,7.9593,9.3466,10.4466,9.8558
28.236,4.3359,3.8327,6.9826,5.5057,8.4238,9.1171,10.0302,9.2757
28.240,2.8032,3.0950,4.0904,5.2886,6.6562,7.6038,6.2366,8.1710
28.244,2.0570,3.6357,3.8173,3.2329,5.3867,6.1552,6.7653,4.3585
28.248,1.5592,0.9831,0.4173,2.3558,2.1313,4.6257,4.1035,3.5799
28.252,-0.1537,0.3241,0.8444,0.8763,2.6484,2.5607,3.7097,2.7436
28.256,-0.7288,0.5816,-0.6330,1.4483,0.0969,-0.9113,0.4755,0.7035
28.260,-1.5783,-2.8508,-1.8475,-1.7930,-0.9067,-1.2697,-1.5074,-0.1075
28.264,-3.5614,-4.9096,-2.6981,-2.3901,-2.9767,-3.3290,-4.8041,-4.0225
28.268,-5.4881,-4.5254,-2.7914,-3.3963,-5.8189,-3.1327,-3.9025,-4.6559
28.272,-5.0453,-4.9627,-4.8314,-4.0996,-7.4013,-6.5797,-6.2084,-5.4443
28.276,-9.1617,-6.3733,-5.3775,-5.6562,-7.7608,-5.7527,-6.3379,-5.7961
28.280,-8.2538,-7.5029,-6.2000,-6.1106,-7.9318,-7.5289,-5.1896,-7.1021
28.284,-8.2719,-8.7800,-6.6787,-5.3006,-7.3757,-5.4244,-5.4696,-4.2346
28.288,-8.2766,-8.0197,-4.5918,-3.6777,-5.9562,-5.0277,-3.7475,-4.3172
28.292,-7.1989,-6.1449,-6.7709,-4.8368,-4.9665,-2.3540,-3.3613,-2.7362
28.296,-4.9895,-4.3397,-3.4209,-3.2653,-1.6281,-1.7477,-0.9964,-0.3548
28.300,-4.0925,-4.6374,-2.7900,-1.6991,1.8116,0.1013,2.1076,0.6212
28.304,-3.5206,-2.2875,-2.1091,-2.8105,3.2939,4.1202,3.0658,2.7710
28.308,-2.3383,-1.6479,-0.7064,0.1952,4.5720,5.2880,5.3622,5.0557
28.312,-2.1092,0.7668,-0.9416,-0.1229,6.0449,7.3606,7.0652,6.7093
28.316,-0.5074,-0.5559,-0.4676,1.6182,8.7318,7.6150,8.3744,7.4942
28.320,-0.2711,0.2804,1.2153,1.6098,8.3140,8.1680,7.4238,9.4538
28.324,0.5955,-1.1594,1.5381,2.0434,7.7748,8.4708,8.8014,7.6270
28.328,0.2842,1.7331,1.9673,3.3607,6.7665,8.2190,7.0066,7.8704
28.332,1.5185,1.9207,3.5714,4.1990,8.6464,7.0081,7.4999,7.8583
28.336,0.8802,2.3031,2.6721,2.7362,5.5069,7.2752,8.3099,7.1488
28.340,3.3093,3.2707,4.0734,5.4618,5.4829,5.8381,6.8254,6.5740
28.344,2.3708,4.0555,4.0595,3.0544,5.4422,6.5674,6.7703,5.6094
28.348,3.4440,3.0823,3.6806,4.8619,5.4597,6.2801,5.9869,5.4344
28.352,1.9733,4.1922,4.0286,5.9707,4.5366,5.0697,4.4027,4.0921
28.356,3.5308,3.8871,6.1747,5.9091,3.7690,3.5214,2.8576,3.8812
28.360,4.4235,3.9403,5.8361,5.4113,1.6687,0.8322,1.9165,2.8608
28.364,5.4482,3.3201,3.2809,6.0797,1.8966,-0.1539,0.7091,1.3069
28.368,3.2632,4.4637,5.6947,4.6460,-0.4252,0.2445,-0.5125,1.3764
28.372,4.1229,4.0142,4.7670,4.7538,-1.0978,-1.2290,-1.1691,0.1724
28.376,3.4057,2.2914,4.4896,5.8657,-3.0090,-3.1757,-1.9215,-1.5819
28.380,2.9859,2.4465,4.9163,4.5471,-3.1415,-3.0903,-1.1296,-0.2389
28.384,3.2033,3.1881,3.5918,2.2972,-2.1584,-1.3632,-0.3794,-1.8071
28.388,2.0218,2.6951,4.0076,4.0366,0.7612,-1.2085,0.5568,-0.5262
28.392,2.7469,3.1137,2.9750,4.4816,0.6971,1.2211,2.0488,1.6754
28.396,3.5537,2.1097,4.3554,3.7350,1.9459,3.2865,4.3960,3.2388
28.400,3.8946,3.8972,5.0848,5.4868,4.2108,5.8940,6.4812,4.5096
28.404,3.1493,5.6151,4.9800,6.0500,6.5865,7.2622,6.9948,6.4743
28.408,4.2113,2.7849,6.0023,5.0958,8.9641,8.4303,8.2791,8.5858
28.412,3.1315,2.7131,5.2534,4.6137,8.9440,10.1862,8.9516,8.7623
28.416,3.2824,2.8369,4.7863,6.0622,10.3825,11.3069,9.5325,8.5153
28.420,1.6981,3.1477,5.7037,4.1662,10.5173,10.0803,7.9953,9.8563
28.424,1.1885,2.5037,1.6369,3.1198,10.9098,8.2911,8.8931,10.1781
28.428,-0.3111,0.4753,2.0909,2.1246,5.5949,8.6289,9.4793,9.1030
28.432,-0.0187,1.5303,-0.3924,1.7314,8.1081,6.7846,7.8459,7.8334
28.436,-1.3783,0.0033,1.0853,0.3762,4.8426,6.0475,6.3118,6.8434
28.440,-2.5470,-2.7642,0.8921,0.6091,4.8634,5.9661,4.5279,6.0905
28.444,-1.6068,-1.1548,-1.0586,-2.4935,4.6817,3.7736,1.9398,2.3437
28.448,-3.8958,-2.6837,-0.9313,-1.2767,0.4597,2.5188,2.0229,1.2529
28.452,-4.2445,-2.9578,-1.7086,-2.5140,-0.2155,0.8835,0.8609,-0.4775
28.456,-6.0368,-4.5542,-2.8592,-2.2824,-0.2287,0.2349,-1.1020,-0.4235
28.460,-5.5763,-3.8846,-2.1568,-4.4263,-1.6028,-0.3482,-3.2900,-1.9729
28.464,-5.3313,-6.0932,-3.0003,-2.5078,-2.6939,-3.1916,-4.1581,-3.3830
28.468,-5.4582,-5.1018,-5.1891,-3.9068,-5.2563,-3.6267,-3.8895,-4.0588
28.472,-5.0026,-5.1254,-5.3147,-4.4045,-6.3810,-4.6885,-4.9768,-4.5297
28.476,-6.6004,-6.0684,-4.2884,-3.3980,-6.4823,-5.9803,-5.3882,-6.4338
28.480,-5.2626,-5.0753,-3.1354,-3.2782,-4.0899,-5.8031,-4.5645,-5.7740
28.484,-4.3611,-4.5855,-3.5670,-2.9468,-5.5256,-5.1475,-4.2436,-3.6539
28.488,-2.5966,-5.2871,-1.9569,-1.6357,-2.6560,-4.1301,-1.4330,-3.9535
28.492,-2.7321,-2.0371,-0.0312,-0.4607,-1.4105,-0.4492,-0.8617,-1.2882
28.496,-0.5997,-0.9217,1.6664,2.5908,0.4295,1.3127,1.7657,1.2865
28.500,1.1735,1.4368,1.7864,1.8993,4.9964,5.8091,3.3608,3.4717
28.504,2.2677,2.0951,3.8549,4.6890,8.0077,6.0241,6.0940,6.1372
28.508,4.5807,4.8311,5.5686,5.0454,10.2016,9.5418,7.6865,8.8505
28.512,6.2075,5.3487,6.3468,7.3198,9.1947,11.0881,9.8055,10.0782
28.516,6.7919,6.6471,8.7022,7.3317,11.6824,11.5760,10.6813,11.3704
28.520,8.0888,7.0571,9.0445,8.5618,12.0269,12.7876,11.8442,11.2965
28.524,6.2516,8.2338,9.0844,10.8656,11.2080,13.3548,11.9752,11.7491
28.528,7.4932,8.2108,8.9151,9.3632,11.6613,9.9509,13.1847,12.3198
28.532,7.1306,6.8179,8.5792,9.5767,10.8501,10.7476,11.1447,10.7440
28.536,7.3583,7.2396,9.0126,7.1731,9.5484,9.7719,9.9562,10.4024
28.540,7.1953,7.5830,9.6810,9.5584,9.0706,8.6881,9.3865,9.9338
28.544,6.4006,8.1975,6.8733,9.0081,7.8262,7.2559,7.2779,8.5207
28.548,6.0175,6.7099,9.2034,9.5766,5.9748,5.5641,6.3237,6.4672
28.552,5.6849,7.3983,7.2670,8.1496,5.1807,5.9228,5.0626,7.2260
28.556,4.9439,5.4773,5.6268,6.9623,3.9818,3.5936,3.5775,3.6620
28.560,3.1758,3.9651,4.8281,6.4129,3.1702,3.7453,2.2105,1.9670
28.564,4.0492,3.2876,5.9421,6.6865,2.0309,-0.0105,-0.2430,0.1430
28.568,1.3351,2.5909,2.6132,5.2378,-1.1954,-1.0043,-0.3434,-0.6206
28.572,2.3923,1.6622,3.5391,3.9157,-2.9560,-0.9693,-1.6863,-3.8657
28.576,0.6037,-0.6176,1.1645,1.4273,-2.9035,-2.6349,-3.0347,-2.0253
28.580,-2.1245,-1.6087,0.3317,0.5380,-3.1966,-3.6961,-2.9215,-4.8373
28.584,-1.1023,-0.3416,0.1490,1.9108,-2.2359,-3.8020,-1.6752,-3.3249
28.588,-1.1910,-0.3592,0.1028,-0.2366,-3.0481,-2.9380,-1.6671,-2.6329
28.592,-2.0395,-1.3002,0.5990,0.2448,-0.4619,1.3291,-0.3548,-1.4574
28.596,-1.6742,-2.4706,0.1079,1.6986,1.4062,1.0244,1.1846,-0.1256
28.600,-0.6971,-1.1279,-2.5136,1.0881,3.0476,3.3944,2.1438,1.7976
28.604,-0.9599,-1.2215,0.8220,0.3132,6.0055,4.7461,4.7723,4.0895
28.608,-0.9621,0.0186,-0.6393,0.0880,6.1798,6.5396,6.8216,5.5234
28.612,-0.7279,-0.2903,0.2152,1.0912,7.4633,8.0876,8.0168,7.8185
28.616,-1.5777,-1.1520,0.6548,1.4437,8.3776,6.9561,7.5118,7.3034
28.620,-0.1084,-0.6610,1.3290,0.2131,7.6887,7.5142,8.6627,8.6813
28.624,-1.7726,-1.8865,0.1364,0.6652,6.7570,7.4342,8.4030,8.7855
28.628,-3.2515,-0.9728,0.2999,1.2285,6.5810,8.1908,7.4639,7.6937
28.632,-1.5304,-1.9320,-0.8857,0.3059,6.5752,6.7150,5.5376,4.7130
28.636,-2.1161,-1.6664,0.3743,0.7872,4.9868,6.0083,7.2348,5.4387
28.640,-2.9582,-0.4528,0.3641,0.6627,4.0402,4.8175,7.0106,4.8813
28.644,-3.0647,-1.1039,1.3401,0.0455,4.3631,3.1392,4.0115,4.1489
28.648,-0.7332,-1.5196,-1.5562,1.4945,3.3827,3.6643,4.1909,3.0744
28.652,-1.5189,-0.6272,-0.3933,1.5427,2.6163,3.5951,1.0270,2.2076
28.656,-2.4745,-1.3746,-0.2969,0.6596,2.9954,1.8973,1.1598,1.0681
28.660,0.0059,1.0108,0.3342,0.7570,0.8731,0.1380,0.8192,-0.8975
28.664,0.6975,1.1302,0.6630,2.3636,-1.0592,-0.3323,-0.9621,-1.0937
28.668,0.3917,-0.3651,1.8404,2.7461,-1.0560,-1.5221,0.0176,-2.1485
28.672,0.3204,1.8391,1.8895,1.6569,-2.7050,-3.0218,-2.3809,-1.5870
28.676,1.2151,0.6601,1.9153,4.2359,-3.4604,-1.9094,-2.8395,-3.0811
28.680,2.0639,2.0353,2.1120,2.6476,-3.2480,-2.6474,-1.4995,-4.1618
28.684,0.5212,1.8212,3.0597,3.4641,-1.5616,-1.0713,-0.2883,-1.8471
28.688,5.0136,3.4095,4.0353,5.8300,-0.6968,-0.7634,0.5004,-0.2879
28.692,4.1039,4.3513,6.0944,6.4037,1.9206,2.3696,2.2770,1.0492
28.696,4.5391,5.5974,7.5608,5.8880,3.2012,4.8733,3.6801,4.6438
28.700,7.3494,7.6352,8.5230,9.2807,4.7002,7.1661,6.5567,4.1468
28.704,7.0168,7.5520,8.7348,7.8379,10.9618,8.7836,6.9676,8.0532
28.708,9.6995,9.1579,10.2474,10.5436,9.7777,11.3889,9.7904,9.7284
28.712,9.8116,8.6889,11.1654,11.0687,12.7897,12.5063,11.5729,10.4243
28.716,7.9893,9.8021,11.1911,10.8912,13.1667,12.6452,10.9474,12.3952
28.720,9.2359,9.1465,10.2203,9.8969,11.7997,12.1865,12.3700,12.3555
28.724,8.1100,8.9119,10.0871,9.6792,12.3333,13.3234,12.5411,12.7196
28.728,8.1975,7.5741,8.5721,9.2544,9.7827,12.9695,13.2880,11.9600
28.732,6.4281,6.8373,8.3213,9.3808,11.5554,10.1497,11.2295,11.4351
28.736,5.1972,5.2270,8.6943,7.2403,9.6767,9.1531,8.9925,7.7902
28.740,3.2657,5.0620,5.8112,6.7437,7.7171,8.9476,8.4519,9.5122
28.744,3.2731,2.6869,5.0823,5.5470,6.1759,6.4400,6.0603,5.7493
28.748,3.7876,3.2151,5.9010,3.5373,4.9008,5.0597,3.9904,4.0711
28.752,2.9909,3.5349,2.8035,4.6728,2.6759,4.1167,4.4598,4.0936
28.756,-1.2166,1.0203,1.2244,2.5623,2.8582,3.3030,2.6197,0.7332
28.760,-0.1269,-0.5798,1.6712,1.6022,0.3068,1.9505,0.4299,-0.5824
28.764,-1.7929,-0.5426,0.5223,-0.7234,-1.0619,-1.5799,-1.8364,-3.0504
28.768,-2.9552,-2.5652,-1.0994,0.0733,-1.8492,-1.9848,-2.9616,-3.1678
28.772,-4.9352,-3.7803,-2.7450,-1.0347,-5.3180,-3.2088,-5.6378,-4.7399
28.776,-5.6797,-4.1684,-3.5566,-3.1488,-5.1122,-4.6332,-4.0592,-4.9559
28.780,-5.4250,-3.5305,-3.9544,-2.5590,-5.0964,-5.3863,-5.0987,-4.4764
28.784,-5.0231,-4.8919,-3.8159,-4.2323,-6.0076,-5.4126,-5.7345,-5.2129
28.788,-5.8739,-5.3992,-4.4534,-4.8697,-3.3318,-2.9713,-3.0525,-3.8851
28.792,-2.7347,-3.6445,-4.2359,-2.9344,-2.5396,-1.5343,-2.3759,-1.4991
28.796,-3.9528,-3.0219,-2.1481,-1.8135,-0.0087,-0.3423,-0.0058,-1.5467
28.800,-2.8011,-2.2299,-0.9552,-0.6521,2.9763,2.0832,3.0686,1.0825
28.804,-0.3600,-1.6633,-0.4387,-0.7002,2.5578,5.8070,4.1651,3.9341
28.808,-0.5045,-0.2494,1.2249,0.8352,6.1200,5.7896,5.9247,5.5165
28.812,0.7719,2.6109,2.6493,3.1504,9.1504,8.3438,6.9279,6.0207
28.816,1.0700,1.4191,3.5976,4.8194,9.8832,9.5360,8.3653,8.2825
28.820,1.5461,1.1789,3.5185,4.5839,8.9195,10.5105,8.8868,9.0458
28.824,1.8641,2.9117,3.6923,6.5987,9.2396,10.4677,9.6559,9.3306
28.828,2.9626,2.3035,4.9797,4.4729,8.0919,9.9887,10.1096,9.1506
28.832,3.0913,3.6663,3.6143,6.1888,9.6184,9.0588,10.1964,7.5774
28.836,3.0135,3.6137,5.8853,4.8163,7.7934,8.6863,7.7019,8.4833
28.840,4.8363,5.2507,6.3057,7.7063,7.6205,7.1525,7.6522,9.4344
28.844,5.0743,5.2017,6.6209,7.1813,7.3875,5.7407,7.8474,6.9458
28.848,4.8316,5.2886,7.0176,6.0279,8.1712,4.9619,6.4191,5.1033
28.852,6.2674,6.9529,7.8912,7.6698,6.9993,6.2201,5.1348,2.6619
28.856,6.4819,5.7054,7.2137,8.8418,4.7566,5.5086,2.9814,2.7749
28.860,6.1267,7.3050,8.0850,7.0950,4.2210,5.0717,2.7222,2.1866
28.864,6.4546,6.4221,6.4383,7.7354,1.9985,2.0131,0.6738,0.1283
28.868,6.7676,5.5492,5.7736,7.9591,1.9799,1.3182,1.1922,-0.9064
28.872,5.6488,5.5432,7.1244,7.6589,0.8939,-0.1784,-1.6443,-1.4000
28.876,3.9890,6.0939,6.3602,5.4391,-0.2874,-0.3364,0.5304,-0.6101
28.880,3.6926,3.3518,5.3591,6.6925,-0.3082,-0.6151,0.7604,-1.7060
28.884,6.1593,5.4135,6.7264,7.5771,-1.3578,-1.1286,-1.2922,-2.2005
28.888,3.7514,5.2581,6.8684,7.1280,1.0433,-0.3119,-0.0990,0.7506
28.892,5.4646,6.3165,7.1239,7.3851,2.0965,1.8319,1.8680,0.6906
28.896,5.0763,5.8507,6.5355,7.3319,3.9422,3.3371,4.8264,2.7779
28.900,5.8203,5.4240,7.0255,7.3240,7.2422,6.5880,6.9060,5.0314
28.904,6.5698,7.0020,8.1443,7.9653,8.6006,8.9123,4.8107,7.2701
28.908,6.7799,6.9213,6.4666,7.9677,9.4586,10.2462,6.6050,7.9889
28.912,6.5813,6.2602,7.7559,8.1592,11.6516,10.4446,10.0295,8.0552
28.916,5.3806,4.0697,6.6024,5.9607,9.9304,12.8970,9.8139,10.2424
28.920,4.1099,4.9292,5.2906,5.1321,10.8961,8.8681,10.0314,10.5932
28.924,3.4790,3.4928,3.9922,6.4354,9.7017,8.7438,9.1994,10.1458
28.928,2.8607,2.9644,3.6163,4.2961,9.0478,9.0272,8.7904,9.0745
28.932,1.8146,1.8908,2.8061,3.7564,7.9218,6.6468,7.7292,6.5266
28.936,1.5658,-0.1998,1.7620,1.6813,7.0639,6.2845,7.7575,6.3528
28.940,-0.2372,0.5539,0.8042,2.9823,4.0950,5.8474,3.4956,3.9355
28.944,-2.4913,-1.0611,0.7702,1.2947,3.9431,3.5854,4.1155,3.0959
28.948,-1.2340,-1.3338,0.0431,-1.6030,2.4173,1.6078,2.2628,3.3158
28.952,-2.2948,-1.3646,-0.2137,-0.6448,2.5800,3.3232,0.6373,0.8081
28.956,-1.3346,-1.8928,-1.8891,-0.7025,1.3460,1.8081,-0.8458,-0.9395
28.960,-2.7457,-2.0442,-1.2703,-2.6140,-0.2942,-1.1801,-1.6882,-2.2287
28.964,-4.1409,-2.6057,-0.5609,0.1186,-1.9174,-3.4970,-4.0717,-5.1568
28.968,-3.6532,-3.2806,-3.0491,-2.5057,-3.5203,-4.1093,-3.1706,-3.4638
28.972,-3.7195,-3.6067,-2.2822,-2.3679,-5.8207,-2.9770,-5.1685,-5.1596
28.976,-3.1013,-3.9101,-2.2380,-2.3812,-3.8261,-5.7182,-4.9788,-4.2774
28.980,-3.0399,-2.8870,-2.5036,-2.3342,-5.7800,-5.6111,-6.1888,-5.3683
28.984,-2.0934,-1.4610,-2.6301,-0.1583,-3.9478,-3.4662,-4.2413,-3.7415
28.988,-1.5629,-1.5273,-0.1369,0.4990,-2.1553,-1.3543,-2.1664,-3.3156
28.992,-1.3524,0.6816,2.0052,1.3993,-0.9409,-0.1769,-0.1725,-1.0059
28.996,1.6082,0.5412,4.0937,2.3413,2.5171,3.8530,2.3074,0.4877
29.000,2.3975,3.6398,5.1185,3.2253,5.2465,5.2538,4.9495,2.5914
29.004,5.3258,4.5889,5.8597,8.2651,8.1294,7.5766,5.2599,6.6572
29.008,7.0102,6.8727,7.3227,8.4888,9.8434,10.5245,7.9346,8.2648
29.012,6.6127,7.0796,8.7699,9.4110,11.1410,10.9624,10.3168,10.0658
29.016,6.5242,9.0284,9.5026,8.7888,11.6063,12.9581,11.7636,11.8832
29.020,8.3922,7.3522,8.4741,10.5498,12.8954,13.6428,12.6371,11.1980
29.024,9.5844,8.4665,12.0560,9.1719,12.2040,11.7428,11.6541,11.0479
29.028,7.8506,8.9578,11.5098,11.2687,12.0927,12.2548,11.5566,11.1025
29.032,9.3347,7.0536,12.2398,10.9125,11.2061,9.3013,11.2310,8.7876
29.036,9.0063,8.9202,11.6459,10.9062,10.5056,10.8242,10.8226,9.3704
29.040,9.8258,11.4726,10.1509,10.3840,9.0118,9.5214,10.0580,8.9026
29.044,9.0824,9.5281,8.5327,9.1623,9.6121,9.0829,8.3997,6.6076
29.048,8.0064,7.6761,10.2977,10.1054,7.5767,5.5923,6.1789,6.2820
29.052,7.3604,6.9427,9.4826,9.6177,6.9683,5.8834,5.4368,5.3567
29.056,6.8410,7.6241,8.3027,10.3075,5.1904,5.4534,2.4872,3.4725
29.060,5.9452,6.8648,7.4784,7.1422,2.4583,4.3322,2.0560,2.5909
29.064,3.3291,6.9832,5.8453,5.3808,2.4943,1.4763,-1.2637,0.3115
29.068,4.3287,5.5154,4.7734,5.7121,-0.6747,-2.3178,-0.5697,-2.1346
29.072,3.2313,3.9993,6.2020,2.9526,-0.6138,-2.4170,-2.2083,-2.7191
29.076,1.7697,2.7222,2.5575,3.0332,-1.4240,-2.2668,-3.3534,-4.0001
29.080,1.5457,0.8226,2.0899,3.2622,-1.2407,-2.3702,-3.6581,-4.2528
29.084,1.4185,0.3907,2.3375,0.6346,-3.0000,-3.2241,-2.2387,-3.1100
29.088,1.0529,0.9680,2.3910,0.1220,-2.3341,-2.3815,-2.6894,-2.8990
29.092,1.4972,0.0033,1.5080,2.1607,-0.4527,-1.5147,-1.8568,-0.7114
29.096,-1.6872,0.8699,1.9416,2.1721,2.4176,1.3027,1.2224,0.6079
29.100,1.6462,0.6298,1.8794,0.2595,4.2693,2.6400,2.8283,1.3437
29.104,0.0873,0.5337,0.5443,2.0757,6.0685,4.9729,3.7033,3.4928
29.108,-0.3491,1.0829,2.5090,1.8995,6.8695,7.3061,5.8878,5.4157
29.112,-0.7613,-0.4191,0.6902,4.5099,7.9195,7.7817,4.8561,7.0204
29.116,1.6605,1.0502,0.6672,2.9999,8.4584,8.1436,6.4269,7.8085
29.120,1.3440,0.5008,1.8209,3.1228,9.3089,7.9933,8.2851,8.5324
29.124,-0.3613,2.2925,2.5449,2.0160,8.8005,7.1325,7.0827,7.9204
29.128,0.8362,1.1573,1.9918,1.6168,7.7609,6.6363,7.8357,4.9816
29.132,-0.4755,-0.7613,1.0682,0.6565,7.9006,6.2966,6.1209,5.7593
29.136,0.6506,0.5448,0.4895,0.8137,5.3663,6.2441,4.8635,4.1879
29.140,0.2195,-0.3636,1.0871,1.8488,5.9888,5.3910,4.6764,5.0092
29.144,0.7557,0.9509,0.9758,1.7390,4.6863,2.4326,3.5856,3.9465
29.148,1.1967,2.0815,2.5885,1.2572,3.3357,3.9213,2.2903,2.8759
29.152,0.5237,0.1395,3.7625,1.1684,3.5218,3.6228,2.0078,1.8500
29.156,1.6294,2.8860,2.1196,1.4196,1.4026,1.3798,1.2407,0.8235
29.160,2.1277,3.2454,2.5699,2.4641,1.8473,0.5028,-0.0973,-2.0690
29.164,0.5420,0.7486,2.2196,2.4857,0.8661,0.6295,-2.5789,-1.8553
29.168,1.9720,2.8216,2.6527,2.6789,-2.4090,-1.2390,-3.2467,-2.0343
29.172,2.9008,2.6972,2.8504,3.6880,-1.0302,-1.3353,-3.3685,-2.0412
29.176,1.5932,2.2419,4.0302,3.9893,-2.2631,-1.2359,-3.8976,-4.2831
29.180,3.5880,2.0972,5.2809,4.4943,-1.0197,-3.5086,-3.6619,-1.8583
29.184,4.0272,3.9267,4.9713,4.6423,-1.9350,-1.7290,-2.3282,-1.3142
29.188,4.2018,6.2347,6.3691,6.1718,0.1420,0.0693,0.3028,0.7409
29.192,5.1923,7.5986,7.3770,7.7843,0.7629,1.7949,2.6781,1.5259
29.196,6.6027,8.1953,7.1498,11.0910,5.4170,2.9175,2.2816,3.5960
29.200,8.1861,8.7401,9.7782,9.3774,7.1047,6.0329,2.9879,4.0940
29.204,10.6093,9.6293,8.9971,9.8315,10.1229,8.8848,5.7507,6.5055
29.208,9.5919,9.6278,11.1924,11.8707,11.7622,10.4115,9.0167,8.0966
29.212,9.9054,11.8637,11.4255,10.7754,12.4629,11.7311,10.2081,10.3312
29.216,11.0268,10.0989,10.6835,11.0156,10.2960,12.0133,11.6796,10.1095
29.220,9.3892,11.6989,11.4259,11.9597,13.2157,11.2964,11.1995,11.6998
29.224,11.8521,11.3414,10.7851,9.8352,12.6528,11.5761,10.5815,10.6176
29.228,9.3539,8.1371,9.6563,10.2339,10.7947,10.6710,11.3021,11.4801
29.232,9.1280,7.2803,9.2383,9.6428,9.1890,9.6609,9.0118,10.0453
29.236,7.4954,6.3136,8.1333,8.7803,8.5370,8.7195,8.7058,7.7325
29.240,6.3742,6.8944,7.8455,7.1357,8.7410,7.2319,7.1102,6.6924
29.244,5.4878,5.6969,4.9463,6.0824,6.3925,5.3693,6.1974,5.4787
29.248,3.9948,5.0678,6.9895,5.2537,4.4099,4.9642,4.7668,4.2269
29.252,3.1992,2.4011,4.8235,5.0606,4.0517,3.5581,1.7493,1.0771
29.256,1.9174,3.4485,3.7320,2.9035,3.3421,2.6945,-0.2800,0.0515
29.260,1.9009,-1.3165,2.7793,2.8312,1.4679,0.4398,-2.6620,-1.5208
29.264,-2.5548,-0.2576,0.0983,0.1714,-1.0101,-2.4336,-3.0671,-3.5909
29.268,-1.1678,0.0376,-0.9908,-1.0033,-3.3702,-3.6674,-5.1582,-4.1054
29.272,-2.4382,-2.4213,-0.4237,-2.1172,-4.8200,-3.5291,-5.3660,-6.6665
29.276,-2.3393,-1.7338,-1.4643,-1.8002,-5.0216,-6.0678,-5.9110,-5.8453
29.280,-3.1667,-3.2665,-3.1014,-2.8681,-3.8914,-5.9660,-5.9874,-6.6686
29.284,-4.4585,-3.7520,-2.6480,-4.4379,-4.2774,-4.8576,-6.3524,-6.7610
29.288,-2.8074,-2.6121,-3.2372,-1.9810,-5.1914,-5.0897,-4.9832,-5.5359
29.292,-2.0357,-3.2214,-3.1671,-2.3861,-2.0685,-3.2974,-2.0063,-3.6684
29.296,-0.3496,-1.7600,-0.1428,-1.0081,-0.4495,-1.1229,-1.1461,-2.7431
29.300,-0.4427,-1.5779,-0.3370,1.3551,3.8275,1.4982,0.2880,0.6376
29.304,0.3184,0.8901,1.5246,-0.3836,5.3100,5.8612,3.4148,1.2515
29.308,2.8254,1.2859,2.1173,0.1279,6.0546,6.8303,4.7781,4.9767
29.312,1.4023,2.5399,2.5452,2.3593,8.1752,6.5313,7.5093,5.3285
29.316,1.7628,3.5021,4.8918,4.0613,9.0988,9.1829,7.2203,6.7518
29.320,3.3274,4.5874,5.1939,4.2318,10.1379,9.8349,7.8665,6.9908
29.324,4.1539,5.6328,4.6068,3.7807,10.6063,7.0234,8.6894,6.8354
29.328,4.9402,4.3395,6.8170,3.9212,9.8522,8.3723,8.9868,7.1444
29.332,3.5117,5.8082,4.7852,5.8457,6.5198,8.7263,8.0560,6.5635
29.336,4.4327,5.4921,7.0905,5.2096,7.3408,8.5364,7.3052,5.7808
29.340,5.5587,6.7449,6.1579,7.4107,7.5254,5.8650,7.2647,6.1037
29.344,7.1570,6.3510,6.5156,6.1611,6.1845,4.2744,5.2207,6.0530
29.348,8.0819,8.6960,6.9633,6.6694,5.7823,5.3258,4.8044,3.7655
29.352,6.1817,7.8860,6.9214,7.8765,4.9833,3.4947,5.2434,2.0380
29.356,7.0936,7.3425,8.4255,8.2650,4.8614,3.9635,1.9143,1.9600
29.360,7.2326,7.2869,8.3960,7.2050,3.1116,2.5719,0.1238,-0.1248
29.364,8.4019,8.5867,7.5375,7.0987,1.9344,1.5960,0.3711,0.1916
29.368,6.0769,8.0017,6.6202,7.2973,0.5821,-0.0517,-1.7048,-1.7175
29.372,5.9799,7.2622,7.2405,7.5957,0.0758,-1.9332,-1.7691,-1.5560
29.376,4.2888,7.2178,8.3186,6.7445,-0.5931,-1.5699,-2.2453,-2.4529
29.380,5.3755,5.7684,5.3944,5.5941,-1.6038,-1.2375,-1.7751,-2.9672
29.384,6.2603,7.4429,6.8892,4.2999,-1.3155,-2.7327,-1.8180,-0.9390
29.388,7.1974,5.5793,6.1732,5.5609,-0.1313,-0.3803,0.0872,-0.7057
29.392,8.0004,6.9231,6.2937,6.9149,0.2795,-0.1112,1.0094,0.7646
29.396,7.2523,7.9231,7.6696,7.3402,1.9002,2.4768,2.4950,2.4117
29.400,7.1201,8.0860,6.6409,5.1394,5.3831,5.6787,3.2810,2.9959
29.404,6.2440,8.2708,7.1468,6.1960,6.8404,7.3688,5.2284,4.3263
29.408,7.6763,7.9578,7.1406,7.8673,9.8275,8.8156,6.7583,6.6162
29.412,7.7553,6.6668,6.9068,7.1701,10.5058,10.4142,6.8648,8.1628
29.416,6.1412,6.9057,7.3360,7.0521,9.3122,9.2992,8.0946,7.3718
29.420,5.4184,5.9411,4.7175,7.2278,8.5043,8.6493,6.7654,8.1311
29.424,3.8118,4.6231,5.3738,4.2190,8.7524,7.2464,8.0034,6.6919
29.428,3.6546,2.8772,3.4984,4.4349,7.9945,7.7352,9.4166,6.3066
29.432,1.8728,2.6767,2.8141,3.9616,8.0079,5.8114,6.7363,6.0997
29.436,1.4475,1.2445,2.3827,1.5054,5.8192,4.6811,6.0276,4.6223
29.440,0.1481,0.9998,1.3316,-0.6473,3.3717,3.5163,4.8619,4.1302
29.444,-0.7067,0.0496,1.8866,-0.2414,4.5574,3.4267,3.1038,2.5740
29.448,-0.2934,-0.1047,0.2526,-0.4401,2.3792,0.8289,1.6890,1.1140
29.452,-1.2054,-0.8852,-1.4705,-0.7003,1.2421,-0.4694,-0.7044,-0.4045
29.456,-1.0636,-1.2206,-0.1545,-2.1664,0.8789,0.2783,-0.7562,-2.1372
29.460,-1.2750,-0.4106,-2.7078,-1.1222,-1.7346,-1.0709,-3.6832,-3.9997
29.464,-3.1798,-1.6347,-1.3578,-0.7994,-2.3672,-4.0402,-5.1391,-4.5620
29.468,-2.2540,-1.4381,-3.0186,-2.0652,-3.7292,-4.7944,-5.6137,-6.8172
29.472,-3.3492,-2.3683,-3.4415,-2.1299,-4.9649,-6.3033,-7.0926,-7.5998
29.476,-2.2922,-3.3145,-0.7532,-2.2312,-5.6674,-5.1416,-7.0933,-7.3113
29.480,-2.5804,-2.4831,-0.6383,-0.6200,-5.7763,-8.5925,-6.1800,-6.6484
29.484,-0.3930,-1.5522,-0.1640,-1.4464,-4.4317,-6.8325,-4.8917,-5.9363
29.488,-0.2652,-1.4306,0.6439,-0.8490,-5.2972,-2.8787,-4.4725,-4.2488
29.492,0.8447,2.5997,1.1430,-0.4065,-0.2868,-2.6024,-3.4257,-2.3744
29.496,4.3848,3.5390,2.5995,1.3778,1.0945,-0.1117,0.7753,-0.6147
29.500,4.1806,5.1674,4.8397,3.7411,3.3192,3.0525,0.9343,1.9142
29.504,5.6045,5.7076,4.5137,5.5721,6.4005,5.8618,4.6876,4.0696
29.508,6.6138,7.0501,8.1151,7.4381,8.6298,7.7274,7.0669,6.0503
29.512,7.8155,8.1548,8.2687,7.5247,7.9166,10.0076,7.1059,8.9579
29.516,9.1366,8.5814,9.3063,10.1415,10.1125,9.2449,8.6893,8.7702
29.520,10.0262,9.0719,10.3539,9.8842,11.5193,11.4341,9.0772,9.6289
29.524,9.6430,9.2248,10.4185,9.8738,10.1513,10.0199,10.0745,10.2222
29.528,9.7884,9.8957,9.0758,9.5573,9.4144,9.2368,9.1928,8.2934
29.532,11.0712,9.8289,9.1705,11.5087,9.6833,9.8435,8.1539,11.0430
29.536,10.5153,10.6004,10.2315,9.2716,9.7013,8.2924,7.8666,6.9583
29.540,10.5350,9.7514,10.8820,10.5261,8.4619,8.8646,7.2961,6.8317
29.544,9.4575,9.5372,9.8258,9.4807,6.0819,6.1343,7.7786,6.8491
29.548,9.4978,8.9045,9.8328,8.6657,4.3460,5.1258,4.4595,7.0678
29.552,9.1265,9.7483,9.1948,9.2910,6.0304,3.7084,3.8932,3.8146
29.556,6.8699,7.9485,7.6593,7.4648,4.2670,3.5298,2.7580,1.9310
29.560,7.5704,6.3357,8.0898,7.6102,1.1832,0.8847,0.5003,0.2041
29.564,6.8110,7.5539,5.7438,5.4234,0.9688,-0.2274,-1.8261,-1.9889
29.568,6.4889,5.7056,4.6559,3.4306,-1.7086,-0.9687,-2.6098,-3.1511
29.572,3.7691,4.5919,4.4636,4.1413,-3.9208,-5.4446,-3.7525,-4.2423
29.576,4.1955,3.9035,2.4843,3.3304,-3.0149,-4.2556,-3.9194,-6.1635
29.580,3.2580,2.5330,2.4063,1.7770,-4.0677,-6.1034,-4.6954,-6.2075
29.584,1.3038,1.8881,0.9227,0.6341,-4.0367,-3.2000,-4.5594,-4.3243
29.588,-0.0126,0.6568,-0.5796,0.9215,-3.2634,-2.4305,-3.4110,-3.4317
29.592,0.0703,0.9408,0.2806,1.2053,-1.4562,-2.1441,-4.1297,-2.5111
29.596,2.0332,1.1543,1.6096,0.0141,0.3743,0.2089,-1.3686,0.0314
29.600,1.0958,2.6077,0.0285,0.4803,1.6399,1.6610,2.3214,1.0987
29.604,2.5097,1.5224,1.2404,1.0451,3.9929,3.6748,0.6705,2.0973
29.608,0.9673,2.4966,1.2502,0.9902,5.0033,3.9613,3.3281,3.7188
29.612,1.4544,1.9326,2.2616,0.4113,5.2945,5.5276,5.0731,5.1928
29.616,1.6916,2.3610,1.0713,0.8494,6.8052,6.8270,4.8263,5.3538
29.620,1.6920,1.0443,1.9074,0.7678,7.8753,5.6158,4.8873,4.9202
29.624,0.4054,0.4544,1.5302,0.1659,6.4840,6.5840,4.6119,6.3892
29.628,0.4098,0.3699,0.2773,-0.1835,6.1390,3.4269,4.4694,4.9865
29.632,-0.3270,0.8922,-0.0767,0.0268,5.6841,2.6005,2.8696,3.6143
29.636,-0.7196,-0.1648,-0.3099,-1.1188,3.8809,3.6399,3.7196,3.5483
29.640,0.7013,-0.5025,0.1699,1.2942,4.1309,2.7637,0.6311,2.2594
29.644,0.9172,1.3960,0.9570,-0.6181,2.0958,1.1972,0.9056,1.4499
29.648,0.5728,0.7879,1.3244,-0.8091,1.6885,2.6537,0.7325,-0.6048
29.652,0.4180,0.8458,1.1525,-0.9834,1.7653,0.6982,-0.5920,0.0571
29.656,3.3499,1.8194,1.4130,-0.3745,-0.6493,-0.9560,-3.1451,-2.8340
29.660,2.3697,0.4730,1.5225,2.0528,-0.3630,-0.9787,-3.5509,-1.6031
29.664,2.8175,2.0805,1.7057,1.8125,-2.5733,-1.7599,-4.1387,-2.6035
29.668,0.8239,2.0962,0.7718,2.1173,-2.6013,-2.1205,-3.7012,-3.3824
29.672,2.9663,3.8459,3.2107,1.0655,-2.7743,-4.3390,-4.0260,-4.4468
29.676,3.4063,1.6582,3.3938,1.3605,-3.5611,-4.6797,-4.5676,-4.2613
29.680,4.4770,3.7179,2.6121,4.3916,-3.8092,-4.4993,-4.9983,-5.5368
29.684,4.1025,4.5594,2.9604,2.3494,-2.9857,-3.0442,-3.0911,-3.1701
29.688,4.8157,4.7639,5.7226,4.6563,-2.8785,-1.5005,-1.2779,-1.2694
29.692,6.0491,7.7475,5.8484,6.4995,0.5525,0.3996,-0.3199,0.2163
29.696,7.9002,9.4620,7.5538,8.1155,2.7243,2.0663,2.4798,1.0698
29.700,9.3534,9.5355,8.2611,9.0706,4.6208,2.8282,3.4031,3.7681
29.704,10.0037,11.2056,9.4756,9.8310,5.6364,6.6284,5.4524,4.5150
29.708,9.9500,10.4512,9.7533,8.5665,8.1456,9.0640,6.7314,6.3687
29.712,11.3235,11.1846,9.6538,8.5818,8.8075,10.1980,8.4739,7.8897
29.716,11.1538,10.7331,10.9068,9.6494,11.7293,9.5413,8.6316,9.8528
29.720,10.7996,11.1378,9.1937,9.1798,11.5223,9.3569,8.6336,11.3026
29.724,8.8782,10.3323,9.3432,8.9851,11.7408,8.6684,8.9058,8.2115
29.728,9.6499,8.8656,8.1397,7.6406,8.5715,9.3785,8.9473,7.9805
29.732,6.9475,8.1699,8.8074,6.7292,8.4895,7.2881,8.4476,6.6711
29.736,8.2247,7.6307,7.3311,6.1759,6.0019,6.1465,6.4038,6.6541
29.740,6.7091,7.5045,5.1131,6.1050,5.6791,5.1013,5.4001,4.8285
29.744,4.6501,4.4020,4.6021,3.9822,2.5119,4.8089,3.6496,3.2025
29.748,3.6084,4.7746,5.5322,2.4517,3.1230,2.3365,2.7487,2.1438
29.752,3.1013,3.8917,2.7123,3.0921,1.9306,3.0093,0.9694,0.7131
29.756,3.0490,2.8351,0.1268,0.7623,0.4959,0.1213,-0.3235,-2.1941
29.760,1.1057,1.6187,0.4866,-0.9039,-1.0487,-0.5140,-3.0066,-2.4223
29.764,0.0460,0.4354,-1.9238,-1.1977,-4.0687,-5.2116,-5.0401,-4.4047
29.768,-0.2650,-0.0142,-1.1086,-0.9656,-5.3402,-5.4402,-4.9569,-5.6003
29.772,-2.4809,-1.1977,-2.0381,-5.1440,-6.7715,-5.0022,-4.6298,-7.4384
29.776,-3.1162,-3.1823,-3.7491,-4.3973,-6.9661,-8.1307,-6.4647,-6.9569
29.780,-3.5329,-3.6476,-2.6415,-2.9684,-7.7321,-7.9274,-6.7159,-7.9805
29.784,-2.9553,-4.1796,-4.5659,-4.8971,-7.1829,-8.2642,-7.2394,-6.9940
29.788,-4.4371,-3.6456,-5.4871,-4.4396,-5.9546,-5.6468,-6.2503,-7.6108
29.792,-2.6022,-3.5495,-3.3453,-4.1659,-3.8837,-4.1143,-5.6843,-4.4155
29.796,-1.8194,-1.9658,-3.6906,-2.9723,-3.0651,-1.4787,-3.3842,-3.3834
29.800,-0.1103,-1.6661,-1.8860,-4.0215,-0.6432,-0.6595,-0.6071,-1.7310
29.804,0.7386,0.4980,-0.1293,-1.0789,2.0633,0.5429,0.3990,1.4660
29.808,1.9138,1.9650,1.4183,-1.3391,4.9498,3.4536,2.2754,2.4129
29.812,0.8107,3.3325,0.9553,1.3159,5.0929,5.3717,2.6427,2.4978
29.816,1.8188,1.7457,2.2822,0.1988,5.7172,5.2533,5.0380,5.3484
29.820,3.0231,3.0683,2.3594,1.7985,7.3659,6.8860,5.5066,4.5196
29.824,3.7613,4.4563,3.8427,2.0181,6.2470,5.7488,7.5110,6.4687
29.828,5.2175,3.2533,3.7876,2.6115,5.6361,5.0784,6.5100,4.8592
29.832,3.7071,4.4727,3.6767,3.2009,6.1959,6.4447,6.8860,6.8355
29.836,4.7455,5.4398,4.0687,3.0653,5.3804,4.2571,5.1734,4.9235
29.840,4.8782,5.4724,4.1176,5.0978,4.4575,2.9240,5.3272,4.2073
29.844,5.5838,5.7609,4.7890,4.9182,3.7257,3.9136,3.9689,2.8313
29.848,6.2233,6.2355,5.8784,5.4622,3.3930,3.6768,3.0672,2.8019
29.852,7.1769,8.6123,5.1964,5.6756,3.0518,3.3830,2.0752,0.5274
29.856,7.5020,6.2896,6.5753,5.9395,2.1082,1.8084,1.0985,1.1840
29.860,7.0025,7.4516,6.1704,5.5432,0.9635,0.2385,-0.9603,0.0188
29.864,5.8956,7.9319,4.8801,5.0970,-0.8698,-0.6906,-2.6815,-1.9287
29.868,5.5521,7.1927,6.4702,5.2612,-1.1787,-1.2700,-2.7673,-1.9420
29.872,6.7677,7.2231,4.7527,5.5196,-2.5995,-5.8937,-4.0431,-3.2765
29.876,6.7520,4.9822,3.9807,4.8853,-3.2714,-4.5465,-4.8201,-3.1279
29.880,6.1821,5.2171,5.4286,4.7979,-2.5643,-3.0642,-4.5226,-3.4066
29.884,4.4766,5.5855,4.7016,4.0003,-3.9490,-3.4194,-2.8540,-1.5405
29.888,4.2043,4.6603,5.8296,3.7495,-2.5566,-2.3529,-2.8828,-2.6123
29.892,5.0962,5.5769,5.1651,5.7953,-1.6941,-0.7579,-1.9351,-2.3677
29.896,6.1744,5.1323,5.2168,5.4186,1.5296,0.4212,-0.3481,2.7060
29.900,5.3567,5.2793,4.8533,5.0248,2.0124,3.2860,2.5623,2.4875
29.904,6.1659,6.1960,5.3239,5.3146,4.3455,3.8665,3.6112,3.6172
29.908,5.7098,6.5420,6.3379,3.8964,5.9421,6.1676,3.8455,3.6902
29.912,6.0310,7.1067,5.0918,4.9760,6.3107,7.9899,5.1168,6.7764
29.916,4.2905,6.4461,4.6689,4.2369,5.9499,6.4181,5.1972,6.3329
29.920,3.6132,5.6091,4.2837,3.8445,6.9726,7.2485,6.3096,4.8161
29.924,4.0462,3.3971,1.9878,3.8553,6.5536,7.0169,6.3203,5.6430
29.928,3.8642,2.8217,2.2900,2.4907,4.1200,4.9829,5.0224,6.4801
29.932,2.6305,0.5387,2.3003,0.2935,5.2174,3.8436,3.1787,5.1645
29.936,1.0192,0.4636,0.1426,-0.6624,2.1916,3.0616,2.7450,3.4412
29.940,1.2314,-0.7298,1.0291,-0.5412,2.6095,3.8179,1.4329,3.2942
29.944,-0.4926,-1.5655,-1.8516,-2.6555,0.3878,1.4232,0.7631,0.2062
29.948,-0.4639,-0.4836,-1.3414,-2.2622,-0.4178,-1.0198,-0.8857,-0.7366
29.952,-1.1944,-2.0218,-2.1431,-3.6293,-1.8208,-2.4374,-1.9886,-2.2119
29.956,-1.0683,-1.2891,-3.1547,-3.8010,-1.8647,-3.3956,-2.4861,-2.0859
29.960,-1.7398,-3.0294,-3.3965,-4.8044,-3.4213,-2.9875,-4.1812,-3.5518
29.964,-2.3604,-3.3438,-3.4829,-4.3598,-4.8852,-5.5461,-5.5079,-5.9351
29.968,-2.9806,-1.9992,-4.1252,-4.6822,-5.7362,-7.2642,-7.1177,-6.7205
29.972,-3.8042,-3.6064,-3.9341,-5.1378,-9.2340,-6.2790,-6.7725,-8.3027
29.976,-2.2479,-2.2186,-3.8763,-4.7623,-6.6709,-7.7821,-8.4393,-8.6129
29.980,-2.0824,-3.2095,-2.8966,-4.7612,-6.9386,-7.3423,-8.2344,-7.1952
29.984,-1.5152,-0.8854,-3.0984,-4.1114,-6.7324,-8.5398,-7.6827,-7.1069
29.988,-0.9547,-0.5513,-1.8212,-2.5219,-6.3548,-5.6623,-6.5142,-5.3970
29.992,1.4120,-0.4077,-1.4004,-1.5060,-3.5097,-3.1652,-3.0981,-3.3061
29.996,2.4027,2.6285,0.5919,0.8355,-0.6933,-0.6874,-0.8976,-2.0368
