time,Fp1,Fp2,F3,F4,C3,C4,O1,O2
0.000,1.1339,3.6653,-0.9680,1.9375,2.9008,-9.5396,-6.3932,-8.6350
0.004,1.8849,2.9959,-1.1017,0.7257,1.3847,-9.3480,-6.4905,-6.6221
0.008,4.3566,2.1216,-1.8046,0.3414,3.7003,-7.5853,-4.3423,-8.9234
0.012,6.4436,-0.3110,1.3582,1.8150,2.4243,-5.8250,-2.6699,-8.2004
0.016,7.8440,0.7090,3.4983,1.7645,0.4864,-4.1775,2.5316,-10.7256
0.020,5.4715,-0.0041,5.3050,4.0758,-1.6419,-2.1538,3.2923,-8.3975
0.024,5.9101,-2.4228,2.2095,2.3191,0.9926,-2.1534,5.4754,-7.3979
0.028,2.7940,-4.5378,-2.4858,5.2477,0.7452,-1.3029,6.9657,-3.8211
0.032,3.2381,-5.4363,-0.9167,4.3782,2.4741,1.0933,8.4973,0.2114
0.036,0.4468,-5.5631,-0.4520,4.2220,3.1446,-0.3997,11.0779,2.6952
0.040,-1.6416,-9.5371,3.2896,5.4362,3.8689,0.2258,11.4401,7.2580
0.044,-0.6869,-10.0376,2.7885,9.0324,3.7387,0.4489,13.6507,7.8645
0.048,0.7819,-11.7450,4.5575,8.4754,3.4575,2.0408,11.0167,6.3181
0.052,0.7374,-15.3508,3.9837,8.9005,3.9416,4.5172,11.9879,10.7490
0.056,-0.2098,-11.3241,7.2730,10.0872,3.3247,7.3220,9.4182,10.7814
0.060,1.5316,-11.7595,3.1968,8.7397,2.5307,3.9969,7.1598,10.5944
0.064,1.2742,-12.2292,1.4285,6.7687,-0.4284,4.3233,2.1759,11.3097
0.068,2.9232,-4.7890,3.1348,6.7504,-0.9488,4.8035,0.6952,9.3978
0.072,3.8727,-1.2318,2.0099,3.4877,-3.3910,4.8050,-2.9180,11.2867
0.076,5.3982,-1.8662,3.2432,5.9391,-7.4625,1.7633,-6.5279,7.2349
0.080,6.4274,2.7620,1.4126,6.2503,-5.0455,-1.4829,-9.1643,7.6115
0.084,5.3307,1.1699,1.1096,6.4863,-4.7057,-3.5848,-11.5932,5.3840
0.088,3.7752,0.2333,4.4648,7.0195,-5.0207,-3.7943,-14.1699,2.4217
0.092,5.1170,1.4309,4.6600,3.0387,-6.4108,-0.8221,-16.1138,-0.0433
0.096,5.1761,4.3274,4.4833,1.6219,-2.2089,-4.4227,-16.5623,-1.6765
0.100,6.9208,5.3884,5.2802,2.2898,-1.3523,-5.1750,-14.5991,-3.3442
0.104,9.1623,3.9774,5.0617,1.0980,-1.9062,-5.7270,-15.1812,-3.8210
0.108,6.0754,3.7933,3.1611,0.3242,2.5699,-5.4037,-11.3285,-2.5146
0.112,3.8203,3.3524,3.2832,-2.0360,3.8508,-5.1249,-6.4727,-2.7114
0.116,5.3855,1.6376,3.0401,-0.5033,4.4992,-2.8736,-3.3787,1.3614
0.120,5.0866,1.1334,5.4689,0.5433,6.1272,-5.6319,-0.4861,6.3369
0.124,5.1044,-0.5682,2.6008,-1.2888,5.8246,-5.5590,3.4703,6.6467
0.128,2.6516,-0.4337,5.0113,1.6030,4.7338,-5.3301,6.4271,9.9694
0.132,0.9728,0.0271,8.0822,3.0134,4.9769,-3.5738,8.2788,10.2978
0.136,-1.4824,-1.9680,10.1923,0.4654,4.0808,-3.1612,8.8014,13.8022
0.140,-0.6845,-1.9375,9.2093,1.4873,5.8972,-1.2660,7.1143,17.2825
0.144,-2.1859,-1.3140,11.6528,3.2543,6.4433,1.8095,8.5772,16.8277
0.148,-3.4997,0.0353,11.4143,3.0076,9.3044,5.6255,5.8155,16.3244
0.152,-2.4651,-2.8933,10.9068,8.6539,12.1267,6.1769,3.1535,15.4770
0.156,-2.6881,-3.3637,10.1565,9.1032,10.0541,5.7324,3.2700,15.6637
0.160,-2.0231,-5.0324,10.0776,11.4942,8.1416,5.6155,3.0366,12.5171
0.164,-0.0496,-4.6802,7.8305,11.1400,10.9593,6.1494,4.1885,13.7971
0.168,-1.3330,-6.0080,6.4844,12.5340,8.1123,7.7158,4.2271,15.6310
0.172,-0.1045,-3.4069,5.7234,10.4665,7.5701,2.7252,-1.8231,8.6873
0.176,0.5054,-1.6052,5.1433,7.5880,5.1835,2.9178,-9.0696,7.1612
0.180,0.2083,1.5421,4.4419,6.4678,1.4340,1.3237,-12.2135,5.5716
0.184,0.3648,5.4083,4.9477,6.9849,0.4911,3.1399,-9.8496,5.8451
0.188,4.3127,4.6134,5.1790,5.7538,-1.0414,-0.4999,-14.1571,-0.5720
0.192,1.9637,3.5508,5.4194,1.9360,-1.5867,-2.4494,-10.7814,-3.4219
0.196,4.2883,8.4610,7.2602,2.0520,0.6898,-1.8704,-9.5540,-3.7178
0.200,2.4827,5.9778,7.4977,1.2348,-0.1884,-4.4397,-8.7268,-7.6256
0.204,1.7765,3.7117,5.4573,-0.3703,3.3361,-5.3101,-5.7531,-7.7409
0.208,2.4606,4.8849,5.9400,-1.0892,1.0670,-7.2259,-5.5995,-7.8890
0.212,4.2072,3.7273,7.2517,0.2008,2.7226,-5.2043,-2.2798,-7.2353
0.216,5.5087,3.2816,4.8853,0.4117,1.9158,-5.5774,-0.1711,-11.6214
0.220,5.9973,5.0228,9.2961,-0.2865,1.8557,-5.0937,1.5085,-8.7229
0.224,6.0678,4.9222,9.3144,-1.5421,2.0252,-5.2220,2.9185,-6.7156
0.228,5.7282,6.3208,7.8488,-0.4761,1.4617,-6.7119,4.4826,-4.5772
0.232,6.7871,0.6674,6.8380,-0.9549,-1.4171,-6.1796,4.1760,-2.6332
0.236,4.7177,2.4659,9.2666,-2.9653,-0.8933,-5.1273,3.2810,0.4773
0.240,-0.9044,-2.3931,10.8297,-0.2365,-0.5717,-1.2287,6.0940,3.0451
0.244,-1.1819,-6.4098,11.6983,1.9662,-0.4183,1.2891,8.5666,5.1367
0.248,-4.5170,-3.8395,9.5186,3.5304,-3.7887,5.4329,8.1609,5.6909
0.252,-3.8880,-5.3600,8.7299,0.4573,-1.3774,6.9286,6.4066,5.7493
0.256,-4.5006,-4.2028,6.0590,-1.2741,-5.2664,11.8681,6.1651,6.5275
0.260,-3.6899,-3.8594,5.2531,-0.7562,-2.4370,13.3483,2.9040,5.3927
0.264,-3.6714,-0.7358,2.7736,-2.4220,-4.2690,11.1369,-3.6190,2.9811
0.268,-2.4912,-1.6299,4.8950,-4.4397,-4.4644,9.6918,-8.5473,1.1292
0.272,0.5304,-2.7818,2.3745,-1.7388,-4.3558,14.4286,-12.6355,2.6951
0.276,0.1548,1.1916,5.4434,-2.7271,-5.4086,10.8354,-15.2420,-1.0193
0.280,2.6154,3.4656,1.4771,-1.0810,-6.5087,10.3468,-18.6678,-3.4481
0.284,2.3080,5.3786,4.5716,-4.0575,-8.7504,13.4211,-18.9256,-4.4104
0.288,1.9527,4.7308,3.6318,-1.7316,-11.5080,7.2076,-17.9799,-7.6854
0.292,-0.5409,4.7970,2.5604,-7.4242,-8.7187,9.6260,-18.0640,-10.0804
0.296,-0.1082,3.2461,3.6837,-6.8249,-6.4689,10.3936,-14.9510,-13.6385
0.300,-1.2425,2.4635,2.4228,-7.7273,-6.3374,8.7329,-15.4251,-12.1441
0.304,-1.5526,2.5636,0.7123,-11.3589,-5.3037,4.8223,-12.5454,-14.7629
0.308,-3.4749,0.8632,-0.4550,-10.1454,-2.9667,4.1658,-11.2647,-18.8858
0.312,-3.4994,0.5069,1.0337,-8.2412,-0.5825,1.7021,-10.3071,-16.6732
0.316,-0.7418,-2.4536,-0.1188,-7.4094,1.5800,0.6067,-6.3187,-15.1035
0.320,-2.4570,0.3118,4.1036,-3.8399,1.4913,1.5230,-2.1799,-12.2529
0.324,-1.0734,3.0173,4.7999,-1.5490,4.0581,-0.2978,2.8806,-11.2284
0.328,-2.5849,3.4591,5.5803,0.0762,5.6957,-3.3845,4.5327,-6.0461
0.332,-3.2999,4.5253,6.9065,-0.9558,4.4659,-2.5355,5.1681,-1.3493
0.336,-5.4733,3.3240,4.1631,1.8809,4.9877,-1.9540,4.9951,-3.2847
0.340,-8.6600,-1.7522,3.6328,-2.3541,6.8185,0.6587,4.9967,1.5829
0.344,-9.6510,-2.3902,2.2985,-2.8883,7.5299,6.3048,7.0164,-0.7093
0.348,-12.0259,-2.2533,3.5213,-2.1950,9.3558,2.5300,8.2577,-2.5235
0.352,-11.0133,-1.6054,0.6698,-1.4273,11.2493,6.1634,10.7078,-2.3154
0.356,-10.9447,0.5039,0.5695,-3.2524,11.3854,5.3661,7.5549,0.0882
0.360,-11.3377,-4.9655,0.5432,-2.6869,8.7086,7.1649,5.4128,-1.7015
0.364,-9.9421,-1.9375,3.0536,-3.4796,4.7057,7.6856,4.3615,-2.6369
0.368,-7.0533,-1.2218,0.9395,-4.0882,3.9332,6.6969,1.4683,-5.6991
0.372,-4.8912,-3.3315,4.3661,-3.9020,1.0174,4.4124,0.1488,-5.5289
0.376,-4.4242,-0.6307,1.3024,-4.2669,0.8576,4.3594,-2.3304,-7.5634
0.380,-1.4354,0.5905,0.5322,-4.1015,0.5764,2.7990,-2.4968,-9.3309
0.384,-1.3119,2.7088,-1.2488,-2.3125,-1.1472,2.7270,-1.0069,-12.0806
0.388,-0.7596,4.4420,-4.3991,-4.5085,-3.3272,0.5033,-5.4046,-9.2726
0.392,4.0296,4.4559,-6.4121,-8.0061,-2.1581,1.1331,-3.2512,-9.3759
0.396,0.9671,2.1915,-7.2891,-7.6543,-2.8311,1.4172,-3.4017,-16.1894
0.400,1.6784,0.5943,-6.6657,-9.9794,-0.0170,-1.1795,-4.4264,-12.8048
0.404,1.3980,-1.3798,-10.5309,-13.0296,1.4712,0.1804,-4.0456,-14.5462
0.408,1.2045,-0.3572,-5.7437,-12.2787,0.5422,-1.2820,1.8217,-13.9723
0.412,-2.8531,3.1913,-0.4621,-12.1793,0.0890,-3.7456,2.7681,-10.9794
0.416,-4.3272,0.4859,-4.8638,-13.0312,1.9013,-2.8012,5.2501,-9.8723
0.420,-4.9744,-2.6792,-0.5331,-13.9866,2.4117,-1.6735,5.7851,-7.7627
0.424,-3.5228,-3.3004,1.5010,-14.8382,3.9749,-5.1518,7.7559,-9.1040
0.428,-4.1834,-4.2444,1.2181,-15.4045,2.1823,-6.6111,12.1207,-6.2902
0.432,-3.1574,-4.2703,-0.4609,-12.4548,1.3324,-7.2264,13.5360,-5.0411
0.436,-2.3899,-5.5049,-0.0787,-9.0248,0.0540,-6.5986,15.4356,-1.0746
0.440,-4.4360,-5.1698,-3.5847,-7.8027,-0.9989,-4.4198,17.3677,1.9000
0.444,-5.2611,-2.2421,0.7882,-7.7866,-0.8587,-1.8939,15.7874,2.4049
0.448,-5.2761,-2.7727,3.3149,-6.0543,1.6993,-0.7419,13.1629,3.2293
0.452,-3.6222,-4.2970,3.0491,-4.7805,-0.0345,2.7751,11.2633,4.7191
0.456,-4.0841,-4.0365,3.1583,-3.5280,0.6203,6.8201,7.8533,2.4938
0.460,-3.5199,1.6497,4.1753,-2.6798,3.2138,6.2876,6.3499,5.2413
0.464,-1.7555,5.3394,2.7734,-2.9134,3.1309,7.9412,5.7398,4.4299
0.468,-5.0095,4.2500,2.3255,-3.2827,2.9202,11.0512,1.5558,2.7256
0.472,-4.2703,4.5270,2.4592,-2.3625,3.1420,9.7219,-1.6455,-1.0157
0.476,-4.7505,4.7600,0.3123,-5.4698,-0.4691,7.7492,-1.7928,-0.8968
0.480,-3.0074,3.5494,-2.6863,-7.3008,-3.1160,6.2707,-7.3780,-4.1406
0.484,-5.7020,4.6580,-1.1034,-3.8243,-1.1462,3.4141,-8.0307,-4.5559
0.488,-2.2589,5.8235,-3.6612,-4.9484,-1.6314,3.2450,-8.1945,-7.8775
0.492,-1.4295,9.6658,-1.9766,-4.7617,-1.6775,1.6887,-9.9373,-10.4269
0.496,-1.3241,6.4443,-3.6985,-3.9938,-1.8755,-0.5448,-9.2291,-13.3879
0.500,-2.9549,8.6037,-2.1946,-4.8529,-1.8391,-0.6947,-8.3767,-17.3833
0.504,-1.0390,6.7686,-1.4162,-5.9949,-0.1395,-0.1809,-8.1834,-14.2748
0.508,-1.3146,4.8981,0.1659,-3.4504,0.3316,-3.5316,-3.5468,-10.3375
0.512,-0.4507,4.1726,1.9831,-4.9397,-0.0117,-4.9885,-0.8087,-8.4744
0.516,2.6629,5.7476,1.9458,-7.2730,0.8267,-8.1211,1.5879,-5.7762
0.520,1.3996,4.9768,1.6843,-8.3568,2.2636,-9.1035,3.8790,-3.7482
0.524,-0.0126,2.4094,2.1826,-10.1232,1.2851,-7.4884,7.1002,-0.5138
0.528,-5.1717,2.7474,1.6384,-12.9219,2.4091,-5.9789,10.5040,2.5763
0.532,-4.5047,3.6419,0.6949,-14.5024,3.2430,-4.7662,10.4282,8.7021
0.536,-4.2323,0.1822,-1.9346,-11.2990,2.7822,-0.9853,10.8786,12.9399
0.540,-3.4750,-0.2034,-1.6067,-9.6850,4.7766,3.3950,12.9682,13.7193
0.544,-6.1016,0.0508,-1.7835,-7.6859,3.3213,3.8193,12.7752,16.0511
0.548,-2.4141,-3.3388,-1.0320,-4.8669,3.7118,3.8002,15.2020,14.9640
0.552,-1.3015,-3.1878,2.7097,-2.4808,3.2714,2.2813,15.7781,19.2275
0.556,-1.7614,-2.8572,4.3392,-5.3691,4.1162,2.9783,15.6375,16.3410
0.560,-2.2973,0.2124,4.4392,-4.9283,5.1126,2.6979,13.0329,16.5001
0.564,-2.0038,-2.6838,1.2420,-5.1546,2.9613,5.0728,11.8982,15.3464
0.568,-2.4815,1.4097,1.1953,-1.8325,3.0008,4.6481,6.9294,9.9562
0.572,-2.5280,1.2958,-1.0985,-4.6198,2.8984,4.7969,4.8094,11.0086
0.576,-1.2954,2.3047,-0.5345,-1.8824,-0.2609,7.2295,3.0599,4.0028
0.580,0.9033,2.8104,-2.9586,-4.7331,1.0778,5.1085,-1.9114,3.0489
0.584,1.4786,1.5524,-3.8760,-5.8124,-1.9169,9.9914,-6.5175,3.6271
0.588,4.1942,-2.2223,-2.5721,-3.9090,-2.8266,7.9017,-5.7186,-0.4807
0.592,4.6657,0.2151,-2.4008,0.0533,-0.0215,7.4073,-6.4255,-1.9791
0.596,3.8840,3.0930,-2.8905,-1.1311,-1.2000,9.3617,-8.1814,-3.7734
0.600,2.1405,1.6546,-2.2876,-1.2393,-5.1710,6.8855,-5.2229,-4.6996
0.604,2.4672,-0.9057,-5.4181,0.3474,-5.6443,2.8153,-3.1865,-2.3530
0.608,3.4048,-1.6350,-5.1852,0.4408,-4.5760,1.4497,-0.6025,-1.0628
0.612,0.8953,1.5447,-2.5817,4.5112,-3.8189,0.2975,2.1749,0.9965
0.616,0.6386,1.8482,-3.9099,4.4803,-4.0502,-1.1846,3.7668,4.1913
0.620,-1.1223,1.5143,-5.5500,3.8539,-4.3260,-1.9600,3.9299,1.6248
0.624,-2.7410,0.4616,-6.5353,7.1209,-3.6882,-3.2894,6.1601,3.9419
0.628,-4.4285,-2.1056,-4.0325,7.8506,1.1361,-6.3494,7.0039,8.3281
0.632,-4.7178,-5.7824,0.6383,8.2085,3.4231,-1.5006,8.1398,11.8014
0.636,-4.6654,-8.0502,1.2766,8.5023,6.0715,-2.9927,7.8352,13.2193
0.640,-7.3678,-7.1411,0.2562,10.8992,3.7944,-3.8240,8.7020,12.4254
0.644,-5.7251,-6.2887,0.9723,10.9033,2.8906,-5.1745,7.6741,14.7739
0.648,-5.8424,-2.7644,7.9570,11.9536,5.0887,-2.5058,4.0396,13.8449
0.652,-7.8071,-3.3890,7.7106,12.3981,6.6733,-3.7673,5.4214,11.9809
0.656,-7.8280,-6.1973,7.4020,12.4399,7.2880,-0.1249,3.1245,12.3210
0.660,-7.4938,-5.6906,8.0332,13.1482,5.7918,1.0838,2.9553,12.7057
0.664,-3.6154,-1.7779,4.5940,13.3388,7.3124,-0.2617,-1.2805,12.8395
0.668,-3.0764,1.6393,4.4366,10.6905,7.9314,0.1757,-5.3287,9.6801
0.672,-2.5625,6.0535,3.5090,10.6923,7.3671,5.9072,-8.0481,8.4677
0.676,-2.0815,5.4701,2.3082,9.1544,6.1367,6.3236,-10.5098,2.9234
0.680,0.3176,3.4592,-1.9885,5.4830,5.4006,10.8780,-13.1807,1.7213
0.684,1.5743,3.7661,-3.5286,3.6787,2.1964,15.0447,-13.5248,0.9594
0.688,0.9554,4.2365,-2.2575,3.3427,2.9084,10.7981,-10.7920,-4.0278
0.692,1.5742,6.4128,-3.3772,0.4697,-0.8614,11.9156,-10.8075,-6.9751
0.696,3.6099,4.9590,-2.6567,-0.4360,-1.7661,8.6258,-10.9030,-7.2855
0.700,5.5111,7.1021,-3.5234,-3.1079,-4.9423,8.6953,-9.5827,-10.4506
0.704,7.4569,6.2196,-5.0548,-2.5129,-5.3475,3.2016,-9.1632,-14.5919
0.708,6.1333,6.9983,-4.9031,-2.4380,-6.2377,-0.1473,-7.2305,-14.7748
0.712,3.9794,6.5931,-5.1703,1.1721,-5.8679,3.1451,-7.2538,-11.0155
0.716,4.7914,3.3554,-7.0187,1.0090,-3.8418,0.0648,-4.3483,-11.2450
0.720,6.8818,0.0997,-5.3466,0.3891,-2.2196,-0.8014,0.6852,-6.9067
0.724,4.7555,2.0900,-6.1794,-1.1215,-2.9941,0.8854,2.3558,-4.0086
0.728,2.3458,-1.1384,-4.5886,1.0819,-1.9646,-2.1461,4.0398,0.6644
0.732,4.4813,0.6118,-6.5278,0.1093,1.8357,2.2703,7.6664,1.0755
0.736,2.0500,-4.9616,-1.0809,3.6450,1.3336,-1.2553,7.5192,0.7924
0.740,0.4534,-8.1368,-1.7633,4.8802,-0.2354,-0.5600,11.4617,1.0865
0.744,0.0512,-6.9567,1.2302,6.3936,1.3181,-1.2342,10.2535,4.0133
0.748,1.4333,-5.4828,2.0406,8.3311,1.2460,1.0581,8.6379,6.3628
0.752,0.9831,-9.5516,2.3722,5.5328,0.9495,0.1932,6.6894,7.1265
0.756,2.8380,-5.3481,6.7861,10.7737,-0.2116,3.4968,4.8789,9.0348
0.760,3.5620,-4.4403,4.1432,13.0368,-0.8593,4.4342,4.1627,5.5293
0.764,6.6641,-3.5200,1.8163,17.6991,-1.0765,3.2520,1.7245,5.8223
0.768,5.6899,-4.8984,1.9973,14.2781,-0.6867,8.7967,-2.3639,4.4383
0.772,8.4845,-4.5434,1.4529,16.1861,0.3248,10.2215,-1.4507,5.6092
0.776,5.9699,-4.1128,3.0756,15.0834,0.4413,9.9995,-4.3127,5.1628
0.780,5.0888,1.1057,2.5656,17.3852,3.0589,9.5985,-6.1282,1.9627
0.784,5.0325,-0.0972,2.9778,13.6291,0.2150,8.3744,-5.9288,4.5102
0.788,0.3253,-0.6007,5.6450,15.1100,0.7273,6.8494,-6.0144,-0.0651
0.792,-1.0771,-0.2762,5.0025,13.4463,1.3645,9.6981,-4.8093,-2.5113
0.796,-2.4088,2.9387,4.3118,9.8680,-4.9364,8.8078,-4.4462,-1.2228
0.800,-1.4544,2.3365,2.2656,10.3789,-1.7243,5.9701,-7.3780,-0.2351
0.804,-2.3352,2.0130,3.8456,9.4481,-2.8276,5.3120,-7.6119,-3.9091
0.808,-2.2218,2.5077,4.0555,7.6093,-4.5208,4.9440,-6.3282,-3.1651
0.812,-4.8864,0.8957,5.2803,5.9559,-4.7764,1.5440,-7.2452,2.8305
0.816,-5.6842,-0.4276,5.6389,3.0322,-1.7029,0.9598,-5.4113,1.3713
0.820,-5.2369,-1.2689,5.4084,3.9106,-1.1531,0.1945,-1.5697,2.3569
0.824,-3.3201,-3.4004,3.6202,3.2445,-0.5500,-2.5055,2.4628,4.7838
0.828,-2.6644,-5.0133,3.6826,2.7265,1.2563,-0.5121,3.8737,7.7167
0.832,-4.8846,-1.4610,5.0796,1.1512,2.2677,-4.4733,9.0967,10.3260
0.836,-7.7143,-1.9027,3.4839,2.3964,3.2420,-3.9118,12.8966,12.0569
0.840,-8.4986,-7.4019,3.4550,3.4708,4.0882,-4.6310,12.1103,12.5218
0.844,-7.1341,-5.9266,2.2001,2.8874,2.9285,-4.2669,12.4291,13.0613
0.848,-6.2321,-7.9164,1.8512,1.6376,2.7304,-2.2602,10.5607,13.8731
0.852,-8.8086,-6.6612,2.4193,1.9716,2.4870,-2.1166,10.5456,9.4929
0.856,-5.8072,-5.7961,3.5495,1.4115,3.0357,-1.7853,7.5903,12.8913
0.860,-2.1163,-4.3304,1.4011,2.6867,4.6397,0.4994,5.3785,11.3870
0.864,1.6530,-0.6372,6.3746,2.1699,4.3895,0.8779,5.9989,8.8322
0.868,7.2048,-0.6456,8.1948,1.6068,4.7773,0.9765,3.4578,9.1324
0.872,6.8386,-0.8744,10.7207,1.3181,4.3298,5.5475,1.3852,3.8493
0.876,6.1628,0.8223,11.4417,0.6744,8.0205,7.8209,0.5122,-1.2694
0.880,5.5296,2.3377,11.4827,-2.1584,6.2840,10.4248,-4.5540,-3.7754
0.884,5.1184,3.0666,10.5883,-2.3884,7.1061,7.0153,-5.5147,-6.3374
0.888,4.6697,2.6126,9.9505,-1.1769,4.9387,7.0472,-9.5415,-8.3028
0.892,5.6464,4.4955,6.2004,-1.4457,0.6211,8.8189,-8.3612,-11.6909
0.896,5.8577,5.1357,7.2303,-1.1217,0.6520,6.3467,-11.1471,-14.7181
0.900,2.2277,0.8930,5.0085,1.7323,-0.3947,4.8834,-9.3970,-13.3211
0.904,0.4582,3.2701,3.6971,-1.1325,-4.5369,4.9087,-6.7618,-15.6598
0.908,-1.2910,3.5744,0.3774,-2.5236,-7.5078,4.5175,-2.0180,-16.6334
0.912,-2.4764,5.0416,-1.7357,-1.1435,-8.9254,2.7898,-1.9118,-12.0484
0.916,-2.6320,2.7764,-2.0550,-0.3129,-8.3896,2.4659,4.0205,-12.1524
0.920,-4.5539,2.7255,0.7886,0.6163,-7.3616,2.4140,5.0330,-8.5491
0.924,-3.5985,-0.7833,0.5724,2.5839,-8.6021,5.5894,8.9072,-9.6251
0.928,-7.9316,0.0802,3.4254,2.4328,-7.2148,4.9938,6.9884,-6.8558
0.932,-7.8473,-1.7780,2.6305,4.4993,-7.7021,5.3462,8.4133,-5.5280
0.936,-7.5110,-3.6359,1.6823,4.3004,-7.3429,6.3301,11.2310,-7.1335
0.940,-7.7025,-3.0035,1.4010,3.9331,-9.7969,3.4960,11.5164,-6.5283
0.944,-8.4548,-3.2207,1.0197,6.9228,-5.7263,1.9878,11.2488,-3.4382
0.948,-6.2618,-0.6236,3.0688,5.8540,-7.1665,2.5604,11.3967,-1.3059
0.952,-3.9355,-2.2637,1.3277,6.5894,-7.3854,-1.1516,12.5978,3.4452
0.956,-5.0900,-0.8265,7.1950,7.4384,-7.0392,2.3847,9.2463,4.0787
0.960,-4.4807,-2.2837,5.5752,4.8906,-7.9850,3.5119,5.4774,4.0846
0.964,-2.3231,-2.1016,7.5341,4.2999,-5.3401,6.3992,4.1145,0.3097
0.968,-0.7196,-3.5925,7.5639,2.7670,-4.2084,8.8159,0.4533,-3.7801
0.972,0.6502,-2.5331,9.3913,0.6247,-2.7820,8.5527,-3.6724,-1.6557
0.976,1.5106,-2.4944,7.1670,0.4385,-2.1948,9.2506,-6.8597,-3.2114
0.980,2.6130,-0.7124,7.4510,-0.2306,-5.3673,9.5620,-7.7375,-2.7317
0.984,3.8668,-1.2003,9.2465,-3.6491,-5.4023,11.9639,-12.6670,-5.0032
0.988,2.6487,-0.4233,11.0955,-2.7249,-5.5277,12.6880,-16.4378,-8.2907
0.992,0.9333,4.0410,9.3396,-4.0246,-5.4565,18.1955,-14.6803,-10.0603
0.996,-3.2194,5.4036,7.9787,-6.8646,-6.1465,15.0704,-12.4685,-13.0742
1.000,-3.2149,3.4066,5.6314,-6.5974,-6.1697,15.8228,-10.5252,-11.0069
1.004,-5.7420,3.2213,6.8705,-7.4845,-6.4084,15.2856,-9.8731,-9.6829
1.008,-6.2429,6.7537,4.3028,-9.1046,-6.2991,15.0003,-6.5121,-10.7231
1.012,-6.8866,4.1165,4.6493,-11.5520,-8.6398,13.2791,-5.7175,-7.8523
1.016,-5.8437,4.7077,6.3162,-9.0141,-9.6740,9.1306,-5.6379,-7.4309
1.020,-5.6320,3.5480,3.9163,-6.9482,-12.5213,8.6434,-6.0358,-3.6964
1.024,-4.5930,-0.6294,6.2945,-9.7538,-11.2325,5.7408,-4.3039,-0.7981
1.028,-5.1215,-0.9065,5.4304,-9.2471,-8.7195,5.7485,-1.0848,-0.0102
1.032,-2.9717,-2.0321,3.5197,-8.6158,-9.9107,2.8733,2.2601,-0.1209
1.036,-2.4688,-3.1332,5.1972,-7.6722,-8.3981,-1.0990,3.2438,5.0186
1.040,-1.6778,-3.6475,3.0493,-5.0359,-6.1749,-4.4809,1.4417,7.0702
1.044,-2.0392,-4.2070,2.9077,-2.7127,-7.0190,-5.3805,3.4129,7.7298
1.048,-1.3778,-4.3628,2.5137,-1.5901,-9.0002,-4.5829,7.1681,10.7626
1.052,2.8921,-4.8125,6.9505,-0.8645,-7.2257,-6.7319,5.9028,11.5294
1.056,4.4421,-5.1381,5.4675,3.2925,-9.9313,-3.2244,5.2211,11.8708
1.060,4.6083,-5.0574,8.8287,2.4808,-10.4491,-4.2936,3.1689,12.4894
1.064,7.2149,-2.1023,9.6835,1.9034,-9.8894,-3.5421,0.6341,12.4311
1.068,3.7922,-3.0824,8.9756,1.3073,-7.4725,0.8786,-3.3762,9.3025
1.072,7.2448,-8.3229,9.5778,2.6366,-7.5560,3.8573,-9.9035,8.8672
1.076,8.9184,-3.3677,8.9047,4.2456,-5.7487,3.7067,-9.7636,3.1336
1.080,10.2918,-3.5773,7.9929,5.2586,-4.1016,2.9149,-12.9688,-1.6591
1.084,8.1402,-2.8709,6.1335,6.1057,-1.3196,2.4467,-10.7004,-4.3409
1.088,9.4598,-1.5962,4.9847,8.2813,-0.7811,5.7715,-11.9877,-11.0329
1.092,9.5061,-1.9286,5.1550,7.1067,-1.5616,9.6269,-10.3751,-11.5137
1.096,6.2950,-0.7908,5.9456,10.7772,-5.4261,10.6050,-10.0687,-12.9231
1.100,6.8396,-1.3611,7.2618,9.1579,-6.9585,9.0118,-7.8657,-15.6270
1.104,3.5325,-1.9765,5.9923,7.9573,-8.2655,7.5378,-6.2794,-18.1723
1.108,2.3574,-3.2591,8.9264,6.5267,-8.5169,6.6813,-7.1104,-13.7292
1.112,-0.5748,-7.5411,8.1828,6.7106,-11.1788,7.0274,-7.0361,-12.0190
1.116,-2.2320,-7.3402,5.5979,7.8421,-11.9291,4.2701,-5.8793,-10.3328
1.120,-3.7165,-7.6197,3.1835,5.9908,-13.0410,3.0792,-1.8616,-7.7459
1.124,-4.9712,-6.6197,4.8208,6.1536,-14.1323,4.8696,-1.4719,-9.2037
1.128,-2.0857,-8.7287,1.1655,7.5115,-13.2679,5.6939,0.4439,-5.9195
1.132,-5.4179,-7.4403,-1.1433,8.0377,-12.1476,8.5105,3.1713,-2.9274
1.136,-3.8406,-7.1438,-2.9266,7.0569,-12.3570,3.4628,6.2652,0.2545
1.140,-4.7762,-7.3051,-1.9559,4.5803,-11.9601,0.5866,8.9555,1.6810
1.144,-3.2275,-7.2318,-3.6101,5.2417,-11.9036,-1.5783,8.8084,6.5717
1.148,-3.4565,-10.0195,0.3243,5.6356,-7.1344,-0.0674,8.8086,6.8285
1.152,-3.4920,-9.1932,0.2060,6.7165,-7.6785,1.5298,6.6505,10.0977
1.156,-4.6112,-10.2774,1.0227,8.6535,-8.9476,3.5516,5.2504,11.1626
1.160,-1.0807,-6.2370,2.3085,10.8481,-6.7177,2.8860,4.6526,12.1723
1.164,-2.7109,-5.0432,3.1487,10.2384,-4.4465,3.0132,1.7441,10.2847
1.168,-2.2860,-4.9818,2.3240,13.8583,-1.7004,4.9073,-2.0691,8.2202
1.172,-3.4139,-5.4676,1.1141,12.1145,0.5104,6.7125,-2.9205,6.2374
1.176,-3.0203,-4.0771,1.7440,9.5957,2.8816,8.9607,-7.1351,0.9884
1.180,-2.0059,-1.9018,3.5505,6.5441,3.9905,5.7499,-8.3433,1.7571
1.184,-3.4306,0.7685,4.7582,3.1937,3.8161,9.4584,-10.9748,-3.3394
1.188,0.1969,1.6732,4.5441,0.0447,2.1893,9.7224,-11.0982,-7.7616
1.192,1.0439,1.5488,2.5694,1.5802,2.9907,13.0938,-13.3787,-11.4148
1.196,3.4469,-2.0576,3.2998,1.0616,4.9920,13.2034,-11.5387,-9.5338
1.200,4.5171,-1.9870,4.7227,-2.0308,2.7450,14.6910,-8.9218,-6.3723
1.204,3.0245,-0.7095,2.9293,-1.7744,4.8167,18.5337,-8.9994,-7.3016
1.208,4.0345,-0.9825,2.8554,0.3260,2.4214,18.1392,-10.9130,-6.7649
1.212,4.5418,0.2008,3.8158,-1.6810,-1.1960,21.8964,-9.2166,-5.4081
1.216,3.1980,-2.7258,0.6822,0.2651,-1.8614,19.6925,-4.8215,-8.6554
1.220,0.0214,0.0116,0.6354,3.2168,-0.6407,18.0116,0.3167,-6.9523
1.224,2.1991,0.4685,0.7425,3.4119,-3.5872,17.9261,8.1230,-5.2097
1.228,-0.1407,0.9457,-1.2548,5.9205,-3.2158,16.5767,12.4855,-3.3710
1.232,2.8332,-3.0184,-3.4544,2.9515,-4.7402,16.8502,16.7897,-0.4841
1.236,2.9513,-3.1412,-4.8323,1.4535,-3.7447,13.8504,17.6110,2.0183
1.240,4.1612,-0.3470,-3.0585,4.7468,-5.5079,14.1903,16.8277,4.3663
1.244,6.0770,-0.9826,-2.7692,5.9745,-3.1391,10.8762,20.1386,6.5052
1.248,8.2338,0.6089,-0.1268,6.1080,-5.1651,11.2234,15.4604,3.8727
1.252,11.3387,-1.1355,2.9524,9.1051,-3.2765,9.2213,15.4374,4.7676
1.256,12.1309,0.8285,5.0610,10.9549,-5.7380,8.1443,12.3252,6.7894
1.260,13.9321,-0.2593,4.1760,11.1116,-5.3340,5.8951,11.9210,5.5036
1.264,12.0328,-4.5666,5.5652,12.5341,-6.7452,6.0065,11.2577,6.1195
1.268,10.6392,-3.7265,4.1801,10.3528,-2.7453,3.6691,7.3230,4.9945
1.272,9.3907,-6.9881,6.1421,10.0264,0.2146,0.1883,4.8334,5.6945
1.276,6.6440,-9.2308,3.9804,12.4230,4.1727,-2.1899,1.2739,4.6107
1.280,9.8196,-3.1203,5.2444,10.5518,6.2223,1.2338,0.3758,4.2266
1.284,9.8629,-3.0546,4.8248,12.1078,5.7310,-1.0056,-4.3394,3.5654
1.288,6.7043,-2.9849,4.6291,11.0070,6.6968,1.1255,-7.4911,3.0022
1.292,4.9209,-2.3686,4.8402,8.9947,6.1594,0.8321,-9.1158,0.9973
1.296,4.8109,-3.5963,2.6249,8.6395,5.7238,2.5756,-10.0771,3.6843
1.300,0.5479,-2.1875,1.4985,6.1176,4.6660,4.8030,-10.7053,1.5598
1.304,-1.3149,-3.7807,0.9646,6.0622,2.3067,7.7501,-9.9034,4.2458
1.308,0.0672,-4.0474,1.2437,6.2556,-0.2972,9.4701,-8.0708,5.4090
1.312,-0.5217,-7.5503,-0.7759,8.4701,-2.8344,12.5879,-4.3153,3.2829
1.316,-1.6048,-4.2029,-0.2613,4.6536,-4.2744,9.8980,-0.7958,5.9902
1.320,-5.8047,-3.8620,-0.6615,5.7821,-4.6791,10.2726,1.2689,6.2338
1.324,-8.3692,-4.9535,-1.0227,5.1083,-6.5316,8.7169,4.2697,9.0473
1.328,-7.1958,-4.0751,1.9017,3.2394,-7.5395,9.6876,5.8298,14.5627
1.332,-7.2867,-7.0883,2.9279,2.5874,-8.6973,10.7407,8.6381,12.6332
1.336,-3.5140,-7.7022,8.7208,1.2398,-9.7986,6.1590,9.8273,18.7552
1.340,-5.3223,-8.5825,8.8254,0.1695,-6.7944,8.4738,11.6151,20.6373
1.344,-5.0331,-4.6798,8.3000,-0.3056,-5.9953,6.1615,11.6437,22.4349
1.348,-2.7249,-7.1547,7.4441,0.8067,-4.3126,4.3155,13.2025,20.2359
1.352,-4.5615,-8.6698,4.9311,3.1017,-4.3454,5.3599,9.1461,19.5046
1.356,0.6891,-11.2141,4.6481,7.9141,-5.4032,5.5160,8.2992,21.5645
1.360,2.4406,-6.7230,8.8685,5.4644,-3.1845,2.8201,4.1314,21.3151
1.364,4.8113,-7.8727,6.0028,3.5489,-1.8319,0.6989,4.9511,18.1889
1.368,5.0422,-8.0844,5.6728,6.7248,-3.6622,0.5846,1.5272,13.1141
1.372,2.9341,-3.7685,5.2313,6.6587,-3.1781,-2.5638,-4.3471,15.5612
1.376,4.8721,-2.2046,5.8687,8.5715,-2.2406,-2.0261,-5.8125,7.1254
1.380,4.1659,-0.4255,5.4918,10.7620,-1.3794,-1.8896,-9.7347,6.5582
1.384,4.4499,-0.1055,7.2784,11.2171,1.0732,1.2335,-10.1193,4.1190
1.388,4.0192,2.7593,4.4208,9.2087,-0.0609,4.2795,-13.8472,0.6532
1.392,2.2345,2.0464,5.0150,8.1607,1.2169,4.9987,-10.5986,-1.2330
1.396,2.8531,2.0638,2.0758,5.1680,1.8854,5.7614,-12.4685,0.5156
1.400,0.9298,2.6606,-0.0318,2.0016,-0.2547,10.6596,-13.0228,0.6007
1.404,1.5412,5.3676,-1.6676,0.6629,-1.3411,10.1627,-11.3184,0.9884
1.408,2.8648,1.7241,-3.6573,4.4189,-2.8702,12.3458,-9.7687,1.3105
1.412,1.8875,0.9643,-4.7810,1.9521,-1.7473,12.6354,-4.6389,2.1834
1.416,0.8199,2.8477,-5.1564,1.1725,-4.7580,10.8642,-3.2708,2.3022
1.420,3.3154,2.4017,-4.3456,5.1724,-6.0763,7.7099,-0.3878,3.9645
1.424,1.7116,-0.1306,-3.7208,1.5936,-9.1827,8.9846,-1.2862,2.8336
1.428,-0.3227,-1.6886,-3.3224,2.6085,-9.1447,6.3296,2.5945,6.8734
1.432,0.9820,0.7097,-4.4935,2.9507,-6.9679,5.0334,5.5107,6.8923
1.436,1.2673,-0.7235,-4.5031,4.8393,-7.5094,2.9337,4.1737,11.6437
1.440,2.3895,-2.6389,-1.8477,3.9553,-10.8523,2.2219,4.4545,16.0546
1.444,3.6489,-1.1086,-2.8869,2.8738,-8.9377,0.8323,7.6421,16.5588
1.448,5.6419,-2.1904,-7.7170,5.1962,-8.8006,-2.5404,7.0280,17.3177
1.452,7.1687,-1.6555,-3.6789,6.4451,-6.9671,-0.2939,9.6750,15.7505
1.456,9.1577,-0.7026,-3.5609,6.2324,-8.7942,-7.3860,7.7687,16.1982
1.460,13.3451,1.1513,-1.1850,2.1823,-8.8937,-4.9168,7.5593,14.6644
1.464,12.2850,2.3283,-1.3398,2.9235,-9.1856,-7.2604,2.6221,13.4400
1.468,10.1105,4.0240,0.6514,5.2155,-6.8171,-7.0295,-1.3030,10.1914
1.472,10.3858,4.8327,-0.3202,4.7291,-8.0125,-6.8561,-3.2790,9.8812
1.476,9.6979,7.1408,0.0915,2.8710,-3.9025,-5.3030,-3.5427,5.5614
1.480,7.0373,8.7357,3.5180,2.8735,-3.2548,-4.5947,-6.1621,5.8182
1.484,7.8836,12.2722,2.3601,5.6471,0.0184,-3.1069,-5.9009,3.9474
1.488,3.0658,12.9204,5.9942,3.7851,-0.2755,-2.4903,-7.7317,-1.1073
1.492,0.7750,12.5246,4.5686,4.9770,-1.4777,0.8309,-4.9262,-1.5010
1.496,-4.8719,15.5007,3.9044,6.6371,0.0541,3.1597,-6.2989,-0.6556
1.500,-7.0782,13.6728,4.7842,2.9243,0.4745,1.5160,-5.9334,-1.4649
1.504,-6.2732,11.4026,4.6772,0.0103,4.9381,3.7031,-4.5256,2.1859
1.508,-6.3171,10.1432,4.5232,-0.5046,4.4055,3.4782,-3.6632,0.4262
1.512,-5.8115,8.2243,1.4701,-0.2614,5.0797,3.4548,-4.4289,3.4050
1.516,-5.7136,5.1861,3.2207,-1.4808,2.7855,3.5431,-4.9968,2.6467
1.520,-8.6922,5.6611,2.4895,1.2549,1.8437,2.0495,-3.6749,2.9521
1.524,-8.3535,0.9935,3.8262,-1.7223,-0.5377,0.1743,-1.0324,3.9370
1.528,-8.2989,1.7824,1.4373,-1.9868,-1.7112,0.9575,3.2865,6.0736
1.532,-7.2932,-0.9723,4.1254,-5.5831,1.3622,2.4531,6.4503,6.6353
1.536,-4.0221,0.3771,-0.4123,-1.2074,-0.7145,3.5301,9.4217,8.1493
1.540,-5.1238,-2.5664,-0.7476,3.0616,0.1266,4.1687,8.7274,6.2813
1.544,-3.8010,-4.4674,-1.5824,3.5064,0.7996,5.5547,8.8285,6.8268
1.548,-0.8057,-4.8552,-2.4715,1.7433,-0.7313,1.0695,8.7092,10.2344
1.552,0.3049,-5.4554,-4.2430,1.7666,-0.7229,-2.2110,6.6756,10.3008
1.556,2.5906,-5.9557,-7.2851,5.2458,-0.5254,-7.4057,5.7447,8.2559
1.560,1.8172,-4.6313,-6.1225,6.2064,1.5659,-4.9154,4.8234,6.6179
1.564,4.5930,-2.8271,-2.1667,8.8591,0.1225,-6.6501,2.6138,8.5395
1.568,6.9725,-1.0549,-1.0683,9.0736,1.7553,-7.1502,0.5113,6.0626
1.572,5.8318,-1.4799,-0.4181,10.9565,-0.4751,-7.7986,-4.0438,0.5064
1.576,6.4759,-1.2969,-2.3856,7.4851,-0.2640,-8.7503,-6.1863,-6.4793
1.580,6.8770,2.2236,2.2108,6.1829,1.2677,-7.4999,-6.7321,-9.0612
1.584,5.6657,4.3816,1.7210,4.0238,0.0490,-4.2775,-7.1350,-7.9525
1.588,3.8480,5.3417,1.1094,5.1901,1.7922,-3.3694,-8.3056,-12.7123
1.592,-0.0371,5.0719,-0.4468,1.5406,5.1359,-3.2576,-7.5984,-11.9223
1.596,-4.2116,5.3310,-0.2886,3.7803,6.6279,1.9615,-7.3861,-11.6021
1.600,-4.6941,7.1879,0.0651,6.4326,8.2477,-1.2060,-10.1456,-10.5048
1.604,-9.0059,4.5861,0.2799,4.8278,9.2680,-1.3704,-8.1630,-10.9887
1.608,-9.8334,2.5060,-0.4340,4.2728,9.0515,-1.0597,-6.5355,-10.5259
1.612,-9.6739,2.5239,1.6893,1.5448,7.2818,-3.1787,-5.3861,-10.9091
1.616,-8.8699,1.9192,0.5046,0.8864,6.9765,1.7463,-1.1743,-9.4753
1.620,-7.1909,-0.3660,0.1975,-1.7498,3.6519,1.4817,3.5859,-4.4971
1.624,-4.9718,-0.5589,-0.2650,-1.5125,2.8021,1.8059,6.7568,-2.0349
1.628,-1.8202,0.6735,0.3300,1.6776,2.1571,-0.5571,11.2680,-0.3168
1.632,-1.0011,-3.4791,2.4447,-1.6030,-0.5532,1.0877,13.0793,2.1602
1.636,2.4037,-1.5772,-4.7541,1.7995,-1.1972,1.1428,13.9301,5.4040
1.640,0.6900,-2.9149,-4.1971,0.3842,-3.4068,3.2531,17.3541,2.3376
1.644,0.3685,-4.2586,-2.6939,1.8150,-0.2578,2.7496,17.7851,5.4557
1.648,-2.0965,-1.1471,-4.2417,0.9820,0.0013,-1.1408,16.9297,7.1939
1.652,-4.7351,-0.7386,-6.6700,0.9501,-0.2729,-2.9279,15.6681,11.0187
1.656,-4.6555,-1.5588,-1.3633,0.6475,-3.4656,-1.2769,15.0165,9.1717
1.660,-5.7476,-0.0375,-2.9723,4.7079,-3.4317,-4.6398,14.4207,7.7584
1.664,-2.9284,-1.5275,-0.8259,4.0123,-3.0030,-4.2619,15.2677,4.1743
1.668,-0.8899,2.8743,1.3943,7.1303,-3.5574,-7.4191,12.4373,2.9587
1.672,-3.3478,1.2397,4.1352,7.2268,-3.3876,-7.7182,7.1855,-0.0269
1.676,0.2799,4.7503,3.7991,7.1133,-3.1793,-7.3457,5.9664,-2.7918
1.680,-3.0332,3.6914,3.1977,3.7530,-3.1302,-5.8139,5.5531,-3.9104
1.684,-3.7345,2.2355,6.1099,1.7014,-3.8031,-5.3295,-1.2045,-6.0372
1.688,-2.6872,-1.2456,2.1724,0.8701,-3.5125,-3.8617,-4.0228,-9.6385
1.692,-7.4021,-1.2302,3.3581,0.2022,-1.1713,-3.5663,-1.5420,-8.2789
1.696,-5.7923,-2.9129,4.0560,0.4978,3.0198,-2.7027,-6.1917,-10.2980
1.700,-9.0737,-4.1023,2.7239,-0.1802,6.7716,-0.4683,-5.1805,-7.9552
1.704,-10.3427,-7.3918,3.2503,2.3623,2.9111,0.9717,-3.5463,-7.6097
1.708,-11.2775,-3.7449,0.9152,6.4009,2.2655,1.0229,-1.3235,-4.2235
1.712,-11.5724,-6.9758,3.6220,5.5991,5.5449,4.0607,0.3875,-3.2330
1.716,-9.9250,-7.3081,4.5262,6.5656,5.6531,3.8736,1.9603,-1.2239
1.720,-9.4236,-7.9173,1.3759,4.2974,7.2297,6.9901,2.9332,-0.7884
1.724,-6.6806,-4.2967,-1.7483,5.3561,4.9461,8.0202,4.4414,0.7319
1.728,-4.0403,-4.8687,-4.2481,5.5930,3.7594,10.9084,5.4099,2.1471
1.732,-0.8034,-4.2990,-2.5209,3.8871,1.0795,12.3127,4.3534,4.0220
1.736,0.1788,-3.3348,-3.1976,4.8462,-0.0538,11.2812,7.5606,5.3957
1.740,-1.3486,-3.0796,-8.5842,2.7778,-1.0181,9.6272,7.8801,10.9494
1.744,2.7919,-2.0368,-8.4599,1.6386,-1.4953,8.6083,9.0698,12.1759
1.748,2.5723,-1.7230,-5.9977,-0.8112,-0.3323,6.6622,8.1596,13.6390
1.752,3.9768,-1.7757,-5.2910,1.7512,-0.7382,4.2708,6.2003,13.4065
1.756,5.8320,-3.9623,-6.8248,-0.9945,-1.7648,3.9541,5.7580,12.7286
1.760,3.3531,-4.4015,-5.8954,-0.8418,-1.9289,2.5244,3.8348,7.3411
1.764,6.0924,-0.3519,-4.6993,-1.2569,-2.4217,1.7828,-0.5366,5.6624
1.768,7.0964,4.2685,-3.9240,2.9374,1.1617,2.5343,-1.0795,3.9569
1.772,9.7487,4.9280,-4.4644,1.4467,2.3466,1.2328,-6.9640,0.1660
1.776,8.8180,3.3315,-1.9293,3.7630,-1.1510,1.2939,-8.2323,2.2436
1.780,7.4759,3.1833,-2.5405,2.2793,-2.7905,1.5452,-13.9806,1.1198
1.784,9.3693,1.4354,-3.7015,3.2032,-2.3299,-0.8396,-15.0532,-2.3076
1.788,7.6265,0.2568,-5.1992,3.2622,-4.4663,-4.0943,-15.3487,-3.2563
1.792,7.0822,0.6095,-2.6717,1.1720,-1.7917,-5.4904,-15.5883,-3.3784
1.796,4.8255,-0.3726,-2.6704,0.3019,-2.0508,-9.5912,-15.5497,-4.6756
1.800,1.9467,1.2374,-2.7391,-1.7845,-3.4289,-9.1046,-11.2681,-4.1407
1.804,-0.3360,2.0322,-1.1047,-5.0199,-1.0664,-8.3353,-10.9490,-4.7889
1.808,-1.0203,0.6484,2.3293,-4.1435,-0.7444,-2.2629,-9.0520,-6.7292
1.812,-7.2742,-0.7852,0.0789,-5.5335,0.4866,-0.5121,-7.5966,-5.6480
1.816,-7.1587,-4.9309,0.4447,-8.0827,1.2389,0.3206,-4.5425,-2.6033
1.820,-9.4946,-8.2096,0.1145,-6.2998,3.6661,2.3489,-2.5871,-2.4069
1.824,-8.5746,-8.4014,-2.3466,-6.7291,5.0386,5.0207,-1.9588,-0.7790
1.828,-4.2877,-12.0725,-3.7657,-5.5826,1.9403,5.2925,0.0805,2.9499
1.832,-2.7325,-10.7993,-3.6502,-5.2128,-0.1171,4.9903,1.1945,7.8032
1.836,-0.7263,-13.1556,-0.8901,-5.3793,0.2882,5.9686,2.0525,4.1024
1.840,-0.1986,-13.2161,1.7238,-4.4815,-0.5657,4.9056,2.0610,8.5491
1.844,0.5841,-11.4637,2.9792,-3.1037,-0.6342,5.8734,7.4766,9.5981
1.848,0.2762,-8.1287,4.2771,-2.9121,-1.8229,5.1385,7.6322,9.1090
1.852,1.4809,-6.3011,3.0505,-0.3485,-1.5903,5.5846,7.3958,7.1440
1.856,2.8175,-5.5554,2.2442,-4.7890,0.2948,6.3783,5.8021,7.6183
1.860,0.4649,-3.5948,1.3379,-5.1659,1.5191,5.7190,2.9079,5.9060
1.864,2.6324,-0.1780,2.3968,-3.7213,2.2461,4.1217,-3.7848,2.2222
1.868,-1.4901,-3.3832,4.4781,-2.8223,2.5320,4.2970,-8.1453,0.0335
1.872,-0.9549,2.8966,3.8450,-0.7051,3.8183,2.4490,-12.2484,-4.5817
1.876,1.7893,1.5660,2.2332,1.7523,4.2711,-3.7704,-15.0800,-5.6353
1.880,0.4907,0.9273,1.6949,4.0698,5.6905,-5.0208,-12.6915,-10.2200
1.884,3.2146,-0.0421,5.5381,1.7954,6.0119,-10.0313,-14.8510,-10.1611
1.888,3.0544,0.2995,4.8714,2.0515,4.5889,-9.0943,-15.5032,-11.4521
1.892,3.0412,-0.0661,8.6511,0.0094,7.0235,-8.8024,-14.8808,-13.0398
1.896,3.7812,-1.2812,7.8964,0.4062,7.1714,-6.5258,-15.1185,-15.4921
1.900,3.1440,0.3352,8.9770,-1.6735,8.3450,-5.2688,-12.4760,-16.2727
1.904,1.6255,-0.7887,7.2927,-2.3909,9.1449,-1.6852,-11.5589,-14.7932
1.908,1.8363,2.2066,4.9576,-7.6972,7.4692,1.5923,-10.8607,-14.7709
1.912,0.3747,1.0623,5.1922,-8.5523,8.1900,3.7477,-8.8070,-12.9845
1.916,0.8686,1.1811,3.9840,-11.4821,9.2018,6.9220,-6.9310,-10.1258
1.920,2.7377,2.8237,4.9923,-13.9554,7.9622,11.2918,-5.0116,-6.2132
1.924,2.9145,3.8203,2.2559,-13.9703,9.1865,16.1889,-6.5828,-2.6068
1.928,5.8722,1.7504,3.2408,-11.9487,6.9514,16.2788,-5.2518,1.1714
1.932,4.2461,4.5393,1.8503,-8.5532,5.4179,18.4545,-0.3677,4.8807
1.936,5.7402,3.8971,4.4759,-11.1825,1.6560,15.9144,4.8732,8.6337
1.940,8.3126,6.4566,3.6767,-11.4027,-0.8703,14.9818,4.6566,9.9415
1.944,9.0883,7.4013,4.1030,-10.0120,-5.7682,15.9254,2.9474,8.1054
1.948,6.8648,8.5367,0.9569,-8.2141,-7.2361,13.9655,3.1414,8.3573
1.952,6.1305,6.4988,-0.8342,-8.9592,-7.1067,10.2099,2.7118,9.6910
1.956,4.0632,6.8210,-1.5045,-9.9157,-8.2988,7.9647,-2.3778,10.2718
1.960,5.3955,6.6639,-0.7377,-8.2565,-6.3679,6.1354,0.0573,8.0445
1.964,6.1536,7.4874,-0.0976,-9.6975,-7.9587,0.4368,-0.6803,8.1671
1.968,3.6652,8.1455,0.4240,-8.1679,-4.9353,1.5342,-3.7954,8.4310
1.972,-1.2626,9.9702,-1.0040,-5.9526,-6.1285,-2.9946,-4.6627,4.2396
1.976,-6.0821,7.8181,1.6851,-4.3828,-6.3325,-4.5063,-5.3979,3.1723
1.980,-9.5451,6.9091,-1.5233,-2.3343,-8.1570,-6.2680,-4.6025,2.2688
1.984,-5.6586,5.3005,-0.1566,-3.8802,-6.9472,-10.2870,-8.5856,0.4191
1.988,-6.4593,3.6639,-1.2893,-1.7083,-8.3385,-14.2012,-6.5275,-0.9037
1.992,-7.0425,2.7684,0.4440,-3.7457,-8.5753,-12.8586,-5.1225,-2.6610
1.996,-7.6950,-0.2855,2.0425,-5.3146,-7.8165,-11.1081,-3.1845,-1.0334
2.000,-7.9589,-1.8424,1.2176,-6.6482,-7.1708,-16.1412,-2.3683,1.1083
2.004,-9.7788,-2.5499,2.7076,-6.4291,-4.5186,-15.5913,-5.5736,2.0812
2.008,-7.9364,-3.6354,0.6452,-6.3271,-3.9188,-11.2760,-2.8738,1.1369
2.012,-8.9728,-6.2153,3.8505,-6.1947,-2.0133,-8.4081,-1.2478,5.0538
2.016,-7.5092,-4.5956,0.2137,-6.7893,-2.0141,-3.8632,-0.0212,7.8070
2.020,-5.3429,-5.4810,-0.0976,-8.8473,2.6239,-1.7836,4.3444,10.4255
2.024,-4.7118,-2.5252,0.8920,-9.4397,2.6306,-0.4165,8.5117,8.1748
2.028,-4.7429,-4.4415,2.2258,-10.2098,4.1224,-0.3918,11.3343,12.9249
2.032,-2.5074,-5.2192,2.3392,-13.3390,2.7104,-3.2868,10.0850,15.9447
2.036,-1.2875,-6.6633,4.0397,-14.2601,1.8961,-0.7470,13.0270,14.2055
2.040,0.4196,-5.2721,3.6081,-12.2734,3.3806,0.1413,15.8462,12.7220
2.044,-1.7194,-4.8540,3.3745,-10.1319,-0.6919,4.3234,16.2645,12.0227
2.048,3.2053,-3.2784,-1.1919,-7.6551,-0.5003,4.6546,12.9346,10.7442
2.052,3.1243,-6.4331,-1.6840,-7.6733,-0.5976,3.5271,11.9939,7.8226
2.056,5.4073,-4.2378,-4.1693,-3.7804,0.7756,5.8612,10.2478,6.7913
2.060,6.3351,-3.9513,-5.3860,-0.5898,1.5695,7.8811,8.0805,7.8866
2.064,8.2542,-3.3049,-2.6214,0.2696,-0.2566,6.7296,6.3302,4.4783
2.068,7.5936,-2.2214,-0.7249,0.1196,-3.9163,2.4540,2.1757,3.9512
2.072,6.1823,-2.9189,0.2444,-0.8317,-4.5893,4.8254,-1.6225,-1.5150
2.076,6.7225,-2.0904,2.1597,-1.5111,-5.4716,2.5269,-1.7895,-4.8224
2.080,5.0493,-2.1286,3.9106,-0.6586,-4.7304,-3.4203,-3.8313,-8.9855
2.084,2.3626,-5.1129,4.0234,0.8383,-4.0011,-4.6034,-6.6020,-10.2786
2.088,1.0967,-2.0548,5.4599,-2.9858,-1.8277,-7.7034,-10.6729,-9.7706
2.092,0.9937,-0.3441,7.2182,-2.7813,-4.1120,-5.2656,-11.8623,-12.8289
2.096,-0.5127,-1.0265,5.6045,0.7131,-5.5044,-4.6510,-13.5493,-13.1885
2.100,-1.1760,-2.6246,6.5455,0.1581,-3.1634,-2.1778,-11.2388,-16.1644
2.104,0.0281,-2.7239,2.9728,1.0804,-0.7813,0.4898,-12.4389,-17.7039
2.108,1.3470,1.3476,4.8288,-2.8975,-2.3923,-1.7552,-10.3529,-14.3123
2.112,0.3166,-3.2771,3.3886,-0.7229,-2.6510,0.8486,-9.4997,-15.4188
2.116,1.1416,-5.1424,0.7561,-0.9649,0.7657,2.6272,-5.8893,-14.9408
2.120,-2.1473,-6.4718,-1.0394,-2.4109,-1.5858,1.7335,1.5639,-11.9031
2.124,-2.2718,-8.2537,0.7653,-4.2629,1.6138,2.6736,4.5224,-8.3052
2.128,-1.1347,-9.5095,-0.4137,-4.5916,0.6835,4.3593,5.2472,-4.3266
2.132,-3.4493,-7.9871,4.6632,-6.5389,-0.8842,5.2501,8.0667,1.2631
2.136,-2.3746,-7.8454,1.7661,-8.1794,-0.8095,3.4755,8.8563,0.1719
2.140,-1.6346,-7.3753,3.8166,-6.8124,-1.6642,9.0791,8.1686,2.2098
2.144,-3.6470,-5.4289,0.1567,-5.4173,-5.0261,4.7248,7.7142,4.4691
2.148,-3.0133,-3.0002,0.6544,-2.6590,-6.3801,4.3446,11.6920,4.6485
2.152,0.0309,-1.7588,-2.2219,-4.0978,-6.7582,5.3031,10.9172,2.6971
2.156,1.1160,-4.2404,-0.5172,-3.6980,-7.5105,6.0304,11.0367,0.5076
2.160,1.1429,-5.3579,-3.0136,-1.9534,-5.3610,6.1017,10.9119,2.3456
2.164,1.9394,-5.1830,-6.3989,-1.4311,-9.4397,3.1946,11.7578,1.2106
2.168,1.0274,-6.7311,-3.0251,1.0665,-10.2965,3.5408,10.3830,0.2981
2.172,2.7430,-4.1384,-6.5893,0.9134,-10.5933,1.1742,5.6644,-0.1039
2.176,0.2972,-6.2720,-3.5681,2.0453,-10.3005,-0.2341,2.3575,-4.3199
2.180,-1.5419,-4.5248,-3.8126,2.3798,-12.2222,-0.5652,-1.8998,-7.2862
2.184,-4.8458,-5.3619,-3.1934,2.5261,-11.8253,-6.2641,-2.9393,-9.1641
2.188,-6.1027,-8.3807,0.6646,3.2946,-11.4925,-6.7372,-4.1525,-11.4471
2.192,-8.4488,-7.8311,0.9744,0.3824,-8.0387,-7.3976,-7.5250,-12.4584
2.196,-10.0191,-9.6248,-0.6409,-0.4683,-5.4438,-9.1646,-5.6158,-11.3815
2.200,-11.1909,-7.8562,2.7018,0.5555,-5.0202,-10.9426,-6.9469,-12.0925
2.204,-10.2759,-7.2371,3.0053,-1.7056,-4.0143,-11.2400,-6.4397,-9.3092
2.208,-7.0656,-6.8426,5.7221,0.9116,-2.0263,-7.0762,-5.8568,-5.9169
2.212,-6.9764,-7.7980,5.2022,-0.1457,-0.3662,-8.7712,-0.4914,-2.3015
2.216,-4.1638,-8.7581,7.1878,0.1303,2.2401,-9.1375,2.0439,3.1225
2.220,-2.3011,-6.2431,8.1310,-0.2031,4.3025,-2.0488,1.1884,4.9601
2.224,-0.2519,-11.1012,6.7045,-2.4179,1.7595,-1.6270,2.0972,5.3015
2.228,-1.1843,-9.9424,7.5170,-0.7721,3.6559,-0.6236,3.9067,6.0499
2.232,1.7346,-8.7864,2.1681,-6.1814,4.9123,-0.1809,6.1277,7.6053
2.236,3.0820,-5.6685,4.7572,-5.9694,3.8503,2.3668,10.2257,7.0750
2.240,1.7218,-6.9792,2.1384,-8.0861,6.3652,5.2566,9.4688,8.1367
2.244,1.2093,-4.3442,0.7253,-8.1294,5.6561,6.4466,9.0848,8.4706
2.248,0.1787,-4.1867,-0.2954,-10.1694,5.7219,9.7756,10.2307,7.8242
2.252,0.6140,-4.2034,0.2065,-9.6303,3.6482,10.4709,5.0628,4.6444
2.256,2.8544,-3.4909,1.1220,-7.5257,2.2700,12.6602,1.8513,1.2534
2.260,-0.9960,-3.3476,-1.0634,-6.6526,0.2952,11.1943,-2.0342,2.6247
2.264,1.8134,-3.4191,-2.1101,-6.4597,-0.4597,5.6785,-5.6165,-2.9698
2.268,4.7394,-1.7814,-1.4252,-2.5847,-1.2359,8.6086,-9.1244,-5.9002
2.272,3.5464,-1.1264,-2.4978,-1.7562,1.7060,7.6979,-14.6886,-6.4711
2.276,4.9643,-0.9268,-4.3701,-0.8983,-0.5793,4.4085,-17.0295,-7.0169
2.280,-1.5884,-3.3465,-7.3840,-3.7808,-0.4359,6.1730,-18.9511,-6.8441
2.284,-4.2294,-3.5242,-9.2470,-6.0456,-2.9474,1.7101,-22.5491,-8.3348
2.288,-3.8265,-2.9764,-7.8983,-2.2114,-0.9204,0.5317,-26.3697,-7.3454
2.292,-8.0731,-2.6741,-6.6463,-5.6648,-1.1525,-3.6223,-26.8948,-8.1199
2.296,-6.9988,-3.7571,-6.5673,-5.0967,-0.3806,-5.1135,-27.9033,-11.1596
2.300,-4.6706,-0.7022,-5.9346,-6.4703,-1.4527,-3.6611,-25.4661,-7.2162
2.304,-5.3379,0.1759,-4.1695,-9.0442,-1.0355,-6.8214,-24.1097,-7.7747
2.308,-6.2109,1.2332,-4.9070,-7.2359,-0.4343,-8.9459,-21.5841,-6.7268
2.312,-5.0100,-0.8867,-0.9869,-6.2336,1.3009,-11.2782,-20.6826,-5.8415
2.316,-2.3390,-2.9109,-0.0317,-7.5531,1.5525,-9.5328,-16.1857,-3.3747
2.320,-1.3443,-1.5883,-3.0828,-6.0560,1.2897,-7.6373,-16.1478,1.1334
2.324,2.5015,-4.6826,-1.9261,-4.9765,5.6898,-7.9083,-12.5151,5.9583
2.328,3.1586,-4.9721,0.6059,-5.3966,3.9842,-6.7612,-7.9216,4.0720
2.332,1.0119,-0.5034,-1.0714,-5.5671,2.2169,-4.1461,-3.1259,9.6548
2.336,-1.6254,-2.8627,-4.1181,-2.6161,1.4489,-1.8600,2.1899,9.2956
2.340,-1.8542,-3.0441,-3.7968,-3.4050,1.9538,1.9541,2.9085,9.4862
2.344,-2.7184,-4.2365,-2.8853,-2.2545,2.4400,5.9497,4.9252,12.6810
2.348,-2.6460,-6.1300,-1.1598,-2.4987,3.7769,4.3745,3.8051,11.3692
2.352,-2.7643,-6.3361,-2.3080,-1.6215,3.0857,5.7800,6.1418,9.9535
2.356,-4.3909,-3.8710,-0.4133,-1.7010,1.1094,6.1793,7.3038,13.0955
2.360,-4.6197,-4.5427,0.1930,-3.5983,2.8627,2.1927,3.7510,10.9619
2.364,-6.7735,-2.7094,4.6513,-1.7069,1.3927,1.7327,3.9286,11.0178
2.368,-6.0134,-3.5177,2.0951,-3.2568,-0.0295,0.8354,-0.6912,7.9445
2.372,-4.7740,0.9612,1.6019,-2.3573,-1.4456,0.6578,-1.2056,4.1344
2.376,-6.5818,1.4096,1.9889,-2.1705,0.7717,-2.8496,-2.8743,2.0497
2.380,-7.0886,-0.3968,0.3588,-0.1403,-0.8632,-3.9304,-4.7086,-1.1094
2.384,-4.1475,-1.3667,-0.5409,-2.8159,-2.7100,-6.3083,-5.2948,-3.9087
2.388,-3.4669,-0.4890,-2.4978,-1.1227,-0.0650,-4.1358,-9.5703,-7.7727
2.392,-8.6217,1.3739,0.8650,-1.6484,-1.1944,-1.1968,-9.4005,-7.8740
2.396,-6.7060,2.8981,3.3903,-0.7957,-3.4147,-2.2576,-11.5223,-5.8621
2.400,-7.4030,4.5875,6.3532,-2.1083,-5.3983,-0.6744,-10.3813,-9.6685
2.404,-6.0024,1.0697,5.6116,-1.1974,-8.1292,-5.8938,-11.0966,-8.1705
2.408,-8.0515,0.1334,6.2450,-2.3739,-7.5528,-3.5117,-7.8399,-6.3822
2.412,-6.4268,-1.3807,5.8995,-3.2090,-5.2430,-3.1825,-8.0901,-1.7413
2.416,-4.5645,-5.4257,7.4640,-2.6723,-2.6212,-2.5833,-6.4335,1.9477
2.420,-5.1771,-6.7522,4.9047,-0.4453,-1.1080,-1.6998,-2.7277,1.1710
2.424,-1.2550,-7.3061,3.3010,0.5700,-2.1413,-0.2345,3.0256,6.6891
2.428,-0.2248,-7.4259,8.9276,-2.1634,0.5146,1.8630,7.3125,9.5617
2.432,0.5172,-6.8911,5.0483,-1.3384,3.9431,2.8250,11.5296,10.0385
2.436,5.3629,-6.2856,4.8820,-3.4078,2.6571,0.9047,11.4870,9.6942
2.440,4.9924,-1.5211,5.0213,-4.7422,4.4263,1.9129,9.8976,11.3900
2.444,5.5892,-3.0634,6.5119,-3.2297,3.6406,1.4026,8.7042,13.6487
2.448,4.2270,-2.3117,4.5139,-2.1670,0.9186,3.2629,7.9747,14.4360
2.452,2.2224,3.5499,5.9008,-2.2553,-1.0862,5.0888,9.1913,12.0657
2.456,3.3401,4.2267,1.7498,0.6557,0.8489,3.3312,8.7122,7.7203
2.460,-0.9751,-0.5148,-1.7429,0.0116,-1.8977,3.0759,5.6608,3.2681
2.464,-0.4698,-1.4166,-1.3371,0.5380,-3.5110,1.0095,3.3295,5.1495
2.468,0.3977,-1.4834,-1.1053,-0.9618,-1.1627,-0.7047,0.1321,2.6346
2.472,-2.0741,4.2844,-4.7765,4.1981,-3.1107,-1.9590,-0.4192,-1.0810
2.476,-6.8231,4.7816,-5.2832,3.6012,-1.3810,-3.8030,-6.3368,-6.6065
2.480,-4.8782,3.1423,-7.9587,4.2679,-2.7854,-2.4559,-10.1350,-13.4484
2.484,-1.1624,3.9911,-8.9293,5.9833,-4.3506,-4.5911,-12.7377,-11.9097
2.488,-2.7768,4.2597,-8.7823,8.6716,-7.3570,-4.5332,-15.5679,-14.9283
2.492,-5.2420,4.0392,-5.1973,8.5140,-6.3063,-3.7554,-18.6996,-15.4832
2.496,-4.5353,4.5142,-4.5509,9.0931,-8.6231,-5.3628,-22.3371,-14.9934
2.500,-5.1261,8.0539,-5.2603,8.0130,-9.7026,-7.7242,-21.1259,-16.0589
2.504,-6.9367,7.1799,-3.6066,7.3533,-8.3996,-6.4436,-20.4238,-14.2424
2.508,-7.0813,9.0406,-3.0553,2.8612,-9.4022,-5.5180,-17.7975,-10.7596
2.512,-6.3226,5.1956,-4.4405,0.1179,-9.2939,-10.5143,-17.7101,-5.5502
2.516,-4.3777,1.0506,-2.8749,1.3944,-7.9994,-7.1201,-12.8353,-1.5717
2.520,-6.3449,-1.0172,-4.2961,-0.9099,-5.7555,-8.6722,-9.5561,4.2202
2.524,-3.9459,-3.2717,-2.9987,0.5135,-1.8171,-7.6564,-1.9838,8.3512
2.528,-0.5294,-3.3948,-3.2987,1.1296,0.1830,-3.6465,0.0703,8.0990
2.532,1.2309,-3.4028,-5.2508,0.3503,2.2415,-2.0172,1.8242,11.8613
2.536,-0.0060,-1.6055,-2.7935,-0.3704,3.1094,-2.9321,3.9897,9.4542
2.540,1.4981,-2.7512,-2.3341,-0.6731,4.0214,-1.6753,5.6591,8.2403
2.544,2.7056,-2.6507,-0.2980,-2.7821,1.7139,0.5901,5.2674,12.0612
2.548,0.1438,-3.7813,-0.0559,-3.4250,3.6776,2.3360,6.4119,7.7305
2.552,0.3983,-2.8532,-0.6287,-3.3046,2.4387,3.7167,6.1862,7.6316
2.556,-0.8488,-4.0967,-2.6632,-4.2203,3.1599,3.8701,7.1047,11.3038
2.560,0.2409,-1.8547,-0.6912,-6.9837,1.9813,3.0538,4.7136,9.1117
2.564,-1.6972,-3.1297,-0.0481,-2.7347,3.1510,3.7948,3.2695,6.8775
2.568,-1.0720,-0.7746,-2.4944,-5.3137,5.2252,5.2710,0.4082,4.3737
2.572,-1.8804,2.4358,-3.6002,-5.7608,5.8379,5.0629,-1.3861,1.1957
2.576,-2.0463,2.8216,-7.0995,-5.9075,4.5968,6.8085,-2.2007,-3.9139
2.580,-2.6246,5.4618,-4.8031,-7.3178,5.0878,2.5581,-7.2778,-6.0658
2.584,-2.5709,6.1672,-2.9502,-5.7627,5.7176,2.0916,-10.9088,-7.0388
2.588,-2.6877,10.1570,-3.1618,-7.2594,4.3633,3.5377,-11.8872,-10.8550
2.592,1.3404,10.3816,-3.3871,-5.3114,3.2048,2.9830,-8.8305,-11.8427
2.596,1.7085,12.2058,-2.1858,-4.4873,1.5956,-1.2819,-10.1278,-9.9689
2.600,0.1241,8.6715,-0.6385,-2.6371,-0.4261,-1.8544,-7.1328,-13.5793
2.604,2.6579,5.9604,-2.7592,-1.2843,1.4341,-1.2452,-7.9166,-11.1321
2.608,-0.0833,1.9203,-4.2838,-0.7936,1.6362,-4.3584,-3.3035,-8.3826
2.612,1.4587,2.2266,-4.4224,-0.6616,-0.0099,-8.5821,-3.0581,-7.5859
2.616,2.9359,-0.3818,-3.1586,-1.9928,2.1807,-9.9881,-2.4240,-5.5478
2.620,0.2279,0.7621,-3.3051,-2.9056,2.4088,-12.6622,0.1533,-0.5577
2.624,-2.1941,0.8087,-2.5687,-2.0620,4.5900,-9.4756,0.5461,2.7292
2.628,-1.7261,1.5751,-1.1472,-3.0910,5.9671,-7.3842,2.7053,5.9623
2.632,-1.8400,0.0368,-0.4481,-6.0542,6.4082,-7.0847,6.3554,6.1148
2.636,-3.6126,-1.4145,-1.5145,-7.4635,5.4002,-8.9159,9.9020,7.1646
2.640,-2.0014,-0.9579,-1.8224,-6.0737,6.5519,-5.6907,12.3396,7.5922
2.644,-1.1884,-1.0033,-4.7814,-5.8344,4.6752,-5.8017,10.8005,5.8074
2.648,-1.7103,-3.4388,-1.8481,-4.0480,4.2035,-2.2854,7.0110,5.0181
2.652,-3.5515,2.2412,-6.2675,0.2638,4.4923,-3.6995,8.1337,4.9663
2.656,-2.7195,1.5934,-0.5221,-0.3781,4.7747,-3.4470,8.1663,4.5779
2.660,-4.8518,-2.5146,-1.3436,2.1913,4.1302,-1.4511,7.4453,4.7406
2.664,-2.8676,-0.2456,-1.9259,1.6498,3.4063,-1.0300,2.1248,5.1584
2.668,-3.7129,2.9500,-2.7036,0.9238,1.2323,-0.7276,-0.7072,2.9724
2.672,-4.9560,0.4937,-6.3144,1.3380,0.5181,2.3578,-0.6911,1.6294
2.676,-4.9605,3.2068,-3.9880,3.2572,-1.8150,5.8993,-5.1855,-2.6111
2.680,-6.1128,4.1581,-5.1286,0.8708,-3.6265,6.6944,-9.8244,-4.5840
2.684,-7.1963,5.0564,-5.4762,3.7771,-4.9380,3.3782,-7.1547,-4.0007
2.688,-3.8427,4.9211,-6.0100,2.0855,-5.5607,2.5400,-11.0543,-5.6094
2.692,-3.8814,6.8304,-4.3723,3.6804,-5.5666,-0.8367,-11.8859,-6.9399
2.696,-4.0402,5.8545,-6.5180,1.9299,-5.6536,-1.9495,-12.3873,-5.3542
2.700,-4.3672,5.0575,-7.1054,0.6054,-9.5803,-6.1759,-12.0146,-7.0185
2.704,0.2285,2.1722,-5.7619,1.4253,-10.6570,-7.3454,-11.4780,-6.1918
2.708,0.8893,2.6044,-7.0560,1.7004,-9.8605,-10.5673,-9.8490,-1.6631
2.712,2.3360,-0.9160,-6.2095,-1.1576,-6.7146,-12.1709,-7.8331,3.0367
2.716,1.8542,0.0375,-2.9972,-2.0567,-7.4786,-6.4437,-4.8521,4.1992
2.720,2.8194,-0.9778,-4.6238,-6.6532,-3.3904,-9.2944,-1.1938,3.0759
2.724,3.4599,-3.6802,-2.7343,-4.7480,-1.0729,-10.2396,3.1528,4.7179
2.728,3.8114,-4.1052,1.4528,-4.7642,1.1816,-12.2201,8.1143,1.8307
2.732,0.0422,-3.2088,-0.6903,-8.0034,2.5304,-10.8922,10.3060,6.4631
2.736,0.6117,-4.3770,0.1164,-9.9919,5.5137,-11.7673,11.8689,8.5425
2.740,-1.3142,-3.3814,2.0380,-11.6716,5.2263,-11.1286,16.7434,4.5586
2.744,-3.0712,-4.3523,0.6689,-9.9561,8.5384,-11.6561,16.8256,5.3795
2.748,-4.7419,-3.1159,-0.7706,-7.7222,9.7591,-8.2536,16.7998,4.4204
2.752,-5.0546,-1.7795,0.3192,-5.5392,10.3036,-8.9324,17.6740,3.1082
2.756,-3.9773,-5.9446,-1.5005,-6.0227,10.6921,-10.5665,14.3316,5.9912
2.760,-2.1397,-6.3729,-2.6427,-8.5070,13.7706,-8.6916,15.2655,2.6895
2.764,-4.3800,-3.5745,-1.7384,-5.5906,9.6463,-6.9415,11.2993,2.4412
2.768,-4.4731,1.0445,0.2881,-2.1011,9.4696,-2.2641,10.6942,-1.4507
2.772,-6.2135,4.7353,1.2752,-1.0475,7.6060,-0.8266,5.4463,-4.5209
2.776,-3.8059,5.6938,-0.5119,3.0833,8.8199,1.1617,0.9737,-1.9727
2.780,-6.8978,5.8840,-2.8145,1.6621,7.0209,-1.7693,-0.1444,-1.5305
2.784,-8.8156,8.8084,-2.3061,-1.5932,9.3810,-0.6613,-2.5752,-2.3956
2.788,-6.7713,11.7518,-2.3201,-1.7690,8.8901,-1.5522,-4.9282,-7.2020
2.792,-7.0651,10.4253,-3.9161,-0.0323,7.1071,-1.8993,-6.9304,-6.2146
2.796,-3.2690,10.7676,-5.3236,-1.6875,6.8436,-2.6311,-8.5374,-6.2095
2.800,-2.8421,10.3054,-4.7100,-3.6207,4.6310,-3.1397,-11.2865,-4.1178
2.804,-0.4845,8.5432,-7.9172,-4.9242,4.7334,-2.7205,-10.2221,-2.9235
2.808,0.2241,6.3148,-9.0306,-4.5585,3.0721,-2.6092,-9.2547,-2.6065
2.812,0.1861,5.2490,-4.8249,-2.0266,3.6707,-1.0506,-7.7886,-0.3927
2.816,0.5275,3.0082,-2.5123,-1.7554,1.9781,-5.6890,-4.6132,2.6292
2.820,0.6870,0.9782,-2.3369,-0.8327,1.1836,-2.9110,-5.1807,3.2759
2.824,-2.5629,-1.8172,-2.1660,-0.1817,0.3551,-4.5845,-2.6736,3.6777
2.828,-2.0232,-3.0322,-0.6074,1.5859,0.6092,-5.5032,0.5139,9.2100
2.832,-1.6219,-4.5442,-1.5634,-1.1101,1.2541,-9.1396,3.3124,6.4802
2.836,-4.0026,-4.0462,-4.3611,-0.9158,6.0444,-10.0226,4.8859,8.0163
2.840,-6.2935,-1.2972,-3.7779,-3.8667,4.6439,-9.5435,10.8739,6.5381
2.844,-4.9717,-2.2683,-1.9247,-4.8788,4.6148,-7.7555,6.0815,10.0332
2.848,-8.6859,-2.6521,1.3446,-4.4714,5.2709,-8.4841,3.8324,11.8416
2.852,-8.6769,-4.5741,-1.1195,-3.4576,5.0287,-9.1621,3.5193,12.3711
2.856,-10.5451,-1.6872,-1.9865,-4.7280,5.3688,-7.6840,0.2920,7.9336
2.860,-9.6189,-0.1599,-0.7460,-6.3370,6.3701,-6.5109,-0.9259,8.1736
2.864,-8.5137,-0.1248,1.0771,-6.8702,6.2165,-7.6929,-4.4977,5.7784
2.868,-9.2535,0.6187,2.3715,-6.6671,5.8149,-6.7707,-4.6025,0.5058
2.872,-10.5184,1.0391,1.0531,-3.2170,6.7575,-6.9603,-7.9365,-1.8154
2.876,-11.6554,2.6273,2.5940,-3.0045,6.8418,-4.5060,-6.4960,-5.5405
2.880,-11.0093,2.2178,-0.9791,-3.5705,4.9420,-2.7894,-9.7332,-6.5425
2.884,-11.4619,2.1381,-0.5972,1.7560,5.1864,-7.2953,-11.6299,-6.6977
2.888,-10.2804,3.1647,-0.0548,1.8785,4.2446,-6.4130,-12.9186,-9.0100
2.892,-10.0919,2.0406,0.4046,4.4512,4.8947,-8.4722,-15.4173,-8.0501
2.896,-8.8780,4.8982,-1.4797,4.4226,5.6412,-7.4909,-16.9536,-7.2738
2.900,-7.2918,6.3544,-0.2177,3.0754,5.8124,-5.4427,-13.4900,-9.3739
2.904,-4.5454,7.2100,0.2634,2.5227,1.7834,-6.1222,-12.0332,-6.2313
2.908,-0.9693,7.7253,2.7979,4.8802,0.5587,-5.5326,-12.2454,-3.9045
2.912,-0.9286,6.9940,1.4529,2.5081,-0.6679,-7.4637,-8.8456,-0.5774
2.916,-2.0642,5.2481,5.8803,1.4354,-0.2084,-5.5950,-4.2700,-0.1165
2.920,-0.1664,4.9936,8.1313,-0.8403,-0.5206,-6.8756,-5.9575,4.2011
2.924,2.6153,3.5499,7.9302,1.4405,-0.1456,-6.3852,-2.6782,3.0903
2.928,2.8700,-1.7243,7.2237,1.8489,-0.3281,-8.4778,-0.3150,4.8262
2.932,1.3230,1.1513,11.0303,3.3469,1.8879,-9.7205,5.7763,5.0389
2.936,0.0739,-1.3597,12.9793,3.0228,5.4079,-11.4519,6.8360,7.7969
2.940,0.1889,-1.7421,10.0501,-1.5321,4.6514,-11.0268,5.0875,8.9402
2.944,2.1822,-3.1721,10.8618,-3.5253,5.4363,-9.5516,9.1599,10.7919
2.948,0.8417,-2.5246,9.3420,-0.4670,8.7737,-10.5976,8.2387,9.4730
2.952,1.5467,-0.6794,10.5902,-0.5356,8.8230,-10.5124,8.0318,7.6391
2.956,-0.9976,-0.3094,13.5081,0.6316,9.6107,-5.1877,8.3657,6.6504
2.960,-1.8561,3.5359,14.3324,-0.0858,8.8737,-4.1380,4.3875,5.2312
2.964,-1.8468,5.0082,14.1363,-1.4634,7.8830,-1.9127,3.6968,5.6359
2.968,-3.3363,9.8135,13.4840,0.8061,8.4789,3.3398,-1.8841,7.1896
2.972,0.9294,9.9239,10.1993,-0.0595,3.7291,1.9715,-2.7590,3.6992
2.976,1.9153,10.7865,7.9766,3.9970,2.1760,3.4500,-6.4702,0.7092
2.980,3.2966,9.2146,4.7184,2.3789,2.9157,6.9992,-12.0394,-2.9909
2.984,1.8890,9.2870,4.6833,3.9108,4.2486,6.6411,-14.1462,-4.9469
2.988,1.4053,7.8317,0.8278,3.9527,2.7888,7.6040,-15.8155,-4.2786
2.992,2.4324,4.9880,1.1439,1.5283,1.4897,9.5059,-21.7451,-5.0948
2.996,2.6422,4.5308,1.5139,3.1379,1.8285,7.7715,-21.3775,-6.9966
3.000,2.5892,1.8482,3.1861,5.5731,-2.8028,9.8466,-19.8642,-2.1789
3.004,4.8719,-2.0025,3.7713,6.2195,-4.4185,7.6146,-17.2611,-2.4224
3.008,5.8598,-3.9479,2.9286,5.3476,-2.6672,4.4824,-16.2017,1.6240
3.012,7.2648,-6.0505,5.3717,7.6173,-6.9810,3.1903,-16.9003,0.6638
3.016,8.1189,-6.5902,4.1375,7.9259,-8.5441,-0.5585,-13.1078,3.3118
3.020,6.4020,-10.4136,5.2146,6.3591,-7.9502,-2.1368,-13.0281,3.2794
3.024,7.6620,-12.5168,6.7198,5.2693,-11.1359,-5.1714,-12.3776,5.8221
3.028,4.8294,-12.2785,5.4889,4.8477,-9.5167,-8.7161,-7.3821,9.6054
3.032,3.3270,-15.1365,0.5065,2.4467,-8.1794,-12.3641,-3.8478,9.3434
3.036,5.3922,-12.6312,3.3746,1.9151,-6.4326,-10.6995,-1.2181,13.4331
3.040,6.0379,-10.4971,4.3870,1.2180,-7.0690,-8.9063,-0.4632,14.5671
3.044,5.9702,-9.5131,4.9310,2.2461,-6.3209,-9.0898,0.9991,16.9228
3.048,6.1978,-6.5434,8.7020,1.6635,-4.2166,-9.5725,5.7391,13.6070
3.052,4.4386,-3.5897,10.8911,-0.1341,-1.9849,-10.2770,4.7775,12.1715
3.056,3.3341,-4.6208,10.1078,4.8440,1.7409,-8.9817,6.5729,8.3536
3.060,1.3903,-1.6892,8.7348,4.7550,1.0784,-10.4441,4.2459,6.3360
3.064,-1.1021,1.2190,8.3506,5.5119,3.0958,-5.7803,1.3265,3.6336
3.068,-0.0037,2.5135,7.2455,5.8936,2.2727,-6.1315,-1.1069,0.7529
3.072,1.3120,1.8824,8.9691,2.5389,1.0485,-4.3443,-5.4431,-3.3851
3.076,0.0746,3.5916,5.6535,3.5013,3.9417,-4.8456,-6.1919,-3.2648
3.080,0.9018,1.8290,5.6049,5.2553,3.2140,-2.1312,-11.8172,-5.3644
3.084,1.1832,-0.3799,7.9438,-0.1519,4.0899,-2.8498,-10.8894,-5.7044
3.088,4.1352,-2.2268,7.3829,3.2924,4.1238,-0.3610,-12.3812,-7.8475
3.092,5.9247,-3.5877,9.7983,3.7220,6.6910,0.7377,-13.9208,-7.9460
3.096,6.9618,-1.7164,8.4829,3.3575,5.6241,4.0096,-12.8173,-9.4051
3.100,7.6186,-1.7337,10.3013,3.9323,5.2228,5.6234,-10.2187,-9.1165
3.104,6.4477,-3.2239,8.6646,8.1432,3.2818,5.2416,-9.7197,-11.2288
3.108,7.9434,-4.9560,10.2491,1.1736,0.4190,8.1931,-8.2119,-8.0837
3.112,5.9094,-3.7178,8.1246,2.3343,-0.2458,8.2876,-7.7297,-4.1316
3.116,7.2917,-5.1526,4.6722,2.6088,-1.9201,7.5675,-5.1608,-2.8567
3.120,6.5308,-8.9219,2.2849,3.3948,-6.9531,6.0999,-3.7980,-3.3367
3.124,7.0299,-12.9311,2.7056,3.5159,-6.8457,8.0787,1.7520,-0.8391
3.128,6.6625,-11.6565,2.5183,3.3842,-8.7485,5.5617,2.6359,2.6631
3.132,7.7928,-9.7060,2.9684,-0.1646,-12.5847,1.0437,7.6788,2.5322
3.136,5.4906,-13.0795,4.1197,-1.6853,-14.6101,-1.1245,9.5487,5.1219
3.140,3.4264,-10.5482,4.0603,-2.9940,-13.8312,0.1924,13.6196,7.2537
3.144,4.1523,-9.9460,6.0553,-3.7727,-12.3894,1.0702,15.1970,8.8631
3.148,3.7194,-13.6423,5.0695,-3.9282,-12.9072,-0.1074,13.1762,6.6677
3.152,2.9303,-13.6425,3.8112,-6.5460,-10.1508,2.2157,14.7438,11.6817
3.156,1.0760,-13.2498,5.2269,-6.7693,-9.4047,6.3080,15.1385,9.1761
3.160,-0.4992,-11.4944,3.9892,-8.0409,-8.8223,3.5538,11.1004,7.5247
3.164,-4.5199,-8.1572,6.2360,-6.9512,-6.5649,-1.9813,9.2030,4.2590
3.168,-3.8148,-4.2576,3.5666,-7.3959,-5.7533,1.3932,7.7233,4.0881
3.172,-3.6953,-5.1675,5.1145,-11.2587,-5.2882,2.2901,5.7131,2.6811
3.176,-3.1302,-3.2973,3.5823,-10.7078,-5.6708,-1.2129,3.1823,-0.9802
3.180,0.3545,-6.7311,2.7314,-10.5065,-4.5235,2.7661,0.0996,-2.8993
3.184,-0.7062,-8.1672,0.6878,-9.7321,-5.2404,2.8163,-2.3676,-4.6427
3.188,0.0290,-6.5805,-2.7162,-6.9685,-6.7896,3.4817,-5.2480,-7.8955
3.192,-0.6082,-6.0516,-0.3214,-6.8258,-8.2135,2.4967,-8.9865,-7.4906
3.196,0.5708,-9.2271,-3.1987,-6.1898,-9.3300,3.8227,-11.7458,-4.9712
3.200,-0.5125,-7.5992,-3.6958,-6.4618,-5.9558,3.3449,-11.1652,-5.8137
3.204,-0.1097,-10.3146,-7.0959,-2.8367,-6.0722,3.3179,-6.6815,-4.4854
3.208,0.7692,-11.6183,-8.8681,-0.5774,-7.2283,0.6300,-9.4119,-2.2655
3.212,-1.4190,-7.5103,-11.2568,-0.2526,-8.1402,-0.9726,-7.7563,0.3123
3.216,-2.1261,-7.2627,-9.3194,-0.9147,-12.0752,-1.7189,-3.1047,0.7519
3.220,-0.7682,-5.6444,-6.1904,0.7110,-10.2018,-4.7742,-2.0686,0.4421
3.224,-1.0412,-7.2647,-3.5898,-0.2311,-12.8423,-6.4539,-1.4236,2.2917
3.228,-2.6988,-9.6044,-0.3446,1.6000,-16.6653,-7.6471,3.9298,1.9654
3.232,1.5774,-6.6422,0.4399,-0.7686,-15.7651,-8.5535,8.6188,2.9344
3.236,-0.8108,-6.3383,2.7294,-0.6533,-13.7087,-8.2405,10.9720,4.2346
3.240,-1.1273,-7.3308,3.5264,-4.3779,-11.8190,-7.8411,12.5541,5.6643
3.244,-0.0171,-6.1626,4.1986,-5.6015,-10.4709,-6.7108,13.5786,5.7968
3.248,-3.3453,-6.1718,2.8534,-5.6032,-9.9184,-7.0148,8.9522,6.1278
3.252,-4.6609,-8.6571,5.4286,-5.3722,-6.2111,-8.5263,8.7258,0.9429
3.256,-8.6484,-3.9284,6.9197,-2.3890,-6.1188,-10.6012,7.4350,-2.6381
3.260,-8.1886,-0.5111,11.5340,-2.0019,-5.2685,-14.7132,6.4199,-2.6885
3.264,-9.0635,-0.0877,10.4817,1.7414,-0.9218,-14.5789,6.7179,-4.7552
3.268,-8.8301,3.8233,8.7658,0.3998,0.2103,-13.3547,7.3473,-7.8653
3.272,-7.6098,4.5813,9.6011,-1.9357,-0.2517,-13.3374,5.1519,-7.8495
3.276,-8.8587,3.4397,9.5087,-0.1971,1.7268,-10.0024,4.1063,-7.4367
3.280,-8.4512,1.1081,10.1952,-1.5594,3.0164,-8.9867,2.8091,-13.1920
3.284,-1.8484,4.3526,12.0325,-4.0932,1.8662,-6.9031,-1.9108,-14.2543
3.288,-1.4017,3.9796,14.7917,-4.7672,2.3006,-3.8927,-3.9452,-12.9882
3.292,-0.4131,5.5976,15.5295,-5.2124,2.8953,0.9556,-5.9048,-12.9958
3.296,0.0913,9.7035,10.0049,-4.7276,5.2477,3.5704,-8.6901,-11.6953
3.300,-0.7275,6.0764,9.2371,-7.2535,4.8805,4.5156,-9.1898,-10.1356
3.304,0.8403,2.4991,5.4485,-7.8724,3.2281,4.0730,-8.4019,-5.3534
3.308,2.1463,-2.1159,5.9141,-6.6424,5.0906,2.8729,-4.8297,-5.3731
3.312,3.2356,-0.8457,3.5071,-3.8447,5.6375,5.9992,-4.0613,-6.3968
3.316,4.6437,-1.4543,4.3687,-6.4094,7.0888,5.3284,-0.2940,-3.2035
3.320,5.9978,-3.4567,3.7983,-5.6241,4.6147,1.2794,2.4998,0.4124
3.324,4.1040,-5.5592,4.6767,-4.9584,1.0203,0.5570,3.4008,-0.3338
3.328,4.4350,-6.3130,5.5401,-3.0268,-0.4941,-1.0310,5.2162,0.1375
3.332,3.8395,-5.8055,3.8971,-4.2448,-0.8040,0.1202,10.3658,6.1862
3.336,2.1700,-5.4552,2.9966,-5.9854,-0.4713,-2.4550,11.2760,6.8264
3.340,4.0802,-6.8601,1.3257,-6.9649,-0.6343,-2.5775,12.5333,8.9907
3.344,5.3379,-3.6972,2.9870,-7.3760,2.3719,-3.2048,12.9988,9.7401
3.348,6.8525,-3.4582,4.3131,-10.4446,3.2013,-2.6309,9.5012,8.9786
3.352,3.7808,-1.4263,1.2632,-12.2518,1.8651,-2.4829,8.3956,9.1843
3.356,3.2399,1.9487,-0.8400,-12.6714,4.1669,-5.7301,6.3851,6.5288
3.360,2.6389,2.3477,0.1418,-13.0956,4.2308,-9.7673,5.9311,1.5642
3.364,0.1366,5.0385,-0.2656,-13.9358,4.1293,-9.8672,4.4852,-0.5560
3.368,1.0202,5.8673,1.4666,-11.0860,5.0919,-9.8846,3.0718,-2.3726
3.372,-1.6111,7.6552,4.2708,-9.9115,4.0979,-7.7839,-2.9788,-1.4429
3.376,-1.3956,8.4629,4.5212,-8.3909,6.3338,-6.3633,-7.5970,-5.2044
3.380,-2.7316,9.2557,2.6167,-9.0340,6.1212,-5.2419,-14.6169,-6.0364
3.384,-1.6502,6.2325,1.5135,-7.9001,7.0845,-2.8282,-15.7190,-7.6538
3.388,3.0153,9.6069,0.4730,-6.2120,5.9320,-2.7461,-20.0315,-7.0346
3.392,1.9962,8.5789,-1.5790,-2.0213,8.9352,1.1182,-20.8502,-4.2380
3.396,2.7986,8.5604,-2.1456,-3.1379,7.9532,4.4487,-20.0900,-5.3477
3.400,2.2246,10.1070,-3.1917,-1.6362,7.0157,2.2743,-19.1643,-3.2735
3.404,2.0284,7.9813,-4.2814,-1.4566,4.6090,4.2134,-17.6406,-2.8128
3.408,3.8241,5.3562,-4.4260,-4.3757,5.7784,3.9242,-15.2534,-1.6649
3.412,3.2626,6.2816,-4.9792,-3.1311,4.9332,3.7368,-13.0888,-0.8015
3.416,2.9175,5.0366,-1.3595,-5.3812,2.6553,1.8476,-8.8774,-1.1172
3.420,3.3728,2.5183,-0.1303,-6.6652,4.2391,1.5982,-6.2265,2.2181
3.424,0.4579,-1.4726,-0.5311,-4.4949,2.1955,1.1683,-1.9175,2.9836
3.428,-0.7743,-0.7849,2.7542,-4.0645,0.6229,-0.1451,-2.1368,5.3351
3.432,-1.5263,1.8254,-0.8592,-3.3086,1.8080,-2.1921,8.9214,5.5065
3.436,-3.0335,-2.4966,2.4650,-4.7382,1.6654,-3.1304,11.9779,8.0366
3.440,-1.7124,4.2484,2.2994,-0.5670,-1.5788,-4.5472,14.8578,7.8116
3.444,-3.6934,4.2743,5.9326,-3.6433,-0.9998,-4.9487,20.0036,7.9025
3.448,-1.9545,4.4290,3.3093,-3.6484,-1.4997,-8.1407,22.2066,8.1741
3.452,-0.4912,5.0517,4.8711,-3.6136,-2.7650,-13.5212,23.8875,5.1758
3.456,-3.7889,6.7280,4.3539,-3.5930,-1.3287,-11.2583,20.6559,-1.8440
3.460,-5.0042,6.0451,5.6112,-4.0157,0.2296,-9.3249,18.8404,-5.1795
3.464,-6.7604,5.6671,9.1483,-3.9856,0.1087,-15.3853,19.2954,-6.6411
3.468,-5.7152,4.7835,9.5567,-3.8500,1.5569,-12.5027,14.5626,-9.8368
3.472,-5.2655,6.5202,8.1750,-6.7128,0.6631,-9.6875,11.6247,-10.4935
3.476,-3.6051,2.8184,8.0442,-6.0056,2.5957,-6.7345,8.4229,-12.6566
3.480,-6.1437,4.2267,8.8001,-4.6905,1.8906,-2.3597,3.1785,-12.3148
3.484,-2.9821,1.9933,9.7021,-1.7087,0.0228,0.2683,-0.4593,-12.7982
3.488,-2.5341,2.6648,7.9772,0.6658,1.3280,1.9333,-2.5504,-15.2710
3.492,-4.8618,4.0349,4.4017,-0.3202,1.0841,7.3696,-1.0097,-13.4470
3.496,-4.5688,2.7716,4.2198,0.1259,4.1985,7.9569,-1.1461,-14.8105
3.500,-2.3946,-0.8243,4.9862,2.2717,-0.5355,8.3629,0.8195,-15.9480
3.504,0.3048,-1.1304,6.7462,7.3316,1.5031,11.5082,1.2905,-12.1481
3.508,1.6804,-3.3250,3.9714,7.3211,-0.9735,11.4674,-0.4968,-11.4678
3.512,-2.0086,-5.6131,2.7831,8.3255,-3.0385,12.4085,3.0974,-9.4049
3.516,-3.4192,-6.6196,2.5610,4.1791,-0.4773,13.6907,3.4816,-9.3531
3.520,-6.1968,-6.8337,2.1989,1.8087,-4.4535,10.5049,3.7339,-4.3196
3.524,-8.0134,-6.9873,0.3156,0.2842,-7.3178,14.7147,5.8104,-2.3517
3.528,-9.2425,-11.0938,-4.5064,2.1251,-7.4844,15.8739,10.4040,-1.3532
3.532,-11.1971,-8.9022,-3.0127,0.8058,-6.3050,13.4271,13.9482,1.6066
3.536,-11.5054,-7.3612,-1.3029,0.4290,-9.1682,14.1748,13.5356,5.0913
3.540,-11.8184,-9.3752,-1.2879,1.9863,-13.5582,12.6850,13.4944,7.8644
3.544,-13.5811,-3.7417,0.3481,2.5780,-10.5445,9.3520,17.1662,3.0265
3.548,-13.9046,-4.6401,1.0836,2.8896,-10.0957,5.5038,17.0573,4.4352
3.552,-14.2317,-1.4425,4.1034,1.7513,-10.2060,2.5500,11.7713,4.4020
3.556,-13.9507,2.2009,3.8573,0.2811,-9.0321,1.4837,9.1102,-0.3540
3.560,-13.3387,6.6517,6.2252,-0.7301,-8.6022,-2.5370,8.3313,0.8202
3.564,-10.6877,6.1941,5.6050,-0.9260,-5.4563,-2.2751,3.7564,-5.5940
3.568,-10.9108,5.5464,6.2180,-1.2807,-4.2669,-3.4405,3.7057,-6.5298
3.572,-6.9143,5.8898,4.6348,-2.0377,-2.4005,-5.7968,2.4230,-9.4252
3.576,-7.1771,7.5617,5.4144,4.0220,-3.9847,-4.8875,1.4971,-11.4947
3.580,-3.2270,2.4298,2.7390,3.0578,-3.6040,-1.2213,0.5571,-10.8874
3.584,-3.3635,6.1593,2.9225,6.2581,-4.5251,-0.6614,-2.5841,-12.6814
3.588,-5.6890,6.0382,2.8983,3.3299,-3.6762,2.5156,-1.3511,-10.4617
3.592,-2.5034,7.4966,1.7833,3.1024,-2.8803,0.6438,-4.0855,-11.1599
3.596,-3.6475,7.3856,2.7201,5.5151,-2.5519,0.8678,-4.9024,-8.2602
3.600,-2.5611,7.0817,5.0506,6.3902,-0.4369,3.5689,-6.2785,-11.0439
3.604,-0.6444,4.5906,5.5166,6.4997,-1.5486,0.7993,-10.2466,-6.7333
3.608,0.3108,0.4359,2.7302,7.2297,0.6904,-1.0323,-8.1160,-3.4043
3.612,0.5793,-2.8825,3.5982,7.7088,2.4264,-3.1357,-3.5356,-2.4929
3.616,3.9936,-6.0839,1.3144,11.4171,2.0659,0.9451,-2.3932,2.3380
3.620,5.0659,-7.1433,-0.9124,12.2094,3.2106,0.4004,-0.2002,6.5679
3.624,7.6454,-10.4224,-1.4393,7.7773,3.4576,4.5436,2.3654,7.0199
3.628,6.5630,-9.6109,0.4618,7.4687,2.4359,5.1626,9.5290,6.4519
3.632,7.9556,-9.9551,-2.2825,4.6295,0.5255,6.4203,12.0111,6.5598
3.636,3.3867,-8.9983,1.0659,2.3128,-0.7185,9.7554,17.1612,8.7832
3.640,1.2928,-6.1546,2.9732,0.6370,-1.1236,3.8643,16.5296,7.7376
3.644,-1.7558,-5.9651,0.8928,0.5500,-1.4694,3.7779,18.9986,7.1931
3.648,-2.1343,-6.5645,1.7458,-2.4345,-1.7797,0.2139,16.0896,6.1759
3.652,-2.6878,-7.6413,-0.1170,-1.9830,-0.8675,-1.0253,13.1839,7.0410
3.656,-3.9618,-6.0849,2.1629,-1.6375,-3.2676,-0.3899,16.3878,2.4493
3.660,-0.6874,-4.1477,1.2923,-3.4528,-2.3473,3.1733,14.0549,-3.7588
3.664,-0.7168,-2.6937,-0.7814,-2.9341,-0.9630,4.3857,13.2603,-6.8440
3.668,0.6525,-2.0262,-3.1856,-3.1782,-0.3375,4.8355,8.7729,-9.1714
3.672,2.3936,-0.0293,-2.2214,-4.2649,-0.0069,4.1322,5.7097,-10.9712
3.676,2.7197,0.0825,-3.9431,-4.6645,0.3584,5.3245,2.5766,-10.3265
3.680,2.2323,1.4636,-2.5942,-4.2751,-2.2444,9.0563,3.3650,-12.3824
3.684,3.0381,2.6865,-5.2710,-3.1264,-0.9214,8.0948,-2.8380,-12.6015
3.688,3.6297,5.6004,-5.3301,-2.4475,-3.2838,5.0506,-4.2165,-12.9186
3.692,5.7229,7.6145,-5.9874,-3.5323,-2.6438,5.1886,-7.6704,-11.9584
3.696,5.8590,6.3268,-4.6582,0.1427,-2.4896,7.5401,-9.5177,-13.7483
3.700,6.4133,4.6602,-4.6046,-0.8203,-4.7457,10.3544,-11.9129,-12.6571
3.704,4.2884,0.1497,-7.6875,2.8495,-2.4357,10.6686,-6.7783,-11.8213
3.708,2.3602,-2.6118,-6.9040,3.6428,-0.8975,11.2730,-3.4316,-9.2437
3.712,5.0361,-2.2659,-11.2641,1.4611,2.1162,10.3979,-3.2079,-10.1363
3.716,5.0738,-0.7021,-13.7101,3.7682,3.9723,12.7580,-1.8292,-5.2304
3.720,4.2936,-4.0055,-11.4761,3.0611,3.3686,15.9389,3.6580,-3.8773
3.724,6.7945,-2.3530,-11.4842,1.4042,-0.4530,12.9871,6.3078,-1.8603
3.728,6.7360,-2.6857,-12.1883,-0.7760,1.1855,11.0894,3.3735,-1.0914
3.732,6.2360,-2.7414,-12.4764,0.1393,2.9673,8.7263,6.5030,0.4525
3.736,5.5714,-2.2549,-12.6794,1.7436,0.5293,8.2868,9.2426,0.1151
3.740,3.6324,-4.8656,-11.4538,-1.6686,-0.6604,9.5733,10.0476,-3.4900
3.744,3.1010,-0.8783,-11.3412,-2.4358,-2.3765,9.0961,10.7550,-5.5350
3.748,-2.4741,-0.9562,-9.7110,-5.3061,-2.5377,7.0631,10.2161,-5.7126
3.752,-4.2947,0.6926,-9.8378,-4.6415,-1.5523,-0.1111,9.7187,-7.0874
3.756,-6.5005,0.0282,-6.5770,-3.1560,-1.6958,1.7884,6.7111,-6.9884
3.760,-8.8060,2.7826,-8.1364,-4.5721,-3.4248,0.6722,8.0559,-8.4803
3.764,-8.1491,-1.8591,-9.8560,-4.9916,-4.6494,-1.4881,6.0438,-7.5884
3.768,-6.2117,-1.2581,-8.5306,-4.2009,0.2461,-1.4521,4.1130,-9.4886
3.772,-4.4951,2.8970,-9.4193,-4.0018,0.4269,-5.9458,-0.6308,-8.9854
3.776,-3.8878,0.4133,-6.8499,-4.6075,3.4124,-5.3310,-3.7416,-10.7718
3.780,0.4246,1.6000,-5.5559,-10.6087,1.1776,-3.6917,-5.7206,-16.5542
3.784,1.7766,2.7330,-4.4745,-11.7426,1.2143,-3.9383,-10.9504,-15.3278
3.788,4.8549,5.3436,-4.1490,-11.3369,3.5142,-7.1628,-12.5196,-11.3367
3.792,5.0031,3.8242,-3.7212,-7.8997,5.4356,-2.3024,-16.7497,-15.1388
3.796,6.8720,3.2185,-4.2287,-7.7861,6.8485,-3.4764,-16.2313,-14.0661
3.800,7.9639,1.0701,-1.9621,-6.7562,5.7630,-0.0334,-16.0583,-11.5116
3.804,8.0675,-1.5809,-1.6962,-5.5193,5.6474,0.5366,-16.1507,-10.4879
3.808,4.8729,-2.3487,-3.5302,-4.5657,7.6428,2.2407,-12.2872,-9.1628
3.812,4.9754,-3.8401,-1.8197,-3.0659,8.7721,3.6263,-10.2439,-8.2351
3.816,5.1498,-5.3108,-2.3657,-2.1449,7.5202,8.5578,-5.4539,-5.1933
3.820,2.8360,-4.7755,-5.1461,-1.9111,12.1032,8.0563,-4.2348,0.1418
3.824,1.0578,-5.9914,-11.4056,-0.4879,8.4461,10.1724,-2.3471,3.0021
3.828,-0.5591,-4.2735,-10.9723,0.1160,7.2501,10.9657,-1.1217,2.6189
3.832,1.1420,-4.7324,-8.7648,-0.0622,6.5473,11.5008,1.9753,1.7386
3.836,0.9217,-3.4219,-7.6694,-2.7937,6.1726,7.1296,1.8494,2.3004
3.840,-0.4838,-3.1427,-9.0617,-3.5628,3.7096,8.1541,6.4330,4.5940
3.844,-2.4289,-3.4091,-8.3970,-2.0917,0.8615,5.5490,9.6584,8.2409
3.848,-2.6490,-1.5439,-7.3201,-2.9124,0.1151,2.9234,12.1319,4.2010
3.852,-2.0163,-0.0952,-4.8442,-2.9881,-1.7173,0.7825,13.3478,1.6606
3.856,-5.3000,-1.0737,-4.4709,-3.5306,-3.2923,0.4759,11.1144,-2.1231
3.860,-8.6359,0.9383,-4.5864,-4.3456,-4.6392,-0.2570,11.2414,-3.8509
3.864,-5.7382,-2.6987,-4.2131,-1.8563,-5.3356,-0.9776,4.3695,-4.3723
3.868,-4.3760,-3.0877,-1.5230,-0.7698,-6.3816,-2.4012,0.9421,-4.5133
3.872,-7.9483,-5.6743,-0.6578,0.0028,-4.7628,-3.9932,-4.5936,-7.0774
3.876,-4.9588,-1.7445,-0.8575,2.0560,-6.2227,-3.7246,-8.3956,-7.5383
3.880,-3.0693,-5.6393,-0.5924,-1.2974,-4.6651,-6.3088,-11.0567,-8.2128
3.884,-3.3432,-1.1805,2.0352,-2.7525,-2.2989,-8.2015,-14.5212,-6.7106
3.888,-1.6410,-4.0783,0.9816,-2.2473,-2.7700,-8.3571,-12.7913,-8.6002
3.892,0.9877,-2.3814,4.9082,-1.0096,-4.3369,-7.4584,-14.7854,-10.3982
3.896,1.0256,-4.6105,0.8606,-1.2419,-3.6798,-4.0489,-14.4365,-12.4053
3.900,2.6898,-5.2641,1.3320,-1.1021,-1.3648,-4.2696,-15.2194,-11.4434
3.904,-0.7803,-5.7454,-0.0716,-2.3301,-1.1424,-5.5795,-16.7972,-7.6897
3.908,-1.2520,-4.2804,-0.1382,-4.4879,-1.4916,-5.1166,-15.8434,-6.7642
3.912,-2.7408,-5.9292,-2.2307,-4.7491,-0.5156,-2.1846,-13.5078,-2.4416
3.916,-5.0418,-10.4165,-0.3468,-3.4777,-0.1187,-0.6972,-14.1258,1.8471
3.920,-2.7828,-11.4530,-0.1874,-3.3191,0.2770,1.7810,-6.6599,6.4598
3.924,0.2116,-9.8664,-2.2769,-3.4052,2.0547,3.7884,-4.4245,5.9297
3.928,1.0916,-9.2676,-2.0078,-3.3296,0.3072,3.6498,0.8470,6.4979
3.932,2.9353,-9.9656,1.4311,-3.4640,2.7174,3.6754,4.5690,7.9440
3.936,1.9650,-8.5567,-0.5183,-4.0273,-0.1156,4.7684,6.5339,12.2052
3.940,2.6896,-7.9458,-3.8307,-6.2670,-1.1761,0.4372,6.3170,11.5118
3.944,4.7475,-6.8327,-3.0847,-8.7152,-3.4517,1.4997,6.0458,10.2178
3.948,5.6736,-7.2279,-7.2774,-7.9451,-3.0042,0.1364,8.2489,7.9338
3.952,5.2784,-4.1909,-3.5622,-7.8551,-3.8477,0.5793,5.1078,4.0624
3.956,5.5859,-4.1851,-1.3782,-9.8386,-3.3315,1.6660,6.0113,2.4671
3.960,4.6626,-6.7820,0.5208,-8.6417,-2.5716,-2.1372,1.6358,-1.9227
3.964,3.7821,-7.5337,1.9538,-11.5335,-1.5575,-4.1530,2.6939,-2.9883
3.968,2.6887,-3.8005,5.4540,-11.7625,-1.8030,-9.1055,-0.1472,-4.0743
3.972,3.4801,-2.2124,7.6272,-8.3274,-1.5526,-10.0885,0.3782,-5.7125
3.976,4.5171,-0.1138,10.3412,-7.4125,-2.8547,-11.4867,0.5271,-10.4383
3.980,6.8996,1.5364,12.3712,-8.2369,-0.8581,-13.1777,-6.4932,-11.8232
3.984,8.5650,1.4438,10.1757,-4.9361,-0.2439,-14.2872,-7.6891,-15.5575
3.988,8.0985,0.6434,8.5136,-4.1667,1.4300,-13.6419,-9.9497,-15.0704
3.992,10.9465,1.2439,4.9245,-5.7619,2.2378,-14.6642,-10.2887,-13.4681
3.996,11.4577,-0.0710,8.0182,-1.6283,3.1439,-10.7890,-13.3558,-11.6484
4.000,8.8732,0.7056,5.2057,-3.5709,-0.4540,-9.2342,-15.0208,-8.3520
4.004,10.5699,-0.8031,4.8426,-1.9055,6.0865,-7.7119,-14.5906,-3.7248
4.008,8.5192,-5.6483,2.9715,-0.8174,5.1029,-6.9892,-14.0209,-4.7155
4.012,4.3383,-4.9967,2.5816,-3.6987,4.0489,-8.8711,-13.0795,0.9172
4.016,2.3061,-6.1184,2.5990,-3.0883,5.7816,-4.2944,-8.2970,5.7131
4.020,-3.1465,-6.9468,4.4598,-1.8955,4.5940,1.5520,0.4210,9.1583
4.024,-4.7833,-2.3635,2.2525,1.5483,6.0238,2.6060,2.0377,11.5483
4.028,-4.8674,-2.2156,1.6260,3.8879,4.5825,2.3466,5.4526,11.5938
4.032,-6.1141,0.9766,0.5097,6.4936,4.7892,2.6488,7.1416,13.2174
4.036,-5.5001,-0.4633,0.0619,6.9809,4.8877,5.4073,9.1939,12.4032
4.040,-5.9087,1.2760,-2.9741,6.4800,2.7507,-1.3120,6.9241,11.0660
4.044,-5.6336,2.2741,-4.5974,7.0596,0.1301,2.8139,6.0920,11.3998
4.048,-4.0639,1.4831,-4.3749,5.3425,-2.7375,2.7079,6.0639,10.8005
4.052,-3.2863,4.9826,-3.6249,5.2770,-2.6818,0.8898,3.4682,8.9869
4.056,-4.1444,3.6058,-3.6762,3.0584,-2.1722,3.6069,2.4799,4.9344
4.060,-5.7623,4.6254,-6.4082,2.1420,-2.0486,0.1387,0.5541,2.6061
4.064,-8.0241,3.2881,-4.9000,0.9714,-3.3080,-6.7433,-0.0471,3.6469
4.068,-5.4642,5.7754,-4.4301,-1.6561,-5.3918,-8.1278,-3.8931,1.9861
4.072,-7.0397,6.0089,-0.5832,-1.8547,-3.8222,-10.6816,-3.2919,0.0225
4.076,-4.3675,7.3116,0.4074,-1.5833,-2.7461,-7.6259,-11.4058,-2.7872
4.080,-1.9066,4.7692,1.3896,-2.1625,-3.6758,-8.5074,-12.4323,-4.1624
4.084,-0.5825,5.4566,1.4683,-4.8473,-1.5623,-11.6150,-15.2259,-3.4600
4.088,-0.4270,3.7455,1.3107,-5.6407,-2.4305,-14.0396,-17.6444,-2.2070
4.092,1.3689,4.5688,-1.9606,-2.0993,-1.7720,-14.0346,-17.7368,-4.7191
4.096,1.7366,2.8910,-0.7336,-1.1896,-1.5503,-9.8673,-21.1288,-2.4525
4.100,2.1065,2.2166,-0.8002,0.6935,-2.5698,-6.8065,-22.0689,-4.0229
4.104,4.6203,1.4036,0.7783,0.9063,0.6489,-6.2505,-22.2312,-0.0528
4.108,5.2475,-3.4497,2.0128,-0.9214,4.2515,-5.5941,-20.4913,2.3019
4.112,5.1744,-1.8516,1.0832,-1.3022,5.6286,-7.8042,-14.8432,5.9958
4.116,4.3912,-3.2601,-2.3223,-2.6382,4.7544,-5.8862,-15.5640,5.4265
4.120,2.3562,-4.6793,0.3589,-1.6553,3.4105,-5.5819,-12.3151,5.2105
4.124,0.9656,-4.4632,-2.6858,-1.0689,4.0373,-3.0025,-8.2529,8.3132
4.128,1.1253,0.6297,-1.9235,-0.5690,5.8336,-3.7337,-7.6103,8.8662
4.132,1.2415,-0.1532,-2.4278,-2.6570,5.5198,1.4243,-6.4570,10.1176
4.136,0.1329,-0.7831,-4.7227,-1.6779,4.6518,1.5021,-4.5377,11.7703
4.140,-2.7964,0.6906,-4.6873,-4.3398,4.3737,1.8700,-4.2634,11.1994
4.144,-2.7577,-3.0863,-5.5820,-1.3824,4.9241,5.7213,-3.3078,8.3394
4.148,0.9613,-5.1349,-5.9070,-0.7593,3.4933,5.6900,-1.9968,7.4131
4.152,-0.8873,-5.5538,-5.5588,-2.5194,3.1181,4.6580,1.8292,5.5656
4.156,2.2052,-5.1152,-4.3115,-1.6674,2.6182,9.8298,-0.9200,1.7077
4.160,0.2998,-4.9038,-5.4295,2.4765,-2.2231,5.8872,0.5111,3.0083
4.164,0.8978,-2.1727,-3.6164,1.9587,-3.1104,7.0118,-2.1150,-0.0234
4.168,1.1285,-0.8821,1.0538,-1.1827,-3.0136,3.9564,-2.6028,-3.1422
4.172,5.4813,2.1832,-1.5870,0.6338,-6.2002,2.3481,-4.6490,-3.3364
4.176,3.8273,0.3456,-2.3095,1.1652,-5.5840,-3.2913,-8.9288,-5.4377
4.180,3.5528,1.8037,-2.8519,0.5468,-5.9786,-5.3402,-8.9198,-4.6420
4.184,3.8859,1.9149,-1.0493,-1.9605,-8.6994,-3.6438,-9.0302,-3.1537
4.188,5.0578,2.2075,-0.5346,-1.8503,-4.8538,-3.9584,-11.8689,-3.9230
4.192,4.0597,1.0493,1.3192,-1.6262,-5.7208,-1.1578,-12.5627,-4.8024
4.196,4.0923,-1.9946,0.2454,0.5964,-3.6032,-1.2175,-13.9137,-5.3498
4.200,4.8303,-3.1033,5.0057,1.3012,-5.6696,-2.2862,-10.2917,-4.3405
4.204,6.4372,-2.0640,6.6588,4.7379,-6.4899,-2.5374,-9.3623,0.5864
4.208,3.9771,-1.4926,5.2232,4.6582,-7.2828,2.3623,-4.9500,2.4452
4.212,5.1021,-0.6167,3.4102,6.2926,-6.9987,3.9718,-5.3727,6.9627
4.216,1.8919,0.4389,1.9237,7.1354,-9.2217,0.3393,-5.8442,9.6692
4.220,0.5994,-0.8527,0.3284,10.7536,-10.2253,4.4466,-3.7299,14.3275
4.224,-1.5990,-2.2229,1.1304,9.6681,-5.3509,4.7972,-2.7599,13.4459
4.228,-2.6697,-5.4254,5.8939,8.7884,-4.4459,6.1027,0.1566,15.4648
4.232,-3.0727,-7.9178,-0.6221,11.8817,-1.2021,7.3154,0.9579,13.2626
4.236,-4.1957,-8.4221,-1.4762,12.2097,1.2250,8.7045,4.6825,13.7593
4.240,-5.4378,-7.2430,-2.8301,10.1913,0.1270,9.4049,8.3783,14.3287
4.244,-5.7464,-5.5378,-4.0608,9.9518,-0.2555,12.5049,11.8499,10.0375
4.248,-7.3741,-1.7866,-5.7311,7.1846,-1.1464,14.9639,11.2594,12.9061
4.252,-7.4958,-4.2985,-5.8198,5.1190,-2.3502,15.6881,14.6571,11.8064
4.256,-7.6778,-0.9113,-4.7006,3.5244,-3.8721,15.9406,12.8512,7.0585
4.260,-3.6293,-1.4411,-4.5112,0.5163,-5.9477,12.3019,10.2476,3.6395
4.264,-1.8189,0.8401,-4.3694,1.2748,-5.6049,10.8556,7.4871,-0.4713
4.268,4.8435,5.4373,-1.5584,0.3933,-6.4292,6.2047,4.2860,-2.2586
4.272,6.4150,5.8912,-1.0041,-1.0552,-5.9810,5.8626,-0.4908,-4.7098
4.276,8.9802,4.1238,-0.8895,-1.9019,-5.2446,4.0138,-3.5997,-6.9905
4.280,6.7091,6.8593,-1.4659,-3.3925,-3.5486,-0.4303,-5.4471,-7.7219
4.284,8.0686,2.0821,-2.7312,-2.8706,-3.7026,-1.2644,-6.5954,-9.9432
4.288,7.2745,4.3361,0.9045,-4.2325,-3.6022,-6.0730,-11.8869,-11.7100
4.292,6.7553,3.3689,-0.2799,-4.8471,-2.1101,-6.0982,-15.6407,-10.4520
4.296,7.3418,3.0947,1.0619,-4.7070,-1.7829,-3.2556,-15.2843,-6.8982
4.300,7.5453,-2.7911,3.3413,-3.8838,-5.3664,-1.2568,-18.2313,-8.3918
4.304,5.0234,-1.2985,4.6456,-4.4655,-3.5370,-0.6097,-16.8853,-3.8444
4.308,1.9177,-1.7634,1.1438,-1.3155,-4.0405,-2.4411,-18.3694,-0.7331
4.312,3.8967,-1.3232,1.9548,-1.7701,-2.9244,-1.7236,-17.9035,2.2564
4.316,0.9944,-0.4547,0.9099,6.4576,-3.3370,-0.4635,-14.5872,5.7525
4.320,1.0390,0.2842,-0.8083,5.7752,-1.1218,-2.0884,-10.8104,3.8798
4.324,0.4017,1.3695,-2.1226,11.2162,1.9981,0.1003,-6.6225,5.9899
4.328,1.3141,1.9209,-3.3289,12.6179,2.3925,-0.4323,-5.6529,6.2341
4.332,0.2715,-1.2767,-7.5949,13.6626,1.0231,0.3368,-3.2033,10.1624
4.336,-1.6095,-1.4619,-6.4086,13.1908,-0.3634,1.7867,1.9395,12.7927
4.340,-0.9669,1.9180,-5.2048,10.8666,0.9890,4.2869,1.7505,11.6623
4.344,0.5012,3.4287,-4.2952,12.0057,0.1046,6.7657,2.7754,10.7436
4.348,1.1186,3.5815,-3.4344,8.5388,-0.1282,11.7289,3.5965,8.2147
4.352,2.0575,7.7488,-4.9689,6.9945,-0.5591,10.5371,4.9631,7.8891
4.356,3.6852,10.4277,-5.2545,7.9280,-5.9578,8.5538,3.9549,3.7067
4.360,6.3308,12.3464,-7.1508,4.1325,-8.6687,8.8747,4.4573,3.5244
4.364,8.2249,13.8167,-7.3414,4.2764,-8.6922,9.7684,3.5895,4.8262
4.368,8.6232,16.5996,-5.3211,4.4869,-9.4550,7.4084,0.1976,2.6175
4.372,10.2003,15.8426,-4.6982,3.8955,-13.0224,6.6552,-1.3954,3.6919
4.376,9.9033,11.4296,-4.8234,2.3093,-14.7044,6.3202,-0.0369,1.1425
4.380,8.7731,11.1207,-6.6860,3.4292,-13.2458,4.3227,-4.7609,2.7184
4.384,8.6208,10.2615,-4.6346,2.9918,-16.4742,2.3378,-2.7569,0.6053
4.388,4.0463,6.0070,-4.8565,2.6558,-16.7415,0.7779,-2.1282,-2.7796
4.392,5.2466,5.8664,-3.3772,4.3630,-16.8416,2.4590,-4.0475,-0.9122
4.396,4.3418,2.7972,0.6659,4.7827,-15.0417,2.2201,-3.6719,0.3289
4.400,7.2431,-2.3288,-0.1822,6.3678,-13.5726,1.9102,-2.7933,0.8069
4.404,3.3041,-0.4073,0.5587,7.0115,-10.9994,-3.9421,-5.2721,2.2846
4.408,0.7101,1.1471,1.3150,3.8974,-9.4156,-2.1980,-3.2187,5.0591
4.412,-0.1904,-5.0241,1.9355,5.0961,-7.4085,1.0951,-1.4159,8.1680
4.416,-0.0648,-8.5846,1.1056,5.5162,-8.2611,0.5291,1.3077,7.8783
4.420,-0.4662,-7.0259,-0.4210,4.7606,-6.1628,1.8032,6.5825,9.5084
4.424,1.1008,-7.2447,-3.8062,6.7164,-4.0709,1.1485,6.6187,9.6092
4.428,-2.1808,-6.2376,-2.9695,5.5792,-1.5031,1.3407,9.4156,11.0254
4.432,1.0402,-4.3416,-0.7417,4.8943,4.2739,1.7587,12.8476,9.8488
4.436,-0.4327,-7.2659,-1.8195,2.6236,5.6620,3.3982,11.0693,9.2558
4.440,0.8589,-6.1564,1.3362,2.7177,6.3052,5.7575,10.7805,8.1791
4.444,1.0099,-8.0637,0.2200,0.1711,8.1741,5.1031,13.9148,5.1347
4.448,-1.0452,-8.5499,-2.8615,1.5387,7.6634,4.2997,13.4652,2.9339
4.452,-0.1080,-9.0609,-0.6046,-3.2678,6.8993,3.5745,11.5366,-1.5536
4.456,-1.0865,-8.4550,-3.7478,-3.7343,9.0173,6.3227,7.9350,-5.1536
4.460,1.2151,-7.8038,-4.2805,-4.5407,10.4613,8.1284,6.2528,-5.5111
4.464,3.8797,-7.6871,-4.4809,-2.2508,6.9270,6.5726,4.3657,-10.7759
4.468,4.7524,-2.6663,-3.8922,-2.8708,6.0455,4.3416,2.8489,-10.8343
4.472,6.7317,-1.2321,-3.5682,-7.1628,3.3881,3.9931,-0.3505,-14.9064
4.476,6.6187,1.1399,-1.6388,-8.6612,0.9220,2.9132,-2.4261,-19.6627
4.480,5.5795,0.5163,-0.2776,-8.2001,-0.9133,3.5807,-9.3905,-21.8541
4.484,6.9089,0.8888,1.0703,-9.2135,2.3287,-0.8272,-10.2251,-20.4821
4.488,4.2554,0.3338,1.1935,-1.1064,2.7774,-4.5665,-15.3064,-20.0064
4.492,6.9445,0.1132,5.6322,0.3166,4.8043,-6.4033,-19.7761,-19.4444
4.496,4.2405,2.8818,5.4534,0.3931,2.4722,-7.5055,-18.5929,-19.8311
4.500,5.1412,-1.9886,2.0569,4.0694,6.6528,-11.4597,-17.0648,-17.2669
4.504,3.5199,-3.6500,1.8975,3.9074,8.4076,-13.0046,-16.5820,-16.0788
4.508,2.2904,-5.1748,0.9150,2.0382,5.4571,-12.8114,-15.6972,-14.8947
4.512,0.4433,-6.1662,1.5030,1.7258,4.2354,-13.9943,-10.1612,-9.8323
4.516,-1.4021,-7.8349,3.5418,4.0043,4.8218,-11.6241,-11.6433,-10.0535
4.520,1.4166,-10.0848,6.1532,3.3626,4.2959,-7.6746,-6.6975,-6.8597
4.524,-1.3534,-13.4453,4.7619,5.4820,8.0580,-7.4824,-6.5652,-8.8736
4.528,-5.8065,-10.5178,4.0508,6.6136,6.7752,-1.2114,-4.8364,-5.3237
4.532,-7.2448,-7.5987,1.0502,8.8616,4.3257,-2.0466,-1.0640,-2.0012
4.536,-5.0419,-4.8880,0.8363,6.6472,4.9835,-0.1914,-0.4735,-0.4987
4.540,-4.5766,-7.5336,-2.0071,2.4565,6.6235,-2.6529,1.1629,1.2812
4.544,-3.7260,-8.0415,-3.0462,0.8192,7.8370,-1.8404,-2.1586,-1.7230
4.548,-3.7088,-8.8357,-3.7399,0.0600,7.7275,-2.9004,-1.0002,-0.7878
4.552,-3.2396,-4.4587,-4.5825,-3.8767,9.3275,0.9579,-0.0694,-5.0256
4.556,-1.8029,-3.2759,-5.4253,-1.3937,7.7390,1.3924,-1.4932,-6.4861
4.560,-1.3767,-0.6267,-6.9688,-3.3704,2.5481,2.3772,-1.5907,-7.5834
4.564,1.3980,-0.8832,-7.6673,-4.5058,3.6834,6.0207,0.5514,-12.8590
4.568,1.0667,-0.0162,-6.8327,-6.3053,1.4666,5.2717,1.2095,-15.4727
4.572,0.0072,-0.0173,-6.5459,-5.4859,3.1013,4.0802,-0.4509,-15.1677
4.576,1.7778,-1.4810,-4.2843,-9.0072,-0.8694,4.4734,-3.0134,-16.4944
4.580,3.7581,-1.9032,-3.2712,-9.9440,1.4177,3.9924,-8.5784,-17.7670
4.584,3.3325,-4.8479,-1.7414,-7.8246,-0.5307,3.5923,-8.5544,-19.2924
4.588,5.1487,-3.9316,-2.5592,-7.0541,-4.5955,4.1148,-9.8832,-15.1184
4.592,3.5067,-4.2549,-4.6340,-7.1084,-4.3863,3.0724,-10.9034,-16.1655
4.596,1.2282,-3.7396,-2.5108,-9.4848,-2.3295,1.7311,-9.8470,-14.1224
4.600,-1.9194,-4.8777,-3.5381,-5.0847,-1.0610,-0.2755,-8.6463,-10.5046
4.604,-2.8215,-4.0687,-4.1442,-5.8630,-3.7571,3.2059,-7.0027,-5.9353
4.608,-4.2724,-5.0794,0.2681,-3.8708,-2.6679,3.2376,-8.6028,-3.3611
4.612,-6.7996,-6.9304,-0.8134,-2.0690,-0.3164,-1.2434,-8.7390,-0.2433
4.616,-8.5869,-7.8705,-1.6825,0.2979,-0.2143,-1.0441,-8.6204,-1.2644
4.620,-12.2912,-6.3139,-0.3776,-0.7023,-4.4005,-0.0752,-11.0393,1.4327
4.624,-6.7240,-6.1687,1.5108,-0.2333,-4.9479,1.9708,-10.2954,0.0501
4.628,-3.0012,-5.6519,0.2996,0.1795,-2.2975,1.1906,-7.2194,-0.2895
4.632,-3.2095,-6.4830,0.2821,0.6528,-2.0118,-0.5808,-2.4467,-0.0802
4.636,-1.9598,-4.6740,-1.4962,2.3411,-1.3220,3.2254,-2.8471,0.7948
4.640,-1.3849,-7.3624,-1.9673,3.6755,-1.9556,-3.3641,-0.0459,1.6755
4.644,-2.8796,-5.1694,-3.9277,4.3267,1.6152,-3.4576,1.4006,1.0515
4.648,-0.4633,-5.9402,-3.8514,6.6904,2.5887,0.1179,4.7688,0.3410
4.652,-0.9125,-1.3012,-2.9865,6.5999,5.6998,0.1573,2.3735,-1.2348
4.656,-1.1139,-0.2057,-1.5585,6.6825,6.7769,1.7296,1.3150,-2.1943
4.660,-2.5901,2.9073,-0.6321,2.3209,6.0556,3.5368,-2.1037,-5.5199
4.664,-5.1109,-0.8352,0.6821,3.2416,6.2840,1.9490,-3.0598,-11.7668
4.668,-2.3607,1.5687,0.5285,2.6485,3.5929,3.4019,-9.9441,-9.7344
4.672,-2.2042,-0.1053,1.4833,1.5533,1.2650,6.3710,-9.9758,-15.4935
4.676,0.0920,5.2598,4.1675,2.9460,-1.8999,7.2500,-11.6796,-17.7016
4.680,-1.1762,2.7126,1.6946,4.5864,-3.4808,7.2713,-16.6171,-18.0672
4.684,0.8936,2.4723,2.0609,2.1455,-5.0759,5.3866,-17.3224,-17.3775
4.688,0.7516,3.7038,1.0722,3.6238,-5.3496,3.5365,-20.2338,-15.7522
4.692,0.5596,1.4161,0.9322,1.7310,-3.8888,-1.6210,-17.2037,-15.6139
4.696,2.1288,-0.7226,-0.4806,1.4716,-5.6482,-4.6735,-14.9962,-13.7624
4.700,-1.9300,-1.0616,0.6769,1.5026,-8.0841,-1.9960,-11.4660,-10.9560
4.704,-4.4929,-1.0301,1.3177,3.5764,-8.8484,-2.5968,-13.0467,-7.1507
4.708,-4.6183,-3.6585,2.9575,2.6812,-10.5965,-4.6599,-10.6229,-5.4651
4.712,-5.0465,-4.0484,4.8484,3.5391,-6.7778,-5.4426,-8.8584,-1.9370
4.716,-5.8213,-5.1735,7.5519,5.9358,-7.4258,-2.4594,-5.4055,1.3255
4.720,-6.1885,-3.9925,5.6046,4.9609,-8.3821,-2.8614,-2.2840,1.5308
4.724,-5.1666,-2.5191,6.2431,2.9536,-6.3235,-0.2758,-2.4790,5.3670
4.728,-5.6976,-2.5904,1.8525,2.5253,-5.3522,-0.5110,0.2781,6.8513
4.732,-4.6507,0.0663,2.3384,3.6252,-6.3241,0.3996,5.0183,7.9595
4.736,-0.3430,-0.8926,-0.0159,2.8435,-5.5692,1.1794,6.8432,8.9287
4.740,3.1527,3.0785,1.8219,1.6634,-3.7014,3.4329,12.1259,10.1099
4.744,3.2422,4.1101,2.2598,0.0695,-0.7025,3.7419,11.3443,8.0285
4.748,2.2891,0.1395,0.2342,-0.7454,-2.1876,4.7830,13.3141,6.7693
4.752,6.8311,4.3713,-1.2211,-3.1980,-0.8643,5.1887,13.5474,5.8728
4.756,4.4713,3.1941,-4.6712,-1.5903,0.8539,8.7192,11.6871,1.1802
4.760,3.5744,3.9253,-1.4725,-1.9812,4.5980,12.2109,9.2331,-1.4000
4.764,3.6882,2.9805,-1.0866,-2.6838,5.2953,14.6817,5.3859,-4.7238
4.768,5.5696,5.1099,-3.1621,-0.4032,5.7716,15.0176,2.9285,-5.6924
4.772,6.5511,5.0365,-3.0430,0.4134,4.0876,16.8805,0.4447,-7.4057
4.776,4.3856,7.7553,-3.2810,0.2110,5.1762,18.0529,-1.2511,-10.1540
4.780,3.8337,4.4104,-6.9656,-0.6075,3.3104,16.0947,-5.1362,-11.1296
4.784,3.5049,2.4384,-8.8755,0.9153,1.8482,15.1378,-4.9496,-9.5902
4.788,3.5608,7.2897,-8.0080,-3.1656,-0.5119,13.6004,-6.3655,-10.4931
4.792,6.3497,7.0115,-6.4537,-1.2952,-0.4163,12.8397,-9.3980,-10.0453
4.796,7.2058,5.8357,-6.8494,-0.7874,-1.2991,4.5564,-11.3849,-5.6007
4.800,8.0977,3.3231,-6.7147,0.0193,2.6473,7.1080,-10.0115,-5.6194
4.804,8.2439,2.3731,-2.9990,0.9936,2.7060,4.8573,-7.9614,-2.7391
4.808,9.3698,2.3344,0.2282,3.0441,0.9042,1.4099,-10.4019,-0.9583
4.812,7.3370,-1.6058,1.6126,2.4560,-1.7534,0.0906,-7.4599,2.2860
4.816,2.9118,-2.1327,2.3395,4.8393,-1.7262,1.9609,-5.7437,3.5851
4.820,2.5218,-4.2185,2.6300,7.4133,-2.6247,2.0797,-3.6406,4.1868
4.824,-1.2664,-3.5550,4.3362,8.5818,-1.0491,4.0571,0.9920,6.5806
4.828,-2.1800,-0.5860,6.5391,10.8091,-0.8731,1.9972,1.4919,8.9171
4.832,-2.8281,-1.0065,5.5213,10.6390,-3.0903,4.2323,6.2117,10.3224
4.836,-0.7976,-0.6436,7.2417,10.6868,-0.5931,2.1764,7.7252,9.6894
4.840,-0.3860,8.0795,8.0437,10.2309,3.2756,4.7441,8.1352,12.4526
4.844,6.3479,6.5557,7.1757,9.2569,4.5841,6.3412,8.1448,10.8089
4.848,7.4825,8.9894,4.2627,7.3332,3.5619,3.9272,6.9692,8.8367
4.852,10.0117,10.1867,6.2904,6.9924,5.3726,4.8788,9.1149,5.8210
4.856,11.7105,10.6571,7.8245,9.6737,3.0064,6.4735,6.9080,5.3408
4.860,13.7090,12.5882,8.4115,7.0867,5.4406,10.1083,5.6454,-0.7487
4.864,16.1273,14.8478,6.2019,7.1890,6.0211,10.6906,8.2316,0.8562
4.868,14.2180,15.3507,5.4758,5.8153,5.0687,13.4700,5.9265,-1.1236
4.872,15.6890,18.9657,5.9702,5.8176,5.0377,12.9117,0.8735,-3.0180
4.876,14.7595,20.4368,2.7756,3.5596,4.7125,11.6166,-2.2316,-5.6187
4.880,14.8219,23.1370,-0.8499,0.5676,1.5609,11.4793,-5.4203,-7.2428
4.884,12.1158,23.1940,1.4866,0.5249,-1.6440,11.4557,-8.1928,-4.5818
4.888,10.3239,24.4625,1.4403,2.4802,-0.9343,7.2128,-12.4772,-6.7605
4.892,9.8886,23.4910,0.5596,0.7073,-2.0996,7.0148,-12.0585,-0.4983
4.896,10.2809,26.4673,2.8811,1.1219,-2.6686,8.7930,-10.3514,3.0503
4.900,9.0610,25.8726,1.5445,0.9673,-3.7753,5.5509,-11.3521,4.5224
4.904,10.9788,24.0018,1.9186,-1.2224,-2.2992,5.9013,-12.9651,7.4234
4.908,12.9410,20.4893,0.8131,0.0050,1.8999,3.6355,-12.7014,6.6224
4.912,12.7552,17.6095,3.2137,1.7032,1.0226,4.5463,-12.0393,9.9777
4.916,16.2214,21.1993,3.9534,1.5727,-1.1751,6.0522,-7.2214,9.1426
4.920,18.1952,22.6563,3.7448,2.0074,-2.0810,4.2805,-3.2468,9.1957
4.924,16.9153,21.0959,4.8852,2.3488,-1.6166,4.9349,-1.2854,8.1839
4.928,18.3728,21.8702,6.0396,6.4270,1.8529,3.1207,0.3593,9.0644
4.932,18.4741,23.8422,5.9105,8.0941,1.7412,2.5898,0.2587,9.5963
4.936,21.2037,25.6667,8.8974,7.2842,2.9006,3.7430,2.9647,8.6492
4.940,21.5027,30.1126,11.7639,9.8984,-0.2904,5.1625,7.0448,7.8348
4.944,25.5430,34.4373,11.3975,10.5190,1.8047,7.4877,7.9943,10.6564
4.948,24.5498,34.7723,12.3679,13.4531,2.4299,5.4215,8.3235,4.6642
4.952,26.5913,35.9601,10.6230,15.1968,6.1794,5.8191,8.5635,5.0461
4.956,25.5568,37.0262,9.6878,15.4985,8.4321,4.0431,9.1356,3.2328
4.960,29.8082,37.6297,9.1689,15.2529,7.1232,5.2913,9.5626,-1.2060
4.964,35.5505,35.9629,10.0080,15.1007,8.1298,6.8143,5.3949,-2.8689
4.968,37.8666,34.8885,6.5846,16.1324,7.8973,7.6082,5.0021,-5.6714
4.972,37.3926,38.0074,5.3704,14.9174,7.6540,7.5389,-0.4616,-4.9515
4.976,38.3953,42.1087,7.1535,14.7662,6.3021,10.2192,-1.2152,-7.3578
4.980,36.7575,41.4297,4.3144,14.8877,2.3655,11.4247,-6.4262,-8.3991
4.984,38.1114,42.6915,5.8965,16.8092,1.9936,9.5368,-10.7803,-10.6207
4.988,38.6787,42.8128,10.4434,18.6097,3.7590,7.9637,-12.5007,-9.5082
4.992,39.3668,41.5767,10.6818,21.0263,2.7592,4.1479,-14.1627,-7.3931
4.996,38.2177,39.3549,12.9225,16.2993,-0.6756,5.0549,-12.9057,-2.2344
5.000,41.2661,42.7518,18.3949,17.9484,-0.1600,2.4163,-15.1820,-2.6937
5.004,40.6333,41.9197,16.1794,15.6403,2.5545,0.2354,-12.9040,0.6863
5.008,43.1415,38.4876,16.8328,18.3647,1.9697,0.0926,-15.1565,1.9834
5.012,41.9712,38.9034,19.4970,19.3927,1.6143,-0.0995,-10.6371,5.8252
5.016,44.5664,40.1082,22.4811,19.3823,5.0119,-2.6574,-6.7872,5.6933
5.020,44.5075,34.1695,26.4394,16.5375,4.5703,-4.5165,-7.0231,6.3106
5.024,44.4827,36.6112,26.4346,16.6537,3.5738,-6.1820,-3.9141,6.1808
5.028,45.9427,38.0750,29.4150,16.1735,3.1386,-6.3235,-1.1408,8.0484
5.032,46.9430,36.5672,31.2714,16.1119,1.0989,-9.6827,1.1250,9.5576
5.036,48.6687,38.9106,30.5756,18.9001,0.0580,-8.8490,2.7333,8.3256
5.040,50.8335,39.8036,32.8925,21.3315,0.4096,-8.0702,4.2797,7.8659
5.044,54.3715,42.6005,32.5637,23.4160,0.1186,-9.9181,5.6529,9.8416
5.048,53.6171,43.6209,32.1873,22.9480,4.4238,-7.4353,9.3074,4.0423
5.052,53.9972,43.5879,30.1797,22.0924,5.0154,-2.9314,12.0418,2.6912
5.056,54.1770,42.5046,29.3930,17.3838,6.7114,-0.8420,10.6818,-4.2666
5.060,55.4763,44.3990,26.8945,18.4414,6.2089,2.5242,12.5121,-6.2215
5.064,57.8816,47.1594,24.6287,17.6718,7.2581,3.1252,9.9560,-11.2279
5.068,59.7289,49.1729,26.5570,21.7848,9.8993,1.2579,5.6858,-11.7619
5.072,62.1031,52.1766,24.8700,18.3476,7.8465,3.0982,8.3233,-14.2022
5.076,61.9995,50.7971,26.2403,18.4233,7.0555,-1.0218,4.1516,-17.0964
5.080,63.2452,52.2741,24.8233,19.4350,5.5559,-1.0185,3.5157,-15.5639
5.084,60.2310,53.9843,27.4401,17.5096,3.7677,0.2075,-0.2039,-16.0847
5.088,56.6653,55.0633,24.9595,20.1931,4.2917,0.5843,-2.7183,-14.4592
5.092,54.6609,53.9494,25.0705,21.3377,2.3072,1.3406,-3.5184,-14.5115
5.096,55.9173,50.5340,24.7099,22.8132,1.6914,2.2289,-2.9240,-10.5634
5.100,56.3673,46.8764,24.2679,21.8707,1.1559,4.3662,-4.8759,-10.2507
5.104,55.5692,48.0840,20.4227,24.0474,0.2543,5.4669,-4.4537,-8.2810
5.108,56.1260,46.3164,17.7758,25.0975,-0.9225,1.6188,-5.1469,-6.5053
5.112,57.3299,45.1622,18.4435,25.0369,-0.2337,1.9911,-5.7869,-6.2416
5.116,60.5690,46.9049,20.7224,24.4358,0.0194,0.6158,-1.4516,-2.3792
5.120,61.4533,46.4922,20.1677,26.3861,0.1601,-0.1421,-0.7167,-0.6103
5.124,65.1558,51.1713,22.6598,26.3927,0.9771,-0.5189,-0.1933,-0.4654
5.128,66.0779,48.4159,24.5699,28.1261,-0.1033,-2.1207,1.8634,1.9057
5.132,64.5393,48.8267,25.4561,28.2365,1.5824,-4.3785,4.4918,0.4284
5.136,66.3786,48.3099,25.1239,28.9211,0.1295,-1.9161,4.7369,0.8111
5.140,69.8002,48.8323,27.3793,30.2697,2.9678,-3.1907,10.9923,0.0641
5.144,68.6991,48.1865,26.2985,30.9146,1.7544,2.4824,10.0927,0.8900
5.148,68.8160,51.6133,27.1642,30.8666,2.5592,0.7686,12.3050,-3.3539
5.152,67.7358,53.8020,28.0271,28.6000,4.4420,0.6701,12.6985,-5.9083
5.156,66.8841,57.6204,25.6906,27.0352,4.6015,6.6554,7.9230,-9.5376
5.160,68.9603,57.1983,26.1279,29.3501,5.7221,9.0615,3.4819,-12.9088
5.164,67.4239,56.2085,27.1863,29.2854,7.3934,9.1589,0.8138,-14.5374
5.168,68.5934,56.4260,28.1692,27.5882,9.0588,11.9709,0.6389,-16.9905
5.172,70.3828,57.5198,27.4752,24.0436,10.2140,13.2616,-3.7051,-19.5971
5.176,71.8338,61.9434,30.5093,24.3853,10.2012,13.3857,-6.1144,-20.2879
5.180,69.2676,63.1002,29.9947,21.5836,11.0069,12.9918,-7.7117,-20.3721
5.184,65.9628,63.0899,29.1560,19.8271,12.1666,8.0959,-8.4087,-18.0103
5.188,67.4206,61.8129,30.3663,17.1853,11.3143,12.3375,-10.7168,-17.7616
5.192,63.3063,60.6645,29.7114,21.7864,11.8990,11.6810,-13.0380,-15.5895
5.196,61.8552,64.7780,27.9518,22.1584,11.8298,11.7518,-15.2931,-11.5152
5.200,58.3315,66.0415,26.4789,22.9651,13.1837,10.5128,-16.6061,-8.0302
5.204,60.2673,63.0326,28.1446,18.2441,10.0422,11.4362,-20.4801,-7.2946
5.208,57.4212,63.0415,26.2160,22.3102,8.4476,11.1723,-17.5066,-1.2752
5.212,57.6875,62.1661,26.5181,21.3485,9.5344,6.8325,-17.0453,-0.5741
5.216,59.5086,63.5518,27.5975,21.3356,8.7906,5.6569,-14.2573,4.3500
5.220,60.6399,62.2081,30.4270,20.9255,5.2443,4.1730,-12.0377,10.8965
5.224,61.4459,63.4872,35.2323,24.4297,4.3735,2.0076,-6.6922,13.5792
5.228,62.0242,62.7774,35.1541,25.2124,1.6942,-2.3086,-5.1173,14.1408
5.232,62.0298,64.7345,33.6655,21.5223,1.3848,-5.9014,-1.7234,13.8595
5.236,63.5378,66.7899,33.7411,23.8157,-0.0668,-7.8653,2.0625,16.9345
5.240,65.0147,68.8475,33.7140,20.9169,2.2807,-5.0178,2.6596,13.9234
5.244,64.4008,69.2710,34.6347,22.5491,-2.6173,-5.7878,3.4299,13.6462
5.248,63.8563,69.7728,35.6014,22.3081,-1.8268,-5.9639,4.0270,9.9048
5.252,61.7155,74.8381,35.4534,22.3103,-1.3438,-6.1275,2.4417,6.0432
5.256,62.3242,75.6900,34.0087,20.9582,-2.0588,-3.8565,3.3805,3.0919
5.260,61.5506,71.9968,31.5395,23.0154,-1.3137,-1.2739,3.1201,2.2220
5.264,62.4334,72.0120,28.9615,19.3238,-2.5372,-1.1945,4.9054,-3.2610
5.268,60.2900,74.4101,29.2380,19.1462,-0.8316,-1.2787,2.1484,-1.3527
5.272,57.8825,70.7598,26.4512,18.8695,0.6491,-0.9083,1.0029,-4.4424
5.276,60.6328,71.0827,24.6128,18.0012,2.7319,4.2697,-1.0003,-2.5437
5.280,56.1055,72.2392,23.9810,16.8102,4.4992,4.5997,-5.2338,-1.0915
5.284,55.7980,69.0087,23.1403,17.5793,4.8880,1.5478,-7.5549,-3.1768
5.288,55.8081,68.2894,23.2392,13.4788,5.6653,10.4811,-9.5324,3.1489
5.292,57.6325,65.7220,20.9436,11.8951,7.4929,12.3916,-9.8224,7.7961
5.296,55.2172,63.2255,18.8011,12.8671,6.0584,11.8343,-10.0841,5.7133
5.300,56.1059,58.0988,17.0231,13.5344,5.8532,15.5177,-14.4273,7.6001
5.304,56.8007,53.6654,16.0545,10.5252,6.5744,14.5842,-11.6755,8.5807
5.308,55.9079,52.7102,13.3140,9.7618,9.0521,14.7597,-12.1555,10.6468
5.312,57.3936,51.3781,16.1247,10.6205,9.7329,16.0561,-9.8338,9.1039
5.316,57.7784,48.6792,18.0395,9.6865,12.1153,13.1891,-5.6960,14.1716
5.320,54.2499,46.0486,18.1233,11.5659,11.4806,9.2657,-4.0180,16.6765
5.324,55.5983,46.1507,18.8057,12.3480,9.4331,9.3773,-1.6928,20.3299
5.328,56.9196,45.9227,16.9701,12.8671,12.4211,8.7179,-2.3859,22.4722
5.332,57.9449,46.1798,16.6363,13.9083,9.6659,7.7479,0.3004,22.2723
5.336,57.7073,42.1921,20.2061,12.9890,11.2645,7.8045,1.8381,23.5710
5.340,61.1316,40.3852,20.6334,15.9016,10.7219,6.3496,3.3994,22.0402
5.344,60.6269,39.6469,19.9834,13.7240,7.1351,6.5091,4.6237,19.7176
5.348,57.4399,39.2515,20.4521,11.9624,6.8120,5.8799,5.8422,19.7463
5.352,59.9508,43.9490,19.2512,9.1390,3.9781,5.0016,8.6222,13.9382
5.356,59.1480,43.4885,19.4639,11.6617,4.9017,5.4330,9.7594,9.3136
5.360,56.6727,42.8053,22.4011,10.0738,10.0435,1.1155,10.1658,3.9145
5.364,54.5342,45.5909,20.9650,8.4843,8.9879,-0.6266,5.0601,1.5876
5.368,49.1289,44.7978,23.1713,8.7184,9.5589,4.2246,3.8752,0.4149
5.372,47.8082,43.9052,21.2214,8.1679,12.1761,4.3193,-0.9106,-5.3593
5.376,50.0328,48.0379,17.7753,7.7968,13.5799,9.0062,-5.2695,-4.2114
5.380,45.8043,46.9710,13.7668,10.0695,16.1375,7.9290,-5.6690,-4.4429
5.384,43.5662,45.3453,12.1116,6.9785,14.8791,7.1023,-8.7570,-3.2030
5.388,42.8136,43.8880,11.8202,7.6945,14.4475,9.8539,-13.2010,0.0840
5.392,39.5416,42.0802,8.3123,6.2780,13.5010,11.1507,-14.4818,3.4853
5.396,37.0065,43.3491,10.1082,4.7347,13.1459,8.9831,-15.1754,3.8144
5.400,37.0482,39.2881,9.4688,4.6152,10.4801,11.1785,-16.3148,5.8976
5.404,35.6936,37.6569,9.1476,5.4241,8.9102,12.6334,-15.8522,9.7877
5.408,31.0202,36.1261,8.9629,7.9511,7.3897,9.1120,-12.1952,7.9351
5.412,29.9432,38.2991,9.8827,7.3192,7.9924,9.9979,-11.3788,6.7225
5.416,30.5533,34.9701,10.7574,5.7668,6.7782,6.4617,-9.2882,7.2166
5.420,28.2649,34.2412,8.6285,7.0053,9.8040,5.6983,-4.2863,7.2610
5.424,27.2252,35.5205,8.3552,8.1126,7.3051,0.2311,-1.9932,7.5894
5.428,28.3501,34.6319,8.4128,10.3150,4.2851,1.0198,1.5690,9.2286
5.432,28.9795,31.3674,6.8850,10.5333,6.3653,1.7282,4.6890,9.9803
5.436,30.6401,32.6074,9.1644,11.5764,4.5569,0.2854,6.6930,11.9461
5.440,30.8184,35.2812,8.6306,10.0151,2.0392,2.1027,11.6891,8.2113
5.444,32.5851,32.0614,7.9019,9.9805,0.9172,0.4015,15.0598,8.8595
5.448,30.8683,31.1339,14.0782,11.7430,3.1880,-0.2701,16.0297,5.5312
5.452,30.7944,32.2169,12.8878,11.8969,1.8092,-1.5860,15.5194,1.2949
5.456,29.9262,32.7403,14.0815,9.3763,2.0000,-3.8368,14.1616,3.1791
5.460,28.8544,30.6880,10.6856,13.1282,1.4833,-5.2460,15.0517,3.2130
5.464,29.3030,29.7417,11.0283,10.1158,1.9971,-6.9896,12.5712,3.8939
5.468,26.5568,31.6424,7.7470,10.2632,4.8129,-4.4881,7.7812,3.3164
5.472,25.7699,27.8630,8.7375,11.0463,6.6767,-1.0612,7.8019,0.9604
5.476,25.5226,27.3653,6.4305,13.7690,5.5294,2.0416,1.9593,-0.4439
5.480,25.5324,26.1764,5.6534,10.6218,6.2482,1.8698,-3.2196,0.8270
5.484,20.6060,24.9452,7.0740,8.6727,7.9547,4.8867,-4.0363,-2.2552
5.488,18.4429,25.0736,3.1615,8.5758,10.6599,5.6852,-6.3171,2.9237
5.492,19.6635,20.9246,4.4287,9.1118,8.9045,8.4742,-8.3365,2.8714
5.496,16.1837,18.9883,4.8365,9.8064,8.2816,9.7385,-8.5589,5.7519
5.500,17.2609,13.1235,4.9135,4.8060,6.0579,7.4755,-9.1514,3.7776
5.504,17.2266,12.7157,4.0259,-0.2349,6.8031,7.3177,-10.3319,7.2313
5.508,15.2705,12.2517,2.3663,1.6410,6.1304,11.0872,-11.7465,9.4646
5.512,17.2505,13.3765,1.1357,2.4863,10.3608,7.5307,-7.5142,13.1934
5.516,13.7433,10.3731,0.7249,2.6581,7.8118,5.1268,-7.2775,14.3768
5.520,12.7207,12.4715,1.8289,0.6847,4.7255,1.7119,-7.0275,13.2292
5.524,14.9008,8.0486,1.2838,0.1345,6.6327,0.6258,-4.3534,14.4490
5.528,12.1764,6.8569,2.0129,1.8735,3.6299,-1.0217,0.2402,15.3582
5.532,14.0844,6.6033,2.4477,0.9858,3.1716,-4.6440,4.9973,11.6035
5.536,11.5120,7.5849,3.4028,-0.3629,0.6931,-6.0565,3.7217,10.1872
5.540,14.7240,9.4837,6.1912,3.2690,2.2294,-6.6612,10.2652,6.7076
5.544,15.4318,9.6170,6.1947,6.3666,-0.5471,-10.3563,10.5898,5.4665
5.548,15.7051,8.5926,7.5806,7.0023,-3.8190,-10.9499,12.7096,4.7625
5.552,15.3445,6.7661,9.9736,8.8596,-3.9976,-14.0614,11.1125,2.7581
5.556,12.5994,6.5636,7.6899,9.4566,-3.1429,-15.3626,10.5132,-2.3255
5.560,15.8395,10.5303,8.3499,5.3587,-4.7535,-12.4155,8.2511,-3.6058
5.564,11.2762,12.0844,5.9085,7.7322,-4.0012,-11.1776,7.2166,-7.4395
5.568,9.4216,16.0300,5.7235,8.3859,-2.5979,-10.0654,4.7518,-10.3997
5.572,8.3704,14.8860,1.5553,7.1224,-2.0029,-6.8271,-1.2030,-11.0129
5.576,6.3098,14.3362,1.9492,6.3087,-3.4685,-4.9601,-3.8249,-11.9053
5.580,3.9524,13.4657,1.8725,6.8555,-3.8155,-6.8458,-6.3397,-12.2387
5.584,2.9998,13.0462,2.3536,6.4729,-0.0377,-2.2332,-7.8954,-8.4826
5.588,-0.1008,9.6488,-0.2210,7.4643,0.8104,-4.0706,-11.5947,-6.5386
5.592,0.0196,6.6986,1.1855,9.3096,-0.9223,-3.6492,-14.7426,-6.2734
5.596,-0.9169,4.9902,2.4671,5.3347,-0.0706,-2.2586,-14.1591,-3.9696
5.600,0.6620,5.9134,1.5285,4.5548,-2.2246,0.8650,-14.3074,0.0692
5.604,2.1113,1.7795,0.7047,4.9928,0.4997,1.3496,-18.4560,3.8835
5.608,0.8637,2.1951,-4.1189,3.7488,0.0263,1.0775,-19.5720,7.2056
5.612,4.7096,5.3346,-3.5389,6.3506,1.4059,0.6723,-20.2024,7.8149
5.616,7.5768,3.2357,-5.7507,1.6220,0.0042,1.2855,-17.4459,7.0897
5.620,5.9619,0.2949,-7.3623,0.0349,-1.5961,3.6934,-16.4190,10.2420
5.624,9.7859,0.0056,-3.4285,2.8151,-0.1453,0.1699,-9.3269,14.1740
5.628,11.1184,-1.4926,-5.9689,0.6059,-1.0417,2.1741,-5.9220,19.2029
5.632,11.7117,-0.0579,-3.6961,-0.3905,-0.3651,2.0847,-1.9556,19.2853
5.636,10.9483,2.3747,-2.4242,0.3851,-2.2385,0.2355,0.7096,15.5182
5.640,12.0037,1.2046,-1.6826,0.6605,-1.8458,-2.9477,6.8878,12.1672
5.644,11.9376,2.7579,-0.7610,1.1297,-3.1103,-1.5937,5.2818,12.9467
5.648,12.9700,3.8418,-2.3868,2.1223,-4.2926,-7.3786,6.6123,10.3671
5.652,14.6366,6.4283,-0.2881,2.8256,-6.9445,-9.8558,6.5870,4.9084
5.656,13.8579,8.4458,-2.5325,3.1819,-8.0902,-8.2136,7.4055,2.6317
5.660,14.1541,9.6774,-4.4300,3.8123,-9.5675,-6.9557,7.9800,0.7794
5.664,14.4020,9.4991,-3.2678,3.0580,-9.7539,-6.5566,7.0719,0.0913
5.668,14.4770,7.5937,-0.2331,2.5264,-6.7769,-5.7870,3.3056,-3.6286
5.672,14.2462,5.5110,1.4485,0.6817,-2.8183,-3.4712,2.6524,-4.6110
5.676,13.2332,5.9853,2.9635,-0.8979,0.0598,1.5494,1.2726,-6.4739
5.680,12.1735,5.4319,6.1654,-1.3892,1.8092,1.1760,-3.7203,-6.7211
5.684,7.0893,4.2036,4.0949,-1.4549,2.8112,3.3025,-8.4138,-3.4137
5.688,4.4434,2.6104,4.7068,-1.2865,5.3467,5.8080,-8.6354,-5.4792
5.692,1.3598,-0.1966,2.3126,-4.4144,4.1625,3.6003,-10.8305,-4.9962
5.696,2.2609,-2.7365,2.3630,-5.7904,6.3446,4.5637,-11.1121,-2.2915
5.700,1.2376,-2.4126,1.3503,-6.9887,6.2268,7.6328,-14.0837,1.3956
5.704,-1.4376,-4.0699,-0.0746,-6.3192,3.7965,10.8125,-14.4572,1.1360
5.708,-2.3307,-3.0295,-1.6474,-3.7243,3.0760,11.0028,-14.4327,3.6709
5.712,-2.9163,-2.0949,-2.9820,-0.7173,-1.6435,11.9982,-13.1319,4.6898
5.716,-2.2933,-2.1533,-2.2941,0.2412,-0.3430,13.0072,-12.3709,8.1972
5.720,-3.2039,-3.4125,-0.4728,2.0370,-1.5022,13.8065,-7.6071,11.5767
5.724,0.0510,-2.8496,-1.4595,3.8999,-2.3461,11.9405,-5.3701,11.4697
5.728,-0.3085,-7.4195,-0.4130,5.0875,-4.5657,8.3022,-6.2760,9.3946
5.732,2.1341,-7.4462,2.7839,7.9238,-4.3331,6.5330,-3.1300,10.8797
5.736,-0.2305,-6.2507,3.6975,7.3698,-6.7100,4.1088,-2.5367,6.1976
5.740,1.8228,-9.2472,3.7578,9.8387,-5.5981,2.1389,0.8080,7.2225
5.744,1.0859,-7.5425,4.7026,9.3514,-9.0583,0.0144,1.4308,4.1031
5.748,3.8215,-5.4697,5.7648,11.6985,-6.6091,-0.4979,2.3760,5.5861
5.752,2.6879,-6.1670,3.8962,10.2569,-6.6429,-0.1403,4.3017,4.2861
5.756,2.6636,-5.9040,4.4267,9.1384,-11.3996,-5.1825,4.5143,3.9895
5.760,2.0286,0.0466,4.2938,8.9479,-10.3409,-7.1999,5.1453,2.1796
5.764,2.1706,-3.2535,4.0002,7.9517,-9.1882,-4.5120,1.5345,-2.1066
5.768,-0.1063,-2.6118,4.1415,8.4706,-10.1053,-3.8061,-1.7848,0.1003
5.772,0.7569,-4.6274,2.3697,9.0312,-6.4135,-6.5437,-2.4104,-1.3580
5.776,1.8135,-5.3844,1.7029,6.6798,-5.8144,-5.2823,-6.5521,-3.5668
5.780,-0.9248,-5.1348,3.6395,2.8296,-4.8815,-8.0134,-8.3006,-1.6219
5.784,0.7353,-7.9176,2.4379,1.2669,-4.9069,-6.6245,-12.3980,-3.2985
5.788,2.1510,-8.4864,3.4250,-1.8145,-2.0707,-5.3294,-10.3784,-3.9467
5.792,2.4019,-4.1849,1.9629,0.1877,-1.7386,-4.3736,-11.2960,-2.2713
5.796,1.0595,-4.1316,-0.1373,-1.6502,-1.1778,-3.4209,-13.2956,0.3343
5.800,2.6516,-1.0608,-2.8191,-3.3775,-1.4587,-3.3424,-13.8728,-0.5769
5.804,2.1345,-4.1058,-3.5691,-6.8750,-0.6991,-0.3711,-14.5059,5.5051
5.808,1.2547,-3.8439,-2.1775,-2.6233,0.1813,2.3266,-11.6475,7.6135
5.812,1.8094,-4.7591,-3.2216,-1.7866,-0.5194,2.7285,-8.6355,12.1948
5.816,7.2947,-3.3089,-0.4701,-4.9712,-1.7533,6.4965,-10.2205,11.0654
5.820,8.2044,-0.6955,-0.3408,-3.2114,-3.3630,5.1620,-4.3811,10.3099
5.824,7.0028,-0.3773,0.8174,-3.7351,-2.1236,3.9118,-3.5955,9.4778
5.828,6.6648,2.7507,-2.1803,-2.7570,-0.4618,4.5782,3.2469,7.2884
5.832,6.4242,4.7186,-2.0377,-3.7705,-0.5837,5.6438,6.5430,4.4879
5.836,3.6287,6.9927,-0.3222,-7.7690,-1.3032,3.3774,8.6577,1.4391
5.840,5.1996,6.2981,-1.2304,-6.8175,-0.1014,3.7475,10.4116,2.1874
5.844,5.1034,6.7496,-3.0194,-3.6037,-0.9151,3.1834,12.1876,-1.7971
5.848,5.4335,6.4708,-1.3916,-3.9072,-3.3248,2.8801,12.1096,-6.4207
5.852,0.7930,7.4244,-1.4646,-0.9910,-2.7146,3.7005,16.5483,-8.9796
5.856,-0.1502,4.6474,-2.8877,0.5572,-6.0973,1.7196,15.1728,-10.8919
5.860,1.1818,4.8052,0.4214,2.5796,-3.6527,3.2126,12.9093,-9.0408
5.864,2.0654,5.0578,4.8318,6.3587,-4.8771,3.6616,11.8202,-10.1418
5.868,-0.2584,4.9670,8.4857,7.1948,-2.9540,-0.5087,9.0251,-10.9582
5.872,-2.9001,7.0714,8.3288,9.6216,-1.7578,-2.3747,5.1850,-11.5810
5.876,0.0984,2.0075,6.9554,8.4301,-0.7976,-1.8638,4.0986,-14.9036
5.880,0.9972,4.9145,6.1116,10.4410,-2.5745,-2.8689,2.8713,-13.4826
5.884,0.8230,5.9023,4.7292,11.8907,0.7795,-2.0435,-2.2384,-14.1328
5.888,-1.7752,4.3607,1.2761,9.2662,0.5693,-1.0668,-5.6273,-10.7375
5.892,-0.4391,0.2959,0.5354,3.5633,3.9465,-0.0816,-6.6117,-10.9051
5.896,-0.3270,-0.8752,-0.8574,-0.0157,3.0805,1.9289,-5.3089,-11.5054
5.900,-1.5909,-0.1178,-1.6486,-2.4266,0.8660,2.8100,-9.6452,-7.9210
5.904,-2.6555,-1.1581,1.4925,-3.3406,2.5672,3.7341,-10.0229,-4.0745
5.908,-6.0258,-2.4293,3.6442,-2.4502,3.8938,4.3761,-8.6295,-3.5731
5.912,-4.3951,-3.3031,3.3565,-3.6781,1.7952,4.7954,-7.1813,0.1140
5.916,-3.6153,-4.4996,4.8626,-4.6160,1.5406,7.6786,-8.0170,1.6465
5.920,-1.9484,-6.2761,2.9514,-3.8858,1.9136,8.7739,-4.3949,4.7370
5.924,-3.4641,-3.2405,2.1691,-1.7968,0.7838,6.9358,-3.1797,4.9960
5.928,-1.1188,-2.7174,-0.2626,-2.1039,-1.3047,7.2195,0.0440,6.1664
5.932,0.2373,-2.0792,1.4519,-0.9029,-3.4252,6.0492,2.1226,5.0944
5.936,-0.3608,0.8217,2.2719,2.6365,-4.8896,1.4424,5.3505,-0.2162
5.940,-0.5015,-0.1787,0.5344,1.9896,-1.4211,2.6934,6.8090,1.7602
5.944,-1.9704,-0.4205,-0.5566,1.8533,-3.3474,1.4279,11.0377,-1.4036
5.948,-3.7667,3.7085,-1.2658,-0.5273,-2.0604,1.1418,10.8331,-6.3487
5.952,-1.0479,5.2038,-0.9514,-5.1000,-4.1513,-1.1733,13.3516,-9.2104
5.956,-4.5211,7.1637,0.7534,-1.1184,-3.9966,-4.0485,11.5574,-10.9730
5.960,-6.0610,8.2469,-0.5896,-0.3519,-4.5110,-4.4474,8.3515,-10.3535
5.964,-8.4617,7.1132,1.0218,-2.0452,-7.5336,-8.9943,8.2399,-14.0167
5.968,-6.0817,5.7064,1.7955,0.3337,-9.7180,-9.6407,10.3901,-13.0472
5.972,-6.7111,5.5438,1.0304,-0.2766,-12.0485,-9.3462,7.1967,-12.6599
5.976,-4.8514,5.2479,1.1798,0.2342,-10.3546,-9.8159,5.8169,-12.2376
5.980,-2.4129,3.1513,2.0701,3.1299,-10.2812,-9.7424,4.9497,-10.9234
5.984,-6.2093,3.3599,0.2568,0.8634,-9.1246,-5.7684,2.4138,-8.5639
5.988,-6.2351,1.4104,1.1296,3.0900,-4.8422,-6.0180,-1.8378,-8.7796
5.992,-4.3185,-0.8796,1.6336,0.4038,-2.6235,-3.8528,-2.1625,-7.8203
5.996,-2.8752,2.1719,0.4332,-1.1043,-0.4677,-2.2583,-3.2246,-2.1441
6.000,0.2588,2.3434,-0.1768,-3.8052,-0.5909,1.8226,-6.7453,-0.4764
6.004,-0.7453,7.3506,-1.9354,-6.6352,-0.0714,3.7973,-10.8547,-0.9022
6.008,1.2344,6.4638,-1.2540,-6.3497,1.9226,7.8983,-11.6260,3.8065
6.012,-0.1941,5.9990,0.1030,-5.8097,1.4205,9.7849,-10.8237,4.3098
6.016,-1.0591,4.7904,-2.8540,-4.5328,1.7897,13.2071,-6.0249,9.0656
6.020,-1.1753,4.3986,-2.6784,-7.0950,-0.1038,11.9054,-2.8096,10.3964
6.024,-1.1394,1.8015,-2.0229,-5.7502,0.0987,9.7578,0.5946,7.4563
6.028,2.1983,3.0602,-2.5432,-3.4025,0.7946,7.8296,5.9272,6.5888
6.032,2.3718,-0.0124,-3.1265,-0.3691,2.7537,8.4808,7.3057,6.7502
6.036,0.9039,1.0088,-3.2175,3.3705,2.3092,9.3729,12.6813,3.8341
6.040,0.8307,1.6901,-4.1740,3.9619,1.2457,8.4237,12.4978,0.0890
6.044,-2.5143,3.6254,-0.3357,6.0208,3.7802,9.8669,10.0430,-0.7092
6.048,-1.2565,2.7328,1.6797,6.7835,0.6934,9.5181,12.7467,-6.1035
6.052,-3.4174,5.0339,1.3759,8.5640,3.0304,9.5615,11.5716,-9.6601
6.056,-4.4399,5.9752,2.9525,5.3786,1.5306,6.9396,10.9279,-11.2033
6.060,-6.1863,4.2843,4.3910,6.3187,-1.4030,7.3769,10.4955,-14.7704
6.064,-4.9428,0.8451,3.4854,5.3737,-2.2454,6.3307,8.1549,-14.5947
6.068,-7.7377,1.1667,6.3541,2.8377,-4.2302,3.7865,8.3166,-13.4117
6.072,-10.8615,-2.7752,7.1902,4.6258,-7.5697,2.5675,6.3740,-15.0035
6.076,-10.5230,-4.9238,5.5158,5.2915,-7.1823,3.2536,2.6343,-17.2143
6.080,-10.5755,-7.0690,7.1291,2.6144,-6.9034,1.1034,0.4101,-19.2232
6.084,-8.1178,-4.7205,5.8084,3.5606,-6.0426,1.5660,-1.1247,-15.6263
6.088,-7.0985,-6.0431,6.0727,1.6585,-2.6839,2.4247,-5.3060,-9.8922
6.092,-8.0627,-6.1067,8.2815,3.4127,-0.9873,2.4939,-7.9973,-7.1730
6.096,-4.8698,-7.9779,6.8365,1.3366,-0.1594,3.1431,-11.4679,-2.7385
6.100,-4.5265,-7.0085,6.1745,1.8557,-2.7299,1.8882,-11.7429,-1.1855
6.104,-5.3714,-4.5926,7.6103,-0.6049,-3.8515,4.8523,-10.8453,1.0968
6.108,-4.7330,-5.1162,3.5686,-3.2195,-3.2440,5.6128,-7.0833,2.4417
6.112,-7.2418,-3.9710,3.0718,-3.5330,-5.6536,5.1527,-7.1903,5.4420
6.116,-4.3657,-6.8798,2.5949,-2.8266,-6.6777,7.0176,-6.2601,8.2438
6.120,-3.3061,-5.9395,-0.9338,-7.5774,-4.6246,6.2610,-3.0538,4.9808
6.124,-1.0668,-5.4062,-3.7991,-8.5883,-5.5571,5.5450,1.9635,6.7604
6.128,-1.9572,-2.8650,-2.8441,-9.0283,-4.9401,5.1395,3.4411,6.8620
6.132,-0.7252,-0.1177,-1.6849,-6.7094,-3.1250,5.6043,3.2871,5.3162
6.136,2.4755,2.4613,1.1869,-6.1120,-4.0042,3.3810,7.6695,5.0068
6.140,2.7935,2.3180,2.4047,-5.1458,-2.5930,1.7489,10.1306,4.2945
6.144,2.0699,3.4116,2.0368,-2.1527,-2.7745,1.6116,11.0310,1.6124
6.148,3.6974,8.6827,4.3684,-3.3712,-3.3153,1.5375,14.6022,-2.3482
6.152,2.2588,6.1136,2.1059,0.2836,-5.4873,0.7641,13.7664,-6.9015
6.156,1.6272,5.8959,4.0535,-0.4193,-3.0149,-0.3490,14.9720,-9.1207
6.160,-1.4942,11.8103,4.9527,0.2467,-3.0058,-2.0151,15.4404,-9.9571
6.164,-2.5028,6.3220,4.2826,2.7557,-1.9670,-2.3454,13.2932,-12.5954
6.168,-4.7081,7.1700,4.4127,3.2853,-3.1177,-3.2433,11.7558,-15.4373
6.172,-4.9515,6.4793,4.3813,2.2855,-3.4016,-4.2162,8.8754,-16.6383
6.176,-7.3925,6.4070,1.1624,4.4276,-4.0060,-8.7602,4.7237,-16.8218
6.180,-9.1214,6.1479,2.2669,1.8939,-2.5147,-6.4258,-0.8932,-17.5628
6.184,-7.7851,7.2491,5.2788,0.3587,-4.8319,-6.3461,-6.0852,-16.3072
6.188,-8.1341,5.8531,2.3783,1.7415,-4.8393,-4.0886,-9.6345,-15.6852
6.192,-5.4262,5.6889,5.6960,4.7411,-1.2077,-3.4002,-10.1873,-12.2490
6.196,-3.6233,3.3817,7.4004,6.1067,-0.3447,-2.6907,-13.0112,-9.1551
6.200,-2.4320,6.2251,5.8529,0.6463,-2.2719,-3.0636,-10.9879,-4.7888
6.204,-0.5086,2.9113,5.2300,-1.4639,1.2018,-1.3373,-10.7353,-5.3505
6.208,-1.0600,2.4389,2.8627,-0.9970,0.4236,-0.6591,-8.3953,-4.0951
6.212,-1.1505,0.8218,1.8073,-2.5345,4.1734,2.7348,-7.5379,-2.4028
6.216,-3.1577,0.7749,0.1909,-3.4261,2.1261,5.2946,-7.7308,-1.5368
6.220,-2.4377,1.4975,0.5866,-3.3732,4.0296,6.0137,-4.6093,0.1672
6.224,-3.9225,1.7749,-1.6999,-2.7035,4.0229,8.8585,-4.4415,1.3040
6.228,-3.3046,1.3219,-1.2732,-1.1644,3.6821,10.3562,0.5665,1.9219
6.232,-5.0757,0.6705,-4.4232,-4.4317,5.1532,12.4405,3.9948,1.8997
6.236,-6.7035,2.7089,-4.4130,-3.4729,4.3644,15.1021,2.7492,-0.6533
6.240,-5.2939,1.1781,-4.5889,-4.1614,4.1386,14.0262,7.0526,-1.6424
6.244,-8.3077,3.6596,-1.2780,-5.5420,6.9511,16.3744,8.9317,-5.0881
6.248,-5.2857,2.2500,-1.1994,-1.6221,6.2557,13.1365,10.5015,-2.9008
6.252,-4.8860,5.4475,-0.1363,2.3346,5.2875,10.7300,9.2005,-4.6865
6.256,-8.2637,4.2230,-0.0417,1.7483,3.1123,6.9064,7.7217,-8.7468
6.260,-10.0872,0.8493,0.7620,0.1600,0.2966,3.3072,6.7706,-10.7315
6.264,-11.0387,-0.2765,4.5384,-0.1657,-1.5436,0.6836,4.3942,-12.0088
6.268,-9.9635,-1.8524,4.0726,1.8826,-4.1920,-0.3045,-0.9986,-10.1638
6.272,-13.6534,0.1191,6.8133,0.2609,-3.8870,1.7676,-3.1917,-9.0732
6.276,-14.0065,0.0731,6.5876,-1.7215,-2.1792,1.5553,-9.4312,-11.1671
6.280,-12.9743,-1.1485,8.3068,-0.7845,-7.0554,-3.7141,-9.9316,-9.9712
6.284,-12.9540,-1.5473,10.7173,0.5822,-6.2805,-4.1027,-11.5543,-8.4534
6.288,-11.8896,-3.6953,10.7368,-0.7026,-4.4359,-3.9818,-10.9844,-7.5256
6.292,-10.1778,-4.8661,9.4562,-2.5402,-4.5493,-0.8328,-11.3310,-8.4807
6.296,-10.6684,-3.6031,6.1960,-1.7834,-2.5679,-1.6602,-7.3883,-5.8435
6.300,-10.2522,-3.4657,4.4041,-3.5651,-1.3406,-2.3795,-10.1145,-4.3314
6.304,-11.7227,-5.3043,1.8200,-2.7378,-0.1727,-3.4290,-13.3843,-3.0460
6.308,-8.0384,-4.2502,1.6743,-1.2334,2.2573,-2.3368,-14.9892,0.0394
6.312,-7.9740,-3.3803,-0.6680,-2.5991,2.2641,-2.0233,-15.0899,5.2698
6.316,-6.5146,-6.3959,-0.3396,-0.8603,3.5173,-0.4592,-15.3550,4.0180
6.320,-6.5039,-3.8788,-2.3841,-0.7002,3.4969,3.2159,-10.1794,4.1766
6.324,-6.1050,-5.9554,-1.0975,2.4107,4.6405,2.6898,-8.0118,5.9216
6.328,-4.8828,-5.3730,0.2719,1.0431,4.9326,3.0788,-5.1369,6.8732
6.332,-7.7417,-3.6848,-2.4417,-0.2288,3.5376,2.7877,-3.0578,7.0528
6.336,-6.0816,-5.5128,-0.9026,0.7242,3.5203,3.2326,2.2558,4.7253
6.340,-6.1006,-2.3128,-0.5967,1.8362,7.3198,4.0866,4.4373,6.5731
6.344,-4.7710,-1.2466,0.1498,3.4558,7.1516,3.1366,9.6575,5.7016
6.348,-3.2960,2.1274,-4.1739,3.1583,9.8996,6.4511,10.8144,6.2237
6.352,-2.3127,4.2499,-2.3264,3.6051,8.6148,2.9705,10.1594,1.2223
6.356,-3.2527,4.6788,-1.2977,6.1015,8.3568,0.4186,7.4406,0.6990
6.360,-1.9414,4.2421,-2.2175,6.5120,4.1433,1.5712,9.8733,-3.1858
6.364,-1.2084,0.9365,-4.0752,8.2722,4.1943,-0.7446,3.6316,-4.4959
6.368,-0.7473,1.5338,-0.3974,9.8704,1.9346,-2.6498,4.2859,-10.1264
6.372,-2.3243,0.5630,0.0648,7.8607,2.5251,-2.2903,6.0782,-10.7608
6.376,-4.0630,-4.0699,-0.9297,7.4438,0.0409,-1.8996,2.8770,-13.2522
6.380,-1.9434,-2.5940,0.9927,9.5702,0.9532,-5.0079,2.2296,-13.8160
6.384,-1.9189,-2.1752,0.4274,8.2953,1.2888,-3.9243,1.9453,-11.8553
6.388,-3.7471,-3.7969,0.0380,5.4873,1.1961,-4.5171,1.5593,-8.3099
6.392,-3.0802,-2.3476,0.0811,2.5978,2.2994,-3.9554,-1.1280,-11.0182
6.396,-3.6899,-2.4586,1.3952,2.4838,2.0699,-8.5464,-1.6158,-7.5521
6.400,-2.2341,-3.8891,-0.2304,-0.3376,3.5238,-9.3244,-4.2369,-2.8362
6.404,-1.4395,-3.2260,0.9297,0.6762,2.6647,-8.3153,-7.4341,-2.6361
6.408,-0.6334,-3.1349,0.8185,0.8553,3.6616,-10.7569,-6.0511,-0.0152
6.412,0.0515,-3.4297,-0.2877,-2.6775,5.5226,-8.4110,-4.8201,0.5283
6.416,1.2400,-2.5833,-2.6732,-3.4794,7.0781,-7.2107,-1.7025,5.1784
6.420,1.2875,-6.8155,-1.3282,-4.1792,8.5285,-5.7740,1.7924,6.6790
6.424,4.9901,-6.5306,0.0084,-2.7090,5.8883,-1.6914,2.1834,6.0724
6.428,0.7953,-6.1631,0.2321,-2.8567,5.1521,0.5950,5.7145,4.8081
6.432,2.9592,-6.7201,-2.2356,-3.0001,2.7703,1.9661,9.0346,6.4107
6.436,0.2188,-7.3940,-2.4820,-2.6920,3.8089,3.0363,10.2621,11.0156
6.440,0.6025,-4.9702,-2.6964,3.1044,3.4392,5.0193,13.2809,12.5126
6.444,-2.6561,-7.7518,-4.5275,0.7504,4.7192,4.3819,12.2291,10.1275
6.448,-1.9073,-7.1194,-3.6635,-1.6430,3.5522,6.0056,13.5127,8.7156
6.452,-0.5679,-9.3359,-3.8515,-3.0477,3.2823,3.5477,13.1980,5.0076
6.456,-2.3022,-7.6804,-5.9455,-1.9537,4.6611,3.4564,11.1454,2.7855
6.460,-0.0990,-9.9601,-1.0178,-0.1624,6.1072,0.2633,14.3712,0.0273
6.464,-4.0222,-7.4840,-1.9906,1.6309,3.4617,-0.2079,14.4144,-3.2443
6.468,-1.2626,-8.3566,-1.3773,-0.7990,3.6230,-0.9722,15.1007,-8.7365
6.472,0.0306,-9.8172,-1.6394,2.5603,3.3491,0.0007,10.7544,-8.0865
6.476,2.0165,-9.8664,1.1964,4.9410,6.1857,-4.1419,4.5368,-9.2129
6.480,-0.0383,-8.5340,0.3786,6.5441,3.7809,-4.8686,2.3355,-6.4318
6.484,-1.5875,-10.0310,0.8869,7.1510,2.9601,-6.6479,1.5335,-2.7098
6.488,-0.8358,-10.8545,2.5773,5.2994,1.2607,-9.8500,-1.9510,-0.4547
6.492,0.3266,-10.5198,2.2485,4.8204,-1.8630,-10.8449,-8.0718,3.4855
6.496,-0.1964,-8.9392,6.1073,0.4031,-0.8318,-12.8285,-8.5247,7.9773
6.500,2.5006,-11.0161,7.5471,-0.1673,2.2271,-15.3503,-5.6941,11.7867
6.504,0.8738,-15.6651,7.0021,-1.3372,0.4366,-15.3147,-4.9510,18.4917
6.508,3.5454,-11.8929,5.3269,-1.4185,0.8606,-15.8981,-5.3908,20.4207
6.512,4.1231,-12.2118,6.2747,-2.5445,2.3072,-18.0263,-5.6891,20.3206
6.516,4.5227,-11.8703,5.4791,-3.9171,-0.7977,-18.2201,-3.8961,22.5801
6.520,5.7569,-11.2666,5.5736,-5.3259,-0.7576,-16.3389,1.9854,21.3606
6.524,7.7881,-7.7580,4.6628,-5.0730,0.7513,-11.1280,1.9570,19.2619
6.528,3.0064,-3.8214,2.3398,-6.4288,-2.7994,-10.7274,6.1829,19.8220
6.532,5.7085,-0.6832,1.0195,-4.0764,-1.2258,-6.6964,8.5750,15.3584
6.536,3.8528,1.1019,2.4810,-4.8474,-0.3199,-6.5362,9.7895,15.9201
6.540,2.5955,0.4722,-3.2552,-3.1303,3.5458,-3.2542,14.5524,16.8843
6.544,0.2820,2.4090,-1.9533,-1.4930,5.8964,-1.6543,18.7189,14.9224
6.548,-0.1993,0.2108,-1.4529,0.7101,8.0512,0.7546,17.3593,15.2200
6.552,-1.2692,2.6128,-0.1597,1.2159,7.2891,0.7667,18.2323,12.6367
6.556,-3.4790,4.1930,0.4397,2.7318,6.8731,0.3046,18.8862,8.6727
6.560,-5.3054,6.7273,0.9991,-0.6287,6.3975,-0.8868,20.5583,7.3801
6.564,-4.4839,4.0468,3.3412,2.5681,5.9854,-2.0924,17.3755,3.2496
6.568,-4.7805,3.0805,3.3017,2.0533,7.9463,0.3918,14.9390,1.4360
6.572,-4.0077,6.6001,2.0888,2.2570,6.7569,-1.5669,10.1679,-2.9193
6.576,-3.9247,7.3908,-3.9166,-0.3403,5.7264,-1.4742,7.1569,-6.5426
6.580,-5.6707,5.8848,-2.1633,0.8465,1.8354,-1.0491,1.6495,-8.1068
6.584,-4.6545,4.4893,-1.2446,-1.4410,1.2898,-1.6564,0.7290,-9.2468
6.588,-5.2117,4.6397,-2.1208,-2.7827,-0.1294,-3.0943,1.8630,-9.0839
6.592,-5.6548,0.5103,0.5398,-0.7916,-0.6713,-5.2667,-4.0614,-5.1575
6.596,-3.7259,-1.3226,2.8504,-4.1875,-0.9688,-6.4289,-3.6295,-4.1565
6.600,-2.1136,-3.7362,3.2377,-1.4646,-0.9571,-8.3446,-3.9168,-0.4446
6.604,-2.0520,-5.4772,4.8982,-1.0915,-2.0663,-8.2861,0.2122,1.9695
6.608,-1.8770,-6.9813,1.6372,-3.8920,-3.1512,-7.9917,-0.2132,2.1357
6.612,-0.3963,-12.2842,-1.0501,-4.9594,-1.4261,-5.5523,-0.0539,4.3621
6.616,3.1407,-12.4399,-0.7066,-3.1033,-0.5427,-4.9782,4.4152,3.4891
6.620,1.7988,-14.1809,-0.4154,-3.0016,-2.2999,-3.3193,0.7745,5.3061
6.624,1.6291,-13.3182,-2.1615,-4.1512,2.4680,0.7611,4.8817,3.2465
6.628,2.5627,-11.3057,-4.1089,-4.0947,4.4381,0.7836,3.5665,3.8813
6.632,4.4472,-8.6964,-6.4499,-1.8773,4.0469,3.3316,3.8659,3.0179
6.636,3.3526,-7.4649,-7.2048,-4.8617,4.5064,3.4562,5.9968,3.1376
6.640,1.2906,-7.2532,-6.6552,-5.1569,5.2738,3.1100,10.0562,3.2255
6.644,-0.7633,-4.7027,-5.0585,-2.9870,6.9248,5.0980,13.0667,3.2731
6.648,-1.2302,-2.3536,-3.8408,-3.4724,6.0513,4.4889,15.0153,0.1073
6.652,-2.3079,-2.7860,-7.2958,-0.4876,9.8449,4.7203,15.8533,-3.3572
6.656,-1.4027,-0.8241,-5.4026,-0.9946,9.5551,3.4176,16.6809,-7.2697
6.660,-6.0310,0.8896,-6.4353,0.4316,7.9883,5.4992,18.8863,-8.4421
6.664,-5.3424,-0.6401,-7.0466,2.1322,7.1525,4.6326,16.5465,-6.1776
6.668,-3.8044,1.4193,-5.3628,1.1681,9.1889,4.0972,12.3206,-8.0848
6.672,-5.4179,5.7500,-4.8927,0.6961,9.7685,6.1719,10.3819,-10.3292
6.676,-3.5876,6.4282,-5.4529,-1.1154,10.1212,0.4985,7.6146,-7.8238
6.680,-6.1950,2.9245,-7.6215,0.9697,8.6045,-1.3492,3.3933,-8.5624
6.684,-4.7944,3.4676,-6.1854,1.6295,6.9319,-4.3203,0.7460,-4.5132
6.688,-2.4835,1.6514,-7.4984,0.5513,4.8652,-8.5708,-2.6356,-1.8072
6.692,1.1488,1.8073,-6.7852,-0.2535,5.6972,-8.0325,-3.4882,2.1162
6.696,-0.3329,-2.4299,-5.3694,0.7641,4.4265,-6.7649,-5.9396,2.8949
6.700,1.2736,-1.2546,-2.7374,3.0399,3.1150,-6.9017,-9.0766,5.5241
6.704,2.1953,-1.5806,-3.5933,2.6090,4.2554,-7.5047,-7.6431,5.0382
6.708,1.7354,-2.1827,-2.9138,2.4924,4.4697,-3.7889,-7.1686,4.6287
6.712,1.7764,-5.8267,-4.4689,2.5912,3.5193,-3.1505,-8.6039,7.1659
6.716,3.6567,-6.8048,-5.0716,0.6704,7.7133,-3.4297,-6.9128,4.8751
6.720,1.5917,-5.4101,-6.0992,1.2807,7.8475,-2.9599,-5.8575,8.9799
6.724,-1.7319,-3.2049,-8.6284,1.4151,11.7500,-0.9631,-2.7916,8.4866
6.728,-2.9950,-3.5721,-11.1952,1.4317,12.7939,-1.1704,-2.7041,8.0218
6.732,-2.5766,-0.2491,-11.3736,0.7466,14.7805,0.7926,2.3206,8.1152
6.736,-5.7098,-1.8283,-10.9064,-3.1148,14.7827,4.4350,7.3351,5.6348
6.740,-4.0827,-1.6689,-8.4033,-5.6992,13.9987,4.7749,7.9165,4.3306
6.744,-6.0344,-0.4340,-7.0078,-3.6759,13.3748,5.4769,7.8036,-0.0039
6.748,-1.3177,0.8562,-7.0550,-4.2718,14.1810,7.8016,11.3357,2.7091
6.752,-4.3479,1.7893,-8.5970,-1.1829,14.1978,8.0903,11.0881,-0.9717
6.756,-7.9168,3.8122,-9.0469,-2.4906,14.1015,8.7479,8.7394,-6.0804
6.760,-9.5993,5.1662,-7.5016,3.3700,12.7107,14.9332,8.4970,-8.8213
6.764,-12.2406,6.9505,-8.8387,1.5934,12.9368,13.2053,6.0486,-9.1496
6.768,-12.1939,6.2287,-6.0419,0.5703,11.7987,10.8733,5.3784,-8.3830
6.772,-13.6737,5.2967,-5.9923,5.3262,11.9665,6.7545,4.9694,-7.0776
6.776,-14.6301,9.1540,-4.0255,4.0425,11.3332,5.1784,6.8361,-9.2239
6.780,-10.9565,4.2928,-3.2252,4.6708,9.2987,1.2758,5.5005,-9.1363
6.784,-10.6585,0.9270,-1.3753,4.7503,5.0173,1.4288,3.4840,-4.4373
6.788,-6.8928,2.6102,-0.0188,3.4908,1.3582,-1.1767,2.3070,-5.6754
6.792,-7.2407,4.0862,2.3633,5.0390,0.1380,-6.0014,-0.6307,-2.8113
6.796,-3.4900,3.1402,-0.2252,2.3142,-1.3430,-4.9895,-5.3888,0.7591
6.800,-2.4540,1.3049,0.9925,3.6200,-3.2546,-8.3203,-8.0952,2.4917
6.804,-4.7345,1.2984,0.3821,4.4063,-5.0793,-9.1161,-7.5301,4.4796
6.808,-1.8115,-0.4255,2.3344,7.2472,-6.4145,-7.5350,-10.0749,3.9914
6.812,-1.2673,-0.9628,1.3728,6.4447,-6.0196,-3.6421,-8.1160,5.3782
6.816,-4.5511,-5.0924,-0.1565,4.1091,-7.1411,-3.4009,-4.6283,8.5622
6.820,-1.5908,-1.9654,2.1764,5.8578,-3.2908,-6.5961,-3.9461,7.9945
6.824,-5.2304,0.4633,2.4713,2.0471,-0.5807,-4.6816,-2.9800,9.4867
6.828,-3.7158,-2.4587,1.8464,4.0689,-1.0090,-3.4594,0.4553,9.1519
6.832,-3.6614,-0.7657,1.3054,3.7604,3.2733,-2.3102,3.0959,9.5491
6.836,-5.6275,2.4907,3.1099,1.9187,1.7119,-1.1503,7.6969,6.1101
6.840,-3.7324,1.6370,1.7163,0.5126,2.7495,-0.8573,10.7014,3.0549
6.844,-4.8202,0.0045,0.0091,0.4867,0.8441,0.7970,13.4531,4.2240
6.848,-5.0416,-3.6098,-2.2828,-0.4091,2.3565,2.2027,13.5259,1.0845
6.852,-3.1546,-0.5695,-0.7664,1.1501,2.1339,4.0115,15.2645,-0.2827
6.856,-1.1970,-0.6502,-0.8967,0.9855,3.1760,5.7605,18.6360,-3.1837
6.860,-1.8188,2.4169,-3.1281,1.8789,2.2730,6.6742,18.8783,-5.5422
6.864,-3.8272,2.9813,-3.9652,1.8584,4.1734,8.8565,16.2792,-6.9178
6.868,-4.5687,5.5683,-7.4519,5.1234,7.1759,10.3467,15.6749,-6.9886
6.872,-4.9554,7.2473,-8.4659,3.9475,6.6403,13.5306,11.9132,-6.5646
6.876,-4.2902,7.0186,-6.8012,6.3741,5.2812,11.4584,11.6105,-6.5132
6.880,-3.3460,10.6234,-6.6315,5.3660,6.2634,11.2145,10.4179,-7.2446
6.884,-2.8664,10.4396,-8.6161,7.8025,7.8612,9.6283,7.4209,-4.6192
6.888,-0.5448,12.6337,-6.0504,4.6572,4.3588,5.1857,1.4552,-1.7185
6.892,-4.3827,8.9332,-6.6686,4.8344,3.3782,6.6873,-0.8963,-1.6433
6.896,-1.3678,6.4086,-8.6603,2.2345,3.5433,5.9966,-1.1790,-0.4879
6.900,0.8695,10.4580,-7.1144,3.9648,0.4868,5.2330,-0.9034,-2.1477
6.904,0.7919,9.8274,-7.7423,3.4092,2.0003,2.9113,-1.1254,1.0494
6.908,1.1315,10.9122,-4.7549,-1.1023,0.1375,2.6623,-1.0858,5.3426
6.912,-0.5106,10.9248,-3.9420,-2.6814,-0.1407,4.2309,6.0917,7.1077
6.916,-0.4791,11.7671,-3.4713,-2.9061,-1.2663,3.3939,7.8770,6.0288
6.920,-2.5824,5.3213,-0.3488,-1.8496,0.3468,0.9359,6.9318,6.7614
6.924,-0.7732,6.1325,-0.6273,-0.4318,1.2682,-0.8422,8.8924,6.1383
6.928,-3.5535,5.8462,-1.4025,-1.9191,0.5905,-2.5334,12.3705,7.7856
6.932,-4.5424,5.0043,1.3406,2.0949,2.4051,1.0865,15.0374,7.4881
6.936,-5.4413,6.9838,3.1694,2.6227,2.6217,1.7051,15.9889,0.5690
6.940,-7.6724,5.3298,0.6061,1.5356,2.8559,1.0210,22.0675,-0.7086
6.944,-8.6666,6.5341,-0.2725,1.3102,0.6924,1.6661,21.6045,-2.4644
6.948,-8.2987,9.3270,-4.2973,1.1902,4.1123,0.3341,21.4947,-7.4727
6.952,-7.6416,15.2884,-2.4549,-0.5398,4.9923,1.0605,20.6535,-10.3380
6.956,-4.6430,15.9816,-7.4259,0.6035,6.0826,2.7884,20.3957,-12.0801
6.960,-6.9696,14.3103,-6.4061,-1.6088,3.6417,-0.1563,20.5015,-12.8397
6.964,-8.8722,11.4388,-3.3650,0.3702,6.5315,1.8914,20.1751,-15.0294
6.968,-8.4324,13.7876,-4.2651,-0.4333,3.7108,0.5065,21.2019,-15.0472
6.972,-8.7593,14.0550,-4.6162,3.1584,4.5737,0.2758,17.5318,-16.2041
6.976,-8.1600,13.0564,-1.1397,1.2829,4.5604,-0.0841,10.5825,-14.9832
6.980,-7.0855,6.9735,0.8428,3.5813,5.9050,0.7793,9.4403,-12.7672
6.984,-3.1947,5.0183,-2.1988,2.2771,5.1078,-0.6634,8.7746,-8.0742
6.988,1.3307,3.9058,-2.9407,3.7191,4.1671,-5.6725,5.6642,-4.2100
6.992,-0.8624,3.0346,-6.4817,6.9890,2.2909,-5.8978,1.2848,0.3431
6.996,1.3559,-0.6351,-3.7000,4.9640,-0.0512,-5.4817,1.7089,-0.4536
7.000,2.4292,-0.4409,-0.6496,3.0460,-1.0381,-3.9811,-1.6357,5.7216
7.004,2.6126,-5.4081,-0.5941,4.4811,-1.3132,-2.1517,-1.7453,6.9480
7.008,4.3425,-3.2272,-0.9627,2.0787,0.9517,-2.9649,0.8514,4.9816
7.012,1.8078,-2.6046,-1.9796,-0.0385,-2.0546,-6.4172,-3.3122,6.7906
7.016,4.1042,-3.3017,-2.4948,-3.7726,-0.4973,-6.3445,-4.4836,8.2997
7.020,0.9376,-1.1596,-1.9123,-3.9754,0.6572,-7.4346,-0.9351,7.8269
7.024,-1.4341,-1.8890,-1.6557,-2.9882,0.6878,-8.4460,2.2518,6.5587
7.028,0.4523,1.5266,0.5433,-3.6645,0.0526,-8.3723,3.3806,7.0929
7.032,-2.7040,-0.1681,1.5121,-5.7509,3.0409,-13.9624,3.9634,7.3708
7.036,0.6553,0.6603,-0.6988,-1.3279,1.9372,-11.4669,6.4357,4.1232
7.040,-1.1788,1.1826,-5.1496,-2.1736,4.7908,-11.2513,9.5665,4.7673
7.044,-2.0926,2.3174,-7.0230,-1.2183,3.4367,-9.9717,11.5911,4.4986
7.048,-4.8138,7.9132,-5.5883,0.4332,7.4025,-5.2860,13.7425,1.2605
7.052,-1.6540,4.9313,-8.1607,-2.2874,5.4399,-1.3308,12.0670,-0.2241
7.056,-0.6680,8.6358,-9.1336,-4.1429,6.1793,3.1519,13.7484,-0.2581
7.060,1.1438,8.8961,-9.7557,-4.0854,5.9404,4.2645,11.9445,-2.8328
7.064,-1.2393,4.3592,-8.7623,-1.9637,5.6315,8.8276,9.8852,-5.8676
7.068,-1.1461,5.6222,-10.4078,-1.4888,5.2430,5.1575,6.3519,-5.0928
7.072,-2.8608,6.5567,-6.4142,-4.3076,9.7799,6.6140,3.6743,-5.7531
7.076,0.4428,3.8335,-4.5363,-6.1298,8.8834,5.0590,2.0297,-4.6593
7.080,0.5353,1.3188,-4.6248,-6.5009,9.6324,5.1014,0.7327,-3.6951
7.084,0.3601,2.1119,-7.6501,-7.4933,12.5321,5.6303,-2.0829,-5.9484
7.088,-1.5139,0.3391,-8.2535,-3.6191,10.3091,5.3252,-7.9480,-3.3391
7.092,-4.5945,-1.9389,-6.1488,-2.9603,12.5165,4.5848,-7.8726,-0.1790
7.096,-0.9123,-3.6248,-5.4131,-2.2888,12.3943,5.5323,-8.3666,2.9684
7.100,0.0033,-3.8136,-3.4610,-1.9083,9.1710,6.5298,-7.9638,3.1373
7.104,1.6699,-3.6910,-3.1813,-1.1658,8.3137,5.2492,-8.4675,5.7519
7.108,-0.7879,-3.4641,-1.1079,-1.0338,5.0666,3.6371,-10.0724,6.4978
7.112,1.4793,-3.3773,1.6296,-3.1918,7.2000,2.5533,-8.8598,10.2295
7.116,2.3824,-4.9065,3.1824,-4.2943,5.4842,-0.0095,-5.5141,10.1260
7.120,-0.4785,-2.4021,4.3024,-2.3612,7.3947,-4.3624,-4.6588,10.8010
7.124,-0.2235,-5.1465,7.1747,-2.5863,3.3374,-1.7980,-0.4293,12.2013
7.128,-2.2171,-3.4752,3.5967,-3.9202,5.1642,-3.6720,3.4464,9.3429
7.132,-3.7479,-2.7768,3.6267,-4.6068,2.4474,-2.6502,7.1622,10.5397
7.136,-7.0530,-4.0718,1.9238,-5.1553,1.9511,0.9712,10.9887,8.0763
7.140,-7.4861,0.3905,-0.6062,-4.3931,3.3691,-0.8227,15.0789,7.8188
7.144,-9.1544,2.6589,1.8914,-2.7769,2.9357,-1.6089,20.9704,3.5411
7.148,-9.0633,4.2520,1.1834,-4.2443,0.0954,-3.1126,18.3083,1.9575
7.152,-11.4031,5.5887,-0.9622,-4.1846,-0.2181,-1.7691,17.9495,1.6574
7.156,-10.2130,5.0493,-1.7993,-3.4330,-1.8931,1.0095,17.0924,2.0115
7.160,-9.6891,6.3609,-0.8017,-1.1677,0.8454,0.5898,12.1070,0.1951
7.164,-8.2356,2.5691,-1.5467,0.4992,4.1762,3.4393,11.0522,-1.4130
7.168,-5.7910,0.7277,-3.2416,0.1011,4.3051,4.6377,8.4951,-0.6843
7.172,-4.8085,-0.1465,-2.3066,3.0097,4.2639,3.1912,6.6219,-0.7009
7.176,-3.3455,0.5295,-2.6303,0.0892,4.2898,2.5056,2.8799,1.4060
7.180,-3.7336,-2.4969,-6.0337,0.7390,7.5400,5.0870,-2.6455,5.8884
7.184,-1.8949,-3.1028,-7.8518,0.1266,8.0982,8.7797,-5.2620,8.6223
7.188,-0.9355,-2.4576,-6.3434,0.8542,5.2417,5.8621,-9.5610,13.6311
7.192,-0.4104,-3.3863,-8.8999,4.5142,7.5790,5.6050,-11.0553,12.8207
7.196,0.5748,-5.6653,-8.1852,3.3054,4.0449,3.1456,-12.9624,16.1517
7.200,-0.5507,-3.0902,-6.0477,3.5659,2.2124,0.0294,-14.1515,17.3817
7.204,-3.3856,-4.9545,-6.3489,0.1599,-0.7131,-2.6500,-16.9177,17.6590
7.208,-2.6476,-2.8525,-4.8373,-0.8451,-1.0730,-5.1049,-17.4283,18.2082
7.212,-1.5009,-5.5648,-5.8381,0.1154,-3.7133,-8.0757,-16.5179,19.9466
7.216,-0.0312,-7.8286,-4.6453,-3.8579,-4.5066,-10.5537,-14.9933,23.0272
7.220,-0.7562,-6.3805,-3.6753,-8.6656,-4.4243,-13.5578,-9.7365,18.9115
7.224,-0.3862,-6.8709,-3.4490,-9.9189,-5.0406,-14.8926,-10.5801,17.9129
7.228,0.4801,-9.0292,-5.1706,-9.3593,-4.9822,-13.7582,-7.5096,15.2707
7.232,1.3214,-10.3207,-8.1733,-8.1313,-4.8650,-11.8868,0.3533,13.6381
7.236,-2.5714,-7.1751,-10.2614,-11.1326,-2.9663,-10.4942,3.3728,12.8589
7.240,-4.0917,-3.7435,-8.9643,-8.3853,-2.6776,-12.0718,5.3669,8.9044
7.244,-6.5604,-1.6661,-13.2837,-11.8508,-1.6486,-13.7592,4.2491,7.3508
7.248,-5.9415,2.7441,-11.0142,-11.0513,-2.4592,-13.7364,9.7007,3.6853
7.252,-5.5486,3.4171,-9.2784,-13.1981,-1.3348,-11.9630,7.6132,3.4778
7.256,-5.3147,5.2907,-6.0147,-7.7774,2.7892,-6.2026,4.8820,-2.2232
7.260,-5.0358,5.4562,-7.9240,-6.1747,6.3107,-4.4940,5.5412,-2.4472
7.264,-4.4081,7.5284,-7.5049,-3.2270,6.0973,-4.9750,4.7295,-3.7079
7.268,-1.9672,8.3326,-7.1477,-0.4613,7.0848,-2.6704,3.0632,-6.1885
7.272,-3.9101,9.5503,-8.5630,4.2658,9.7870,-0.2774,-0.1986,-8.7124
7.276,-1.3790,6.4562,-7.6903,4.5843,13.1045,0.4815,-3.0208,-8.0489
7.280,0.2193,2.8164,-7.7476,4.2960,13.5239,3.0124,-7.0621,-4.4343
7.284,1.0255,4.5229,-7.9910,6.0972,13.9239,4.7833,-9.2096,-5.6273
7.288,0.9849,3.0629,-5.8719,4.8234,16.0388,1.9271,-11.9326,-4.4444
7.292,1.3342,5.8098,-3.1532,5.6626,12.6820,2.7074,-12.6295,-3.8492
7.296,3.0604,6.2326,-2.5703,6.2998,14.3453,2.9980,-13.9167,1.3500
7.300,0.5031,9.2058,-1.6129,4.1545,11.2776,-0.3646,-15.3423,3.6889
7.304,1.7950,7.7170,0.0411,3.7051,9.7502,-3.4911,-16.2218,7.7957
7.308,0.0554,4.9624,2.8207,5.7855,5.1948,-3.8072,-13.9696,9.8447
7.312,1.7974,1.5097,2.8004,6.8307,2.1376,-7.1062,-14.4050,12.7164
7.316,0.7383,4.0810,0.9386,3.9486,1.1919,-7.0233,-10.8539,14.7454
7.320,-1.3569,-0.8354,2.2191,4.5473,-0.7680,-9.3287,-5.1076,13.5460
7.324,-0.3113,3.3260,0.1040,2.0273,1.4343,-7.1841,-3.3029,13.2266
7.328,0.6080,3.8363,1.2400,2.4547,1.0580,-6.6912,-1.3688,11.6256
7.332,-1.6562,3.8777,-0.1334,-0.4760,0.3748,-8.0062,-0.9687,9.9793
7.336,-3.1451,6.5625,0.1633,-1.9430,-0.3282,-7.2398,0.7053,4.7650
7.340,-5.5175,6.5743,3.4089,-3.1177,0.7910,-7.9432,3.2299,2.0264
7.344,-5.9776,9.3265,2.2604,-8.3709,0.7327,-10.9429,5.1129,0.4184
7.348,-6.9197,10.0924,3.1122,-8.0354,-3.2280,-9.6831,4.6724,-3.5722
7.352,-7.6889,12.5391,1.8677,-6.1827,-0.5919,-7.7008,5.3969,-5.3609
7.356,-7.0025,13.2943,0.9985,-5.9805,-2.1455,-6.1440,5.4840,-7.5060
7.360,-5.7590,10.2688,1.1794,-5.1132,-2.4727,-7.8619,5.1917,-13.2981
7.364,-5.6877,12.1463,-0.6185,-4.3638,-2.4682,-6.9464,7.7869,-13.2441
7.368,-5.6145,4.9868,-2.9968,-1.5369,-0.1824,-4.5007,7.3135,-13.2960
7.372,-2.8384,5.8542,-4.4579,-0.7102,0.2504,-1.0096,3.7937,-12.5575
7.376,-1.4621,6.7215,-4.2833,0.9923,2.4925,1.0534,1.4087,-12.8188
7.380,-0.1071,4.9181,-5.6161,0.1930,5.5593,4.2990,-4.2202,-10.2274
7.384,1.4989,5.4640,-5.3134,-0.2149,6.7137,5.5325,-5.9666,-8.7958
7.388,3.5387,4.4560,-3.5298,3.7793,5.4390,5.0852,-8.4198,-5.6686
7.392,6.2424,2.9335,-2.7762,-1.8572,5.8617,1.6786,-10.6147,-2.4448
7.396,4.0261,3.0939,-3.2786,-3.3500,6.7055,1.3893,-10.0136,0.0364
7.400,4.7945,-1.9332,-1.2504,-2.8639,7.8341,1.0934,-10.6699,4.5092
7.404,2.4471,1.3248,-5.4010,-2.6930,7.5511,-0.9279,-11.8769,3.4044
7.408,5.9729,-4.8097,-4.0717,-1.7944,3.4891,-2.7789,-10.7974,5.9539
7.412,2.9309,-4.0174,-6.1528,-5.7791,3.5486,-2.2056,-8.8598,6.1656
7.416,0.5912,-4.3169,-5.2542,-2.6869,0.8706,-2.3901,-10.2968,4.4234
7.420,-0.3210,-5.1266,-6.3876,-1.3409,-0.7884,-4.2324,-7.6997,5.0643
7.424,0.0346,-4.6798,-6.3877,-0.2033,0.9851,-2.8968,-6.2512,3.7003
7.428,0.4119,-4.3622,-5.9899,-1.1537,-0.0514,-1.1404,-4.8356,2.8239
7.432,-2.4063,-0.4453,-4.1541,-4.3148,-0.0920,-2.9108,-3.5820,1.1548
7.436,-1.0126,3.3920,-0.4371,-1.1718,-0.6790,-8.6438,-2.6493,-0.8184
7.440,-0.6884,3.6601,-0.7326,-2.2490,0.8312,-7.9586,1.1994,-4.6102
7.444,-2.5455,5.6716,2.7300,-1.8931,-0.3263,-9.1354,4.8395,-5.7361
7.448,-3.7586,6.6523,0.2215,-3.9337,-0.6281,-13.4267,14.0383,-9.0180
7.452,-5.2950,5.4021,0.2900,-0.7534,-1.0856,-11.3300,15.3681,-12.5311
7.456,-6.3759,6.2972,1.5022,-2.0485,-1.7099,-11.5475,17.3525,-13.0285
7.460,-9.2304,6.3279,2.1157,-2.1043,-0.4201,-12.1120,16.7339,-8.7387
7.464,-8.9680,8.0083,3.6850,-1.9485,-0.7379,-8.2437,15.5201,-10.7740
7.468,-5.8511,6.6167,1.7407,-1.9111,-1.7356,-4.4717,12.6462,-10.4580
7.472,-1.6997,7.7042,3.4402,-2.1154,-2.1955,1.5340,9.0206,-9.9807
7.476,-4.3084,5.0875,2.9564,-4.1034,-3.0279,2.0003,7.0983,-9.2962
7.480,-1.5580,4.9136,3.4559,-4.5920,-1.4950,4.1542,4.3808,-6.8139
7.484,1.4921,4.5521,5.8389,-5.8787,0.7625,3.4345,5.6987,-4.4098
7.488,2.1297,1.3790,5.9908,-4.4653,0.9804,2.5449,3.8936,0.2618
7.492,3.4775,3.9491,0.7447,-3.5679,1.1197,4.0739,2.8240,-1.5238
7.496,2.5656,4.3836,5.0616,-4.9311,1.2895,0.8203,1.6888,3.5297
7.500,3.5083,3.8815,5.5784,-3.9414,-1.6464,1.0342,1.2170,7.5717
7.504,1.9734,4.0116,3.9293,-6.4813,-3.6697,0.3892,-2.3342,10.1396
7.508,1.2221,2.3858,4.3987,-10.8078,-4.1965,0.7444,-1.1198,12.3581
7.512,-0.6084,0.9719,1.3052,-10.2392,-6.4982,-2.5512,0.4355,13.5754
7.516,-1.1207,1.2680,0.2536,-9.6530,-6.7573,1.6198,-1.0777,15.9607
7.520,-0.9818,3.5090,0.3134,-8.3133,-7.9071,0.2235,2.5922,17.3969
7.524,-0.5593,2.9726,2.0130,-6.4444,-9.3802,-2.0916,6.1985,17.3724
7.528,-6.0293,5.2553,2.1655,-9.0310,-11.7735,0.3202,7.6953,15.7515
7.532,-6.9856,6.1139,1.1685,-6.8842,-10.5722,-1.4727,10.4590,14.2913
7.536,-8.4206,4.8035,1.0002,-7.6273,-9.8890,-4.3165,16.2485,14.5984
7.540,-7.6577,2.5896,0.7989,-5.7169,-10.4586,-4.4891,17.4704,8.0834
7.544,-6.7122,0.6089,-0.3507,-2.3487,-8.9276,-5.8496,17.8419,7.2391
7.548,-7.7577,-0.6864,-0.1389,-3.9872,-7.0675,-5.1839,19.0814,2.9842
7.552,-7.0316,1.2659,-2.3190,-6.3682,-6.1215,-6.8084,18.0056,-3.1115
7.556,-6.8538,0.6096,-1.6443,-6.4947,-6.0073,-2.6478,19.8786,-5.0860
7.560,-7.3670,0.3748,-4.8308,-6.4274,-7.0925,-1.8013,20.2537,-7.8032
7.564,-3.9214,0.9681,-1.7509,-4.7966,-7.8694,-2.6544,21.7463,-7.6568
7.568,-3.8508,0.4659,-3.2062,-4.4890,-5.0358,0.0666,19.9066,-2.2182
7.572,-2.7627,0.9215,-1.9301,-2.4002,-4.0851,1.3002,18.8199,-2.9396
7.576,-3.2247,-0.1809,-1.8044,1.3110,-4.4252,-0.4811,10.4231,-4.0167
7.580,-4.7252,1.7817,-2.5382,0.2178,-3.3969,3.9243,10.8303,-3.5770
7.584,-2.8351,0.0495,-0.7667,2.1420,0.2153,4.1007,6.5582,-2.7867
7.588,-3.0374,-1.5233,-0.5993,4.4860,1.8390,4.9553,0.2146,0.7114
7.592,-0.4839,-2.6678,-1.0637,8.9459,2.3886,6.9734,0.5939,4.6777
7.596,-1.7412,-1.6430,-1.5113,8.1955,5.6110,7.5117,-3.8633,8.2734
7.600,-2.0012,-3.5322,-3.3883,9.1773,5.6516,7.4516,-7.9717,10.3400
7.604,-0.1391,-3.8496,-1.8225,9.7884,4.7763,5.2631,-8.9703,7.0951
7.608,-0.6688,-6.3237,-2.3400,9.8341,4.2155,8.0655,-11.0143,7.7031
7.612,-6.0961,-4.1282,-2.4299,7.1047,4.3296,5.1279,-8.9329,6.3612
7.616,-2.8238,-2.7659,-1.7220,4.0414,2.1735,6.1592,-5.5061,5.3738
7.620,-10.6320,0.9206,0.1410,0.2860,-0.6454,7.6115,-4.0394,2.9990
7.624,-12.0799,1.8001,2.4563,-2.7484,-2.8916,2.7514,-2.2855,5.6390
7.628,-11.9040,3.6693,6.5470,-4.6378,-1.4357,3.3982,2.0164,1.1860
7.632,-12.4637,4.6321,9.4807,-4.6339,-3.4784,2.0677,5.1007,-1.1241
7.636,-14.9283,5.8608,11.3637,-4.8165,-2.1333,-0.7186,6.8383,-4.3544
7.640,-17.0748,5.7881,7.8310,-4.9028,-2.0814,-1.1300,9.7470,-5.6079
7.644,-14.4306,7.1455,9.0115,-8.4106,-3.6473,-2.4742,11.5017,-7.6420
7.648,-15.5057,6.4188,6.6073,-8.5481,-2.1136,-5.0782,13.8737,-10.8226
7.652,-11.4859,7.3393,8.5875,-6.1806,-4.1518,-4.5819,18.0666,-14.5811
7.656,-11.2419,8.7294,10.7370,-6.1876,-3.3258,-4.8912,16.4760,-11.4984
7.660,-8.3933,8.7718,12.7430,-5.8927,-2.4897,-3.7099,15.6073,-7.5398
7.664,-9.6067,8.3451,13.0290,-8.6788,-5.3336,-2.3676,16.3170,-10.5247
7.668,-8.7689,10.3458,11.9894,-5.6595,-7.1751,-5.3305,17.5131,-8.7007
7.672,-7.2415,10.4706,10.8703,-4.5074,-7.6481,-2.9764,16.9559,-9.3033
7.676,-5.3970,14.7927,6.6684,-5.5547,-5.7053,-4.8210,14.2851,-9.9212
7.680,-6.4804,15.4141,6.2159,-7.0523,-4.0718,-4.5216,10.8952,-9.6775
7.684,-6.2366,14.3584,4.3854,-6.3730,-4.5635,-5.7742,7.0277,-8.8949
7.688,-6.0363,9.8016,3.7739,-7.2982,-3.3832,-8.9479,2.2682,-4.2638
7.692,-3.8619,11.7865,1.5287,-5.3806,-3.6255,-7.2766,-0.9421,-0.9197
7.696,-3.3640,7.2894,2.1729,-5.1439,-1.9595,-6.4960,-4.1500,3.9040
7.700,-1.5178,6.6714,0.6744,-0.3730,-3.4438,-5.3863,-9.1257,6.4337
7.704,-0.9321,4.0353,-0.6982,-0.1884,-1.2057,-6.6478,-8.9952,6.3482
7.708,-1.5373,5.5928,1.6590,4.7499,-1.4292,-5.1687,-5.1671,8.9733
7.712,-1.0576,1.8567,0.5904,3.6612,-1.9806,-1.6307,-10.2376,10.5447
7.716,-2.8167,1.4088,1.6502,1.1535,-5.5946,-5.9649,-6.7952,10.4193
7.720,-5.1532,0.3490,5.6100,0.3009,-6.9269,-4.5396,-9.8729,9.4560
7.724,-6.7849,4.5184,6.3506,-2.6311,-8.5036,-3.9143,-7.2189,10.9134
7.728,-9.0319,5.3731,5.1622,-1.3771,-9.7675,-2.9621,-6.2796,7.8086
7.732,-12.7795,4.3765,3.9031,-1.9278,-7.2734,-4.2242,-4.6379,5.0952
7.736,-11.7184,6.1150,3.5032,-6.3440,-9.4034,-5.3689,-2.6781,5.8642
7.740,-14.8326,3.5820,2.9467,-5.3343,-5.1452,-7.1645,2.4605,2.6226
7.744,-16.5243,7.6969,1.7168,-2.0986,-5.2546,-9.5520,6.1148,3.5134
7.748,-16.5455,6.5478,0.6170,-5.2950,-5.9755,-8.4998,6.4331,0.1522
7.752,-16.4747,6.4361,-2.5779,-2.8496,-7.1316,-9.7792,6.3894,-0.6403
7.756,-12.1884,9.8476,-0.9073,0.9664,-4.5264,-4.0502,9.1300,-0.6453
7.760,-9.2984,8.4635,-1.3305,0.2439,-2.3157,-3.6348,9.6026,-4.7666
7.764,-7.8985,9.2325,-0.3645,-0.9563,-5.7233,-2.5496,8.8038,-1.3370
7.768,-6.8516,10.9503,0.9317,-0.5724,-1.5064,-3.6925,5.0403,-2.7708
7.772,-7.1527,9.7418,0.9520,4.2597,-2.8753,-2.3662,3.4946,-2.1219
7.776,-6.0190,7.7678,0.5990,3.7454,-0.2091,-1.4071,2.2221,-1.5957
7.780,-7.4918,5.0573,-1.1963,2.6515,0.2615,0.2301,-2.4262,-3.6713
7.784,-7.1349,6.8399,-2.4507,2.2870,1.3967,1.2734,-5.6910,-4.1533
7.788,-8.1146,3.0311,-4.3204,4.8816,2.4801,4.4084,-10.7785,-5.1602
7.792,-9.5014,1.6916,-3.7953,3.3712,1.7927,4.6477,-13.2461,-1.6615
7.796,-8.8876,-2.5401,-0.9701,0.3204,3.9895,5.9100,-16.0737,2.0766
7.800,-9.7143,-1.2963,-3.0744,1.2160,6.3795,5.5822,-18.7314,3.0728
7.804,-10.5662,-1.4008,-2.1834,1.9825,7.4094,6.8143,-19.1942,5.1685
7.808,-10.7505,1.6326,-5.0117,0.1239,8.2940,5.5163,-17.9365,6.0814
7.812,-9.3959,1.1983,-2.2351,0.2927,10.2998,9.1163,-16.3557,6.9654
7.816,-12.5046,4.0660,-0.1707,-0.4152,10.7809,6.5139,-15.6170,6.2582
7.820,-8.9298,3.1705,0.0955,-3.8203,4.9322,8.9559,-16.5583,5.3840
7.824,-10.0982,2.1838,1.0522,-7.9617,5.2140,11.1079,-13.8574,4.0404
7.828,-11.2143,5.0312,0.8223,-8.5640,1.6209,10.2785,-9.0686,1.1589
7.832,-11.3622,6.9800,2.8030,-6.9257,4.8113,5.2383,-2.9771,1.1019
7.836,-11.1389,5.6993,5.0552,-11.2957,3.3488,5.6223,0.1888,-2.2826
7.840,-9.5999,9.9210,3.7952,-11.6599,4.2217,4.4857,4.3735,-3.9927
7.844,-11.0459,10.2513,5.2043,-12.0486,1.8062,1.4392,6.9423,-4.2512
7.848,-9.2232,11.1526,4.5622,-15.0752,0.8212,1.6407,9.4714,-2.7883
7.852,-5.1025,14.0923,5.3013,-13.9613,4.1318,0.1311,10.3074,-4.3928
7.856,-6.7864,12.5590,5.0586,-10.1594,4.6396,2.7864,12.0838,-5.5282
7.860,-3.5323,11.5877,5.0244,-7.7414,3.8792,1.8695,11.9951,-7.7584
7.864,-4.7158,10.6794,3.9898,-5.5661,3.8397,5.2071,12.7048,-9.9695
7.868,-1.4915,13.9034,5.3911,-3.7323,2.8777,7.6023,13.4008,-6.2951
7.872,4.8677,9.8584,1.4263,-1.4513,1.0150,6.1793,13.8847,-3.9626
7.876,5.4893,5.9681,1.9088,3.1181,0.5413,8.3789,10.9641,-4.9059
7.880,5.7301,6.0146,-2.4998,4.9266,-2.6468,4.5928,4.7396,-4.2376
7.884,4.9873,3.8088,-3.4505,6.5322,-5.4105,6.7553,3.0998,-0.5632
7.888,5.2220,4.9253,-0.1070,8.1698,0.7305,5.6172,-0.3913,3.7919
7.892,4.3171,2.7878,2.0335,5.4652,-0.1518,8.2642,-3.8227,5.2324
7.896,1.8668,4.1504,-1.4113,8.8430,2.8311,13.9862,-2.9876,7.5974
7.900,1.1838,1.1748,-2.9536,8.5377,3.2187,14.0959,-3.0403,8.8664
7.904,-0.7677,1.0269,-2.4146,7.4996,5.9942,15.5913,-4.5918,10.6314
7.908,-2.6439,3.0956,0.2108,7.2986,8.6963,19.3832,-7.5311,10.5393
7.912,-3.2352,1.1159,-0.7870,6.8230,10.7313,21.0944,-8.9383,12.3779
7.916,-6.5654,0.0278,-0.8427,4.0989,10.3277,20.2714,-10.1721,9.7645
7.920,-4.6469,1.5630,-2.0672,3.0037,9.9530,18.6913,-8.8933,8.7582
7.924,-4.6164,4.0570,-3.4892,4.7744,10.5690,15.4628,-5.9246,4.2586
7.928,-5.9157,3.8312,-5.0197,4.3279,9.4027,14.8533,-4.4297,3.4830
7.932,-3.3801,5.2236,-7.2351,2.4997,9.2165,10.9804,-4.0316,1.0906
7.936,-5.1392,6.0886,-2.4001,4.9897,5.2092,9.1365,1.7840,-0.4463
7.940,-3.2468,3.5786,0.3519,3.6479,6.5214,7.2305,6.6564,-1.1802
7.944,-4.1432,4.7725,1.4705,4.9738,3.2341,2.8899,11.4130,-2.6563
7.948,-3.0119,4.4010,0.8032,4.7608,2.0148,2.8792,10.8522,-4.8652
7.952,-4.4973,10.2484,0.2835,0.6657,0.1798,1.6341,14.1959,-6.9670
7.956,-3.1636,9.9600,3.3768,-0.7382,-0.5825,0.2998,11.3298,-9.3484
7.960,-4.1086,10.4137,0.7790,-0.2655,2.6495,-2.9935,9.3813,-10.9896
7.964,-3.1489,10.4304,-0.2842,-4.0176,1.7421,-2.4148,7.6955,-13.4684
7.968,-1.8422,12.6983,-1.4901,-3.7915,1.0393,-1.5945,5.0995,-13.9155
7.972,2.1245,12.3113,0.1155,0.0967,2.3615,-4.1431,4.7929,-14.0873
7.976,-0.0246,12.7446,-1.0899,3.0811,0.7179,-2.0259,2.7860,-14.4568
7.980,3.1588,8.5945,-0.0740,6.7284,0.4292,-2.8967,2.5390,-12.1071
7.984,2.5647,2.9465,2.8185,7.6965,0.6551,-2.8636,-2.1258,-9.1011
7.988,1.2520,4.7625,2.2914,9.3268,2.4782,-5.8407,-4.4868,-9.4757
7.992,2.5232,1.4893,3.2727,8.9988,0.8259,0.0285,-6.3762,-6.3405
7.996,3.3560,1.6111,3.0364,12.4514,3.1543,5.7369,-9.0829,-3.6973
8.000,-0.1020,2.2928,5.3658,9.0739,4.7008,7.0373,-8.4850,1.7752
8.004,-0.0980,5.0400,1.8558,11.4647,2.8267,7.3037,-11.1108,4.8858
8.008,1.6793,6.8957,-0.8419,7.6230,4.4942,8.9545,-11.6193,5.6086
8.012,-0.8461,8.4035,2.3771,5.9780,5.9659,9.6503,-12.2557,4.7755
8.016,0.4852,8.6888,1.9659,6.7204,6.8246,7.6646,-7.2960,7.2358
8.020,-1.4714,6.3887,0.8769,9.6629,6.8071,6.9599,-5.2604,5.4761
8.024,1.4054,4.7106,-0.3470,9.2340,4.3174,8.1422,-1.4319,4.1412
8.028,0.5973,4.6317,-0.4144,10.2766,3.5511,10.8374,2.2198,4.3446
8.032,2.0513,6.0639,-0.2890,9.6058,-0.7366,13.3125,6.0516,1.8327
8.036,2.9722,8.8263,2.2967,9.1840,-3.8872,10.7843,8.0422,2.0860
8.040,3.4612,9.6426,5.3226,11.5128,-5.3860,11.3680,9.3969,-0.4900
8.044,3.0811,10.4678,8.1429,8.4702,-4.4281,9.9752,10.0373,-2.9326
8.048,4.2892,7.7457,8.4680,7.1635,-4.8145,7.8497,10.3062,-4.4117
8.052,4.5814,6.2023,8.4499,6.1468,-7.7261,1.7892,12.5792,-2.9798
8.056,2.3688,8.0139,7.4657,5.3537,-7.5526,1.3473,14.2388,-3.7446
8.060,1.7555,6.9513,5.8731,3.3178,-6.3339,0.1233,11.1738,-0.9458
8.064,2.2025,9.3522,1.2157,0.1616,-7.2653,-2.5568,8.9039,-3.5189
8.068,-0.8539,6.8516,2.9084,-2.3138,-8.1959,-2.0945,12.6989,-3.2243
8.072,0.9003,5.4338,2.9370,-0.2461,-10.0241,-5.1774,8.7134,-1.4592
8.076,-0.0339,-0.7255,0.5186,-0.4716,-9.2330,-7.5906,10.1056,1.8047
8.080,3.7724,-0.2725,-3.0449,0.0556,-7.3086,-6.5072,5.3265,0.9582
8.084,2.2145,-1.0410,-1.1892,-0.8108,-6.4861,-4.6170,1.9181,4.3459
8.088,3.6185,-4.0635,-3.7989,1.8621,-6.2697,-6.0831,-2.8121,5.8121
8.092,1.9235,-8.0265,-3.9793,1.5601,-3.3824,-6.3845,-5.4278,7.7139
8.096,2.6649,-8.0284,-3.4856,5.4627,-1.4687,-3.0792,-9.5989,10.6769
8.100,3.6760,-8.6057,-4.0510,6.8726,-1.5180,-0.2503,-10.4882,9.3717
8.104,-0.0708,-7.8100,-8.1596,5.0421,0.7723,3.0182,-11.8254,9.9547
8.108,-0.0861,-7.2559,-8.3653,4.1389,3.2656,0.2575,-14.7494,9.4865
8.112,-1.9308,-4.8204,-7.9865,3.8862,8.5201,1.5806,-12.6032,8.7322
8.116,-4.7120,-4.6212,-9.4463,0.2870,6.8987,4.4502,-12.0157,7.8047
8.120,-5.6608,-3.9305,-9.3120,-0.7363,7.1987,7.0792,-10.1418,6.1130
8.124,-5.4388,-4.8227,-6.8360,-4.7714,6.6661,2.9672,-10.6687,6.4595
8.128,-2.6992,-5.0862,-5.1362,-6.8439,3.9130,4.2126,-5.0860,2.2955
8.132,-4.0463,0.2471,-5.3697,-7.6279,2.8310,2.1124,-8.0875,1.1158
8.136,-5.1600,0.5815,-4.9949,-7.2152,2.5822,0.4521,-3.3822,-1.4162
8.140,-4.2647,0.7695,-3.8853,-8.5909,-0.2436,-2.1960,0.3916,-3.9268
8.144,-2.3096,-0.7394,-3.3717,-8.0066,0.4383,-4.4916,1.9539,-3.5725
8.148,-2.8703,-2.0635,-0.8822,-6.1117,-2.7135,-6.8361,3.1396,-4.5496
8.152,-1.3494,-2.5445,-0.2668,-5.4407,-6.0979,-5.9094,6.7681,-7.3308
8.156,-1.9908,2.3988,3.3443,-5.1308,-5.3360,-7.1828,5.0510,-8.0119
8.160,0.2745,3.0583,3.2901,-2.9858,-3.2927,-9.2280,6.2017,-9.2763
8.164,-0.5974,7.3232,4.3433,-0.0493,-3.4166,-8.3519,5.1748,-11.2736
8.168,2.4859,7.1937,4.8274,-3.0076,-3.5223,-8.7752,4.3123,-10.8422
8.172,3.9448,0.7914,5.4707,-4.0633,-6.5436,-9.0386,1.3502,-10.9808
8.176,4.6795,-1.7244,5.8788,-4.6921,-9.0948,-10.3651,-0.7889,-10.1910
8.180,6.5589,-2.9121,7.3249,-3.0611,-7.2882,-9.3778,-3.4161,-5.7730
8.184,5.2692,-3.1937,6.9173,-0.4411,-7.0674,-10.6424,-4.8398,-4.7071
8.188,3.7566,-4.3010,4.2586,3.1988,-8.2819,-9.0433,-9.7145,-2.7275
8.192,3.1386,-4.7366,5.9503,2.7439,-6.6307,-5.0813,-13.4257,1.6651
8.196,0.1266,-3.7106,0.7429,5.7841,-5.1338,-3.9814,-15.2853,4.4480
8.200,0.3591,-3.9156,0.3247,5.9103,-3.5118,-2.8095,-12.4307,3.4550
8.204,1.9597,-4.0984,-2.9490,3.3039,-1.2904,-3.9160,-16.4092,3.1927
8.208,2.6452,-2.7958,-2.7865,6.5707,2.8348,0.2634,-18.1255,8.4494
8.212,1.0661,-3.6371,-2.8194,6.1417,1.1676,1.5065,-13.6549,8.0893
8.216,-1.4621,-3.7937,-5.9039,4.2731,0.5448,3.2374,-11.8966,5.8396
8.220,-1.8401,-5.5429,-4.0164,4.8003,5.1965,5.7773,-10.7158,4.9981
8.224,-2.6932,-0.5950,-5.9411,3.8450,3.9859,7.2906,-7.4602,3.3419
8.228,-2.2907,1.1804,-5.8780,1.5298,3.1817,8.5477,-5.4188,1.4758
8.232,0.1075,3.5347,-5.0856,0.0957,2.8828,12.3383,-3.5183,1.4539
8.236,-0.1823,1.1561,-2.5403,-2.1814,3.7044,11.4027,-0.4710,-1.2887
8.240,1.3627,1.2836,-4.3798,-4.7803,0.8238,10.9234,7.5229,-5.7299
8.244,-1.4818,3.2528,-5.2511,-3.8122,3.7464,10.6292,7.7215,-7.5926
8.248,-1.2580,5.9678,-5.7979,-6.5207,0.1615,8.4475,8.7077,-10.8778
8.252,-0.4393,5.0926,-4.1383,-6.2437,-0.5256,3.9477,9.0779,-14.7776
8.256,1.7846,5.2372,-0.2739,-4.7908,-2.2808,2.2166,8.4819,-14.8844
8.260,0.4650,3.3750,2.6759,-6.3213,-3.8058,-1.1765,7.5554,-14.9027
8.264,0.5960,5.7622,1.0269,-5.8671,0.1983,-2.3804,4.9917,-15.9441
8.268,1.1799,6.0394,3.3148,-7.7166,-7.0682,-4.0528,3.2823,-15.1277
8.272,-3.6209,3.1282,3.4609,-7.5794,-6.2281,-1.1284,-0.2541,-15.8113
8.276,-3.9327,-0.5654,0.9403,-4.9396,-5.8420,-2.2850,-2.0318,-16.5306
8.280,-5.7805,-0.1869,1.3757,-3.8640,-6.0628,-2.5392,-2.5420,-9.3530
8.284,-5.7525,-1.6361,-3.3990,-4.3759,-8.4849,-2.2949,-1.8621,-12.5220
8.288,-6.1231,0.4888,-3.5187,-4.0687,-7.2559,-2.7838,-4.7136,-7.0411
8.292,-7.8821,-1.0824,-6.9857,-1.9375,-9.6583,-2.5448,-6.8657,-4.0129
8.296,-5.0211,-1.1794,-8.4093,-4.2106,-7.3977,-0.5826,-11.6972,-2.4849
8.300,-4.6145,-3.3783,-9.1605,-2.2841,-7.0043,-0.3625,-16.4679,1.4551
8.304,-4.3295,-3.5234,-10.9117,-1.8248,-7.6548,2.6026,-15.4065,5.1292
8.308,-6.3418,-3.2346,-9.6091,-1.0604,-7.0777,0.7473,-17.8201,4.5254
8.312,-7.6783,-0.3990,-9.4315,1.9256,-7.3067,4.5622,-15.1601,2.4969
8.316,-7.3886,2.2071,-9.9179,-0.8197,-2.6767,6.4748,-13.4323,1.4111
8.320,-8.7826,0.2921,-9.4859,-2.5783,-1.8409,7.3069,-12.1336,0.2588
8.324,-8.5830,0.9943,-8.0140,-0.2291,1.4935,8.6206,-11.2508,3.9051
8.328,-7.7885,1.7110,-4.9266,-0.5159,0.6055,9.5955,-7.5817,0.3586
8.332,-7.0323,-0.1372,-8.6520,2.5352,-0.5071,10.9674,-5.6687,-0.9807
8.336,-6.6496,4.1127,-7.7709,-1.6014,-0.0455,8.8011,-3.5840,-3.4506
8.340,-4.2960,7.6439,-6.7965,0.3540,-1.8579,8.9321,2.4124,-3.1383
8.344,-0.3518,7.4067,-1.7138,-4.7131,-3.4907,6.7165,5.0700,-7.0385
8.348,-1.2807,7.2672,0.7806,-4.3227,-3.6940,1.9293,5.3655,-9.8144
8.352,-1.7054,8.5680,-0.3354,-5.0590,-5.3269,3.0260,4.9727,-12.7554
8.356,1.2506,10.9639,1.7459,-3.9064,-7.4646,-0.3045,7.8368,-12.4408
8.360,4.4522,10.4967,3.0386,-3.0951,-7.7088,1.2835,5.0863,-12.5443
8.364,3.8844,10.9585,3.8652,-0.9582,-4.5730,0.8856,3.7903,-12.5569
8.368,3.7941,9.2613,3.5046,-1.4450,-9.3146,-0.2499,1.9476,-11.1342
8.372,4.4130,8.6724,5.6465,0.8053,-9.7633,1.6129,2.2502,-14.0290
8.376,4.4325,6.2176,5.4171,1.2276,-13.3786,3.2230,0.0279,-12.0149
8.380,3.0060,3.9370,3.9990,6.0008,-14.3205,1.7279,0.4301,-9.1488
8.384,4.4082,2.9053,3.5471,8.0228,-15.0007,1.7731,-1.9563,-6.7368
8.388,2.1522,0.7365,1.9384,7.1292,-14.7629,1.4077,-6.6751,-4.5401
8.392,0.9939,-0.7945,0.0418,9.7672,-12.7973,1.5311,-8.0778,-1.7418
8.396,-0.4832,-1.7814,-2.2353,10.1791,-14.9743,-0.0056,-10.6671,1.2401
8.400,-1.0991,-2.3986,-4.3632,9.7262,-15.3153,-2.1458,-11.4609,2.1323
8.404,1.0402,-4.0071,-3.7382,6.1440,-14.3762,-0.8837,-13.0874,2.4961
8.408,2.2216,-4.3411,-4.4024,6.5558,-15.7808,-0.7896,-12.4189,4.6146
8.412,2.9120,-3.3129,-0.5404,8.5856,-12.4517,2.9456,-12.3953,4.6436
8.416,2.9852,-3.7086,-1.6604,7.3764,-9.7555,6.8997,-8.2675,5.2554
8.420,2.6796,0.0572,-4.6303,6.0122,-7.7055,3.7527,-5.4503,6.3393
8.424,1.0982,-0.3643,-2.6910,6.6747,-4.0029,4.2102,-2.2831,4.2737
8.428,0.2730,1.3311,-1.5710,6.4625,-0.3853,6.9792,3.6567,1.5078
8.432,-1.3341,1.2530,-5.8197,3.3119,1.7277,7.9744,6.1338,4.3280
8.436,0.5918,3.5700,-5.4168,0.9603,1.5011,8.6530,6.2573,-0.1714
8.440,0.4289,6.0227,-7.0256,1.6716,2.0956,6.8213,9.2600,-6.6567
8.444,1.2208,5.7217,-6.1942,2.2579,1.7476,5.4356,14.0650,-10.1857
8.448,0.5268,6.5211,-3.1764,1.2477,-0.4773,5.1444,12.6650,-11.0087
8.452,1.7534,5.1956,-3.1392,0.7153,-0.3876,5.5870,12.6246,-13.0719
8.456,2.1952,5.0466,-1.1669,-1.9312,1.8591,2.5943,13.8962,-16.6135
8.460,4.1613,3.9142,-2.9486,-4.5151,-0.5030,-0.4369,14.4934,-15.0207
8.464,4.7190,0.8669,-1.1811,-4.3760,-0.7382,1.4174,13.0274,-15.2289
8.468,6.4787,0.5506,-2.0209,-1.1475,-2.2909,-0.6526,9.4580,-14.5493
8.472,7.5048,3.1528,-0.4617,-3.4187,-5.1675,-1.4551,8.6763,-12.3701
8.476,8.5601,1.8713,1.7933,-2.8664,-5.4362,-0.3670,6.7493,-10.4167
8.480,6.4146,3.6493,2.4383,-4.7237,-4.2816,-0.7835,3.6755,-8.3622
8.484,8.5204,2.7261,2.5876,0.2484,-2.4356,-5.7327,0.0163,-6.3255
8.488,4.8783,-0.7011,2.8156,-0.2647,-4.2968,-6.9141,-2.6534,-3.8935
8.492,3.3499,-1.0306,3.0780,1.5714,-6.5701,-5.9987,-7.6946,-1.1973
8.496,1.1900,-1.4014,2.4362,-0.1454,-7.6317,-6.2104,-8.6009,1.2517
8.500,-0.7685,3.0154,5.2816,1.3525,-5.6175,-6.8653,-9.1966,4.2568
8.504,-1.6549,1.9771,5.6769,-1.5523,-7.6655,-5.3332,-9.3919,5.6915
8.508,-0.4988,1.8861,3.8658,1.3761,-10.5008,-2.8752,-11.0594,2.4186
8.512,-0.3936,1.0188,4.8591,2.0707,-8.2848,0.5930,-7.4324,1.6569
8.516,2.9502,6.2383,5.5822,3.8316,-6.2860,3.6368,-7.3453,2.1865
8.520,2.8660,5.7965,3.7552,0.2055,-3.0885,6.2458,-3.5021,-0.8822
8.524,2.6210,6.6724,2.8641,1.2084,-2.3913,9.2545,-2.6736,0.1529
8.528,6.3710,8.5155,1.3317,-1.6057,-2.1901,12.5637,0.0946,0.5454
8.532,7.8809,10.1192,-1.0898,2.0654,-0.8974,11.6300,2.7445,-0.1192
8.536,7.2422,11.7964,-0.4516,0.2061,-1.6397,11.9595,6.5901,1.7835
8.540,4.9564,9.6457,-3.9098,2.8014,-1.2089,15.4099,12.5898,-3.5343
8.544,3.8988,5.7980,-2.9339,1.8324,-1.7619,17.2472,16.8020,-6.2907
8.548,7.4018,10.5673,-2.7021,1.9541,0.0215,17.5902,18.6270,-6.6112
8.552,5.6886,7.8080,0.2337,2.1157,-3.3660,16.2244,16.6769,-10.8143
8.556,8.2028,9.5697,-0.3827,-0.3142,-2.0258,15.7860,19.3066,-13.1128
8.560,9.8633,9.5307,-1.8776,-0.7981,-4.8537,15.6512,21.7965,-14.3717
8.564,11.6499,11.2541,1.4109,-0.3590,-6.7558,14.0068,20.9792,-11.9484
8.568,10.4434,9.8781,2.8699,-0.9997,-4.3773,14.1700,17.9675,-10.8977
8.572,9.3344,4.9550,0.9640,-0.2615,-5.6117,10.4890,15.2631,-10.5015
8.576,10.7537,5.6757,2.5156,1.2340,-6.0093,7.9290,9.7477,-9.4403
8.580,7.1901,3.7821,3.5014,1.4600,-3.6724,7.8409,7.2832,-7.0332
8.584,7.8748,6.8074,0.7232,1.7494,-4.8814,5.0753,2.5772,-7.5557
8.588,6.1975,6.1894,0.3822,3.4501,-2.5732,6.7091,-1.2495,-5.6990
8.592,4.2341,6.8393,-3.9573,2.4247,-1.9128,5.7348,-1.9256,-5.8210
8.596,2.5472,5.3918,-2.6652,3.0232,-3.8025,3.0669,-6.4114,-3.0455
8.600,-0.9243,2.3984,-3.3968,3.9712,-5.3313,0.5275,-5.7502,-4.2077
8.604,-3.4014,1.7522,-3.1464,3.3508,-7.4741,4.4975,-3.9866,-0.6673
8.608,-2.9284,-2.4440,-0.8555,3.7900,-4.8774,5.6055,-8.0312,2.5794
8.612,-2.7866,-4.4896,-0.6334,3.6542,-2.5516,4.8398,-5.9194,1.6276
8.616,-2.0793,-8.1257,-4.8873,6.6269,-4.5719,6.1894,-6.4455,0.2450
8.620,0.4531,-8.3650,-7.0666,5.9047,-4.8412,9.4949,-3.5226,0.0211
8.624,3.6378,-8.7158,-5.6781,2.6786,-7.1127,8.7195,-2.4474,-4.6831
8.628,3.0968,-5.3370,-6.5594,-0.1420,-4.1547,11.1162,-0.9682,-5.3787
8.632,2.2625,-4.3034,-6.3594,1.9803,-3.8483,13.1680,1.7749,-4.5692
8.636,2.0868,-4.9144,-2.8775,-0.3491,0.1745,12.8068,6.1789,-4.5588
8.640,-0.6726,-3.9177,0.4670,-3.1020,-0.7942,13.3001,10.9567,-6.5678
8.644,-2.4994,-3.4437,0.5491,-2.0515,2.0349,12.2465,14.4522,-11.3110
8.648,-1.5322,-4.1319,1.6807,-1.2259,3.8649,11.1564,16.2164,-15.5485
8.652,-0.7627,-3.9716,1.7913,-1.3475,3.8140,10.8883,17.8099,-19.8471
8.656,-1.4566,-7.2163,1.6734,1.1387,4.9887,11.2286,15.3886,-19.7626
8.660,-2.5565,-5.2985,-0.2308,2.6084,2.2105,12.9490,16.8655,-20.1186
8.664,-0.7223,-7.7267,1.9087,-2.5448,-0.1000,11.0918,15.0574,-18.7274
8.668,0.6724,-7.8522,-0.0211,-4.0231,-1.5119,12.1106,14.9706,-15.9638
8.672,0.2472,-5.3916,2.0051,-4.5370,-1.8987,10.3915,10.3499,-15.5945
8.676,2.2902,-5.0141,4.9611,-5.8806,-3.5835,6.0225,9.0338,-12.4914
8.680,3.9308,-4.2519,3.8959,-7.0786,-4.2311,5.2453,9.3629,-9.5472
8.684,3.9743,-8.6254,6.5561,-2.8280,-6.0082,3.1126,4.5737,-9.8833
8.688,1.0122,-10.9319,5.5134,-4.1419,-4.7966,1.2540,3.1533,-4.1915
8.692,-0.1873,-6.4987,5.2909,-5.8178,-6.3563,1.5755,-1.3864,-0.8141
8.696,-4.8697,-8.7229,7.2048,-5.0176,-10.4372,2.1691,-6.2591,3.1838
8.700,-6.4473,-4.0360,5.2548,-0.7710,-10.2401,0.7483,-6.1777,4.5181
8.704,-5.6886,-0.5194,3.0436,1.3746,-10.2484,3.5306,-5.9907,6.1665
8.708,-8.5746,-2.0795,1.5174,0.1736,-10.0481,5.0783,-8.3711,7.1486
8.712,-4.5106,-2.5639,2.3908,2.9405,-9.7575,4.9748,-6.4225,10.3622
8.716,-2.1709,-3.8068,1.6429,3.6980,-7.7657,5.9643,-8.8505,11.5789
8.720,-0.8151,-3.9206,-0.8313,1.6531,-7.1686,8.2652,-8.7145,11.3540
8.724,-0.3695,-1.6101,1.8467,1.8953,-4.4220,9.7821,-4.2854,9.6793
8.728,-0.3875,-3.5668,2.0950,4.1564,-2.2302,10.3604,-2.9751,4.5629
8.732,2.8304,-3.4478,3.9526,-0.4938,0.6451,10.1088,-0.3562,4.1306
8.736,2.2451,-0.5409,2.7401,-2.6368,0.6591,11.1638,2.0285,4.8878
8.740,1.9177,5.3328,3.9528,-4.3042,-0.5109,12.2890,2.9675,1.0343
8.744,2.0058,5.8789,1.2748,-5.4685,0.0089,9.5078,7.1076,-0.5285
8.748,3.6749,6.4920,-0.8463,-2.8109,-0.3987,8.1605,10.6467,-6.2157
8.752,2.6841,8.6568,4.0240,-3.1103,-2.9731,7.4867,13.5604,-5.6383
8.756,2.8385,8.5639,1.6840,-4.8937,-3.5696,8.0665,14.6923,-7.9313
8.760,-0.0366,8.0373,4.3913,-2.9057,-1.9290,5.4593,12.7532,-7.8988
8.764,0.8478,7.4727,4.4438,-3.4439,-2.1291,8.1654,12.7490,-6.6840
8.768,-0.1119,5.5656,5.0854,-6.4872,-0.0827,5.3414,12.2459,-6.6679
8.772,-0.2136,5.4055,3.5311,-4.2771,1.2269,4.9059,13.5137,-1.6527
8.776,1.2659,5.4573,6.3735,-3.8165,-1.2069,4.0843,14.4281,2.4103
8.780,0.2249,3.1609,8.2877,-2.9181,-0.2252,3.4745,9.6454,2.3579
8.784,-0.7585,3.4373,7.4178,-3.6713,2.0256,2.5615,3.0692,5.8727
8.788,-1.2249,0.6954,9.7640,-2.4972,-0.8138,0.5124,0.3792,5.7608
8.792,-1.6463,1.2212,8.4168,-0.5964,0.4486,-5.7617,-0.9153,9.8806
8.796,-2.9737,-2.0256,6.8225,3.0705,0.7004,-5.7214,-1.9468,8.3451
8.800,-4.2223,-3.6947,0.6774,6.0379,-3.3265,-5.4047,-5.2694,9.7318
8.804,-2.2416,-2.8152,4.1836,9.1735,-5.5367,-4.8168,-6.3431,9.6337
8.808,-3.5159,-1.0216,1.2391,8.6179,-4.6090,-4.1012,-6.9437,11.9084
8.812,-1.5177,-4.6741,-0.5954,7.4028,-4.9506,-5.6167,-9.2321,12.1063
8.816,-2.7451,-1.6259,0.8079,10.8127,-3.2423,-3.9361,-7.7904,12.8549
8.820,-2.7748,-1.4836,-0.6167,7.1998,-1.9081,-5.8574,-7.0384,9.8131
8.824,-4.4830,-1.3962,-0.3220,7.4253,0.8367,-4.5925,-7.4934,10.6578
8.828,-2.3713,0.8243,-0.5076,9.6804,3.2341,-3.5601,-0.3856,7.3532
8.832,-1.4645,4.5633,-1.5359,9.2308,3.0006,-2.6970,0.1638,4.8874
8.836,-2.1304,7.7031,-4.0589,8.6760,4.2537,-1.9796,0.4016,2.3280
8.840,0.7097,8.1851,-1.4355,7.3764,6.9960,-0.2913,3.6256,0.0747
8.844,-0.5319,5.8460,-2.3120,5.6543,6.9961,3.4857,6.4597,-2.7603
8.848,-0.2292,1.5543,-3.0139,8.5378,8.8288,6.7798,7.0151,-3.9039
8.852,1.7470,4.2427,-2.3236,7.1609,8.1832,6.1090,6.2709,-4.2535
8.856,-0.4463,3.5733,-2.1741,7.6481,6.2605,9.7909,5.5268,-1.3539
8.860,-1.1556,2.2251,-0.7241,8.2450,2.9026,11.8637,5.3197,-2.2094
8.864,-0.0303,0.8257,3.8331,5.9053,3.5319,14.6384,3.7700,-3.7336
8.868,1.3213,0.1442,5.0693,7.3847,3.9280,9.4127,3.8105,-1.6084
8.872,1.5936,-0.0039,3.7042,6.5869,3.8631,8.1769,1.0496,-1.1425
8.876,4.2547,0.2372,6.0081,8.4079,4.4635,4.0019,-3.2253,2.1922
8.880,1.9534,0.4024,4.9184,8.0142,0.5991,1.9307,-6.0348,3.1559
8.884,1.1059,-0.1955,3.1342,7.7009,0.0827,-0.8999,-10.3867,4.4738
8.888,-1.5415,2.5983,2.4024,9.4366,-0.9514,1.7254,-15.2894,7.9599
8.892,1.7258,-0.3506,3.8313,6.9124,-2.7208,-0.0452,-16.5137,7.8344
8.896,0.4777,-0.5366,3.7706,7.5328,-3.6335,-2.6365,-13.9544,9.8678
8.900,-1.9008,-4.2509,5.1185,8.3527,-6.0478,-0.6947,-11.0794,7.8967
8.904,1.4773,-4.4368,1.9769,9.5016,-8.4501,-3.8502,-10.9806,9.9777
8.908,-1.4624,-3.5557,1.6711,8.6114,-7.5178,-3.6970,-9.3993,12.1281
8.912,-2.8635,-0.9753,4.1413,10.2445,-6.2664,-4.4194,-10.0545,10.7987
8.916,-2.2382,-0.5921,3.9459,10.6743,-4.3972,-5.5311,-7.8971,10.7788
8.920,0.0211,0.6536,5.0760,10.9777,-4.9999,-5.7916,-5.2008,7.7905
8.924,-1.4124,0.3394,5.5762,12.8560,-2.4999,-4.2029,-2.3538,8.8722
8.928,-4.5366,-0.6895,5.5695,10.9921,-1.3137,-3.9713,2.4930,8.2633
8.932,-1.2459,2.0509,4.4408,9.5981,1.2605,-3.7292,6.3065,5.3899
8.936,-1.1719,3.5328,3.4639,11.3204,3.1406,-1.3674,5.6481,4.1491
8.940,1.4559,4.6917,0.1453,11.3832,6.6060,2.0181,8.6117,-0.2815
8.944,-1.4124,5.4994,-1.3911,9.8882,6.7361,0.2970,9.5648,-2.6264
8.948,-0.6318,5.2406,-1.2340,8.0442,4.7783,5.0069,13.6086,-7.2452
8.952,0.6497,5.7609,-2.9062,6.5395,7.2779,5.5534,14.5597,-11.6516
8.956,2.6879,8.9143,-3.2437,5.6655,6.7125,7.0239,13.7426,-12.2456
8.960,0.3153,8.4454,-1.6769,2.5915,9.9157,6.7815,13.6993,-9.3386
8.964,0.7148,9.7449,-2.8816,1.7271,7.9142,7.7736,15.8327,-11.6176
8.968,-0.3652,12.4011,-0.8697,2.7279,9.7110,8.4905,12.9610,-8.9264
8.972,-5.0687,10.3719,0.0484,3.1078,9.0132,5.8852,12.3382,-8.2009
8.976,-6.6562,8.2312,-1.9031,4.5867,6.8600,4.3962,8.4540,-9.4210
8.980,-7.1588,10.8203,-0.7411,4.0972,7.7489,2.4066,6.6805,-3.9326
8.984,-9.6474,8.6904,0.2379,2.5998,5.7988,-1.1755,3.0070,-1.9621
8.988,-7.8315,5.1175,-2.8977,5.9505,9.0883,0.1007,-1.6670,-0.3173
8.992,-6.3425,3.4989,-3.7284,5.8789,5.6213,-1.8244,-4.5237,1.1268
8.996,-6.6877,-0.2560,-1.6263,7.0431,5.0307,-2.4140,-5.4128,2.3122
9.000,-8.9367,-1.9634,1.1672,9.9695,-0.3656,0.1175,-3.7034,2.2423
9.004,-12.5092,1.1966,0.7192,10.2929,-1.1907,-1.5721,-6.2865,5.1431
9.008,-9.2000,1.0518,-0.5291,7.6430,-4.6108,-2.4160,-3.2673,3.2584
9.012,-7.6474,0.5100,1.6243,7.7720,-6.2673,-4.5831,-1.6360,3.3922
9.016,-6.4670,-2.2188,1.3877,6.7842,-5.2342,-6.5551,-3.3623,4.9746
9.020,-6.5423,-1.1233,-1.8935,4.4292,-5.6657,-6.3068,-2.7723,3.0304
9.024,-4.4316,-3.1410,-1.4578,6.8185,-7.4544,-3.0142,-2.2338,3.2125
9.028,-5.8470,-0.0748,-1.1406,4.1015,-6.5453,-3.4118,-4.2054,0.3016
9.032,-4.9966,1.0910,-4.5844,6.9534,-6.8203,-3.8714,-1.3488,-1.3861
9.036,-6.1836,1.5018,-5.2130,5.3337,-3.3320,-3.5583,1.0698,-3.8393
9.040,-1.7580,3.6481,-6.0655,4.0868,-6.3966,1.6043,3.5688,-5.0312
9.044,-1.5332,4.1601,-6.9166,1.5329,-3.3701,2.3638,7.7586,-6.5347
9.048,-0.3727,-0.5996,-5.4189,0.2274,-4.7228,6.2970,10.3008,-6.7882
9.052,3.0590,1.5294,-2.5236,-3.2474,-3.5686,6.2990,10.8216,-12.2151
9.056,3.7078,5.0625,-4.9762,-0.3117,-2.7859,6.8228,10.1876,-12.3837
9.060,0.7504,5.5139,-3.6076,-3.3036,-1.9796,7.8654,10.7278,-11.4943
9.064,-1.6987,5.6130,-3.0487,-2.4487,0.6952,5.2243,7.5471,-8.9682
9.068,1.9760,6.2887,-1.5397,-5.1929,0.3844,6.6435,7.8034,-10.7733
9.072,-1.3397,5.7303,-2.9953,-5.9593,-2.2804,9.9163,5.8853,-8.1008
9.076,-5.1402,1.5375,1.3462,-9.2540,1.0539,4.7495,2.4783,-5.1013
9.080,-3.2887,-2.1549,3.4299,-8.7346,1.3130,4.1063,-0.4020,-8.6973
9.084,-4.4918,-4.9064,1.3745,-8.1937,0.3200,4.1439,-3.6467,-4.4328
9.088,-3.5966,-3.3826,1.3044,-8.5951,2.9090,3.1305,-6.6674,-2.2016
9.092,-4.5998,-0.5653,4.7638,-7.1203,-0.2083,2.7586,-7.8102,0.6510
9.096,-2.1850,-2.0917,7.1880,-6.4985,0.0802,6.5179,-10.3129,3.8892
9.100,-2.9128,-2.9867,7.8720,-6.2923,-2.1040,1.4787,-13.9047,5.5239
9.104,-1.4644,-3.9995,7.2067,-2.4068,-2.9632,0.3197,-13.4784,6.6371
9.108,2.0738,-2.7996,4.3619,-1.0819,-5.4084,-2.6181,-16.0068,7.7102
9.112,4.4823,-1.0540,4.9462,-2.0515,-5.4005,-6.6512,-16.3779,12.7232
9.116,2.4737,-2.0856,0.3429,1.8755,-6.3344,-5.6145,-15.2263,9.8534
9.120,3.2461,2.5087,-1.2677,-0.5221,-6.3097,-8.7273,-11.5078,8.4596
9.124,4.9908,6.9495,-1.7709,-3.0946,-9.7071,-9.8783,-9.9614,8.1251
9.128,4.2349,5.4837,-0.9516,-0.2944,-8.9169,-10.9004,-5.2359,5.9125
9.132,3.2390,6.0302,-2.7830,-3.2181,-7.0779,-9.5063,-0.6873,1.9692
9.136,5.6240,7.7968,-4.8835,1.9275,-3.9893,-8.6580,4.5012,-1.8927
9.140,6.2087,9.4306,-5.3258,0.1810,-1.1268,-8.7543,11.1275,-2.1482
9.144,9.6875,9.3450,-4.5937,0.6092,-1.6077,-8.2821,13.5291,-8.6426
9.148,7.7948,9.1286,-7.1983,0.1014,-0.9666,-5.9736,12.2372,-8.6557
9.152,7.3102,8.2356,-4.5801,0.5318,1.1414,-4.7149,17.4435,-9.5239
9.156,5.2676,10.4226,-8.5120,3.2801,3.0984,-2.7593,18.9410,-5.7099
9.160,5.4025,9.5007,-9.5644,-0.1207,3.7067,-5.8564,17.1295,-7.0940
9.164,2.8312,8.2245,-10.0669,-0.2818,2.7871,-4.4330,15.3293,-5.4479
9.168,0.0976,8.2134,-11.0294,1.7380,2.3432,-4.2295,16.2248,-1.6183
9.172,-2.9479,9.5481,-13.1327,-1.6808,4.4957,-2.9859,15.6696,-1.1429
9.176,-1.6398,7.0582,-10.8830,0.8818,1.8017,-3.3649,10.5060,0.8976
9.180,-4.9131,5.3143,-13.7303,0.8662,1.7524,-1.8883,6.5623,1.5698
9.184,-2.7625,0.1678,-9.6870,-2.4833,3.6428,-2.5838,3.9186,3.1327
9.188,-2.9427,-1.7995,-8.7711,-4.9513,0.2107,-2.2626,1.9284,4.0466
9.192,-2.7128,-3.2461,-7.6151,-7.4776,0.3495,-5.2516,0.0684,6.5302
9.196,-4.3882,-1.0432,-2.3521,-3.6563,-1.0084,-4.1292,-3.5666,7.7485
9.200,-2.5057,-3.9086,-3.3587,-2.1435,-1.6854,-8.6989,-9.2987,8.3343
9.204,-2.2465,-6.0660,0.5707,0.4630,-2.2322,-9.9606,-9.7008,7.4805
9.208,0.4110,-7.0521,2.1115,1.0004,-3.1781,-9.4577,-9.6943,8.0332
9.212,3.2493,-3.9255,1.1813,-2.7008,-6.4270,-12.6511,-9.6854,9.8833
9.216,5.7338,-4.9247,-0.3304,-0.6546,-11.6343,-12.6091,-8.5306,10.1851
9.220,7.5412,-2.9164,1.0918,0.7719,-11.5209,-11.0170,-6.9695,10.3261
9.224,8.5039,-1.5757,-0.7026,-0.5324,-12.0199,-14.3923,-6.7146,6.1711
9.228,9.4277,-1.6216,-1.0371,-1.4785,-12.3468,-13.5059,-3.1708,2.3484
9.232,12.5586,-2.0429,-1.2853,-6.2855,-12.2885,-7.3452,1.2416,-2.6450
9.236,11.4902,-3.9732,-3.0977,-7.8479,-10.4341,-8.5714,7.4478,-5.6578
9.240,12.1728,-5.1720,-2.8287,-7.6319,-6.1229,-8.2367,6.5112,-7.7134
9.244,12.4902,-3.5599,-5.5844,-8.1587,-5.1054,-9.3961,9.1721,-8.8103
9.248,13.5631,-0.9561,-4.7678,-7.9300,-5.0214,-10.7340,13.8607,-13.5739
9.252,13.4809,-0.7495,-6.2249,-10.0019,-3.2746,-6.7717,15.1655,-14.2622
9.256,9.4806,1.8067,-8.3336,-10.3411,0.4288,-3.9157,15.5504,-12.3846
9.260,12.1659,0.4065,-6.6020,-11.0798,0.5534,-4.3990,15.4833,-16.2938
9.264,5.2302,4.8733,-8.3223,-12.9538,2.7845,-2.3730,14.9423,-14.2739
9.268,7.6326,5.3202,-8.8592,-10.3245,3.6150,-0.5674,13.2309,-14.1311
9.272,6.0629,4.2426,-9.0285,-7.9787,1.0102,2.5570,10.3245,-15.5102
9.276,7.1783,4.2820,-11.1547,-11.4350,1.0052,7.9175,9.5645,-13.7713
9.280,4.7209,0.5859,-6.9443,-7.9811,-1.5431,6.1287,5.8394,-14.7144
9.284,2.2014,-4.1523,-4.6692,-7.9964,1.4361,6.7303,-0.3108,-10.8816
9.288,0.0152,-5.1083,-5.3204,-10.4992,3.1778,5.9958,-4.6215,-8.0616
9.292,-1.3126,-3.9469,-5.0175,-8.3412,2.4751,6.4688,-4.6507,-6.4293
9.296,-3.4370,-4.0322,-5.4476,-6.5582,4.4258,4.5452,-6.9806,-6.0352
9.300,-5.0192,-4.8326,-5.6534,-2.6596,3.3723,4.8901,-9.3117,-6.8002
9.304,-1.3158,-4.7767,-5.8086,-1.8181,4.5223,-0.6590,-10.4941,-3.0806
9.308,-0.1577,-6.5337,-4.6733,-0.9313,2.3993,-2.9971,-8.2862,-0.3086
9.312,1.8850,-4.1315,-4.1536,0.5206,-0.3364,-5.3740,-7.6679,-1.0922
9.316,4.0347,-3.0612,-5.3033,4.3522,-1.3354,-4.5665,-4.2761,-1.1805
9.320,6.1816,-3.1885,-3.1788,4.5141,1.0435,-9.1059,-1.3112,-4.9409
9.324,6.7660,-3.3683,-7.3518,5.6295,1.2655,-9.3448,0.6925,-7.0880
9.328,3.6908,-0.3025,-7.3338,5.8120,-0.1706,-6.0023,2.3006,-10.0680
9.332,5.8661,2.8866,-8.8887,5.6266,0.4469,-6.6245,4.5591,-12.6811
9.336,6.1417,1.0305,-10.1252,5.2496,-0.0693,-3.6040,4.3152,-13.2372
9.340,5.7813,3.3657,-10.2643,7.5461,-0.7047,-7.1267,5.0175,-17.4129
9.344,5.4391,2.5067,-12.2077,6.1527,-2.0048,-7.2669,4.3676,-18.4490
9.348,2.5215,1.5740,-11.8217,3.8169,1.2301,-7.1414,7.8913,-22.8603
9.352,2.8882,2.5425,-11.5697,2.6114,0.6198,-5.1409,9.7067,-21.7683
9.356,3.6766,2.1988,-12.8650,0.1690,1.0459,-4.5559,12.0630,-21.3750
9.360,3.9332,0.4397,-13.4120,-1.7495,1.4905,-3.1298,12.0141,-18.3116
9.364,3.5237,-1.8496,-14.1324,1.5851,1.0984,-0.5516,9.9411,-15.6800
9.368,2.8194,0.9617,-11.5358,-1.3131,-1.1320,2.3119,8.8170,-12.2229
9.372,3.7488,-0.7514,-9.1622,0.4211,1.1220,6.5403,4.6624,-12.0744
9.376,2.0788,-1.3241,-9.4157,-1.5058,-0.6704,7.8141,4.4868,-9.9149
9.380,-1.3609,-4.1020,-6.4336,-1.0974,-2.1343,10.2882,-2.3103,-5.1949
9.384,-2.0517,-7.7987,-5.8223,-0.9461,-1.4653,9.1765,-3.8783,-1.9182
9.388,0.0927,-9.4240,-5.0117,-2.4017,0.0078,10.9726,-8.6227,-3.0333
9.392,0.5694,-10.6505,-4.1079,1.2897,2.8205,11.2682,-12.0382,0.7502
9.396,3.1241,-14.3175,-2.0655,1.9129,1.9740,10.4010,-14.0570,1.6822
9.400,4.7631,-10.7753,-2.6844,0.0122,4.1910,9.2179,-13.8254,5.1034
9.404,1.5691,-12.7537,-0.3979,-3.4169,5.0407,9.9524,-14.9807,7.2813
9.408,2.7700,-10.5751,0.5461,-1.4311,2.1229,4.5227,-14.9867,12.2955
9.412,4.1842,-8.1789,0.5718,-1.3116,0.4501,5.7322,-12.5432,13.0246
9.416,8.3024,-6.0145,1.1399,-0.7199,1.8653,4.3848,-13.5517,10.8879
9.420,10.6599,-7.7596,6.5069,-1.1571,-0.0525,2.0103,-13.9527,7.9924
9.424,11.3633,-5.2763,3.0728,-3.6151,-5.0025,0.8733,-14.7085,6.8470
9.428,14.3370,-2.9444,3.5194,-0.1961,-7.2082,-1.1947,-13.3600,5.5083
9.432,13.2270,3.5932,6.2570,2.6107,-7.6824,-0.7652,-6.1673,3.0198
9.436,13.3650,3.6491,5.9299,5.1081,-8.8818,1.8143,-3.6468,2.2793
9.440,12.1308,2.3785,5.3792,4.8536,-8.2180,0.3386,-0.2395,-0.4741
9.444,11.9997,4.4194,2.1443,3.0333,-6.0765,3.4694,4.6525,-1.1470
9.448,11.0323,7.9577,1.3029,4.3281,-6.0060,-0.0460,6.0688,-1.5291
9.452,10.5151,7.7079,-0.1215,1.8496,-2.4647,-1.1736,5.2999,-1.7137
9.456,9.0647,8.5551,3.0631,-0.4891,-0.9722,-1.6198,9.1510,-5.9530
9.460,1.7289,6.3093,2.6002,-2.5849,2.8397,2.6451,8.6954,-6.2872
9.464,1.1564,7.7104,2.4420,-1.3569,3.5384,1.9208,7.9106,-3.6378
9.468,-2.1664,3.5334,1.4588,-3.5524,3.8810,1.4909,5.9844,-5.3706
9.472,-2.3757,0.5035,2.1542,-4.7724,5.4654,6.0055,4.4935,-5.1323
9.476,-1.3774,-0.7776,1.2045,-6.2602,6.4702,6.8423,4.8977,-4.5754
9.480,-1.7447,-2.6605,0.9757,-4.3308,9.1294,11.3141,2.5972,-3.5892
9.484,-2.3558,-5.4131,2.1353,-3.3856,9.1781,12.2638,-3.3609,-3.4399
9.488,-5.0923,-7.6999,0.8882,0.5531,8.7522,15.2313,-2.6202,-3.5391
9.492,-5.3171,-5.7503,0.2599,-1.2143,8.7075,13.2059,-5.4272,1.1072
9.496,-3.7602,-5.5541,-2.7776,0.8068,10.2925,10.3469,-8.2295,5.3514
9.500,-6.1569,-5.8669,-3.2121,-0.2750,10.4121,7.8897,-7.7472,3.4023
9.504,-7.3803,-3.3443,-1.4833,1.3624,9.4027,9.1623,-10.3819,6.0429
9.508,-4.6939,-5.0028,-2.6698,-0.9487,9.3768,5.5807,-10.6471,6.7693
9.512,-4.9314,-0.6341,-0.5291,-1.2966,7.1286,4.8319,-13.4598,6.5527
9.516,-4.3071,-2.1415,-2.0330,2.4416,4.9789,4.5284,-11.5625,1.9246
9.520,-5.4789,2.5602,-1.2899,1.0878,5.6136,1.9045,-5.9675,5.1880
9.524,-3.1798,3.4266,-2.3240,-0.0241,2.9633,0.6743,-6.4461,-0.4068
9.528,-4.6938,3.8434,-3.2697,-2.0863,0.1167,-2.6260,-1.9109,-1.0932
9.532,-2.1590,2.6735,-3.8063,-1.3208,0.2799,-1.4431,1.0258,-1.3205
9.536,-1.3823,1.9852,-2.3136,0.3216,-1.1021,-4.1460,6.7462,-2.0196
9.540,-0.4619,5.1854,-2.3812,0.5827,-3.0066,-2.4952,10.4809,-0.9110
9.544,-1.6734,7.8343,-3.6287,-2.1467,-0.3013,-6.2550,10.4565,-6.1139
9.548,-1.2785,5.8464,-2.4663,-0.0337,-4.4369,-4.6969,10.6267,-7.1494
9.552,-0.8035,6.7056,0.9893,0.9572,-1.9710,-2.6031,9.9788,-9.3734
9.556,-2.0911,2.3599,-1.2615,0.1548,3.6239,-1.1795,12.9905,-7.2474
9.560,-4.0670,1.6615,1.5447,-2.5833,4.0797,2.3239,13.0035,-11.4656
9.564,-2.4716,2.4452,0.8206,-0.4942,4.7962,-0.9085,9.1960,-9.2352
9.568,-2.4227,-2.0536,0.8524,-1.3515,7.4245,0.5759,10.5174,-8.2935
9.572,-4.6671,-4.6792,0.7811,-1.8602,6.1266,2.1879,8.9312,-5.7579
9.576,-6.5082,-6.1624,1.0279,1.2087,6.0927,5.7296,7.4420,-3.3786
9.580,-9.5714,-3.6008,-1.9782,1.4923,5.8611,4.6109,4.0432,0.6526
9.584,-7.4077,-6.6954,-2.9377,0.2173,4.7438,9.0400,2.6049,2.3617
9.588,-5.8413,-8.5374,-1.5769,-0.9520,4.8972,10.3790,-0.9083,10.3083
9.592,-9.6424,-9.9641,-0.6301,-0.3505,6.1208,12.0724,-5.0203,10.4063
9.596,-8.0929,-11.2942,1.8280,-0.2516,4.1822,12.7730,-8.5942,14.0325
9.600,-7.9900,-12.5677,2.4344,0.6778,3.6350,11.8529,-11.8167,14.8377
9.604,-4.9985,-11.2657,2.7984,2.2621,4.4075,10.1013,-12.8604,17.2660
9.608,-5.6177,-10.1531,1.2798,1.4066,3.4800,9.2812,-12.8182,14.0561
9.612,-6.6424,-11.0028,4.1563,1.5126,4.4213,10.2501,-12.1675,14.4739
9.616,-4.6675,-7.7394,5.7444,-0.1676,3.3579,7.7114,-10.4583,9.9675
9.620,-3.7181,-4.8002,5.6962,-0.2694,0.5611,7.9086,-9.5054,9.9122
9.624,-5.0141,-4.1175,3.9202,-1.2650,-2.0189,4.9085,-3.6878,8.9728
9.628,-3.9997,0.4175,4.1726,-0.1432,-4.5131,4.7565,-3.1930,5.4937
9.632,-3.4008,0.1495,3.7883,0.0170,-6.4273,7.2148,2.0591,-2.4346
9.636,-4.0881,1.2980,3.0979,-0.3317,-5.7517,7.4516,6.7872,-2.4968
9.640,-5.8560,1.6221,-0.0860,-0.3872,-7.5420,5.5688,6.5501,-4.3370
9.644,-5.5414,5.4902,-1.1270,-1.9147,-7.6467,7.3539,8.3927,-2.0607
9.648,-5.5468,4.3258,-0.1374,-2.9658,-7.7963,7.7217,11.4436,-3.7968
9.652,-5.0263,7.2478,-1.8774,-0.8857,-8.5159,8.5819,12.0307,-4.3132
9.656,-5.1470,5.8803,-3.5517,-2.6700,-6.8708,7.8990,13.6762,-4.0591
9.660,-4.6605,5.8921,-0.4705,-1.5188,-6.1924,8.0127,12.7150,-5.2290
9.664,-4.0996,6.6335,-1.9939,-1.0754,-2.7553,9.7187,13.2864,-6.3660
9.668,-5.0764,1.7738,-3.4265,0.4831,-1.4979,10.9990,13.1998,-4.6393
9.672,-7.5432,6.1014,-2.0302,-4.6199,-0.2286,13.3718,12.3889,-5.4187
9.676,-6.2479,3.6543,-1.6565,-4.0196,-2.3498,10.2086,7.4700,-5.9563
9.680,-10.3716,2.8862,-4.8591,-5.2469,-0.6859,7.8480,4.7874,-5.5719
9.684,-7.4524,0.3353,-3.5202,-6.8339,3.3375,7.5899,1.3878,-5.4566
9.688,-9.1057,-0.4767,-3.9114,-6.6569,1.9493,4.9590,-2.3267,-2.1380
9.692,-7.3776,0.0029,-3.8088,-6.6693,0.9354,3.0624,-4.9463,-1.5751
9.696,-6.4331,-2.5084,-4.9886,-4.0717,1.5839,4.4294,-6.5712,3.0585
9.700,-5.9924,-2.6752,-3.4074,-3.5832,3.3916,5.8369,-5.0217,4.0965
9.704,-5.5904,-1.0082,0.3997,-5.8347,3.1105,7.9058,-5.3892,4.9221
9.708,-2.7780,-0.3689,1.3088,-5.4981,4.7359,8.6554,-3.5349,6.1063
9.712,-0.7899,-0.8398,3.7956,-5.0481,4.9064,8.8450,-4.5033,2.2896
9.716,-0.8849,-0.9431,2.5112,-2.0907,3.2208,8.7510,-3.9741,2.2806
9.720,1.5655,-0.5344,5.5245,-3.5735,4.1317,9.1925,-6.8947,2.8827
9.724,1.6411,-2.0359,4.2871,-3.2954,1.1589,3.5599,-4.5025,-0.0150
9.728,0.1866,-2.4492,3.7876,-5.7331,-2.9395,3.5916,-3.7613,1.7330
9.732,1.5708,-4.5475,2.5029,-7.5235,-3.4070,2.5089,-2.4419,-5.4460
9.736,3.8014,-3.3269,4.6848,-6.6726,-7.3759,3.4273,-0.2634,-6.4488
9.740,6.9627,-1.6550,6.3250,-7.5060,-7.3072,0.9280,4.0002,-10.3392
9.744,4.8270,-1.9351,6.3304,-7.1739,-7.6340,-0.7728,6.0535,-11.5638
9.748,5.6567,-1.8589,7.2039,-6.0640,-10.4874,-0.5392,7.1619,-12.3039
9.752,7.8635,-1.9588,5.6570,-9.0349,-11.9731,-3.1409,7.5787,-10.2303
9.756,7.3582,-0.2001,6.4274,-8.3223,-10.3003,-1.1594,10.1205,-10.2191
9.760,6.3183,-2.0458,5.2383,-6.7699,-8.6208,-1.3700,13.1921,-6.8755
9.764,5.9316,-2.9854,5.8293,-8.7318,-6.9806,-0.3274,10.8248,-6.6039
9.768,5.3437,-3.8618,4.4959,-8.2770,-2.8186,-1.3877,8.6900,-7.4954
9.772,3.1364,-4.7924,4.2068,-10.9217,-0.7393,-3.9086,8.0385,-7.6178
9.776,-1.7490,-5.0645,5.6363,-11.4923,-2.0296,2.4677,5.0462,-3.3456
9.780,0.7825,-7.7423,5.3466,-11.2618,-1.5149,1.3040,0.6013,2.1197
9.784,0.2576,-6.1831,4.7363,-15.1797,0.2294,6.4195,-2.5175,1.9893
9.788,0.3457,-5.1045,3.0596,-13.5298,-1.2649,3.5195,-3.3414,6.0157
9.792,-4.6763,-2.5568,3.8277,-15.7280,1.9445,2.8454,-3.8577,8.7550
9.796,-7.3582,-2.0247,5.9483,-15.1688,1.9887,6.2720,-8.6445,8.2780
9.800,-6.4538,-6.9768,6.3640,-12.1421,-0.3439,6.4872,-7.9590,10.3796
9.804,-6.9275,-4.9907,5.3558,-12.5018,4.0440,5.4842,-8.1821,10.7758
9.808,-4.8021,-4.1212,7.4246,-8.2957,4.9867,7.7594,-7.5252,11.9698
9.812,-4.5604,-3.5074,6.8897,-7.2672,4.2619,5.9600,-6.9596,11.1558
9.816,-5.2015,-3.6131,8.1106,-5.1738,5.3401,8.5795,-7.2485,9.3295
9.820,-5.5231,-5.9981,8.2889,-4.0494,5.3785,7.8393,-6.3513,5.7325
9.824,-5.1145,-8.3901,6.1971,-2.4307,3.2745,7.7521,-4.5347,1.0707
9.828,-4.0971,-2.7428,4.5659,-1.5257,5.0285,3.6299,0.3593,-3.3986
9.832,-3.8229,-1.7546,4.0328,-1.5282,2.9588,3.8450,2.2825,-4.2545
9.836,-3.4546,-0.6788,3.4969,-4.0414,3.7229,-1.0803,5.7647,-5.1036
9.840,-4.6551,-0.9763,5.1677,-7.0691,2.5723,-1.9064,10.2068,-3.4470
9.844,-5.9949,-0.8928,6.7526,-5.1611,-0.1089,-1.0310,11.7192,-5.1515
9.848,-6.9846,0.8882,7.1356,-2.7842,-1.0273,-0.6147,16.6181,-5.7097
9.852,-8.0111,0.1708,5.8779,-3.9151,-0.7769,-2.3694,17.6089,-6.9356
9.856,-7.6135,1.3848,4.3153,-7.6365,0.6962,-1.5786,19.7021,-7.1167
9.860,-7.8669,-0.7087,2.5486,-8.1521,2.7362,-3.9276,18.0224,-6.3648
9.864,-9.7340,-0.5842,1.1420,-10.1018,1.7639,-6.1099,14.7035,-7.6254
9.868,-9.5308,-3.6530,2.2981,-9.0439,-0.9107,-5.5871,13.5240,-7.0517
9.872,-7.7769,-4.6833,1.7744,-10.5148,0.9499,-5.7839,13.6906,-4.0632
9.876,-8.8505,-4.0260,2.2708,-8.6873,-0.4844,-3.9833,11.1616,-3.9062
9.880,-6.6318,-0.7593,-0.1982,-8.0568,-3.2147,-0.6027,10.0032,1.6039
9.884,-5.7690,-2.7319,-1.0956,-5.6656,-3.8170,-1.0729,11.5078,4.2939
9.888,-7.0053,-4.9753,1.3047,-5.6786,-0.7526,0.1806,7.5651,6.8115
9.892,-5.7630,-6.2542,3.0856,-5.5411,-0.3811,3.5233,6.9760,6.5906
9.896,-4.2394,-5.5248,0.2105,-4.6407,2.1114,3.3628,7.4706,6.8244
9.900,-3.1238,-4.9715,3.8208,-3.1576,-0.0160,6.2945,0.2394,8.4547
9.904,-1.4289,-5.6631,4.9136,-3.2885,-0.4155,6.0039,-3.4143,10.8921
9.908,1.1408,-5.5607,4.8814,-2.9742,-3.8602,6.2259,-1.1655,10.6048
9.912,5.1110,-6.1612,2.8210,0.8638,-4.7722,3.1733,-4.4226,9.4382
9.916,7.2409,-0.5486,5.4686,2.3275,-4.6478,0.6879,-3.6338,8.6551
9.920,8.8051,-1.7078,3.9189,1.5962,-2.0757,2.6692,-4.0010,6.7786
9.924,6.8106,1.1519,4.6858,7.3150,2.0940,-3.2926,-3.8735,3.2437
9.928,9.0257,5.0209,6.4929,7.4290,-1.3974,-0.5214,0.5968,1.5492
9.932,8.5556,6.4256,8.7307,5.3830,-2.4373,-3.4671,0.2452,-1.4947
9.936,7.9637,5.1534,11.0548,5.2765,-1.4844,-6.0187,1.4368,-2.8091
9.940,11.2006,4.5684,9.1303,4.3923,-2.3213,-9.0130,3.3470,-2.2467
9.944,7.9348,2.7586,8.6238,4.9453,-6.4831,-11.9389,4.6775,-4.3294
9.948,3.4923,4.0235,9.1907,2.4239,-5.7387,-14.9354,6.4196,-4.4563
9.952,2.2119,2.6287,7.5964,3.9252,-8.2488,-12.4126,6.4307,-2.5431
9.956,1.6509,2.5572,8.3841,1.6440,-13.2737,-14.8119,9.7325,-3.0374
9.960,1.7691,1.2756,8.9604,0.0618,-9.4673,-18.3454,7.6304,-3.6817
9.964,2.0418,2.7188,2.8465,-2.2613,-9.7258,-17.8927,9.2420,-4.3585
9.968,1.0204,1.1395,5.0144,-0.1328,-8.7603,-16.2845,6.5094,0.8201
9.972,2.2195,-1.4968,2.2364,-3.4766,-5.2207,-13.2287,7.4894,-0.1174
9.976,4.2929,-1.1832,0.1759,-1.9576,-3.9916,-11.6408,3.2834,-0.9370
9.980,4.3443,0.6675,3.9981,-0.7161,-0.7010,-10.2332,4.1334,3.6537
9.984,6.7663,-0.2347,4.2744,-0.5744,-1.8484,-5.7175,2.8321,5.2846
9.988,3.9884,1.4667,4.9910,-2.2768,0.0803,-2.3944,-2.1538,4.6644
9.992,4.2726,-1.1726,2.8323,0.8594,-1.1095,-0.8859,-2.5024,4.5852
9.996,5.1345,-2.3036,4.3396,4.6375,-3.8099,1.0327,-5.3898,3.8281
10.000,3.9986,-1.9095,5.5888,1.9057,-4.6246,1.7316,-9.9085,4.3404
10.004,5.2644,-1.0109,6.2720,2.0199,-0.7187,0.3796,-7.6923,6.2498
10.008,6.1408,-0.7673,4.7713,3.1840,-1.4035,1.6400,-6.7955,8.2326
10.012,7.8552,1.0105,3.5000,5.3965,1.6253,2.8195,-10.8313,8.4639
10.016,7.3036,0.9274,2.9325,5.3994,1.0726,1.6038,-6.4636,6.5311
10.020,7.2082,2.4900,3.7889,5.2707,-1.6709,3.5879,-2.5516,4.8792
10.024,8.4294,2.9501,5.1364,7.1032,1.2967,1.6470,-2.5626,3.4596
10.028,11.0430,3.0515,3.2894,5.5737,2.7671,0.3722,-0.2424,0.6889
10.032,9.7817,4.6857,4.3580,7.9651,-1.0182,-1.9140,3.0202,-0.7328
10.036,7.5513,4.2546,1.4994,11.0515,1.2125,-2.2369,2.9698,-6.4469
10.040,6.1505,5.8259,3.1022,10.9800,-1.3689,-3.2943,6.8875,-7.9422
10.044,7.5871,5.4181,1.9369,7.1996,-3.2850,-6.6609,9.0986,-10.3568
10.048,5.3103,6.9415,0.6200,8.8533,-6.3206,-9.5050,10.3390,-11.5575
10.052,0.9873,9.7454,2.7818,5.7133,-3.0910,-11.6613,12.7164,-10.9168
10.056,3.6622,8.4456,2.5275,3.0804,-5.6498,-12.3267,12.4875,-13.9520
10.060,2.1659,7.1199,4.7108,1.2083,-4.3024,-13.7801,12.0541,-14.9157
10.064,1.7682,4.2093,5.1945,3.9945,-4.9975,-15.4361,15.1103,-14.9828
10.068,0.2510,2.0391,4.6416,4.3513,-4.4674,-11.8897,12.9238,-14.3649
10.072,2.8015,1.7997,3.9601,4.0758,-4.6329,-8.4775,12.3995,-11.8612
10.076,3.7679,2.1008,6.0111,3.5783,-3.8824,-11.9199,7.9274,-8.2654
10.080,5.9569,1.1376,2.3794,0.2999,-2.0151,-10.3237,5.4936,-6.3593
10.084,7.6517,-0.7600,3.1851,1.6730,-1.2392,-7.4886,0.5483,-2.2245
10.088,8.5337,-0.0630,-0.3903,2.0693,1.1426,0.0906,-4.2037,0.4599
10.092,10.3389,-5.2074,-4.5828,1.0827,2.2626,1.9497,-7.6080,0.8121
10.096,8.0116,-2.7974,-2.5213,2.6384,-0.3511,5.7701,-12.3559,0.6365
10.100,8.6642,-2.3978,-4.9293,4.3754,-0.6045,6.8184,-13.5828,-1.6851
10.104,7.8385,-0.5649,-4.6220,3.7532,-0.3633,6.1755,-15.8695,-1.4738
10.108,5.9248,-3.9635,-2.0362,4.6792,-1.3393,4.7104,-15.3834,-3.5455
10.112,6.5720,-2.0903,-3.6088,3.4534,-0.0508,6.2095,-16.5289,0.0862
10.116,8.3453,-1.2981,-1.5671,4.2099,-0.3819,4.6223,-16.2818,-5.6965
10.120,10.0098,1.9019,2.3593,0.2966,0.8529,2.5866,-16.7422,-4.2220
10.124,10.8358,2.3980,0.1182,0.0324,1.2031,6.3731,-13.6638,-6.7570
10.128,9.5161,5.0915,4.1023,-1.6457,0.9696,4.1798,-12.6991,-9.7653
10.132,11.5353,3.9848,3.1847,-0.7536,0.0928,4.5886,-11.6471,-11.7390
10.136,8.7597,4.9280,1.7310,-1.1044,2.0061,2.1563,-8.5700,-14.3342
10.140,5.9799,5.6666,0.6257,-1.0117,0.8318,-2.7241,-8.6441,-17.0624
10.144,6.2155,2.9200,0.3951,0.3719,-0.4966,-1.9851,-1.8112,-16.3214
10.148,4.6652,6.4725,-1.3142,0.5047,-4.1869,-0.5634,-2.3037,-20.0985
10.152,1.1192,8.0932,-5.1084,0.2513,-4.0742,-2.9045,-0.1625,-20.3158
10.156,0.7318,4.7465,-2.1544,0.2275,-5.5156,-4.5200,0.7843,-14.4920
10.160,-3.8059,3.6422,-1.8036,0.0964,-5.4477,-4.2656,0.2999,-13.6371
10.164,-5.3742,3.9274,0.4221,-2.2517,-6.6049,-6.3387,0.4487,-16.7828
10.168,-7.5452,5.5771,3.9606,-2.8267,-7.0462,-3.1189,1.6692,-11.8234
10.172,-9.4827,6.3186,5.0256,-7.6281,-7.2629,-0.0217,0.1283,-8.1647
10.176,-7.6376,7.0697,3.8235,-8.0508,-5.1170,1.4821,-0.0583,-7.4789
10.180,-7.9453,6.3416,5.2687,-7.4481,-6.5937,-1.1528,-3.2335,-2.5784
10.184,-10.0150,8.5294,-1.3642,-7.3759,-5.8766,0.6717,-6.4971,0.0752
10.188,-7.6808,9.6055,-3.3708,-5.8850,-2.7778,3.1651,-10.6385,1.7172
10.192,-4.0268,7.9235,-3.7640,-4.6887,-4.4659,1.8830,-11.3152,3.6571
10.196,-0.0015,4.0527,-3.8248,-4.1844,-3.4985,4.5426,-13.2739,4.6824
10.200,1.1818,5.7362,-6.4155,-5.3281,-2.7732,7.4113,-13.0019,6.3875
10.204,0.7773,4.5954,-8.0445,-5.0495,-2.6143,8.1395,-15.7866,5.9484
10.208,1.5684,3.5070,-7.0283,-3.9987,-4.6771,9.4166,-16.2377,7.7218
10.212,5.7998,4.5784,-8.4796,-2.5862,-4.3115,9.4892,-13.0866,5.7986
10.216,6.0038,6.2132,-5.7257,2.0899,-2.4268,10.4444,-14.0609,5.6923
10.220,5.8441,6.7503,-2.9777,3.4522,-0.6035,12.2879,-14.4733,3.6688
10.224,4.9207,6.2448,-0.6604,2.1827,-0.0023,10.4815,-13.4453,2.5254
10.228,5.3774,8.3460,-1.3469,-1.1843,2.5985,7.9577,-9.3960,0.9610
10.232,4.0806,8.7666,0.1090,1.1360,4.9550,11.1872,-6.5570,-2.7866
10.236,6.6809,11.6500,0.3754,1.2684,2.3368,7.3160,-2.0084,-4.2886
10.240,8.3756,12.9127,-0.4353,1.0353,-0.2643,4.8956,2.1773,-5.9771
10.244,8.3681,14.2329,-3.5109,3.0852,-0.0110,7.8056,5.2507,-5.9956
10.248,9.7755,13.3245,-4.2221,3.8033,-4.0533,5.9993,10.3186,-5.7671
10.252,7.2752,15.2553,-3.4499,1.9052,-6.5294,3.2175,12.0962,-8.5094
10.256,6.4226,15.0911,-0.3354,-3.0503,-7.8747,0.6172,14.2712,-5.7158
10.260,4.4675,14.5299,0.6720,-0.8307,-7.7852,0.6683,13.6263,-4.6671
10.264,5.5309,15.1775,2.7019,-2.1022,-9.7078,1.8955,13.2774,-7.4899
10.268,3.1623,17.1421,3.5553,-2.0049,-10.6215,-0.1052,5.4498,-4.1950
10.272,3.3725,16.2507,4.4209,-4.4906,-7.2298,0.7785,3.8973,2.5925
10.276,4.7924,15.6413,4.3854,-6.3990,-7.4014,-0.4473,1.5814,1.0841
10.280,2.4164,12.6846,4.0214,-5.6960,-6.4186,0.8019,1.3013,2.1700
10.284,5.4712,11.1402,3.5390,-7.0220,-4.0979,-1.5585,-1.4434,3.5320
10.288,7.9192,9.5135,0.4792,-7.3320,-2.9990,0.2615,-1.8192,5.1376
10.292,8.0784,3.3450,-0.0064,-7.3677,-5.4608,-0.8273,-3.1327,5.8432
10.296,9.0285,2.9296,-0.3147,-6.9278,-2.2975,-1.2235,-3.1572,5.4349
10.300,9.9398,4.3756,1.6367,-8.5013,-2.2810,-0.2741,-5.1170,6.8142
10.304,12.6485,2.7189,0.1856,-3.2107,-2.7104,1.8963,-8.5276,7.7894
10.308,12.9078,2.2311,0.9021,-6.6787,-0.1784,5.2128,-9.7328,10.5196
10.312,10.9995,4.3696,-0.2981,-6.6627,-2.9189,8.4320,-13.3502,6.8198
10.316,11.1255,4.0966,-1.5254,-9.4351,-1.2563,12.6627,-12.7479,4.5899
10.320,8.1614,4.3449,-1.3024,-9.4280,-1.1144,14.6851,-13.3438,6.3179
10.324,10.2379,7.7052,-2.6343,-5.3129,1.5867,14.9612,-14.3091,4.4837
10.328,9.4102,8.6349,-1.6759,-4.5202,3.1111,13.4888,-13.5775,1.0014
10.332,8.2082,11.6551,-0.7943,-2.7833,3.8640,14.7978,-11.5403,-3.1860
10.336,5.8038,9.9787,-3.3240,-1.9649,7.8530,13.7841,-9.8694,-1.3247
10.340,3.1815,7.8411,-2.1980,-1.7862,6.8644,8.8421,-5.8610,-5.6947
10.344,4.7810,6.1652,1.5132,0.1853,5.7918,7.3327,-2.5044,-8.9592
10.348,3.2238,1.6142,3.5562,-0.6986,3.7946,7.0645,0.2031,-8.8639
10.352,2.6845,3.1386,4.6968,-2.2056,3.8580,6.2241,5.0423,-10.4245
10.356,0.4284,6.0040,2.8388,-3.9072,4.0057,3.5010,6.7488,-9.6049
10.360,-1.3800,5.8614,1.4710,-1.8613,3.7929,5.2889,5.5835,-6.2712
10.364,-0.4682,7.0801,2.3382,2.4167,3.0425,4.4430,7.5592,-4.6313
10.368,-0.7486,8.0307,4.3451,-0.4875,-0.6004,-1.4109,10.3342,-2.8531
10.372,-2.2831,3.5201,1.3055,0.0552,-0.7145,-3.1922,10.6457,-0.8910
10.376,0.5850,1.7753,0.9053,0.3820,-1.7565,-0.9422,9.1508,1.5683
10.380,-2.2266,-1.5051,1.8299,2.2580,-3.0553,-4.6635,5.6421,3.9226
10.384,-1.1824,-0.9866,1.1542,2.2918,-2.4735,-7.1698,0.6412,4.5392
10.388,-1.4428,-0.2234,0.7036,-0.1734,-1.0218,-10.2104,-4.6127,8.5308
10.392,1.9630,-0.7237,-1.2369,-0.0267,-3.0910,-9.1829,-6.7245,11.4632
10.396,2.7294,1.8957,-1.7955,-1.7744,-3.9913,-10.0189,-8.3131,10.1610
10.400,3.7173,-0.6277,-2.6313,-1.1413,-5.2239,-10.6878,-12.2766,12.6006
10.404,3.7330,-1.1299,-1.7577,-3.4353,-5.6272,-8.5106,-12.2496,11.3685
10.408,4.8824,0.7785,-4.0156,-1.8780,-4.4981,-5.9439,-11.2484,10.4011
10.412,4.6171,5.6802,-3.4781,-1.5163,-4.9616,-8.6616,-9.1049,6.4239
10.416,2.2742,6.0885,-4.7932,-3.6043,-1.6521,-2.9439,-8.9832,8.1459
10.420,1.3034,3.4070,-2.9961,-4.2562,-3.2160,-4.7874,-6.8500,6.7774
10.424,1.9412,4.9053,-5.5789,-5.9394,-2.3564,-2.9531,-0.9485,3.8281
10.428,1.2534,3.0615,-3.1600,-4.6445,-1.1743,-4.7325,0.7303,4.8705
10.432,1.4810,5.2691,-2.7490,-2.6887,-0.2662,-4.6262,4.9454,4.1915
10.436,1.3277,2.9114,-0.7116,-1.0339,-2.0484,-5.2379,5.9421,3.3738
10.440,-1.4241,0.9198,2.3473,-0.2452,-3.6577,-6.3864,7.9657,1.5744
10.444,-2.1967,1.8060,2.6584,-1.7655,-2.3319,-7.9206,10.6553,-4.2692
10.448,-0.6778,3.8252,2.7707,-5.0915,-6.2177,-7.7970,9.5280,-4.9609
10.452,0.8296,4.3209,3.2245,-3.6382,-9.0190,-9.5440,8.5094,-5.7689
10.456,-1.8058,5.3193,7.9780,-4.6332,-12.5268,-12.8335,10.7544,-9.3908
10.460,-1.7162,7.0173,4.4641,-2.1725,-12.5076,-13.3082,11.6940,-4.2757
10.464,0.5847,4.4637,2.5039,-4.1393,-12.3475,-15.5883,12.8251,-2.1363
10.468,3.2137,5.3900,3.5492,-1.8451,-14.3387,-13.7426,13.7754,0.0718
10.472,2.1126,2.4582,3.6953,-2.2217,-15.2702,-12.3771,13.9695,1.1604
10.476,1.7144,2.9375,4.5452,-0.4179,-12.9223,-10.6587,12.9974,3.8737
10.480,0.7549,3.5659,2.6741,-2.9914,-12.7692,-12.3478,8.8721,4.6922
10.484,-1.2335,1.3916,2.9645,-0.4229,-11.5579,-11.3029,6.0019,5.1619
10.488,-0.5063,-2.4873,3.9436,-3.7925,-8.3147,-11.9571,2.7551,8.3569
10.492,-1.6654,-3.0454,0.9052,-2.5321,-7.3900,-11.3571,-0.5276,9.7021
10.496,-0.1189,-3.2830,-0.5733,-2.1839,-6.7637,-12.0120,-5.4369,14.1053
10.500,3.9795,-6.1428,-2.9051,-3.4638,-6.9723,-9.6556,-7.8084,14.5166
10.504,3.0662,-5.9844,-3.3288,-6.2743,-5.9132,-4.2109,-7.6148,13.6558
10.508,4.1034,-4.3964,-3.2872,-5.6667,-7.2544,-2.8883,-5.8348,11.8264
10.512,5.3879,-2.2256,-4.9630,-3.2214,-4.4202,-2.8502,-9.5709,10.5324
10.516,4.5555,-4.4601,-7.5122,-1.2812,-2.4932,-1.3167,-6.1297,7.1455
10.520,5.2521,-4.0474,-8.7236,-2.3045,0.1400,6.1009,-7.6231,5.6438
10.524,3.9451,-3.4049,-8.9458,1.6661,1.2560,8.3851,-9.1341,1.8935
10.528,0.7381,-1.2301,-9.6007,2.4474,2.1511,7.9133,-7.3163,-1.0559
10.532,-2.5643,-1.9834,-8.4538,3.9300,2.8010,10.8530,-7.1378,-1.2897
10.536,-1.7482,-2.5316,-5.7299,5.4854,3.9526,9.9366,-5.1176,-5.7739
10.540,-3.8981,-1.0776,-4.3697,8.2819,5.8954,14.1562,-3.5685,-6.8959
10.544,-2.4641,-0.9573,-3.4446,7.9106,9.3589,12.5025,0.5974,-9.5604
10.548,-1.5008,1.0362,-2.0310,10.1467,9.9267,10.3310,3.1798,-12.1297
10.552,-3.1381,0.5487,-2.2180,8.2069,7.4789,10.5202,7.8401,-10.5946
10.556,0.5411,3.0864,-0.4409,6.1273,6.3741,7.5631,9.7003,-12.0549
10.560,-1.1621,3.8904,-0.9187,3.7275,4.4778,5.8889,9.6857,-9.0698
10.564,-1.3242,8.1289,-0.1560,3.2576,4.9800,3.2387,7.5213,-6.3770
10.568,1.2341,8.7500,-0.9552,0.5465,1.5384,0.4872,6.5950,-4.8608
10.572,1.1295,8.4971,1.1102,-1.0050,0.4677,0.2569,5.9437,-4.5488
10.576,1.5343,7.3497,0.7192,-3.3378,-0.4397,-2.2156,2.8459,-0.8506
10.580,2.1411,5.6577,1.9625,-1.1157,-1.2132,-4.0678,2.6940,2.1099
10.584,3.2805,6.3423,1.5642,-3.3108,-2.5711,-8.3205,0.7345,4.6318
10.588,1.7743,6.3976,1.1669,-1.4154,-3.1283,-7.7776,-0.9483,6.4770
10.592,1.8051,5.8218,-0.7514,-1.0235,-4.8799,-5.8178,0.3591,4.9002
10.596,3.8476,6.5743,-2.0362,-3.1301,-5.7322,-7.4376,-1.4858,5.6430
10.600,1.8295,6.2937,-2.9548,-3.9146,-2.5850,-7.1934,-3.4981,5.6942
10.604,1.9437,9.4071,-2.9912,-4.5754,-3.7391,-6.7919,-6.6313,4.5603
10.608,2.9367,9.9086,-2.7154,-3.5069,-4.0475,-4.1784,-6.8716,5.3816
10.612,0.5533,6.1006,-2.8787,-4.0435,-3.0498,-3.0565,-5.4181,2.9758
10.616,2.7060,3.9928,-2.9907,2.5644,-3.9243,0.2209,-5.0477,1.8815
10.620,1.6950,5.8645,-2.7060,2.4993,-4.2063,1.2484,-8.6752,1.9163
10.624,1.3454,8.4886,0.4641,1.8354,-2.1402,1.1313,-8.4475,-2.0814
10.628,0.4960,8.2273,2.6965,5.3730,-1.0484,1.7438,-4.8377,-2.5759
10.632,-0.4677,9.9611,1.9339,3.4506,2.2511,3.8398,-3.1814,-5.3225
10.636,-3.0798,10.2166,3.8461,5.6030,2.4950,1.2011,0.2230,-9.9070
10.640,-3.5260,9.6713,2.7445,3.9133,4.6613,0.4905,3.8915,-11.2910
10.644,-3.2176,9.8173,2.1416,6.1537,6.3279,-2.9601,2.9043,-13.7739
10.648,-5.5053,9.4844,1.5983,5.9020,7.5973,-0.2846,4.6877,-15.0973
10.652,-6.0550,7.9987,1.8545,5.5476,5.2163,0.9619,5.7566,-13.1421
10.656,-5.3084,7.3999,-1.8924,8.9378,6.4201,-0.3842,5.3164,-13.2989
10.660,-7.2720,8.4759,-1.5992,8.6774,6.0454,-2.6598,4.0598,-14.8241
10.664,-3.2041,8.3585,0.8568,5.6524,7.7826,-4.2074,4.8730,-11.2146
10.668,-2.0279,7.7005,3.4765,3.3782,6.4551,-2.8174,4.3349,-7.1403
10.672,-2.7484,7.5793,7.5588,4.0924,5.6767,-4.1435,3.1534,-4.9360
10.676,-2.7006,4.0779,9.6131,4.3853,2.1459,-3.4179,2.4918,-5.5607
10.680,0.4055,4.4095,8.3296,2.1238,3.0456,-6.1760,2.9850,1.8696
10.684,0.8511,1.0344,6.8803,0.7078,4.1684,-8.2973,-1.3388,0.2747
10.688,3.2290,-1.0011,3.7250,1.6368,4.7666,-10.0816,-2.3375,0.8286
10.692,1.6110,0.3827,1.5848,0.7664,3.3374,-11.0089,-3.4372,4.7013
10.696,-1.7321,-4.5804,-0.6504,-1.5584,3.0796,-8.6212,-4.9066,4.4414
10.700,-1.1342,-3.0111,-2.2143,-1.5683,4.6645,-3.1034,-8.5153,3.1115
10.704,-2.3809,0.3665,-2.1720,-0.4881,2.5083,-1.4654,-12.0282,4.6591
10.708,-4.1882,-1.0089,-2.7289,1.5732,2.6448,-1.7509,-13.5509,7.4045
10.712,-1.3188,0.8522,-4.7946,0.6752,5.9631,1.0608,-14.2562,5.8161
10.716,-3.4030,1.3474,-4.9395,2.5317,4.1733,0.4176,-12.8700,6.5630
10.720,-4.8736,-0.4680,-5.3461,3.8363,3.2639,-0.2857,-12.2965,8.1418
10.724,-3.2607,2.5506,-5.8558,2.7186,5.5310,-1.5854,-12.7287,2.3988
10.728,-5.4809,1.4807,-6.4970,3.0613,4.3257,-0.1603,-9.2860,2.0768
10.732,-5.1817,0.3870,-8.1802,3.5250,1.9250,1.2618,-7.3915,-1.2730
10.736,-4.5360,1.5330,-7.6932,2.1046,0.1548,4.7668,-3.7977,-6.8785
10.740,-2.7927,2.2370,-5.6141,0.4856,2.2202,5.9437,-2.0992,-6.8615
10.744,-2.5836,4.3287,-3.2795,-0.6347,4.4364,4.4297,-0.5744,-6.9149
10.748,-4.2523,8.1660,-3.1897,-0.6033,5.3803,7.2736,5.8909,-6.6553
10.752,-3.7982,6.6111,-2.1573,-0.9395,4.4558,5.9061,6.4768,-6.3464
10.756,-5.7111,5.0767,-4.4532,-2.2425,5.6188,7.5494,8.4964,-6.1630
10.760,-4.4023,8.3029,-0.6985,0.9547,4.4602,4.8494,5.1262,-3.2741
10.764,-3.2457,8.4415,1.3181,0.9400,4.0866,6.1215,5.9709,-1.3078
10.768,-2.0745,6.4376,2.5613,0.3524,3.2732,4.1992,3.7149,4.6341
10.772,-0.4222,4.8359,3.3399,1.2922,1.7573,3.3422,5.1206,5.7093
10.776,4.8467,5.4569,2.2036,0.0223,1.6704,-0.2254,0.0115,6.8790
10.780,4.1312,5.6090,4.0648,-0.1312,-2.2398,-3.9308,3.1433,7.9171
10.784,6.3981,5.9327,2.2724,-0.8488,-4.2693,-7.5725,3.9116,9.9404
10.788,5.0900,5.8627,1.0725,-0.4389,-6.3770,-7.4605,1.1279,15.0107
10.792,4.6245,1.2785,-0.7904,0.2559,-9.1878,-7.1265,-5.3745,15.3655
10.796,4.4895,6.2951,-1.1061,-1.5989,-5.4761,-5.3246,-9.9029,16.2750
10.800,3.1581,4.4230,-0.8895,-0.3936,-8.6330,-7.6158,-12.0597,15.9050
10.804,3.0001,3.2100,-1.2223,-2.8008,-4.6738,-8.8456,-15.9752,15.8521
10.808,3.1039,3.1001,-2.4348,-2.4764,-5.8479,-4.9827,-17.4544,15.4295
10.812,1.0593,2.4126,0.4759,-0.3489,-5.6801,-3.5303,-16.6465,16.7099
10.816,-0.0109,2.2108,-0.6514,-0.8984,-4.9129,-3.9177,-17.5094,9.4697
10.820,-1.2596,4.2697,3.0262,-0.4232,-5.1359,-3.7159,-17.7492,7.1008
10.824,-1.2954,5.5200,3.7190,0.4665,-7.6123,-5.9723,-13.5671,2.8098
10.828,-3.0865,5.6333,-0.1719,0.6327,-7.1261,-4.9480,-13.0819,-1.1422
10.832,-0.4335,6.0570,1.3628,3.3150,-5.0595,-1.5810,-6.9574,-4.6692
10.836,-2.7346,6.7077,0.5377,3.8274,-4.9450,-1.6170,-5.3949,-10.5483
10.840,-1.7582,6.8353,2.4545,2.0082,-1.6884,2.2716,-5.0395,-9.8081
10.844,-2.5124,6.8782,1.5962,-3.2676,0.3451,0.8937,-0.3525,-6.4259
10.848,-6.5090,5.7223,4.6554,-0.4792,3.1832,3.0864,1.1611,-7.4165
10.852,-6.4060,3.5892,4.3316,-2.5603,3.4973,2.3810,1.6440,-4.4806
10.856,-8.0716,3.9530,6.2174,0.6650,5.8211,3.2984,2.9781,-7.0522
10.860,-8.2781,2.6290,5.6603,-0.0626,7.3163,4.1271,5.3105,-2.9509
10.864,-9.6543,0.2636,6.2238,0.9049,6.9716,2.8467,5.8686,-2.5708
10.868,-10.2308,-0.2440,5.6878,1.6933,8.0747,2.7717,6.5654,-0.2018
10.872,-7.0023,-2.4138,7.6163,-0.4360,8.1147,-2.2605,4.8727,0.9871
10.876,-5.6830,-1.2128,4.2231,0.0616,7.7127,-2.7469,4.2758,5.7505
10.880,-4.5078,-1.6443,5.1044,-4.4964,5.4620,-8.1814,3.0162,8.9063
10.884,-5.2924,-1.1086,5.5813,-6.7405,3.4374,-8.8977,-1.2359,12.0301
10.888,-0.6110,0.6775,2.9221,-9.1067,2.5163,-10.4206,-5.2267,12.5909
10.892,0.3551,-1.6325,4.0265,-11.2164,4.3209,-11.5797,-9.1381,8.8330
10.896,0.6957,1.1164,4.8948,-13.4093,4.2321,-11.4533,-10.6620,9.5004
10.900,-0.2363,-0.4242,5.1588,-13.8524,1.3648,-11.2848,-11.1760,13.0685
10.904,-0.6543,0.5850,6.2823,-14.2128,-0.5448,-11.5325,-11.6718,12.7699
10.908,-0.4821,-0.4357,5.4383,-16.1025,0.1562,-10.7758,-11.7197,9.6119
10.912,1.5692,0.7104,5.8387,-16.3764,1.8513,-7.3031,-13.1136,9.2056
10.916,2.7066,1.1728,3.3380,-16.2544,0.8744,-8.6511,-11.4943,5.7239
10.920,-0.1878,-1.1275,1.8823,-13.5521,-0.2259,-5.3713,-8.0963,2.8739
10.924,0.3125,2.1026,0.6993,-11.0043,-0.7323,-2.5717,-4.4661,6.5981
10.928,-0.9977,0.5059,2.1389,-9.4939,-2.0674,-2.2805,-2.6632,2.1761
10.932,-3.1956,3.0257,2.9144,-9.3226,2.1545,1.5282,-0.8464,-1.3841
10.936,-0.5410,5.7505,2.6000,-7.9094,2.4270,1.3463,2.3245,-4.3013
10.940,-1.4759,5.2827,-0.2237,-8.7603,-0.1278,3.7764,2.3129,-6.3814
10.944,2.0600,6.6879,3.8598,-4.3766,1.7175,6.0516,6.9829,-8.0545
10.948,1.4881,5.9929,6.8523,-4.6172,-0.2389,7.3683,10.9080,-8.7956
10.952,0.2628,5.3005,7.7634,-5.5058,2.2583,6.6817,13.1898,-6.9231
10.956,2.7662,3.7307,10.8744,-6.8543,2.3451,9.4852,13.7705,-7.7857
10.960,1.9279,3.6701,10.4550,-6.5852,4.3625,11.7396,12.5160,-5.6106
10.964,1.4869,4.1155,11.1134,-4.9874,5.1361,8.9271,17.7827,-4.7582
10.968,1.1043,1.4652,7.5112,-5.2911,4.5146,7.3578,15.6586,-6.0533
10.972,0.8506,0.8007,6.2483,-5.2545,1.4005,7.1672,10.9529,-2.6504
10.976,2.4012,-2.0315,6.4091,-5.6895,3.2713,4.0494,9.6281,0.0509
10.980,1.3749,-1.7350,4.4174,-7.6214,-0.0040,-0.2595,6.9292,3.0527
10.984,2.6758,-4.1287,5.2457,-6.2249,-1.8823,4.3395,3.2225,4.9095
10.988,5.7177,-4.7612,6.0612,-4.2321,-3.9440,0.8103,2.5415,4.8969
10.992,6.4349,-2.6316,7.7177,-8.1149,-3.1424,-2.3410,-2.1930,5.3101
10.996,6.6529,-3.9901,7.5415,-7.2194,-2.0454,-4.1375,-7.1560,7.7882
11.000,5.0678,-0.3916,7.9643,-11.5763,-3.0310,-5.5645,-4.2683,9.6975
11.004,3.9300,-2.6083,5.1677,-12.0865,-1.6165,-6.8101,-4.6679,7.9251
11.008,1.7217,-2.8107,5.2612,-9.3360,-0.8843,-7.5050,-7.7749,7.5017
11.012,0.3461,-2.1950,4.4399,-10.1289,-2.5272,-9.5957,-5.6269,9.0785
11.016,-0.6305,-1.7044,4.3965,-7.2395,-2.3569,-14.1895,-7.3318,6.1145
11.020,-3.8792,-4.8276,5.0725,-7.7149,-1.5043,-9.8662,-6.3000,2.7452
11.024,-7.1899,-3.0532,7.3360,-4.6229,2.2017,-9.6615,-5.5881,-1.8110
11.028,-6.1669,-1.0937,7.2809,-6.5671,2.2911,-7.0522,-2.1678,-3.8638
11.032,-6.7988,-4.0776,6.7438,-5.6126,2.8587,-5.6205,-2.0629,-9.2802
11.036,-5.2284,-4.0064,4.1664,-2.7461,6.5997,-1.5606,-1.2296,-11.3686
11.040,-4.8725,-5.1053,4.2770,-0.9939,6.8096,-0.2606,0.6050,-13.8822
11.044,-3.7311,-4.2727,4.0775,0.3819,9.3476,-1.2186,6.0284,-17.0106
11.048,-3.5402,-6.9884,5.9308,0.8534,13.0063,2.7698,9.7850,-14.0151
11.052,-1.6782,-6.0820,5.7516,1.2559,15.0372,2.2714,10.8236,-15.9950
11.056,-2.5909,-3.5140,4.9144,3.5155,14.5981,0.2844,11.0870,-11.8955
11.060,2.8376,-3.9711,4.7407,1.9412,13.4610,1.7932,7.8723,-11.3073
11.064,4.2938,-9.1789,5.5873,-0.1895,14.8300,2.8084,4.9751,-7.5166
11.068,1.9800,-7.3374,9.8179,-1.9297,16.1546,3.0530,3.4166,-5.5552
11.072,1.1602,-11.1358,8.2458,-1.1318,15.7160,6.5653,1.3504,1.3564
11.076,3.3975,-11.3567,9.7317,-0.2143,14.5884,3.8766,-3.2547,2.9605
11.080,4.8004,-11.8092,9.8972,1.4676,15.3467,4.6681,-6.1214,3.9186
11.084,4.1646,-10.4489,10.3413,-3.2797,14.3703,1.0343,-4.5034,2.1233
11.088,5.8674,-10.1474,8.7695,-4.2104,11.6257,0.4162,-3.8071,5.0602
11.092,8.2483,-13.1167,9.7310,-4.2553,10.5233,-2.1502,-6.0128,6.3198
11.096,10.8565,-15.9586,9.9377,-3.1280,8.1821,-3.5087,-6.2811,10.5076
11.100,10.5930,-14.0357,12.0775,-1.9474,8.4432,-2.6961,-9.7536,10.1897
11.104,11.6920,-16.4782,9.7572,-6.3974,8.7554,-7.5896,-9.8533,9.6655
11.108,10.7342,-14.7042,8.1377,-3.8646,11.9293,-6.2152,-11.8752,6.1122
11.112,8.6158,-14.2382,5.4243,-3.0696,8.0206,-9.6967,-15.5907,8.7063
11.116,6.8262,-10.8196,1.3664,-6.9361,4.9173,-13.2590,-15.6043,11.0054
11.120,8.0200,-9.8366,-0.2485,-6.4568,6.8725,-10.7566,-15.8128,5.3650
11.124,6.3166,-5.2602,1.8789,-3.9593,3.2478,-9.5301,-13.8703,3.1657
11.128,3.7033,-3.5706,-0.5891,-6.4088,5.8313,-10.4057,-9.8100,-1.4783
11.132,0.5645,-5.4388,-0.2323,-5.2898,4.9378,-8.7418,-7.1702,-6.5790
11.136,1.2726,-4.9649,-1.3644,-2.5800,5.6263,-4.9029,-3.1018,-6.7509
11.140,1.8022,-3.2070,-0.2788,-1.7088,7.3685,-3.8355,0.6756,-7.5467
11.144,1.5304,-4.4708,-2.2237,-0.4551,5.1431,-3.1433,4.1135,-8.3700
11.148,0.7829,-6.1647,0.7036,0.3093,7.3521,1.2731,6.1858,-8.2461
11.152,2.3061,-7.8125,0.5299,1.1962,8.5007,3.4795,5.5931,-8.9302
11.156,2.5662,-6.8534,-0.8355,-0.1451,7.9075,1.9833,5.1571,-8.8966
11.160,3.6236,-5.9452,0.2265,0.5410,10.4451,1.0418,4.4152,-7.1210
11.164,5.8690,-4.3440,-1.1850,3.1079,9.4979,1.1095,3.9578,-2.4186
11.168,5.0859,-7.0912,0.4260,3.2547,9.1307,0.9907,3.0085,-1.8187
11.172,4.2639,-2.7254,0.7357,7.2991,10.7788,1.8533,4.9686,-1.4858
11.176,3.0137,-4.8591,4.0539,5.2774,11.3456,1.5999,4.0137,0.4300
11.180,3.6248,-7.6900,6.5778,6.7334,10.3000,1.4104,2.1110,4.3751
11.184,4.2545,-6.6029,8.5450,4.6745,9.2463,2.8195,-1.9570,7.6044
11.188,1.2490,-4.9922,8.8071,4.1929,5.1383,3.8027,-6.8623,10.6558
11.192,0.4613,-6.9718,9.0341,6.1415,5.2500,3.7736,-9.3860,9.9567
11.196,-0.0339,-6.8992,7.5122,1.9388,5.1263,2.9642,-12.1396,10.6233
11.200,-1.3936,-4.9643,4.6141,0.9797,2.8281,2.9043,-15.6101,9.0677
11.204,-2.2062,-8.5463,0.8332,0.5131,3.0104,-2.2833,-17.0084,9.3072
11.208,-2.4251,-10.1596,2.6002,-2.7083,5.3339,-1.0861,-15.9553,5.8925
11.212,-2.1356,-7.6074,3.0602,0.6862,3.5129,-0.4519,-17.1363,1.4463
11.216,-4.1685,-6.6889,0.2260,2.6104,3.7000,-0.2496,-15.1362,-0.0331
11.220,-5.3250,-1.8468,0.7774,0.5905,0.1129,-2.2693,-14.0031,-1.8277
11.224,-6.3012,-2.7129,-1.8258,0.5361,2.8995,-1.0028,-13.4746,-3.6722
11.228,-7.0100,-2.0518,-2.7397,-4.7410,-1.2747,0.8567,-13.5886,-9.0948
11.232,-6.3545,1.9314,-3.2764,-4.8595,0.6340,4.9754,-9.9418,-7.9660
11.236,-6.1068,4.0408,-5.3942,-6.1038,-0.4574,4.2248,-6.9147,-11.1860
11.240,-8.7290,4.3853,-8.4380,-5.7419,1.6420,8.7362,-5.5107,-12.7192
11.244,-8.2594,1.4622,-7.7300,-6.4656,2.6183,9.9820,0.0086,-12.5177
11.248,-5.5829,-0.5935,-6.4974,-4.3920,3.9268,10.9650,0.6345,-11.1229
11.252,-5.3121,-3.6516,-8.5422,-1.3410,4.0946,11.7545,0.8952,-14.3604
11.256,-3.5490,-3.4947,-8.4177,-3.0622,7.2826,11.3138,4.6682,-12.3515
11.260,-3.4787,-6.1918,-9.7372,0.4283,5.9579,9.4902,7.3427,-12.3300
11.264,2.9357,-3.3276,-6.7449,3.1452,5.1261,5.6114,8.4516,-10.8312
11.268,5.7979,-6.1080,-6.6508,5.0157,5.3787,6.0991,9.9665,-10.5378
11.272,4.5636,-9.9248,-5.7716,3.6920,7.7482,1.3934,10.4188,-8.9019
11.276,9.1307,-6.9844,-3.0233,4.6798,8.7941,3.8194,9.5238,-5.5468
11.280,8.9712,-8.4473,-3.4371,3.5531,4.9291,5.9059,4.5414,-4.0046
11.284,9.8485,-12.5484,-3.4368,6.0770,3.4791,4.2064,1.4788,-2.1215
11.288,9.8946,-14.0002,-1.7266,4.8987,1.1715,-1.7645,-2.7146,-1.5562
11.292,8.6512,-13.9531,-2.7137,4.6221,-0.0618,-4.4637,-2.4236,1.8363
11.296,7.8984,-11.4178,-3.1131,4.8108,-1.5212,-3.3633,-5.2056,3.9791
11.300,6.3591,-7.1583,-2.3075,5.6774,-1.3973,-3.9059,-7.3931,6.0550
11.304,6.2340,-7.7407,-3.7052,2.5433,-3.1763,-6.7389,-7.3077,5.0437
11.308,6.7486,-5.6856,-3.8093,1.8617,-3.8056,-5.5470,-5.2371,3.6453
11.312,7.2472,-7.5343,-4.7039,3.4645,-1.7287,-6.2435,-6.4805,-0.3731
11.316,5.5493,-5.5242,-3.0499,0.8594,-2.4703,-5.8991,-2.9518,-3.4629
11.320,6.2443,-1.0263,-1.8665,0.9813,-0.2350,-4.6600,-1.2311,-1.8826
11.324,5.5743,3.4831,-1.4545,-0.3954,-1.4720,-7.7564,-3.2496,-7.0287
11.328,6.7024,4.8012,2.5370,0.7654,-0.4126,-9.5442,-1.8339,-7.7387
11.332,3.7986,4.2444,-1.9054,-1.1598,-1.1837,-9.3868,-2.7157,-10.3558
11.336,2.3923,4.1118,-1.8465,1.1678,-1.3042,-9.3158,3.5159,-11.1832
11.340,-0.7314,8.1567,-2.0179,4.7779,-0.6921,-9.8362,8.8671,-11.6803
11.344,-2.7049,7.7430,-1.5677,5.6078,1.5384,-2.8720,9.7888,-9.6667
11.348,-3.7002,2.4692,-2.5718,3.8046,-0.8728,-5.8199,12.0750,-12.4662
11.352,-0.9494,2.4922,-0.3083,5.1443,1.7851,-7.1336,14.4963,-14.5860
11.356,-0.6294,0.4075,-2.7927,2.2761,4.6825,-0.6260,18.5687,-10.8784
11.360,-0.8432,-2.3279,-1.3007,3.3898,8.5380,2.0327,19.0075,-9.6809
11.364,1.2240,-3.8608,0.9263,7.9804,7.0923,4.0576,19.4972,-6.4644
11.368,4.1481,-3.7153,3.6444,7.4031,7.7762,6.1261,19.7253,-5.9579
11.372,6.3210,-0.4591,4.2395,8.2811,11.2178,7.8551,18.4484,-6.9557
11.376,5.8365,-4.2116,6.1597,6.6383,11.7867,8.4875,16.6663,-1.7133
11.380,8.5130,-2.7546,4.8628,5.1019,12.9949,8.0454,11.7347,-0.1025
11.384,6.5425,-0.9823,2.5939,5.2938,11.8495,6.3861,8.7306,7.8860
11.388,7.7603,-1.2471,1.9138,0.9187,10.2714,4.3040,4.0773,9.9443
11.392,7.1693,-4.3428,0.6364,-1.1701,11.8958,0.4655,2.6853,10.4854
11.396,5.2709,-6.4504,3.0996,-3.5775,11.9320,-2.7787,0.4619,12.8613
11.400,-0.6304,-6.0407,3.2427,-3.6062,9.3419,-3.4975,0.1675,13.0368
11.404,0.0891,-5.7958,0.3935,-1.2135,9.0508,-6.5721,-2.0249,14.2038
11.408,-1.7325,-6.2003,-0.1418,-5.5841,7.1179,-4.6791,-4.9623,13.2313
11.412,2.5972,-3.4699,1.0712,-7.1760,6.4699,-6.4571,-4.8737,11.5105
11.416,-0.2074,-3.9831,-1.4004,-4.3799,5.9025,-10.9294,-7.2704,9.2938
11.420,0.5399,-5.7216,-4.0793,-3.3299,6.5280,-13.9848,-10.4038,7.8324
11.424,0.1930,-3.7832,-4.2142,-0.5910,5.1459,-14.0814,-5.9301,7.5541
11.428,2.3492,-1.4916,-5.7410,3.4061,1.5319,-16.5926,-6.9183,3.1003
11.432,3.9770,-0.2369,-6.5109,4.9063,-0.0878,-15.7677,-7.0846,3.7073
11.436,3.5055,-0.4502,-10.0028,3.7732,-0.0924,-14.2347,-3.4487,0.3796
11.440,1.4168,2.3311,-11.4630,4.7129,0.4195,-9.9929,-1.0394,-1.7147
11.444,-0.3302,-0.9046,-11.1252,4.5265,-1.6563,-8.0982,2.5064,-3.8638
11.448,-2.0757,-2.4308,-11.7986,4.7776,-1.4895,-5.4049,7.1127,-6.3866
11.452,-3.5589,0.6341,-10.7569,5.5844,-0.2036,-2.8587,10.0349,-6.4484
11.456,-0.4708,-2.3487,-5.1121,3.8921,-0.5977,-1.4541,14.7187,-4.8294
11.460,-3.6503,-3.8626,-3.7059,5.8119,-0.2738,1.7520,15.4806,-2.7450
11.464,-4.2772,-0.6567,-4.6154,7.0567,2.2839,0.3238,13.4182,-0.8275
11.468,-4.3543,-0.5965,-4.1861,7.2598,4.7451,3.9604,12.0565,-1.4947
11.472,-2.2437,0.2874,-3.2969,6.9256,7.7514,2.2432,9.5442,2.3774
11.476,-1.9796,0.1564,-0.8664,9.2889,6.5167,1.7229,9.2288,2.3224
11.480,-0.5593,-1.6141,0.1884,11.7453,7.0953,-0.1025,7.0119,6.5113
11.484,2.0724,-0.5259,-2.1189,10.4115,4.5356,-3.8752,8.4676,7.6913
11.488,5.0703,-3.4178,-2.5059,9.3103,5.6237,-8.2031,3.3504,7.6544
11.492,5.8525,-5.3814,-2.7792,10.9168,3.0208,-9.3347,0.2157,7.2685
11.496,2.7156,-3.7563,-0.6897,8.5382,5.2058,-10.4686,-2.2993,6.6058
11.500,1.2886,-4.9455,0.0184,7.9117,3.9989,-12.5060,-0.0984,8.6382
11.504,-0.6796,-3.6804,-0.4832,6.3457,3.0296,-14.9824,-2.7464,10.3323
11.508,-0.9910,-1.1398,-1.3657,4.5227,2.5867,-16.5977,-6.2167,7.3311
11.512,-3.0911,1.5885,-0.0776,0.8332,-0.0573,-16.5504,-7.0537,7.5863
11.516,-4.2722,4.9434,1.1537,-0.2520,0.8621,-15.6191,-7.1893,2.9711
11.520,-6.0078,5.8033,3.6889,-0.0337,0.1400,-16.6467,-4.3850,1.4992
11.524,-6.6233,8.1121,0.4974,0.2725,3.0214,-15.1517,0.3456,-2.3231
11.528,-6.0624,7.1039,1.4750,3.3829,2.9394,-15.4930,1.2371,-4.3749
11.532,-7.5610,8.5071,2.5483,4.8513,1.6737,-20.2337,3.5985,-8.1298
11.536,-6.8705,7.9775,1.8947,6.5296,-2.6610,-16.5983,6.2235,-8.0634
11.540,-8.6382,8.5207,1.6690,7.3168,-2.2858,-20.3396,9.4749,-10.8698
11.544,-5.9577,6.1271,2.8540,8.1031,-1.6358,-20.4535,9.8030,-10.7871
11.548,-5.4448,0.5205,3.3267,6.0952,-3.1757,-16.9421,8.6486,-11.8504
11.552,-6.3984,-2.8470,3.7263,8.1300,0.6662,-13.8185,12.4463,-14.8969
11.556,-4.3135,0.1675,6.7613,8.7477,-4.8470,-11.0627,15.0784,-14.1499
11.560,-6.4402,-2.6822,6.1513,10.6608,-2.2985,-9.0600,18.6141,-11.0128
11.564,-7.1502,-1.7507,5.2994,11.2697,0.1882,-2.4567,16.9650,-13.1883
11.568,-4.1983,-3.7381,3.1191,11.0606,1.2874,2.2368,13.6834,-10.4606
11.572,-4.7080,-4.8676,2.1156,9.0527,4.0933,3.8203,15.2826,-5.1016
11.576,-3.1127,-4.5309,2.5783,8.7446,5.9627,4.8880,14.3853,-4.2478
11.580,-1.6997,-5.0072,1.9251,5.9688,5.1031,7.7143,11.0495,-2.3903
11.584,2.3070,-3.1326,-0.1722,7.7029,9.8985,7.5478,8.6896,1.7276
11.588,2.2144,-4.2533,1.3454,2.2452,9.6964,7.8274,3.5618,4.7108
11.592,1.7928,-4.0376,4.0619,3.4671,7.9791,4.3469,-2.2071,4.3223
11.596,1.9384,-4.8713,6.1650,1.7785,5.8968,1.6676,-2.1970,7.4932
11.600,0.1653,-2.3610,6.9933,5.3339,6.8150,2.4759,-7.3560,9.1308
11.604,2.3014,-0.4049,4.5765,6.0410,8.2450,4.6390,-9.1550,8.2046
11.608,1.5769,2.2467,2.9958,5.9788,5.8162,4.3447,-9.8736,6.3624
11.612,-2.1515,2.8974,0.8175,3.2972,5.3246,1.8448,-9.3869,4.3037
11.616,-3.6446,1.2546,2.6960,3.8825,5.6406,1.2034,-9.6916,1.3338
11.620,-2.9531,2.2772,1.7977,1.3580,2.3713,-0.2132,-8.3537,-1.6797
11.624,-1.2889,1.9937,1.4287,4.3770,0.0722,-5.2640,-8.1635,-6.2693
11.628,2.2344,0.5925,-0.6504,3.4718,1.1562,-3.4175,-5.6717,-8.7389
11.632,-0.3207,1.6919,-0.3346,4.9163,1.1851,-3.5508,-3.7743,-11.0316
11.636,4.9347,-0.6971,-1.1149,4.5503,0.9526,-6.5148,0.4496,-8.6897
11.640,3.9262,0.5360,-2.1802,6.3078,3.1975,-4.8418,-1.6499,-11.4736
11.644,4.1582,2.8714,-3.2804,8.7203,0.9827,-6.2856,1.5489,-12.8309
11.648,2.8957,-0.5812,0.6630,11.9085,0.4694,-4.1263,2.9023,-15.2977
11.652,4.3568,-0.5888,-2.6311,9.2428,-1.3010,-1.9285,3.8348,-10.6246
11.656,2.0798,-3.8087,-4.9961,10.0454,-4.8110,-3.3780,5.4573,-9.2423
11.660,3.3584,-2.8276,-6.7693,10.0707,-2.9023,-1.3258,7.6648,-5.4463
11.664,4.3283,-6.0264,-7.7451,9.6567,0.1939,-2.7437,8.8687,-7.4093
11.668,4.9331,-2.1091,-7.9284,6.7799,3.3329,0.6898,9.3164,-1.2383
11.672,3.1036,-5.9782,-5.9658,1.4463,4.4895,1.2476,13.1683,1.1970
11.676,2.8188,-2.7194,-7.2754,-2.3268,6.5851,-0.7043,11.1452,3.7114
11.680,1.5074,-2.5500,-2.4635,-0.9635,7.0019,-2.1887,6.1431,1.9273
11.684,1.6738,-2.5497,-2.4199,-5.9361,6.9793,-1.8841,1.2189,2.9741
11.688,3.8148,-0.5347,0.9274,-6.6047,10.5507,-2.0008,0.3145,4.3245
11.692,3.4432,-0.6585,2.9162,-7.3004,7.9432,-5.8294,-0.6264,6.0772
11.696,0.9087,2.5279,-0.5392,-7.3120,7.9462,-4.4584,-4.7378,5.1511
11.700,-2.5329,-1.1416,0.8177,-8.5976,9.8950,-4.3758,-9.4869,5.7931
11.704,-5.8274,1.3265,0.1986,-6.5300,6.7750,-3.5325,-9.3499,5.7177
11.708,-4.9009,2.3482,-2.7211,-7.1593,5.2934,-4.2945,-10.7149,4.5768
11.712,-6.9815,0.4020,-2.0665,-4.4134,6.9082,-5.6887,-8.8732,2.2030
11.716,-8.8085,0.8295,-2.1431,-4.7007,4.7107,-3.6623,-9.0281,-2.5116
11.720,-6.8433,4.4139,-2.0397,-6.8095,5.6978,-3.6680,-7.2076,-3.9529
11.724,-5.1054,6.0329,-0.4182,-8.4261,3.8540,-9.8889,-4.7447,-7.7088
11.728,-8.1656,8.4481,-1.6418,-9.7699,4.8341,-9.3406,-3.3450,-11.4417
11.732,-7.9333,10.8591,-1.4286,-8.3111,8.8609,-10.7643,-4.7404,-9.3735
11.736,-6.8345,16.3114,-1.8182,-9.0974,6.0026,-12.0039,-2.8940,-13.0350
11.740,-3.9199,18.4020,-2.3042,-8.7015,0.3694,-12.7608,-0.0272,-14.2784
11.744,-0.9484,20.7590,-6.1124,-8.3771,2.6952,-9.7748,-2.2806,-13.7969
11.748,0.8835,18.9843,-5.9504,-6.4339,2.2013,-13.4025,1.2491,-13.2466
11.752,4.5750,18.4463,-10.2396,-4.3715,2.4292,-12.3645,4.7904,-11.1744
11.756,7.5756,18.3411,-14.5450,-4.3079,2.5234,-12.4198,5.0008,-8.9696
11.760,6.1491,16.0269,-14.3040,-2.2286,3.2988,-10.3081,10.7284,-7.0224
11.764,7.0176,12.9912,-14.6671,0.4290,2.5373,-9.5805,7.6324,-7.1983
11.768,7.5968,13.0116,-15.1807,0.4388,0.9107,-8.7052,7.7213,-3.6877
11.772,3.7698,10.0909,-12.9077,-0.3045,2.2226,-6.2053,3.1269,-1.5848
11.776,0.8428,5.6404,-13.2286,0.1288,3.0150,-0.0520,2.6538,1.5318
11.780,-0.7825,3.2723,-9.8815,3.4333,5.9204,-0.2330,-0.1024,3.6710
11.784,1.0413,3.6596,-7.4879,2.3468,6.6027,2.2122,-5.6572,6.8592
11.788,0.6651,-0.7262,-8.4801,-1.2497,5.8586,3.8195,-7.3697,8.3115
11.792,1.6113,-1.5428,-8.1154,-0.3583,6.4127,5.1374,-8.3691,10.5331
11.796,4.4477,-3.1616,-5.6038,-1.6416,5.3001,5.7822,-10.3074,9.1671
11.800,2.0020,1.3410,-5.8296,-4.6402,3.1929,3.5908,-9.9479,10.9258
11.804,1.0409,0.9704,-3.0908,-5.5749,4.3623,5.0005,-10.7172,9.1316
11.808,2.3043,3.5637,-2.7111,-4.4030,1.1043,6.7413,-11.3672,8.5610
11.812,0.2699,4.7375,-2.0783,-6.4887,1.7012,6.2140,-11.5447,5.1359
11.816,1.2332,5.9494,-0.3073,-6.0460,0.3765,5.7130,-14.4667,2.6129
11.820,-3.5669,5.7993,2.2616,-10.2173,2.0198,3.3635,-10.5240,-3.3927
11.824,-2.2282,2.6430,3.6209,-8.1328,4.1588,1.7641,-10.6684,-2.8780
11.828,-4.1654,3.8625,2.6777,-7.5092,5.5119,-1.5998,-8.6066,-7.0253
11.832,-2.2482,5.1534,3.6046,-9.1759,4.0241,-1.6595,-5.0981,-8.1860
11.836,-2.5479,7.8811,2.7468,-8.1254,2.4101,-6.0781,-3.3167,-8.8597
11.840,-0.4599,5.8945,-0.5936,-7.7419,3.9708,-3.6137,-0.2648,-8.0361
11.844,0.3146,3.7265,0.1103,-7.8801,1.8531,-3.3106,1.9284,-6.9380
11.848,1.7537,0.4419,0.4326,-8.5222,-0.7663,-2.2312,5.8404,-6.9250
11.852,1.4385,4.6100,0.4152,-6.8923,1.2083,-1.7396,7.7948,-4.2773
11.856,2.0690,3.7757,0.3209,-7.5039,0.3140,-1.6254,8.2406,-5.4602
11.860,3.4181,4.8714,-2.7471,-7.1888,-1.1486,-1.8413,8.1878,-2.4903
11.864,2.0200,0.5981,-2.1640,-5.5825,-3.3580,-3.3557,7.6749,-2.7102
11.868,4.2311,-1.0230,-3.2323,-4.8578,-0.3875,-6.6681,3.1587,1.7239
11.872,1.1935,-3.8327,-4.0233,-3.4836,-1.7664,-4.2686,5.9964,-0.2180
11.876,4.4979,-3.4333,-1.6271,-3.1709,-0.6857,-4.7117,4.2053,0.1767
11.880,2.5252,-3.1621,-0.7026,-3.0368,2.8856,-4.8111,4.2898,0.8765
11.884,3.1430,-5.6340,2.7037,-1.9093,2.8714,-2.7944,2.2798,3.0797
11.888,1.1307,-4.6164,2.1397,-2.8665,3.7316,-1.5858,1.3014,7.0134
11.892,-0.2508,-2.1005,-1.8812,-3.7440,7.5116,0.8946,-1.2746,9.6267
11.896,-2.9725,-2.6378,1.6928,-0.8226,5.4948,-2.0563,-4.2568,8.8143
11.900,-1.8274,-3.2295,1.3698,-1.4167,4.8905,-2.2932,-8.6584,7.8235
11.904,-2.9575,-1.7272,1.4077,-5.7285,5.0198,0.1930,-9.0791,4.4744
11.908,-0.0274,-0.8935,2.5341,-4.0732,5.0229,0.9147,-12.3401,3.1091
11.912,0.5369,-1.3451,3.5965,-4.9740,2.6715,-1.3437,-11.5561,3.0930
11.916,0.9541,0.5618,3.8049,-2.8549,1.6428,-6.2458,-13.6322,-2.2374
11.920,2.3796,2.2488,4.0569,-5.9375,3.7858,-3.8739,-13.5333,-3.0852
11.924,4.0124,5.2122,2.3707,-6.2604,5.5105,-5.8405,-13.7091,-2.7102
11.928,2.7003,3.2786,5.1345,-3.8178,5.3833,-6.7264,-13.2635,-2.7614
11.932,6.3696,2.0418,7.3483,-3.1969,6.8007,-10.3300,-9.3506,-6.2936
11.936,6.1975,2.6065,4.8192,-1.9087,6.5866,-9.2845,-5.0644,-6.9606
11.940,4.5093,1.1474,4.5267,-0.0310,5.5750,-6.4314,-3.4967,-7.4220
11.944,3.6648,1.7558,3.6199,-2.1384,3.8392,-6.6426,-0.6675,-4.5902
11.948,7.7780,4.2768,2.3299,-2.0215,4.0542,-9.9447,0.2360,-5.3931
11.952,11.7360,-0.2592,1.0388,-3.6644,1.6595,-11.5032,2.5618,-4.1765
11.956,9.2991,0.6220,-0.1958,-4.2742,-2.1664,-14.1016,3.8890,-0.4321
11.960,13.9022,-1.0290,-0.5153,1.9010,-4.7744,-12.4322,4.4495,3.2928
11.964,14.9763,-2.8740,-2.9119,-0.2803,-5.9836,-13.0303,3.0037,3.3085
11.968,17.5237,-0.5505,-4.7834,-0.6558,-6.0521,-10.4631,2.5817,5.6817
11.972,15.4789,-4.1218,-3.3296,-0.9377,-6.2862,-11.5168,0.5336,8.6736
11.976,15.0957,-6.6985,-2.7200,-0.0758,-5.6999,-12.1007,1.6442,9.7904
11.980,13.2278,-9.0139,-0.8039,0.2214,-6.7389,-4.4133,0.9092,13.8870
11.984,8.5511,-10.9885,-0.0143,-2.4012,-3.9380,-2.8360,1.9717,14.4179
11.988,8.8213,-8.5351,-2.2503,1.5475,-3.8175,-0.8895,-1.0251,14.8761
11.992,6.6539,-5.7292,-3.0092,2.2612,-1.8954,3.0312,-3.9088,19.4130
11.996,5.4383,-5.4468,1.4248,-1.1238,-2.6876,2.7200,-4.5116,19.3633
12.000,5.8088,-4.7296,2.1842,-1.6230,-1.0220,5.1008,-10.6742,15.5255
12.004,4.8243,-2.1210,4.4244,-2.0385,-3.3191,3.0739,-12.1029,15.5188
12.008,3.3678,0.3226,7.9136,-5.1807,-4.1274,2.8688,-14.1891,13.3782
12.012,1.9456,2.4812,9.9359,-7.2762,-2.5014,-1.3028,-15.7679,8.1252
12.016,2.3403,-1.0623,12.7743,-12.0887,-3.4957,-2.9139,-13.3941,9.7593
12.020,1.0441,-0.0651,13.6607,-9.9277,-0.7910,-3.5208,-12.5023,6.4443
12.024,1.7744,-2.6950,11.8698,-10.7693,-0.7413,-2.2205,-11.4762,2.4289
12.028,3.1723,-2.5159,11.1703,-6.9841,-4.1452,-4.0567,-9.2092,2.7035
12.032,2.1604,0.3270,8.5046,-6.4225,-3.5870,-0.8932,-6.9557,-1.0365
12.036,0.9116,-0.1630,9.7465,-6.7617,-4.4462,-2.6583,-5.3159,-1.4993
12.040,-1.6189,2.3058,8.4602,-6.0167,0.5077,-4.2401,-2.8505,-2.7042
12.044,1.2066,2.5422,6.9472,-1.8059,-1.5302,-5.2462,-0.3802,-1.6199
12.048,0.9360,0.7384,9.8135,-0.8716,-3.1553,-6.4235,1.4530,-2.8992
12.052,-0.9885,1.9290,6.7483,-0.1245,-2.9436,-9.6169,2.0735,-3.6595
12.056,0.5225,-0.0841,7.6607,1.6269,-5.2479,-9.4627,5.7331,-2.0700
12.060,1.4247,2.0902,7.6621,2.8400,-6.9362,-12.6088,6.7619,-1.0907
12.064,2.1952,-0.5420,6.0232,0.2230,-6.8175,-12.5352,8.2655,0.6177
12.068,0.4216,-2.9424,5.7746,0.8807,-7.3390,-12.6707,10.6543,-0.1398
12.072,1.1588,-4.6517,5.0259,-1.3405,-5.1604,-11.3007,10.7423,6.5314
12.076,0.9317,-3.6074,2.0222,0.6729,-5.7222,-9.8787,7.4276,6.4501
12.080,2.3564,-3.0312,-0.1325,1.3844,-4.4828,-8.6012,4.3287,7.1325
12.084,1.2983,-1.4550,-2.2151,3.7718,-3.0899,-9.1176,1.4046,8.7253
12.088,0.4486,-0.9503,-3.6016,3.0710,-2.7647,-8.7768,-4.8099,8.5306
12.092,-3.2750,-0.9780,-2.9127,2.0578,-0.5194,-5.5832,-8.3638,10.3656
12.096,-1.2383,-1.5585,-0.5653,3.1209,5.3807,0.5697,-11.2257,6.4087
12.100,-0.6735,1.0092,-2.6572,3.4770,5.5579,-0.8208,-16.6451,8.2926
12.104,-3.1408,4.0743,-2.3618,2.1454,4.1512,-0.1751,-14.7133,6.7122
12.108,-3.0096,1.2204,0.0730,0.7889,4.2371,-0.4997,-17.1791,4.1967
12.112,-4.0786,-1.7998,2.7632,2.1467,5.0561,-1.5311,-16.5969,0.0719
12.116,-3.6446,-3.8395,0.4899,1.6768,3.5361,-0.6174,-15.3029,0.1482
12.120,-0.1483,-3.4122,0.7339,0.2874,4.3519,-0.8478,-17.7052,-3.8737
12.124,-0.2707,-1.9398,-3.6381,-0.9960,3.0550,0.7879,-15.1666,-4.7330
12.128,0.8575,0.0280,-2.2443,-1.0338,2.3798,2.4908,-12.0342,-5.3100
12.132,2.0035,0.2449,-1.3778,-4.6840,5.3835,5.6331,-10.3181,-6.5949
12.136,2.7467,2.6094,-0.5998,-2.4591,3.2595,6.4528,-7.3167,-6.4866
12.140,2.3824,3.2307,-0.6934,-1.1752,1.7679,3.5502,-8.6284,-10.0953
12.144,5.0905,2.9581,0.5243,2.4159,0.4998,4.0447,-5.5188,-10.4432
12.148,5.6870,5.0398,2.4105,-1.0541,-3.4624,2.0945,-5.4202,-9.2190
12.152,5.3691,1.3997,1.2124,3.8453,-2.8881,0.5817,-1.7897,-10.5562
12.156,6.8158,1.0326,0.3017,4.6946,-5.5222,-2.4426,3.0543,-8.3770
12.160,8.0920,-1.4034,-0.1731,3.6139,-3.7934,-2.0086,1.8238,-7.8179
12.164,7.7911,-1.8866,-1.1384,5.7465,-7.7970,-6.3547,2.0068,-5.3810
12.168,6.2283,-4.3123,-3.1089,4.6210,-9.9537,-3.7046,1.8467,-3.4451
12.172,6.3950,-6.2943,-3.5749,3.4154,-10.0789,-3.6149,-0.3902,-2.9832
12.176,4.6485,-8.3303,-3.2251,2.7201,-10.4179,-2.0372,-4.7593,2.9288
12.180,2.2311,-5.9970,-5.2712,1.4878,-11.1039,0.1393,-4.4993,2.6313
12.184,2.4268,-6.0333,-4.3495,3.1784,-11.7152,1.0844,-3.6071,8.2385
12.188,-0.4007,-3.8703,-6.3175,2.7119,-10.9637,3.0374,-6.5610,11.0571
12.192,-2.0085,-3.3167,-5.8851,3.8388,-10.0122,3.3682,-8.1047,7.5014
12.196,-5.3242,-1.2891,-6.3471,3.5178,-5.8968,4.2790,-7.6996,6.8950
12.200,-4.6046,-0.3841,-3.7428,4.0687,-6.7775,6.0718,-8.6891,3.2686
12.204,-4.6426,0.0997,-2.3037,4.4732,-4.0889,7.5469,-9.2364,2.1009
12.208,-4.1113,2.3835,-3.0875,6.5249,-2.3384,5.4838,-10.8633,-0.8611
12.212,-3.6452,1.9367,-1.4577,4.3930,-3.7855,5.3107,-11.0789,-5.2919
12.216,-6.9386,3.6195,2.7568,4.9165,-0.6400,6.3358,-9.5104,-10.4927
12.220,-5.2923,5.4779,1.7667,7.3555,-1.7007,6.3549,-9.7283,-10.0788
12.224,-3.8900,6.0067,3.5722,4.3724,1.1370,4.3824,-9.9366,-12.6025
12.228,-0.6558,10.1019,3.1343,1.7231,1.4799,4.3368,-7.1381,-15.8936
12.232,1.0087,14.1149,2.7688,4.2614,-0.5572,-1.6301,-1.9464,-17.5650
12.236,2.5824,14.8033,4.8363,3.9431,0.7285,-4.0975,1.4953,-20.2875
12.240,5.0944,14.1828,5.9680,3.5093,-0.6946,-6.6784,3.0785,-18.8342
12.244,4.6864,14.6843,5.2902,3.8340,-0.1349,-11.7403,10.8753,-16.1452
12.248,3.3355,14.7653,8.6568,5.9730,-0.5379,-12.9134,12.3639,-12.0845
12.252,4.9117,16.1056,5.2943,3.6737,-0.7813,-16.1217,16.7964,-14.6883
12.256,5.0860,17.1596,6.7391,8.0680,-0.4497,-18.1862,15.3984,-14.5517
12.260,4.3993,8.4926,3.7277,5.9929,-2.0564,-16.7701,15.7632,-11.0611
12.264,5.4027,11.6759,6.3274,6.5737,-2.7291,-16.6825,15.9600,-5.9461
12.268,2.2840,13.2158,2.8863,3.2866,-3.2264,-13.4689,11.0941,-0.4575
12.272,0.0837,11.4513,0.9970,4.5493,-4.3902,-15.5884,11.5481,0.2673
12.276,1.8255,11.9275,1.0376,2.1283,-3.5831,-11.7244,13.4419,4.9942
12.280,1.7728,11.0548,0.4776,1.0859,-4.1809,-8.6288,8.4842,3.1860
12.284,0.7032,7.9808,1.3272,-1.7649,-5.2936,-7.7113,8.0882,6.3003
12.288,0.1141,9.9327,2.6943,-3.8160,-7.5476,-5.1874,6.1243,8.0137
12.292,1.0836,12.0989,2.7169,-4.5516,-5.2540,-3.3116,3.4287,7.5373
12.296,0.0757,10.3649,2.2044,-5.1425,-3.3950,-2.3532,-0.2777,5.7064
12.300,0.0956,11.8289,2.1639,-5.4755,1.2291,-3.1515,-2.3655,8.8327
12.304,-3.2412,12.4790,0.3635,-9.1574,2.9702,3.4779,-4.4691,8.4454
12.308,-5.1132,14.3278,-3.3490,-11.3266,2.2231,-0.3036,-7.1789,8.6127
12.312,-4.7430,12.0979,-4.3292,-7.9554,3.3207,3.1160,-11.7491,3.2819
12.316,-3.3250,12.2506,-3.8672,-10.0129,0.7257,4.8121,-11.8925,0.0754
12.320,-3.0393,14.9165,-0.8091,-11.4762,-0.4591,7.2426,-11.7011,-1.3893
12.324,-1.5923,13.1624,-2.9001,-11.3475,-0.5012,6.0673,-6.5449,-2.1069
12.328,1.1930,17.9593,-1.4375,-13.6458,-1.8629,7.4085,-4.1376,-3.5558
12.332,0.7943,14.6757,0.1295,-14.7677,-5.7555,6.4035,-3.1243,-6.7463
12.336,3.5161,14.3969,1.7697,-13.6434,-6.0676,3.2461,-1.3301,-8.6054
12.340,3.1455,13.5543,1.5630,-11.5416,-5.5977,2.0402,2.7404,-8.3735
12.344,6.7450,14.2331,3.7920,-10.6812,-5.5704,-0.2254,4.8908,-7.8251
12.348,6.0396,16.0811,5.7940,-10.7663,-3.1085,-0.6470,9.9136,-10.4897
12.352,9.1416,13.6083,3.9840,-8.4223,-3.7944,-0.2915,11.4132,-8.9841
12.356,9.3798,13.0627,1.9131,-7.1634,-5.4537,-1.0676,13.3352,-5.5454
12.360,7.3105,13.5899,0.3811,-2.4081,-3.2841,-2.1951,14.3989,-4.5584
12.364,3.4476,10.1223,2.2025,-5.5921,-3.9910,1.0248,14.9466,-1.6583
12.368,3.9882,9.1938,0.6903,-0.1467,-4.1052,1.6012,15.6927,2.0443
12.372,3.2674,9.8909,-2.3164,-1.2207,-3.3192,1.4340,15.9287,-1.0159
12.376,1.8604,5.7947,-0.7588,1.0540,-4.7919,0.2025,12.9599,3.4832
12.380,1.4307,5.4974,1.4199,3.8880,-7.1746,0.5641,14.8562,4.3530
12.384,1.5358,8.5737,4.7548,4.4767,-9.0687,-0.5384,14.3837,6.3203
12.388,1.3166,8.2230,3.9474,5.4183,-8.0240,0.3915,12.6739,10.6564
12.392,-1.6401,10.4327,1.7620,7.0363,-7.0289,1.4643,7.8360,6.9124
12.396,-3.4002,10.3670,2.7989,4.1232,-0.7214,2.7528,10.6442,5.9106
12.400,-3.4002,7.6521,3.7928,1.0416,1.2134,3.1640,7.3420,6.6294
12.404,-3.2528,10.1026,4.0192,1.8763,1.4147,4.5596,7.2914,2.3959
12.408,0.9310,12.0616,5.0398,0.2154,2.3979,6.8694,6.1432,0.3209
12.412,0.1474,13.6993,3.3308,-0.6658,3.8577,11.1820,4.1168,-4.6908
12.416,0.7768,14.4895,5.4670,1.9450,2.5904,10.3710,3.1163,-6.3164
12.420,1.6778,16.8546,8.2133,1.6717,4.5199,8.9665,5.0714,-7.6038
12.424,-0.6451,17.2731,7.2727,1.7178,4.4064,7.2105,4.9280,-7.2815
12.428,-0.0599,15.5475,8.8353,0.1646,3.6158,6.7169,4.3967,-10.0928
12.432,1.8029,19.3101,8.8600,-2.0321,6.3623,4.2501,8.2120,-12.8375
12.436,0.5513,18.3300,11.3575,-6.0798,5.8012,0.9367,5.3071,-16.6327
12.440,1.9546,18.9343,9.5252,-6.1397,4.6281,0.3738,5.4410,-18.9450
12.444,4.2384,17.9391,8.4503,-5.7331,6.7744,-0.3217,6.3951,-20.9332
12.448,7.5972,17.3309,8.0669,-8.8306,4.0211,-0.0128,7.3386,-19.2847
12.452,9.2796,13.2137,4.4656,-7.7403,4.7803,-2.8688,9.0052,-16.6732
12.456,8.2399,10.4350,2.8305,-7.6045,4.6012,-3.7429,10.4259,-17.3744
12.460,11.4214,7.4285,2.9578,-5.5251,6.9135,-0.1208,16.1756,-11.9082
12.464,10.2220,4.4228,0.7669,-4.7368,4.5238,-1.8847,14.8292,-6.4919
12.468,8.7891,3.9572,-0.3090,-4.5305,3.0366,-2.1012,12.6580,-3.9953
12.472,5.6181,-2.0776,-1.5718,-0.8222,0.5450,-0.1470,11.1543,-3.2760
12.476,6.4215,-2.9921,-0.9649,-2.6499,-2.1842,-2.2005,7.0128,-2.8360
12.480,5.3914,-1.9615,-2.3606,-0.3816,-5.0885,-1.8405,1.9639,3.0373
12.484,1.7362,-0.9620,-3.5624,-0.3296,-5.9987,-4.8799,-2.0750,6.0874
12.488,1.9189,-2.9540,-3.4297,1.6207,-6.6683,-2.6045,-5.5435,5.2927
12.492,3.2940,-2.4641,-5.3035,3.2142,-6.2289,-0.6913,-8.3364,6.8808
12.496,-0.0152,-5.5963,-8.1801,1.1988,-3.7201,-0.3818,-10.1207,10.2469
12.500,-1.9498,-2.6860,-6.9730,0.5779,-1.9938,-0.4830,-12.2029,7.3394
12.504,-0.2365,-3.1696,-7.0014,4.2073,-0.6827,-0.6223,-12.8942,8.2035
12.508,3.5364,-3.7801,-5.9794,0.1346,-0.6258,3.0201,-16.3127,8.6124
12.512,3.4803,-1.9466,-7.3913,-2.1361,0.6669,4.7112,-15.6220,8.7535
12.516,6.2738,1.9040,-5.3171,-3.9846,2.0390,6.2030,-17.1223,7.5862
12.520,4.6467,1.0824,-1.3859,-4.5367,3.9501,10.7058,-15.2434,6.2348
12.524,8.8557,3.6235,0.1254,-4.9048,5.3801,10.6098,-14.6248,1.3571
12.528,6.2069,4.3807,1.6383,-5.7528,4.8079,10.1027,-13.1666,-5.2959
12.532,6.8410,2.9797,1.4962,-3.9092,3.5554,10.4169,-11.2669,-4.7487
12.536,6.1307,-0.0622,2.0312,-5.8093,3.8822,6.0039,-12.4120,-7.5787
12.540,7.4612,-1.0673,1.2385,-5.7948,4.1708,4.2189,-10.8824,-9.8144
12.544,7.8353,-0.3617,0.1178,-3.7220,3.5058,5.5966,-7.2883,-11.2276
12.548,7.1326,-0.8467,2.7624,-7.1088,3.6674,3.7734,-3.4744,-9.4715
12.552,10.1509,-3.6601,4.1904,-5.3851,2.0683,3.4829,3.4545,-7.5993
12.556,8.9397,-3.9018,5.3709,-5.6694,0.9820,1.8805,4.4873,-10.2180
12.560,8.3247,-4.4974,6.9368,-6.4148,-0.2116,-0.3249,6.1275,-6.9594
12.564,8.8214,-6.0300,6.9446,-4.9678,-2.2502,-1.4856,8.4615,-6.4219
12.568,7.1954,-8.3583,6.3415,-1.7509,-2.1194,0.6958,8.5583,-4.7739
12.572,5.5270,-6.6893,6.3366,-1.5156,-1.6812,-1.0846,7.9097,-0.9833
12.576,3.8196,-7.0217,8.3932,-1.9934,-2.1519,-0.0233,3.8248,1.2235
12.580,1.4807,-4.2234,9.2472,-1.5474,-4.6839,-0.9198,2.7102,-0.6268
12.584,2.6454,-7.0952,7.0100,-1.0861,-7.0184,-3.3314,-0.5424,-0.0136
12.588,1.9884,-6.1616,5.9834,0.3172,-8.7959,-6.5011,-1.0257,-0.5442
12.592,-1.9326,-9.1028,1.6531,2.0062,-7.2785,-5.6454,-4.3296,-3.1350
12.596,-3.2139,-8.3818,1.1116,2.5275,-7.3468,-8.1124,-3.6987,-0.2259
12.600,-2.9441,-5.9998,0.7219,-0.0063,-6.6186,-7.8311,-7.0753,-2.4958
12.604,-2.6072,-5.5963,-0.4697,-1.3370,-5.8579,-5.4229,-5.3566,-6.0921
12.608,1.0337,-6.2428,1.2061,-1.3665,-6.7984,-7.1138,-8.1270,-6.3676
12.612,0.4249,-6.7292,1.1835,-1.5050,-5.9305,-3.8976,-8.2247,-5.0494
12.616,2.2606,-6.4599,1.0605,-6.6163,-0.5664,-2.8822,-9.2215,-5.7536
12.620,4.2630,-7.0651,0.9090,-10.2164,0.8845,-4.2929,-9.5360,-3.7329
12.624,3.3086,-3.6729,-0.0185,-10.4803,0.9479,-3.7776,-11.0427,-6.2988
12.628,3.4235,-5.8660,-0.8598,-9.2242,2.7922,-3.1787,-11.2099,-8.5269
12.632,4.5518,-2.6408,2.5463,-7.9601,3.5060,-2.3082,-7.9120,-11.1125
12.636,2.8408,-1.2822,1.6559,-6.9735,3.2700,-0.3298,-3.6558,-11.7486
12.640,3.2107,-2.3351,0.0487,-7.5263,3.6885,-1.7008,-0.1496,-13.8852
12.644,4.6280,-2.0056,1.0552,-4.0651,4.4838,-0.4464,3.7604,-11.2763
12.648,5.5868,-5.7252,-0.9076,-3.4721,4.1727,0.0294,5.0876,-9.3916
12.652,7.5263,-5.3528,-0.0033,-3.4850,6.3683,4.1505,10.7829,-10.3195
12.656,8.0228,-6.5840,2.9341,-4.5574,7.8710,2.8334,10.3999,-5.7443
12.660,4.4489,-8.3421,2.2333,-4.1420,5.0407,2.5173,10.2705,-1.5516
12.664,7.1510,-10.7018,2.9795,-5.6557,6.6555,2.6275,5.6113,2.9945
12.668,7.1595,-7.6327,4.1237,-1.8334,5.0791,-2.9903,6.0956,6.5509
12.672,7.4681,-7.6695,3.2055,-0.0493,5.7218,-3.6582,3.3969,10.1364
12.676,5.7622,-13.1079,0.6483,1.3600,4.9869,-2.2232,0.8251,11.4825
12.680,2.5473,-11.8134,0.7706,3.1923,3.6026,-4.2673,-1.6684,10.8894
12.684,0.7128,-14.4335,-2.2730,3.2782,1.8914,-4.7483,-2.7524,13.5544
12.688,-3.4504,-14.6417,-4.1402,-0.3701,-2.8720,-1.7852,-4.4863,15.8454
12.692,-3.5545,-14.5475,-6.4514,-0.5274,-4.0466,-4.1886,-8.0066,17.0379
12.696,-4.7351,-13.6214,-4.5663,2.4907,-5.6511,-2.8759,-9.4836,16.6194
12.700,-6.1117,-14.1990,-4.8085,2.1788,-3.7631,-1.1147,-13.4612,14.8064
12.704,-9.0302,-11.1166,-5.1955,3.9329,-4.7117,-0.8221,-15.2274,14.5290
12.708,-8.5203,-11.7503,-8.1437,4.1015,-5.7329,0.6778,-17.1425,12.3884
12.712,-8.4856,-9.8366,-7.1359,3.0387,-2.9246,2.5357,-18.2367,7.4258
12.716,-8.4138,-9.6275,-7.1108,0.1459,-2.7191,-0.7077,-20.4754,3.5116
12.720,-7.2836,-10.3539,-6.7738,-0.2847,-2.1155,-1.0324,-19.6501,0.2560
12.724,-8.4020,-8.4758,-7.5761,-0.2803,-0.1106,0.4463,-19.9402,-2.9135
12.728,-6.0296,-4.8272,-7.1401,-0.7916,-1.0789,-1.8318,-15.5506,-4.9077
12.732,-6.0798,-6.5952,-4.0686,-5.5050,1.3568,-8.0136,-12.3746,-7.0460
12.736,-6.9071,-9.3501,-2.7237,-6.4564,-0.0168,-6.9026,-9.8768,-6.2651
12.740,-4.4629,-8.6713,-2.0124,-6.3984,1.0584,-4.6337,-6.0310,-6.2111
12.744,-6.5053,-5.7592,0.9365,-6.7086,1.4793,-5.1425,-1.7607,-5.8808
12.748,-7.0602,-7.4238,2.3684,-5.4513,1.8055,-7.5247,-0.9654,-4.5338
12.752,-5.1330,-8.5295,4.8508,-5.3550,3.8618,-4.7444,2.3192,-5.6104
12.756,-4.6551,-9.4681,6.2623,-3.0555,4.7048,-4.6262,3.0849,-3.6692
12.760,-7.0579,-9.5822,7.4727,-3.4028,3.9901,-4.7992,1.9454,-0.9296
12.764,-5.3601,-9.0348,7.2964,-4.9144,3.7400,-7.2182,5.1074,2.9933
12.768,-5.4062,-10.7782,5.1132,-2.7870,5.9277,-6.6434,4.9354,5.0096
12.772,-2.0294,-7.1258,6.7756,-2.7916,3.2903,-9.2542,3.3801,6.1080
12.776,-1.2637,-8.5954,7.0345,-2.2649,4.4251,-13.5592,6.2218,10.3619
12.780,-3.1662,-8.0263,5.4179,-3.7917,2.4927,-15.1470,3.9898,9.2994
12.784,-4.1317,-7.4543,-1.7362,-4.6157,1.9704,-13.6533,3.6597,8.6488
12.788,-3.0290,-6.6559,2.1991,-2.8284,0.3687,-13.9836,1.1653,9.2640
12.792,-1.2646,-5.7180,0.6966,-2.6897,-2.0557,-14.1722,-3.8291,10.4355
12.796,-2.9372,-4.1676,-1.7689,-0.7678,-1.1529,-14.8664,-7.4959,10.7740
12.800,-2.8424,-2.3846,-0.6395,-2.1344,-1.7185,-12.3129,-13.0873,14.2102
12.804,-3.2480,-2.8242,2.6002,-2.1574,0.5996,-10.3442,-14.5119,13.1802
12.808,-0.4165,-0.1487,0.0865,-1.5170,0.6500,-8.3465,-14.4534,9.1834
12.812,-1.1833,-0.2574,-3.7827,-2.5093,1.7298,-8.9321,-10.5421,7.0612
12.816,1.8350,1.4003,-5.7595,1.1724,2.2414,-6.9879,-11.1749,4.6322
12.820,3.7208,5.9570,-6.9738,2.7623,4.0702,-6.0772,-8.0555,0.8396
12.824,3.9088,4.7755,-6.8143,2.2939,4.9945,-3.5241,-5.7574,-1.4155
12.828,6.8818,3.6890,-8.1940,0.4193,5.6564,-3.5199,-0.8416,-6.7566
12.832,9.6212,4.6334,-8.3225,-0.5120,3.7911,-2.9480,-1.0659,-6.7540
12.836,12.2386,6.9655,-7.9159,-1.3214,4.4283,0.5948,0.9341,-7.8307
12.840,14.0645,2.6789,-5.9535,-3.8269,5.1317,1.8799,0.9640,-8.8419
12.844,13.5000,-0.5273,-6.1348,-2.7840,4.4456,4.0251,3.6814,-11.1696
12.848,9.4025,-5.7624,-7.4686,-5.4045,4.8818,6.8005,3.5543,-5.5475
12.852,4.4362,-3.7285,-7.2973,-9.1149,6.5643,5.8061,7.2436,-3.5011
12.856,3.4483,-7.2655,-6.7181,-3.3505,8.1022,3.5451,9.0822,-2.7084
12.860,1.5898,-6.8309,-4.8211,-3.0991,10.0082,2.4646,11.4839,-1.3434
12.864,-0.2668,-10.6903,-5.4565,-0.5662,11.8150,2.4342,11.3910,1.7763
12.868,-1.4861,-10.5713,-5.9609,1.0270,7.9628,1.8075,13.4642,5.4345
12.872,-2.1704,-13.5747,-5.7575,0.3275,8.6813,0.1894,12.9731,9.1360
12.876,-4.6048,-12.3309,-5.3841,-2.0803,3.4110,1.2346,11.4745,10.4350
12.880,-6.3313,-11.0992,-7.6894,3.2234,5.2038,-0.2723,9.7486,14.6702
12.884,-5.5596,-12.7319,-6.4446,0.2812,4.5940,-3.8115,7.2582,12.4977
12.888,-5.0797,-10.4192,-4.4714,4.0961,4.0971,-4.6244,2.8031,10.7640
12.892,-2.5116,-16.2922,-4.0673,4.3539,1.2107,-5.9492,1.9142,11.8541
12.896,-4.1512,-16.2790,-5.2221,5.2848,-0.1602,-4.9262,-2.3085,12.0770
12.900,-6.1569,-14.9076,-4.2738,1.0660,2.0129,-5.1940,-5.0446,10.8590
12.904,-4.1818,-12.2919,-5.3461,0.5551,-0.2144,-6.0559,-7.6510,9.3549
12.908,-4.6286,-10.7109,-2.8122,0.3268,-0.8259,-4.7826,-8.2665,9.1245
12.912,-3.0952,-8.9566,-3.7578,3.3407,0.9415,-5.7380,-9.8117,7.6869
12.916,-3.8625,-5.1185,-4.2767,1.4579,0.0640,-10.3563,-7.4653,5.5066
12.920,-0.5343,-4.9367,-3.5489,1.8586,-0.0300,-10.8972,-7.0621,1.2764
12.924,-0.2598,-3.9981,-2.3530,1.3316,4.2230,-8.7919,-3.3933,-1.2026
12.928,1.9614,-2.0610,-1.2362,3.5944,4.8032,-7.2160,-2.8739,-2.9633
12.932,4.0801,-1.3255,-0.6139,3.3161,6.6128,-6.0049,-2.7501,-4.8619
12.936,5.0873,-1.9798,0.5163,4.9120,5.8728,-3.1680,-3.0690,-5.4544
12.940,6.5539,1.1470,5.5256,0.5082,6.1588,-1.7324,-2.0887,-8.3666
12.944,4.7734,0.6385,3.4426,0.8390,3.1627,0.3059,0.3412,-11.4945
12.948,2.5972,-0.3872,3.3664,1.3856,5.6630,0.5054,2.9103,-8.8677
12.952,3.0052,-1.1268,4.1794,-0.2115,4.7077,-2.1110,6.3082,-2.7665
12.956,3.9882,0.7134,2.8546,0.9602,5.3746,-2.4166,10.4167,2.5357
12.960,3.5498,0.9923,2.8021,-2.1798,6.7013,-5.6653,10.6854,3.7891
12.964,1.1043,-0.1291,3.1494,-0.5334,7.8477,-9.4040,13.1128,5.9984
12.968,-0.1945,1.5716,3.1917,-0.4630,6.7702,-14.0997,12.0939,10.2051
12.972,-0.4132,0.8960,6.6324,1.0248,7.7675,-13.1582,12.5670,10.3175
12.976,1.2077,1.5896,5.1851,2.0728,9.9496,-12.5541,9.7265,9.0689
12.980,-0.0206,3.5120,5.4584,1.5285,9.2587,-11.2693,6.2650,13.4254
12.984,0.4905,1.7699,6.3963,3.3521,7.1012,-10.8909,4.2868,15.4107
12.988,3.4287,4.0388,4.9786,4.6597,3.3070,-13.0868,3.2544,14.0938
12.992,1.0345,0.8330,5.8344,1.6995,3.4183,-11.8154,1.6324,15.4144
12.996,1.7616,4.1608,4.6185,1.3483,0.1677,-10.6714,-1.9446,14.9462
13.000,2.4892,2.8685,1.3422,5.5827,-1.0114,-10.7058,-0.3525,14.9316
13.004,0.7850,5.7131,-0.3100,3.3266,-1.2882,-12.0662,-1.4194,12.6520
13.008,1.4416,5.0774,-3.7271,4.2230,1.1510,-11.0822,-3.1619,11.4617
13.012,2.1540,6.4613,-2.2395,2.4568,1.5710,-6.6517,-2.7116,5.7441
13.016,2.9846,6.2735,-5.2363,2.8581,4.2459,-3.8162,-4.4694,9.7861
13.020,2.8137,6.7056,-4.9686,2.3868,-0.6592,-2.0971,-6.8688,9.0952
13.024,0.2663,5.9706,-4.0498,3.1483,4.3573,-0.8587,-9.0784,6.1443
13.028,1.3613,4.0341,-5.5477,2.2497,4.5214,1.3352,-10.0802,5.9540
13.032,1.5127,4.7592,-5.5798,2.8655,6.0496,4.7042,-10.3886,4.6069
13.036,0.9147,6.8825,-5.0598,5.6986,5.2509,5.5157,-4.1847,6.0641
13.040,3.0860,1.8815,-2.1680,5.8913,7.1767,7.1405,-2.7321,5.7466
13.044,2.8003,1.6197,-4.5443,5.9560,5.5340,6.7648,2.0749,5.3371
13.048,2.8766,-0.1160,-0.8021,3.8529,7.3742,6.3289,3.8907,6.8549
13.052,0.3441,1.1961,-2.6025,3.2270,5.8156,6.6413,5.3703,7.5268
13.056,-3.2045,0.3298,-4.0350,-0.0493,10.4065,3.8546,9.0531,8.9446
13.060,-5.4709,1.0889,-0.2076,0.7258,8.9845,5.0407,7.6748,8.2585
13.064,-6.8711,-1.1321,0.9914,1.9966,9.7662,4.3085,9.6518,9.6997
13.068,-11.7737,-3.8459,2.4335,1.5006,8.3040,6.9373,8.6581,12.6998
13.072,-12.3867,-5.0251,2.8021,2.8830,10.0733,4.6497,10.2900,11.7741
13.076,-14.0717,-6.9426,4.1224,1.9863,11.5490,0.5217,8.3734,13.0525
13.080,-12.6983,-4.8231,3.6339,1.9616,8.2839,0.6601,9.9889,12.5659
13.084,-10.0069,-7.6814,4.5897,1.4365,7.0627,-3.2389,9.1242,12.4104
13.088,-9.2130,-10.7655,5.8442,0.2669,5.8415,-6.3870,5.6524,11.9112
13.092,-8.8122,-13.1110,4.7956,2.0749,3.7387,-5.4924,2.7360,11.6557
13.096,-6.3606,-9.8126,4.8911,3.4110,-0.8392,-8.0909,0.1329,10.2259
13.100,-6.5245,-7.1451,3.9528,1.3508,-1.2970,-13.9740,-1.3563,9.0162
13.104,-5.3369,-6.1587,2.3726,3.9769,-1.8946,-13.2327,-0.4712,5.3568
13.108,-1.0079,-7.7428,0.0547,3.5342,-6.7734,-13.9670,-4.2501,4.4230
13.112,-2.3891,-7.2441,0.0632,0.2889,-5.4583,-12.2776,-4.0512,1.8841
13.116,-2.6337,-3.9001,2.4110,-0.9642,-6.9545,-13.2881,-7.9916,-0.3086
13.120,-1.6518,-2.2174,3.5378,-4.0661,-3.6720,-13.5314,-8.5904,-0.6820
13.124,-2.5592,-3.3976,3.1793,-5.6567,-3.9307,-10.8199,-6.5915,-4.5311
13.128,-1.0143,-5.1467,4.6918,-7.1212,-3.8850,-6.6628,-5.9286,-6.5190
13.132,0.5630,-6.2536,1.9669,-8.1218,-0.3700,-4.6064,-0.9953,-8.0863
13.136,2.1475,-4.9002,0.9561,-8.7249,0.3711,-3.3360,1.7454,-9.4248
13.140,1.4018,-4.8802,-0.9658,-7.8958,2.4123,-3.8667,6.5178,-8.6390
13.144,3.4247,-3.7469,-1.6787,-8.6013,3.2368,-4.5609,11.3766,-6.2469
13.148,3.4054,-2.7257,-0.0556,-8.2438,0.9307,-1.3778,11.3336,-4.8204
13.152,2.9002,-5.7505,1.2967,-7.5632,2.2368,-4.7758,14.0170,-3.6011
13.156,4.5748,-2.9464,-2.2919,-5.3369,2.5263,-7.5912,14.6419,-0.3992
13.160,3.6963,-2.8540,-0.2555,-9.1925,7.0300,-8.4633,15.8238,2.5905
13.164,4.7497,-1.7618,0.6240,-7.1394,5.2254,-10.6664,15.7335,6.8429
13.168,4.4503,0.9792,1.6756,-3.2073,6.1414,-10.3132,16.6609,10.3069
13.172,3.9977,-1.7014,-0.8721,-4.6233,4.8355,-11.5342,15.5531,10.9565
13.176,6.4296,-1.8432,0.3478,-3.2673,6.5052,-9.8402,11.3790,13.0239
13.180,4.9427,0.1525,1.9247,-0.0301,5.3041,-7.1599,12.6258,14.9092
13.184,5.2858,-1.8680,-1.2619,-0.2951,8.4896,-9.7878,8.9336,18.3842
13.188,5.5234,-3.0102,-1.4157,3.9245,6.6990,-11.7936,9.9610,17.1187
13.192,3.7839,-1.2131,-2.5872,2.9678,2.8381,-13.0219,5.6677,22.7315
13.196,4.3141,-2.2005,-5.1155,4.2829,-2.4603,-13.7685,0.1786,20.4066
13.200,4.3900,-2.9645,-8.2511,3.9968,-3.3114,-15.5211,-6.5578,17.1407
13.204,5.3463,1.1857,-5.9082,2.4037,-5.8420,-12.5828,-9.0250,14.3084
13.208,6.0478,1.5399,-8.4582,2.3902,-7.9409,-14.2345,-11.2143,11.5504
13.212,8.4202,0.4972,-7.7407,2.8281,-7.5212,-11.1823,-8.2388,6.2549
13.216,9.7907,-1.8310,-6.4348,3.0398,-7.6846,-4.7887,-9.6389,5.3517
13.220,7.9345,0.5991,-5.5779,-0.0549,-5.7983,-6.5815,-10.7311,1.8260
13.224,7.0630,1.0300,-5.8560,-0.0698,-4.9409,-3.9130,-5.9667,-2.3826
13.228,5.1471,-0.0644,-6.3181,-2.7565,-2.7632,-1.5095,-5.2633,-1.1427
13.232,7.3562,-0.2444,-7.4136,-2.5718,-4.8656,2.5511,-6.9153,-1.5103
13.236,6.2150,1.3950,-4.4210,0.7578,-0.9350,4.2469,-3.7713,-3.0328
13.240,3.7782,1.7070,-2.9196,-0.2009,-0.6364,5.9396,-3.4031,-0.0466
13.244,4.1977,-0.8487,-0.8772,0.8011,1.4414,6.4546,-1.5995,-0.9257
13.248,2.3884,-1.0455,-0.8071,-0.2929,-1.0390,11.0772,-0.1014,-2.3090
13.252,3.6070,2.1655,0.5975,-2.0002,-1.2526,9.5033,-1.7408,-2.7835
13.256,4.1955,2.3690,2.3288,-2.6620,-1.2133,10.8087,0.0167,2.3303
13.260,3.0716,-2.5593,4.4414,-4.7093,0.5923,10.2444,4.2273,4.0098
13.264,4.3658,-0.5008,4.8689,-4.2384,2.2785,9.2661,4.3985,4.0471
13.268,1.9462,-2.2078,5.6415,-1.2335,3.6704,5.6546,6.6124,9.1763
13.272,1.7571,-4.7870,6.8189,-0.3077,3.6937,6.7499,7.4315,10.5578
13.276,-1.1288,-7.2654,4.8673,0.6650,5.3418,3.9177,5.0587,10.7821
13.280,-1.8460,-8.3581,3.8686,-0.0955,6.9482,4.0335,0.6087,11.2475
13.284,-2.8959,-9.8226,3.2027,0.0925,8.8009,-0.3298,-2.8576,12.5624
13.288,-5.2544,-12.5853,2.9037,0.6935,7.7647,-4.3630,-8.0138,12.0565
13.292,-4.7689,-9.7487,1.0398,3.0428,5.6228,-8.0876,-12.0489,12.8495
13.296,-5.1561,-9.0785,-3.1076,3.3720,5.9380,-7.3102,-13.5933,11.8358
13.300,-2.1823,-7.1582,-2.8531,2.7184,5.6570,-10.5232,-13.0821,9.9182
13.304,-0.8336,-4.7335,-2.1992,5.9434,3.5044,-8.9897,-15.1354,7.0702
13.308,2.8221,-2.2611,-5.5284,6.5226,3.1326,-9.8489,-17.5308,5.9727
13.312,2.9661,-1.2449,-6.6413,6.6176,0.1514,-8.8885,-17.6734,6.5354
13.316,1.5519,0.1938,-5.4678,6.7494,-2.6864,-6.4029,-19.3345,5.1943
13.320,2.5333,0.7326,-5.8975,6.4160,-1.5471,-6.5886,-14.4112,-0.9045
13.324,4.3922,0.3727,-8.4356,4.2388,0.2855,-6.8032,-16.8481,-4.6967
13.328,8.0253,-0.3025,-10.6830,2.1273,-1.3127,-7.7295,-16.4920,-8.4528
13.332,6.6794,-1.2043,-9.8308,0.7195,-1.0988,-5.6840,-12.8694,-8.0027
13.336,3.9924,0.0080,-13.4761,4.6758,1.0065,-4.9109,-8.6068,-7.4782
13.340,2.4367,-0.5159,-11.0778,2.2520,3.8774,-3.9092,-4.9291,-11.0398
13.344,1.5539,0.7705,-10.2931,0.3792,2.4407,-4.6857,-0.7770,-6.6912
13.348,2.3579,4.4516,-9.5918,1.0067,1.5592,-3.6821,0.4612,-4.5643
13.352,2.2512,0.8755,-6.7901,3.1024,1.0916,-2.1400,5.8228,0.3134
13.356,1.3334,-3.0079,-8.4951,0.6650,0.5204,-0.5282,11.3754,-0.8666
13.360,0.7943,-6.2501,-6.4971,3.3159,0.3601,1.3505,13.8649,2.0305
13.364,2.0047,-9.3576,-4.9074,5.9552,2.2867,6.9237,14.7900,4.6355
13.368,0.5813,-10.8042,-4.1818,7.6989,1.6395,6.7479,10.2643,5.8262
13.372,-1.2874,-9.7385,-4.1549,11.4501,3.4750,10.3962,8.4199,11.3739
13.376,-3.3077,-10.6378,-4.3963,10.4352,4.3260,7.0807,9.5880,15.2770
13.380,-5.9835,-7.1348,-3.6111,10.5687,4.9013,3.5457,5.1356,16.1458
13.384,-7.8299,-6.1507,-4.5846,9.1933,6.8991,4.1918,2.9683,15.3766
13.388,-8.4945,-0.6652,-4.3685,5.3374,6.0082,2.0295,-1.5215,17.0801
13.392,-11.3632,1.1009,-3.0418,4.7490,4.6882,-0.7368,-4.6960,13.0960
13.396,-9.6517,2.6247,-2.3629,3.4803,2.1736,-4.2802,-4.8314,11.5105
13.400,-9.1397,3.5927,1.3987,4.5750,1.8144,-5.9809,-4.9461,12.2620
13.404,-10.9913,1.5619,3.8180,6.0044,1.5228,-6.3990,-5.9090,7.8585
13.408,-9.7857,1.1222,2.3424,4.8251,0.5694,-7.3961,-8.1423,2.1710
13.412,-7.7559,1.5486,1.9397,7.7902,-3.2622,-7.4230,-9.5717,-1.1114
13.416,-4.6795,1.1399,0.6225,7.9977,-1.4295,-3.0728,-10.5844,-1.6368
13.420,-7.3535,-1.6673,2.0251,7.3901,-3.3290,-1.6549,-10.7518,-3.4657
13.424,-4.6385,0.3102,-0.4944,5.1089,-2.6470,-0.7060,-10.0394,-5.9586
13.428,-7.1680,0.3995,1.2225,-0.4983,-2.1214,0.3071,-9.8061,-9.3112
13.432,-3.7299,-3.7331,0.8418,1.5940,-3.4504,0.5182,-9.6147,-8.2145
13.436,-5.8801,-5.3799,4.2648,-1.3248,0.8749,-1.9829,-5.4329,-11.5088
13.440,-5.7590,-5.6144,7.1224,-2.1446,-0.5230,0.7400,-3.9396,-11.0889
13.444,-9.1331,-6.8166,4.3704,-5.1335,-3.0444,4.0496,1.0241,-11.8617
13.448,-10.7809,-9.1291,8.5331,-5.5589,-2.6858,4.9152,5.9073,-12.6006
13.452,-11.0168,-6.0812,7.9013,-4.0791,-3.6985,2.3299,6.4799,-11.4779
13.456,-13.1699,-6.6382,6.6543,-7.4585,-1.0504,2.2282,8.2158,-9.4362
13.460,-12.3867,-10.1519,4.7474,-9.0709,1.6402,3.9266,9.6202,-7.5469
13.464,-10.9604,-12.7744,5.3916,-7.0877,-0.5820,3.1052,9.8194,-4.8831
13.468,-8.6898,-14.8516,3.6084,-6.8700,1.1294,3.7292,8.3717,-2.1095
13.472,-9.7295,-13.3137,4.8913,-3.3071,3.4575,1.1898,10.4385,-0.5867
13.476,-10.1615,-11.8769,10.0251,-1.7365,5.4686,2.2032,9.9847,1.2102
13.480,-8.1616,-10.6222,9.3154,1.1463,4.5830,0.8337,10.1141,1.8511
13.484,-5.1450,-8.7359,6.6722,3.7614,4.9747,1.3914,12.0159,4.5070
13.488,-2.6107,-4.3724,7.5293,5.2844,3.8146,-1.0374,12.9797,5.2991
13.492,-4.2347,-2.8306,6.7451,6.9235,4.2316,0.4780,13.2181,10.5264
13.496,-3.2385,-0.6274,10.1125,9.3471,5.9227,2.2658,11.4870,10.1072
13.500,-2.0261,-1.8979,7.9251,6.3283,3.7937,1.3537,8.3544,9.8602
13.504,-1.5532,2.5198,5.6924,8.5331,1.6476,-1.5963,4.9860,7.5000
13.508,-2.2138,6.2542,2.9315,6.6428,0.0544,-2.6274,2.7320,8.1474
13.512,-2.2702,2.1190,2.4492,4.9516,1.1569,0.0750,0.6677,6.7822
13.516,0.0135,-0.0429,-0.0470,0.4424,3.1403,-0.5042,1.0139,3.2965
13.520,-1.5369,-0.9159,-0.6347,0.9399,1.1721,-3.8417,0.0138,3.3652
13.524,-2.4476,-2.3934,-1.0535,2.9143,0.4379,-3.4208,0.1271,-1.5826
13.528,-2.4603,-1.8427,0.3761,1.4806,-1.3761,-4.7710,-1.1784,-3.4307
13.532,-1.7951,3.1416,-1.7421,-1.4323,-0.5663,-5.5713,-0.5169,-8.2767
13.536,-2.9686,4.1374,-4.5808,-2.0384,0.4250,-5.8192,2.7307,-8.0722
13.540,-2.0900,6.6201,-2.6075,0.0829,-2.6716,-4.2973,3.4913,-7.5530
13.544,-5.8614,7.0685,-5.0035,-5.4193,-0.3984,-5.1806,5.2727,-10.7417
13.548,-7.3857,8.0789,-3.9556,-8.2303,-2.1074,-4.6210,6.4695,-8.4496
13.552,-11.0608,4.8748,-4.5418,-9.1064,1.8608,-2.2132,7.0038,-7.2474
13.556,-13.5405,0.8456,-8.1746,-7.9721,1.5281,-1.3034,7.5526,-5.7931
13.560,-13.4257,3.5007,-6.8071,-9.1895,-1.6498,0.4465,9.5231,-2.9992
13.564,-11.9318,3.3338,-6.8080,-10.7980,-0.6593,2.6395,12.0767,-3.4443
13.568,-14.2052,3.0188,-7.4977,-10.0689,-0.9021,2.5453,10.8571,-0.6064
13.572,-11.7006,2.8174,-5.8373,-8.6122,0.4702,0.4948,10.8902,1.7320
13.576,-12.2824,1.8390,-0.3381,-6.8926,2.4177,4.0113,10.8914,5.7905
13.580,-13.9679,-1.2582,-0.2074,-3.1053,3.3683,3.3040,10.4864,5.3560
13.584,-10.2108,0.5744,1.7578,0.0626,1.6890,2.3137,8.6771,8.6481
13.588,-7.6916,-1.3831,1.3977,2.7833,3.5997,3.1909,6.2549,8.5067
13.592,-6.3296,0.1753,3.5234,1.7071,5.1483,-1.1415,1.8528,9.1070
13.596,-7.1382,0.6316,2.0740,6.0286,4.2531,-0.2155,-0.7228,5.3917
13.600,-8.0606,-0.6289,3.2658,8.1213,4.5532,0.7324,-4.9822,1.7390
13.604,-9.3665,-0.6225,4.2247,6.6936,2.9044,-0.2180,-7.6803,-2.0557
13.608,-7.2373,1.4134,4.5108,6.2764,0.2789,-1.0280,-7.4754,-2.2675
13.612,-7.7027,1.4882,3.1432,4.1590,-0.1830,-3.7351,-7.7109,-4.9383
13.616,-7.5861,0.9403,3.2949,3.6984,-3.4569,-6.2783,-6.8812,-8.4799
13.620,-8.0802,2.7852,1.7438,4.0780,-2.7684,-6.5679,-7.2713,-12.0770
13.624,-5.7351,1.6945,0.6624,6.6735,-4.2848,-10.3810,-5.3121,-11.3735
13.628,-2.1834,-2.7568,0.6839,3.9466,-5.2040,-8.5234,0.4075,-10.3246
13.632,-2.6987,1.6446,-0.6025,6.0946,-10.3235,-7.6649,2.6802,-10.7626
13.636,1.0324,-2.2130,0.3698,5.4873,-8.1142,-6.3257,5.2444,-8.6491
13.640,1.0305,-1.4301,0.3975,3.7275,-6.5817,-6.9392,10.6376,-9.8908
13.644,0.2590,-3.8058,-1.5123,4.4363,-3.4244,-7.4823,10.7556,-9.2387
13.648,0.5066,-1.5346,-4.0562,7.3823,-2.3106,-4.5922,12.7108,-7.6053
13.652,-2.2709,-3.1738,-5.6356,8.4852,-0.9794,-4.3927,14.6927,-6.8819
13.656,2.5249,-9.4695,-7.0029,6.7915,-1.6820,-1.6497,15.1009,-7.2101
13.660,0.9290,-9.8016,-5.5170,9.4085,-0.5867,-2.0813,18.1304,-6.1393
13.664,0.2710,-10.3580,-3.0752,4.8381,-0.8170,3.0806,20.0384,-0.8395
13.668,-0.1794,-9.3916,-2.8762,4.7503,-0.9671,1.0149,18.5421,4.6722
13.672,2.5258,-7.3842,0.5195,1.6840,0.5970,1.8240,19.6868,5.7782
13.676,3.9267,-6.4747,-0.3129,0.7402,2.7604,-3.2139,16.3667,5.3259
13.680,2.6884,-6.1709,5.1181,1.1971,3.1123,-1.1384,14.5067,7.9821
13.684,5.7808,-6.6397,1.8556,2.7189,3.0501,2.2085,9.1564,10.6531
13.688,5.1171,-6.5586,2.8589,3.9640,3.9218,1.2474,6.6371,12.6784
13.692,5.6136,-7.3749,1.1101,4.4027,5.1956,0.4190,3.9887,9.6584
13.696,5.8470,-2.8130,-1.1556,3.2175,6.8099,-0.2434,-0.5753,7.6329
13.700,5.4315,-3.3087,1.0448,1.3909,6.9113,-1.5283,-3.9301,3.7189
13.704,5.6757,-3.3655,0.6329,3.1742,6.8027,-1.5149,-6.4260,4.0786
13.708,5.2994,-4.0642,-0.2434,2.6407,4.2508,-1.1785,-5.9784,3.8177
13.712,5.1136,-1.6119,0.7244,4.5641,2.0583,-0.8505,-4.8638,0.9125
13.716,8.0405,-1.3285,2.4017,7.2586,0.4681,-0.9269,-5.5146,1.0541
13.720,6.5371,1.4769,2.3423,5.9265,-4.1377,-2.4851,-5.2071,-1.4506
13.724,8.9884,3.0486,3.2263,0.9362,-6.4319,-1.4686,-8.1114,-2.6095
13.728,6.2018,4.5961,-0.0115,-1.5741,-6.2887,-5.4872,-6.4664,-6.5514
13.732,5.4290,-0.3959,4.4461,-2.8183,-5.2685,-3.4148,-3.1156,-8.9828
13.736,4.7594,-1.2331,0.0178,-4.3410,-4.7785,-3.2102,0.5838,-7.5404
13.740,5.4645,-1.1880,-0.9855,-5.5449,-4.7642,-2.5358,1.8648,-10.0586
13.744,3.2652,-1.9553,-3.9052,-5.7763,-5.4099,-1.8376,0.4418,-8.4283
13.748,3.4015,-4.8526,-2.3080,-3.6980,-6.1008,-1.7965,2.6797,-8.4103
13.752,-0.0881,-4.1135,-2.7515,-2.3713,-7.4599,-1.8636,7.9737,-10.0166
13.756,0.0900,-7.1913,-1.9469,1.2866,-4.1369,-1.1219,10.7558,-9.2246
13.760,-2.7179,-5.3470,-0.9586,-1.4825,-2.7707,5.1777,12.5675,-4.7443
13.764,-3.8155,-5.5872,-3.0487,1.0422,-3.7564,4.9740,12.3628,-1.2902
13.768,-1.0870,-8.4529,1.1869,-0.1786,-3.4990,5.2040,11.0546,4.4405
13.772,-0.7827,-6.5242,0.1574,0.0630,-0.0393,4.4871,10.3559,6.2765
13.776,-0.4074,-4.7136,0.0556,2.4767,-0.7053,6.1697,5.1237,6.6696
13.780,0.6935,-3.2008,2.6204,-0.6602,0.7627,5.0843,2.2501,10.9471
13.784,0.7649,-2.9478,6.2263,0.3827,2.3292,5.3715,1.2186,8.5502
13.788,0.9552,-2.5023,5.1197,3.6508,3.8669,7.2732,-3.5092,7.3570
13.792,2.3920,-3.7875,4.4909,0.5270,4.2192,8.0288,-3.2789,6.8383
13.796,5.0668,-3.1304,3.6375,3.4103,7.2589,9.3616,-6.0124,4.4317
13.800,4.4786,-7.1619,4.3465,4.0798,7.7305,4.8929,-9.2293,3.4079
13.804,5.6876,-2.0642,7.9988,5.0038,9.8591,4.9095,-11.7933,1.6925
13.808,3.7714,-0.7280,9.3680,7.4817,8.4038,2.6211,-11.3198,-1.4684
13.812,4.7228,-2.9198,6.1033,9.0409,8.1367,1.3688,-16.5515,-7.8980
13.816,5.3290,-0.3205,6.7079,9.1780,8.5248,0.6181,-14.1733,-9.5652
13.820,7.0391,1.3155,4.5164,6.8012,7.5916,-4.6155,-8.8548,-9.0345
13.824,7.2301,2.5118,4.5444,7.7563,4.9720,-7.9851,-8.8795,-8.9507
13.828,3.3663,-0.4691,4.5340,4.6606,1.2850,-8.8225,-8.0005,-8.6565
13.832,4.8946,-1.7699,0.2855,3.3850,1.6116,-11.6129,-7.7925,-6.9057
13.836,7.6316,-3.7031,1.0413,-0.4951,-2.8297,-9.2708,-4.6622,-4.7588
13.840,3.0695,-6.9403,-0.5032,-1.7741,-1.9532,-10.3778,-2.0093,-2.1260
13.844,1.0975,-9.4028,-0.1779,-4.0473,-1.5679,-9.3053,2.4858,-0.5183
13.848,4.9922,-7.6554,2.3831,-5.2813,-3.1498,-11.3350,2.0554,0.6942
13.852,5.6886,-6.4586,-1.2549,-8.3026,-0.5761,-11.3393,4.5162,1.4043
13.856,3.5620,-7.8635,-0.2869,-8.0307,-0.4024,-11.4659,5.3589,2.8581
13.860,3.2118,-7.5059,-0.6822,-8.1998,1.2149,-9.6409,6.4516,4.9669
13.864,-0.2264,-8.3544,0.6710,-10.6955,-2.8731,-6.2423,3.8031,11.1829
13.868,-2.1442,-9.0535,-0.7254,-10.0440,-0.7795,-6.9726,7.0135,16.3172
13.872,-3.0225,-8.5161,0.8627,-10.3639,-0.6574,-4.6649,8.5778,18.3614
13.876,-1.8449,-7.4923,0.8368,-7.6860,1.6013,-0.5656,7.2920,22.0148
13.880,-2.2243,-7.2548,1.1492,-3.6931,-1.3243,4.4847,5.7508,20.6963
13.884,-1.4753,-5.5880,-1.7619,-4.4589,2.7401,7.8019,3.6256,20.5374
13.888,0.2745,-4.2038,-1.8157,-2.8569,0.9492,5.9974,2.2190,21.7889
13.892,2.1156,-2.1462,-2.0076,-4.1381,0.8226,10.7894,1.6694,14.4145
13.896,4.0891,-3.8870,-0.2107,-7.2295,3.3674,10.8827,-3.0188,13.4895
13.900,8.5859,-2.1659,2.6083,-4.4033,2.3255,9.5663,-5.6061,14.1114
13.904,10.1433,-1.6854,7.0459,-3.0564,3.1845,10.6416,-10.1115,9.9190
13.908,9.1821,-2.1229,5.1210,-1.4142,3.6622,8.3811,-12.2073,8.4880
13.912,9.2573,-1.1186,4.8304,-1.3108,3.2870,5.2737,-15.2648,5.2746
13.916,7.1813,-0.9601,3.8870,-0.2112,2.2024,5.8343,-20.1849,6.4958
13.920,5.7335,1.5755,0.9869,2.7013,0.8699,3.4601,-18.2035,5.1041
13.924,3.9712,3.4216,1.7231,2.9219,-2.2357,-1.3581,-16.1975,5.4035
13.928,-0.5479,2.4809,-2.9491,2.4560,-0.9069,2.8589,-11.7099,-0.6748
13.932,-0.1314,2.9982,-3.4460,3.0577,-2.8880,1.3511,-11.0520,-0.8664
13.936,0.4652,0.9593,-3.3679,1.1958,-4.5882,2.7764,-8.0669,-7.0438
13.940,-0.6919,-3.1443,-4.3336,-0.3450,-4.8084,-0.5093,-4.8711,-7.5603
13.944,0.8057,-3.5039,-4.3826,-0.9611,-6.3239,0.3288,-1.4182,-5.2889
13.948,2.1545,-4.8686,-4.0164,-1.3037,-4.9962,-2.2078,0.4827,-4.5704
13.952,-0.0410,-3.8496,-3.0517,-3.3274,-1.2363,-3.7255,3.4303,-3.8130
13.956,1.6347,-5.6008,-2.2791,-4.8405,-2.8299,-0.9849,6.0706,-2.3799
13.960,1.1231,-5.2895,-4.7380,-9.0401,-1.0872,2.2663,6.7448,-1.1479
13.964,2.5663,-7.4852,-4.6244,-8.8050,0.5331,1.9031,7.7785,0.6650
13.968,4.2813,-7.6938,-4.8532,-10.2998,2.2445,1.3129,9.2152,3.0134
13.972,3.1496,-4.5668,-4.8407,-9.6211,2.1627,3.0821,7.6205,2.2020
13.976,3.1466,-8.5302,-4.8535,-8.5508,1.5006,-0.0403,7.3673,7.4952
13.980,4.5766,-10.2131,-3.8319,-8.2131,0.8138,4.0152,6.0744,7.7984
13.984,4.8833,-11.3214,-2.5130,-7.2853,-0.8675,3.9413,3.4802,7.1072
13.988,5.9042,-10.8130,1.8046,-5.5137,1.3943,8.0639,2.0647,6.7706
13.992,6.9554,-10.5823,-0.1941,-3.2311,3.0656,8.1172,0.7929,8.8159
13.996,7.4005,-10.7407,2.7501,-0.9982,4.6311,9.8526,-1.7954,10.5895
14.000,9.2212,-8.0767,3.3699,-1.4114,6.9850,8.2862,-6.2399,9.1648
14.004,8.9294,-9.1703,4.6517,0.6522,9.8085,7.4758,-8.2828,3.6194
14.008,7.6496,-9.2327,7.1236,2.5884,9.2928,6.4379,-12.0390,2.4975
14.012,9.9537,-7.7478,6.0957,0.5220,7.5494,3.0350,-14.5654,2.5640
14.016,12.2471,-5.1318,5.2325,-1.6653,5.5238,-0.1639,-8.3509,0.9337
14.020,10.0209,0.7812,3.5533,-2.6091,5.0625,-0.7946,-7.7126,-1.4243
14.024,9.7498,3.3031,-0.5233,-1.0514,2.8731,-3.7658,-7.9561,-3.6818
14.028,7.9896,1.7496,-4.3409,-4.9375,3.8890,-0.9929,-7.0335,-5.7528
14.032,7.2074,-0.5360,-3.8662,-4.1351,0.7774,-1.6170,-5.0958,-6.4228
14.036,6.1031,-0.1135,-5.1872,-8.1053,0.0910,-0.4206,-2.0508,-7.7978
14.040,3.1720,-3.4452,-5.8359,-5.2667,-2.8570,-1.8151,-0.7344,-4.3667
14.044,0.7308,-1.7048,-3.8323,-5.7972,-1.7401,-6.0083,0.5681,-2.5382
14.048,-1.6129,-5.9006,-5.8477,-8.0398,-1.3955,-9.9314,5.9400,-0.3245
14.052,-2.1435,-4.6181,-6.7839,-6.7282,-2.4751,-10.1271,6.5160,0.9607
14.056,-4.3411,-8.3182,-9.0445,-7.9385,-4.5686,-9.7656,8.9920,3.3171
14.060,-3.1080,-7.8949,-11.5027,-5.1177,-4.4602,-7.6391,15.2096,3.2168
14.064,-0.7320,-4.2715,-12.5235,-6.9790,-3.8837,-9.6550,14.1220,5.4713
14.068,-3.5579,-7.6158,-13.6176,-4.6448,-1.9642,-6.2292,18.1600,8.3330
14.072,-3.4686,-5.4480,-14.2046,-6.4088,-4.0847,0.3664,17.2207,10.0264
14.076,-3.0560,-3.5526,-19.0778,-6.7129,-5.2534,2.9193,14.2412,9.8640
14.080,-2.6235,-4.6692,-16.7663,-2.1929,-4.1189,4.1665,10.9335,9.1432
14.084,-1.5693,-6.0486,-18.1497,-0.3405,-8.8910,5.5898,6.4547,6.4090
14.088,0.3165,-4.4420,-18.5310,1.5373,-7.8802,7.0835,1.3948,6.6419
14.092,2.2147,-2.1820,-14.6940,1.6978,-8.2449,8.2952,1.5115,6.4565
14.096,0.2126,-3.1391,-9.1129,5.0294,-5.6662,8.0406,-1.6536,2.7200
14.100,0.4613,-3.1365,-10.1406,7.2816,-4.9928,8.8095,-4.1709,2.0757
14.104,1.0460,-2.7998,-8.2000,4.9109,0.4103,8.3318,-6.1026,-1.1464
14.108,0.1778,-1.8879,-5.9684,8.0142,0.9615,4.7628,-9.1791,-3.3508
14.112,2.8081,0.7707,-8.1397,6.1869,1.6937,5.5088,-7.2852,-3.1531
14.116,2.3183,-0.5920,-7.3954,4.9823,0.8018,3.4919,-4.6167,-6.7341
14.120,1.9884,1.7521,-5.0455,7.3123,3.2949,5.2771,-4.6532,-10.7414
14.124,3.4821,2.7548,-3.2469,8.5843,1.1220,3.1226,-8.0682,-9.2062
14.128,3.3405,7.1214,-3.5026,9.6836,4.6878,3.8981,-8.8627,-10.1994
14.132,2.4845,3.2381,-4.0475,7.4736,4.4767,5.3467,-7.5202,-10.2019
14.136,0.4334,3.4272,-1.1399,4.9634,0.3767,2.7683,-3.1124,-8.6883
14.140,-1.2456,-1.4318,0.9429,4.1294,0.6417,1.0147,-1.7473,-10.5896
14.144,-0.0882,1.4823,1.0870,2.0013,3.1189,2.9965,-0.2634,-7.6091
14.148,0.5703,1.2997,1.0461,1.7488,2.2392,1.7139,6.0275,-2.3061
14.152,-0.2016,-0.3285,0.2985,-0.2741,0.5931,1.1767,6.7664,-2.2747
14.156,-0.0622,0.9874,-2.1865,0.9655,-0.9678,-0.3833,10.1937,-1.5796
14.160,-1.7841,3.9070,-1.8135,-3.1543,2.0627,-1.7385,8.1884,1.6715
14.164,-1.5405,0.8870,-4.2921,-3.0242,3.0064,-3.3089,12.9655,4.4360
14.168,1.8707,-2.6968,0.6483,-5.5293,4.3659,-1.6436,10.4923,7.1935
14.172,2.0000,-2.2079,1.0819,-6.0198,5.2827,-1.9094,12.7816,10.9522
14.176,4.9517,-5.3810,-2.6678,-8.2452,4.9186,-0.5042,10.3319,9.7438
14.180,6.3261,-5.6020,0.1205,-8.0114,4.1503,-1.4604,9.4049,13.4136
14.184,5.7313,-3.4292,-0.1417,-5.6165,1.2657,0.3744,7.4764,14.6510
14.188,7.3780,-7.4014,2.0515,-5.0114,2.9479,0.9207,7.5774,14.4724
14.192,6.5591,-5.0586,0.4318,-3.1134,5.5261,0.6110,3.5030,14.6286
14.196,6.8747,-2.5589,0.1006,-0.7592,7.2537,2.2201,2.4381,13.6010
14.200,6.3396,-1.2468,-1.0455,1.0981,7.1540,2.1746,0.2300,10.8325
14.204,6.9099,0.4344,0.2037,-0.1939,8.6917,5.7035,-2.2200,7.9095
14.208,7.3892,0.6553,-0.4953,0.1302,7.9026,3.3737,-4.0413,7.7939
14.212,4.7593,2.2570,-2.1523,-0.9035,7.1001,2.1803,-7.4926,4.7468
14.216,5.4199,1.7344,-0.7474,-1.7115,7.3362,3.1632,-8.5728,2.0941
14.220,8.2864,2.4901,0.3869,-3.1898,7.3691,3.9638,-7.6396,2.6192
14.224,7.9392,3.4052,-0.8173,-2.2084,6.8226,5.9463,-7.8593,3.0010
14.228,5.2971,6.4456,1.7396,-4.8429,5.3218,2.6614,-5.1423,1.8982
14.232,7.4759,4.3845,2.3885,-5.9682,-0.1614,1.2700,-0.8747,1.4958
14.236,6.5454,1.4073,0.6203,-5.8140,0.3537,-0.8049,0.2853,4.2462
14.240,5.4379,-0.1955,-3.0260,-5.0770,-3.1061,-1.4630,6.0236,3.0743
14.244,4.2496,0.6848,-3.5639,-3.4426,-3.4877,-5.2545,13.1270,5.4669
14.248,3.1877,0.2467,-2.8999,-4.3511,-4.3304,-7.6409,16.7544,6.2669
14.252,3.2127,-2.2656,-3.4908,-4.6226,-2.8988,-7.0457,22.6421,8.6702
14.256,0.5105,-3.8171,-1.5984,-1.9077,-5.1317,-8.1093,21.0625,11.9652
14.260,-4.9720,-1.7326,-5.8297,-3.2422,-2.2662,-10.3089,23.2246,12.0837
14.264,0.2829,-2.9242,-3.9732,-4.4010,-0.9021,-10.7907,22.6821,15.0914
14.268,-0.3096,-4.7130,-3.0197,-5.1182,-1.4405,-8.1103,23.0762,15.0244
14.272,1.9440,-3.9319,-1.8458,-3.1664,0.2724,-3.2542,22.4435,15.9455
14.276,2.4846,-1.9639,-0.4419,-2.9347,-1.0020,-0.1970,22.7140,18.4263
14.280,4.6766,-1.5759,3.6545,-4.5087,-0.2294,-0.5066,19.2406,19.9838
14.284,9.2359,-1.4744,1.4430,-1.1086,-0.1296,1.9309,17.5098,19.5567
14.288,9.6583,-1.3114,1.5176,-2.4079,-1.4340,-1.7894,12.9488,16.4733
14.292,9.8090,1.5855,0.7800,-1.7228,-2.7543,-1.0259,9.5355,17.2884
14.296,11.8841,4.9810,0.3311,-0.6402,-0.5030,0.2971,6.0996,15.5001
14.300,15.4948,8.5307,-0.6580,-2.9913,0.8663,-1.5527,3.5822,12.9762
14.304,12.1792,10.7739,3.2444,0.4598,2.2107,0.9203,0.9895,6.1222
14.308,11.9999,12.7941,-0.1434,0.7268,2.1362,-2.3065,-1.0950,3.9676
14.312,12.1569,11.9266,5.0647,-1.9009,5.6182,-2.4226,-2.1918,1.7034
14.316,9.9251,14.1139,1.9650,-2.7904,8.3401,-4.8140,-5.9932,-2.5759
14.320,9.9390,15.8099,4.2840,-2.6674,8.7014,-5.6078,-0.4889,-6.4281
14.324,11.9288,17.3126,7.7083,-6.2174,8.0059,-8.2049,-0.0947,-13.9635
14.328,14.7507,16.5202,10.1162,-9.6703,11.3290,-9.8490,-0.6259,-16.9733
14.332,14.3017,18.8163,12.1149,-8.1022,13.0337,-11.6590,-0.3891,-16.7566
14.336,14.7642,16.8274,11.3741,-10.3897,11.2506,-11.1819,0.2826,-19.9770
14.340,18.6209,15.6056,13.1249,-7.4199,10.7415,-12.3693,1.8562,-18.4381
14.344,17.7687,15.7369,11.4666,-8.4887,10.6267,-11.0928,3.2170,-14.5346
14.348,17.4000,15.0348,8.9944,-5.6245,8.5485,-9.9655,4.4072,-11.5606
14.352,15.2774,14.4909,8.2033,-9.9364,8.2006,-13.2951,8.7990,-9.1474
14.356,16.6165,10.6707,8.7204,-8.8094,6.4803,-15.0077,8.1273,-6.2882
14.360,17.2665,9.5724,8.0831,-7.1262,6.8404,-13.0984,10.9785,-1.8600
14.364,19.6412,6.9681,7.0456,-5.7626,5.4063,-11.5016,11.2113,1.6015
14.368,17.8077,7.6462,6.4451,-7.4788,6.8292,-12.3904,12.1395,-0.5604
14.372,21.0495,6.7799,1.6045,-5.9141,4.8428,-7.7954,15.1365,-0.0808
14.376,22.6935,8.6254,0.7029,-6.8617,1.4069,-9.7881,14.7054,5.0401
14.380,25.2460,9.8239,1.7891,-8.0778,4.9623,-8.7348,12.1316,6.9830
14.384,24.2950,12.0347,2.6724,-3.1666,3.4426,-9.0077,9.4487,7.5040
14.388,26.8980,16.0551,3.6712,-3.1540,2.0340,-3.8955,6.3393,2.9278
14.392,29.5082,14.1831,4.6999,-0.8342,0.0697,-5.7166,1.5657,4.4814
14.396,30.1974,13.1347,4.8170,1.8870,-1.1433,-2.6498,-2.8549,0.7341
14.400,30.5725,18.7374,7.1251,-0.1346,1.6648,-1.2625,-8.0283,-1.8908
14.404,28.1718,22.2189,5.6736,2.4948,2.1165,-1.7134,-9.6678,-2.5099
14.408,25.7707,26.8873,7.2564,3.2557,3.2304,-1.5537,-14.9186,-1.8813
14.412,23.9556,27.2866,8.6703,3.9836,4.1223,-1.9231,-13.6529,-4.3750
14.416,20.5102,26.3711,8.3638,7.8839,1.1301,1.0589,-15.6028,-5.8165
14.420,21.4430,27.0467,9.5781,11.0335,2.3195,-1.2288,-14.8316,-9.9809
14.424,22.4755,27.6929,11.0808,14.1509,2.7514,-0.6729,-16.2783,-10.3197
14.428,19.6072,30.0631,10.0529,15.5693,5.2165,-1.2312,-15.6183,-9.7780
14.432,20.8233,32.5114,8.5475,17.6719,3.7058,-1.8282,-12.1352,-12.3356
14.436,21.4563,32.9554,11.0264,19.1010,2.5163,-1.9951,-11.8004,-11.8636
14.440,21.6363,32.2806,10.8053,16.7193,2.2002,-5.3397,-8.2418,-9.0997
14.444,22.7128,31.2092,12.0912,14.3900,2.6814,-3.5987,-7.6739,-6.7926
14.448,21.9197,31.6522,10.6423,10.0431,2.3199,-5.2759,-2.7949,-4.6549
14.452,23.9423,29.5482,8.4364,8.4139,0.4855,-5.9428,2.3526,-4.3220
14.456,25.3878,33.3871,10.1031,6.0078,2.6076,-2.4059,1.9962,-1.5457
14.460,29.1885,30.7090,11.1721,4.7100,3.8145,-3.3265,3.9963,-2.3219
14.464,29.1299,31.6185,15.3065,3.7229,2.4596,-1.6369,6.2493,-1.1540
14.468,29.4954,31.4563,15.9268,5.2139,2.9715,-0.8413,5.4668,0.5359
14.472,33.0603,31.2012,15.3924,5.0341,3.3854,-1.3322,7.5257,3.7468
14.476,34.5348,29.9806,12.4122,6.0014,3.8515,0.7716,6.2860,3.9348
14.480,36.6668,26.5149,13.9223,4.8392,3.0856,2.8023,3.8137,5.6246
14.484,40.3930,25.1921,14.4643,4.9475,3.3167,0.7430,2.5275,3.8371
14.488,42.5675,28.7354,12.6919,2.3520,3.5767,1.8054,1.8090,6.9356
14.492,43.7902,31.0442,12.9905,3.9231,5.1345,3.5615,-0.1264,6.3604
14.496,46.2125,31.7002,15.1185,7.3260,5.3295,4.1771,-6.4440,4.0837
14.500,47.6318,34.6442,18.1909,8.2496,4.5293,8.6509,-9.6827,0.3376
14.504,45.9033,37.2966,21.6258,9.5872,3.9224,11.1583,-11.4306,-2.7224
14.508,49.0022,38.1682,23.3606,9.5993,3.4669,14.3396,-11.4650,-7.3419
14.512,51.1349,34.5662,22.8610,10.8796,4.5357,13.4705,-13.7427,-10.1032
14.516,47.5319,39.4498,24.7872,13.3069,6.3140,13.6534,-17.3736,-14.1633
14.520,44.3299,40.3956,26.7025,15.7606,7.2980,12.1727,-17.1020,-14.2378
14.524,46.1753,36.6872,29.2303,19.2849,7.7500,11.0355,-17.2701,-18.3978
14.528,46.1241,35.9694,30.1750,21.9614,8.4261,7.3819,-17.6397,-16.8460
14.532,46.2435,34.2925,28.1308,22.8085,6.1652,7.0660,-15.9979,-16.0572
14.536,44.5054,35.0354,28.1245,24.1730,4.2204,1.9538,-15.3139,-17.1620
14.540,43.2453,34.5612,30.2187,23.9085,3.9522,0.1769,-13.5081,-16.2176
14.544,45.8351,35.6119,31.0601,24.4642,1.4798,1.0486,-10.3401,-14.0184
14.548,47.8664,34.1952,31.2740,24.8657,3.6043,1.4291,-5.2779,-9.8492
14.552,49.8603,32.2225,28.4991,23.4641,4.6210,1.2762,-0.4910,-7.5027
14.556,51.9525,35.2297,31.2941,22.1441,0.4762,-1.9412,3.7853,-3.2996
14.560,54.5449,37.2169,29.1221,23.0906,1.5181,-0.8550,6.4532,2.1543
14.564,57.2693,36.2012,27.4298,21.0092,-0.1018,-2.3695,6.8971,1.3545
14.568,57.7176,37.3762,25.6374,17.3610,0.3852,-3.6837,10.8792,2.5008
14.572,59.8151,35.9582,23.8039,16.3383,0.7255,-4.6725,10.6258,1.6833
14.576,59.4014,37.5747,23.7655,17.4085,-0.9623,-6.6184,6.2699,1.5194
14.580,61.6617,39.0596,23.2807,19.4702,-1.8373,-4.0164,6.5549,5.1973
14.584,60.8449,39.8838,19.7625,18.5084,-3.7808,-3.9914,4.0987,5.3680
14.588,64.6617,41.6616,19.9844,19.9975,-3.5650,-2.7798,1.6089,4.5750
14.592,66.3205,46.1423,21.0130,24.5847,-3.7065,1.0301,1.1408,3.4251
14.596,66.1274,46.9902,22.9671,23.8276,-2.4546,4.1585,-0.6885,1.4698
14.600,66.0326,51.1538,24.2052,23.2123,-2.7312,3.3687,-2.6895,0.8343
14.604,69.7223,50.3940,23.5201,23.7400,-3.1983,7.5753,-2.4435,-1.4953
14.608,66.0299,57.8357,24.3479,24.2487,-0.9127,9.4648,-4.3103,-4.2000
14.612,67.8973,58.4897,25.2573,25.8612,-0.2768,8.9926,-5.9566,-5.3304
14.616,64.9245,63.9588,22.4331,27.0048,0.3384,9.4600,-6.9981,-4.6329
14.620,63.0566,67.2893,21.8720,25.5073,3.6099,8.8513,-7.6483,-7.9492
14.624,61.3064,66.4955,23.8130,25.0117,3.0768,8.9760,-11.2935,-8.1398
14.628,60.3473,66.2166,23.3560,21.1100,5.1296,12.8670,-10.1066,-8.6644
14.632,57.4610,65.1614,22.5772,24.6238,4.9907,12.1083,-6.5146,-7.5149
14.636,57.3903,66.8756,25.5062,25.3647,8.8344,7.0162,-5.1715,-8.0117
14.640,59.6813,67.0192,27.3507,26.2557,8.0860,10.0919,-4.6051,-7.6035
14.644,60.0797,65.5560,27.2408,26.0797,6.9794,10.9863,-2.4247,-4.3779
14.648,63.0236,66.3997,28.8525,26.8058,6.4661,10.5756,0.2428,1.2274
14.652,62.7618,67.8572,26.8806,21.7736,7.4695,10.6176,1.6793,5.0866
14.656,61.3386,67.4758,29.2381,19.3369,5.0740,8.4735,5.6769,11.2331
14.660,66.7235,65.1287,26.0862,19.2837,6.3545,7.0472,3.0167,10.7181
14.664,67.9416,65.5214,25.3179,17.8889,4.3456,6.1897,4.8980,8.7990
14.668,70.8762,65.9993,24.2464,16.5702,1.7184,5.2000,3.1601,9.8793
14.672,71.8855,65.9632,22.8610,19.6595,-0.0727,1.8876,0.2074,11.4503
14.676,71.6083,68.1502,23.2170,18.2192,2.6318,7.6313,1.8269,10.3333
14.680,71.3125,68.4714,25.6569,17.9656,3.5997,5.9948,2.6590,12.0331
14.684,72.0017,69.3175,25.7226,16.9666,1.5079,5.0539,1.2694,13.7159
14.688,73.3742,74.0886,24.1351,17.0895,1.9494,7.3942,-0.7723,9.7599
14.692,72.4695,72.3898,25.0718,19.2137,3.2245,9.1785,-3.3187,10.4940
14.696,71.3348,73.2906,28.2865,19.8716,0.0433,8.8799,-7.5419,10.1670
14.700,72.0724,72.4550,28.6600,22.4572,-1.2108,11.0792,-9.2087,6.9047
14.704,71.1705,69.5955,27.4051,23.1228,-1.4978,10.7673,-12.0519,4.3561
14.708,70.8789,67.5683,28.6749,24.9157,-0.0502,7.6474,-16.1089,2.5916
14.712,73.8201,66.3310,28.1520,26.5462,3.3139,10.3536,-19.8411,-0.6736
14.716,75.6950,68.8809,27.2573,28.9570,2.6161,9.7725,-19.4460,-0.4626
14.720,72.5550,70.1566,25.8570,30.4120,6.3558,6.3184,-17.7805,-2.4448
14.724,72.7013,70.9790,24.9359,30.3816,6.2073,5.5653,-12.5447,-5.8205
14.728,67.8730,70.6883,26.6342,32.6545,5.5514,6.3722,-9.7165,-7.8743
14.732,66.2335,67.5679,27.9169,29.7444,9.4252,5.8026,-8.6614,-4.4718
14.736,64.9415,69.8925,27.2505,28.8782,9.2037,6.2063,-4.2042,-5.6888
14.740,62.3848,68.6738,28.0646,31.7984,11.2699,4.3345,3.3840,-2.4048
14.744,60.9371,65.9467,27.6648,32.1976,7.7846,2.6071,4.4929,-0.9289
14.748,59.8852,63.3953,25.0648,31.1875,5.7885,0.2362,7.8619,0.1657
14.752,58.7888,63.0440,25.6592,31.2853,7.3724,1.9917,11.0470,4.5555
14.756,58.2291,60.8252,22.7415,30.0279,7.1872,-0.5462,10.0980,5.8421
14.760,58.7262,58.3283,18.3366,31.5755,4.3862,-1.1860,10.1545,8.1961
14.764,58.6295,59.2609,20.7465,28.9031,3.3365,-6.8978,12.2677,7.9001
14.768,58.2113,60.6039,17.9558,26.7445,2.1294,-9.1523,13.7770,5.0945
14.772,57.8509,59.5053,15.8157,25.1996,1.7161,-9.6979,14.2240,6.2497
14.776,59.8970,59.4954,15.5612,24.3414,0.8905,-9.1221,15.7921,6.1152
14.780,59.7025,55.8634,16.4198,19.3114,-0.1710,-4.1702,14.4875,7.2661
14.784,57.5912,58.7731,14.0395,20.1730,-1.2863,-1.1777,16.4410,2.3458
14.788,59.3051,62.1791,14.6568,16.6063,-0.1498,-1.1562,13.1476,2.1723
14.792,58.0898,63.7989,13.5783,16.5705,-1.3657,-0.4269,8.9341,2.1848
14.796,56.8343,59.9175,15.4714,18.2582,-2.0739,1.5414,7.4793,4.7657
14.800,55.9315,59.7111,18.1721,18.3326,-0.7922,-0.3721,3.0530,1.4601
14.804,56.2076,58.9574,17.2229,15.5460,-1.5049,2.7167,1.9351,-2.5046
14.808,56.5253,60.1830,17.1862,15.8981,-1.5227,4.2449,-0.1900,-4.8008
14.812,54.0552,59.0832,17.0257,17.0325,-3.2028,6.2076,-1.0079,-8.1583
14.816,51.9229,58.2802,16.9463,20.2364,-0.7030,1.5606,-0.7638,-9.4358
14.820,49.9177,60.5965,18.5938,18.1519,1.6224,1.0415,0.0512,-9.0139
14.824,52.9717,55.9794,19.8836,21.0518,4.5271,5.8405,1.1089,-13.0965
14.828,52.7585,57.8287,19.7153,23.7841,5.8686,12.4763,0.1157,-12.3246
14.832,50.2005,53.9139,22.1062,23.7839,8.1364,13.3880,1.9012,-13.2896
14.836,49.6034,56.4796,20.6368,22.2675,12.6163,15.6176,2.3693,-13.4718
14.840,48.8665,55.0939,25.0714,17.3655,12.6564,16.1738,3.7666,-6.3815
14.844,50.0280,56.1586,20.0216,20.3559,16.2431,12.4533,2.0562,-2.7408
14.848,48.4707,54.4667,19.5691,17.1643,14.7680,14.8158,8.0094,-2.6665
14.852,48.6439,53.6401,21.6184,18.6322,15.6327,13.4946,8.0738,1.4080
14.856,51.6968,48.8098,19.8295,14.5859,15.7346,11.9907,10.6009,2.5546
14.860,52.2309,48.6638,18.8129,15.5829,15.7636,12.7906,12.3327,3.2926
14.864,53.0030,48.6649,14.9743,16.6473,14.3147,9.3329,14.8072,4.7333
14.868,53.7000,49.5301,17.4975,15.5301,13.3514,5.3005,12.4451,7.2632
14.872,54.8262,48.8272,18.5361,14.9628,12.6002,2.1493,10.7282,9.5995
14.876,53.4355,47.1009,17.4510,14.5571,13.5357,-0.1025,11.1493,9.6364
14.880,52.4046,45.8779,15.2363,14.7190,13.7653,0.9732,8.1764,9.4345
14.884,52.9271,44.7847,12.6780,10.4177,15.6917,2.0558,4.2450,13.3775
14.888,52.9179,43.0777,12.6835,13.1932,12.6621,1.9948,-0.4419,12.8345
14.892,51.5418,44.2196,9.5859,10.5098,12.2794,-1.5845,-4.3019,9.0620
14.896,48.8115,44.6442,7.6502,9.8675,8.9415,-1.0607,-8.1910,12.1103
14.900,45.3594,47.5339,10.4108,13.0750,6.6801,2.9371,-8.8619,7.9516
14.904,41.6760,45.8200,6.3933,11.9981,6.5936,2.4512,-8.9543,7.0302
14.908,40.6748,41.0181,3.8468,9.9635,4.6652,1.0256,-11.0928,3.5393
14.912,36.6988,42.6888,4.8028,13.2853,2.3730,3.2501,-11.0083,-0.8061
14.916,35.6076,38.9625,4.4376,10.5691,2.9669,3.8629,-8.8881,-2.0416
14.920,31.5106,37.0106,4.7810,12.6929,3.6180,4.0834,-11.0467,-3.2000
14.924,28.3390,37.6141,6.5406,13.7063,3.9466,6.4088,-7.4764,-4.3942
14.928,26.1548,36.3114,7.8961,13.6458,4.6655,3.1725,-8.4895,-5.3908
14.932,25.7155,33.1584,6.6820,15.6440,8.0543,4.3037,-6.7575,-1.7362
14.936,28.1417,29.4040,6.6539,13.9721,5.0845,5.6805,-7.2717,-5.3774
14.940,25.0328,27.1081,5.2530,12.2799,5.1491,4.8894,-4.6529,-1.5678
14.944,23.9334,24.9198,3.8501,12.0350,9.2524,6.2936,-1.0343,-2.5335
14.948,22.5544,25.8976,5.8874,7.9024,11.5557,2.8173,1.6589,-1.8163
14.952,21.7841,20.2141,3.6054,7.0473,12.4700,2.7210,4.4534,0.7854
14.956,22.2357,19.8855,3.5180,5.4381,16.0876,0.3586,8.2240,3.9822
14.960,21.9498,21.3994,6.0658,1.2212,12.3492,0.0130,11.1702,5.9331
14.964,22.5080,17.4201,6.0301,0.4340,12.1736,2.4723,10.4838,10.4079
14.968,22.2826,12.6268,4.7399,1.4176,14.1164,3.4153,9.0814,9.8984
14.972,24.4368,11.1605,5.9771,2.6122,12.9899,1.6218,7.6818,6.3450
14.976,24.1703,12.0138,5.8098,2.4585,11.4671,1.2128,5.7477,4.4788
14.980,24.1064,15.0473,2.6991,3.5732,12.0316,-1.1136,8.2944,2.4495
14.984,22.3354,14.0902,0.9974,3.3483,10.9056,-2.7125,4.0555,4.5145
14.988,21.6564,12.9480,-0.4824,-0.5417,8.7613,-1.7864,1.1446,3.5994
14.992,21.6099,14.6429,0.4091,-0.5967,6.7835,-4.4255,1.0833,3.1446
14.996,19.3284,13.2982,-2.2580,1.6791,4.0907,-5.6296,-3.4612,-0.7184
15.000,15.9903,13.3822,-3.2575,3.5714,3.2014,-2.8124,-4.4568,-2.9855
15.004,16.0165,12.5495,0.8485,1.7554,0.7554,-6.3380,-5.2863,-4.0541
15.008,14.7286,11.8586,3.3803,3.7346,-0.1840,-2.1318,-8.0503,-4.1192
15.012,14.7341,14.0712,5.6153,1.5421,-0.1347,0.8761,-9.6188,-6.7452
15.016,12.3961,14.8616,6.4693,2.5834,2.0383,1.3985,-11.3400,-10.5156
15.020,13.8601,19.1832,7.1596,2.7891,1.1087,1.3642,-11.2146,-13.9025
15.024,12.5425,17.4978,9.7999,5.8311,1.8555,0.8309,-9.3608,-15.0528
15.028,13.0000,17.2863,11.0577,4.9915,5.2768,1.3557,-10.2204,-14.3008
15.032,13.6828,16.6364,10.6405,6.4825,7.7838,0.9821,-8.2844,-12.7576
15.036,17.1675,17.8834,8.5387,8.0037,11.7704,0.5273,-5.7441,-11.5150
15.040,16.4980,12.5023,8.3814,5.4839,8.1588,3.6718,-1.1213,-8.8776
15.044,14.8449,10.8218,4.2289,7.2588,12.2690,0.9675,2.8435,-7.1472
15.048,13.9426,8.2302,5.6978,7.8969,10.7273,3.5424,3.2456,-3.8524
15.052,14.3389,4.0232,5.3407,6.5007,10.6662,1.2095,4.7438,0.8554
15.056,15.5319,-1.1364,5.2675,2.1619,13.6035,1.1474,8.2286,2.1103
15.060,14.9029,-2.2957,3.8356,1.8987,13.0768,0.6344,7.3853,3.4754
15.064,13.3942,-3.4898,5.4379,2.3554,11.9603,-1.0060,8.2199,3.4036
15.068,12.9139,-0.7543,5.4710,3.9346,11.2037,-3.8593,6.5157,2.8696
15.072,12.2097,-0.4104,9.5708,-0.4345,10.7292,-6.2239,8.2107,3.6757
15.076,10.4684,2.3951,9.2719,2.9129,11.0146,-5.0173,7.2215,6.0334
15.080,9.7258,1.7674,7.3934,1.1292,8.8537,-7.0220,5.6640,7.5480
15.084,7.1561,0.4072,5.4981,0.4813,6.5478,-9.6845,5.7278,11.0636
15.088,5.9767,0.4191,3.6324,-1.0987,3.6254,-7.4412,5.9071,6.9066
15.092,6.5735,3.2643,2.1426,-4.1611,1.7484,-8.3706,8.2599,7.6186
15.096,8.5718,2.3877,1.0341,-5.4530,2.6787,-10.6830,4.2749,4.5664
15.100,4.7163,2.9277,0.1304,-5.7605,-2.0105,-11.3439,1.3176,-1.1852
15.104,4.2358,2.1129,6.9244,-3.9320,-2.9608,-10.8029,-1.8062,-2.3679
15.108,1.9778,2.5691,8.6097,-1.8528,-2.1632,-13.2568,-3.9865,-3.6491
15.112,3.0540,4.7807,5.8490,-2.1497,-2.8299,-12.3195,-3.6452,-6.2129
15.116,-1.8608,6.8730,6.9885,-4.1504,-3.3558,-11.0089,-3.2968,-7.9486
15.120,-1.0275,6.2674,8.5464,-5.2633,-3.0807,-8.2412,-4.3860,-12.7181
15.124,-2.6113,5.1482,6.8179,-0.1518,-1.8506,-5.5078,-0.9786,-10.5068
15.128,-3.0985,6.0275,5.9482,0.4621,-0.0332,-4.7540,3.8120,-11.0367
15.132,-1.3978,3.7289,6.2783,3.4075,0.3435,-1.9852,6.1807,-10.0646
15.136,-1.0118,3.1456,3.4940,5.3627,3.8076,-3.4460,9.5250,-9.3396
15.140,-0.9163,2.4134,4.5733,6.3343,2.5049,-3.0518,9.7272,-6.9940
15.144,-2.0914,-0.4797,5.1938,6.9312,4.9715,-0.9547,11.7560,-5.0985
15.148,-2.4664,2.5410,6.6767,8.4766,7.4052,-2.9976,10.9440,1.2150
15.152,-0.5403,0.8073,8.7296,7.6223,8.0670,-4.4493,13.0986,1.1677
15.156,2.3855,2.3045,9.4672,8.5162,6.2287,-2.6340,12.9575,3.9726
15.160,2.4190,-0.6347,10.5124,4.4206,6.8419,-5.6061,11.1909,5.1912
15.164,2.4040,-0.6676,9.1146,4.2590,7.0998,-7.2796,12.2083,5.5250
15.168,1.7669,0.1636,8.4025,2.6916,5.1567,-7.8671,13.9149,4.2873
15.172,0.0905,3.0371,5.8761,0.6411,3.9443,-9.9122,15.6663,3.8285
15.176,2.8325,2.5719,8.4583,-1.1024,7.9322,-9.8106,15.7426,4.7593
15.180,1.1735,-0.0157,6.3667,0.3396,7.4761,-10.3567,14.4273,9.2964
15.184,0.0319,4.1236,5.6534,-2.6338,7.2443,-11.6218,14.7272,6.8018
15.188,0.7158,5.1856,4.7472,-2.4690,6.4622,-8.2734,6.4037,4.3689
15.192,0.6433,4.3790,3.4901,-3.5001,3.3585,-6.5802,5.3013,5.0541
15.196,3.0622,2.0797,2.4380,-3.5752,6.6852,-6.9918,0.0994,1.5421
15.200,2.9131,5.0486,3.5285,-1.3152,4.3176,-5.3160,-4.6664,-3.9176
15.204,2.0632,5.6471,1.8823,1.3146,3.7135,-6.6787,-7.6152,-3.9343
15.208,-0.3504,10.1769,4.0812,0.4772,3.4766,-7.8752,-9.4945,-7.1950
15.212,-1.0839,9.9886,3.3139,4.8560,1.7318,-8.9450,-11.2753,-10.1450
15.216,-2.0063,12.5020,3.9091,5.8398,-0.8562,-2.5786,-8.0163,-10.9227
15.220,-3.2156,12.6793,3.0741,4.7937,-1.1536,-2.3898,-8.6661,-11.8843
15.224,-6.1671,14.6916,3.6534,6.3197,-0.6696,-2.4613,-6.2591,-11.8831
15.228,-5.7327,11.4518,4.1748,11.1448,-0.9815,-2.1162,-4.3470,-15.5001
15.232,-2.8404,10.5315,2.5103,11.0358,1.4521,2.0835,-3.9895,-8.3764
15.236,-0.7994,8.5471,2.9455,10.5448,5.8305,3.0252,-1.8849,-8.5000
15.240,-2.1766,7.0078,3.1011,9.3132,1.3285,3.1673,0.4455,-7.1925
15.244,0.8147,4.2031,6.6991,9.2965,-2.4694,-0.2639,6.3865,-5.6637
15.248,2.8984,2.3777,6.1805,9.4435,1.5847,5.6996,3.8907,-8.1522
15.252,4.8099,-1.0497,4.7075,7.4796,-0.7673,2.8154,3.0003,-6.3590
15.256,3.8513,0.8717,3.0372,10.0077,1.6321,6.5197,9.4142,-5.1333
15.260,4.3016,-2.0795,3.9657,8.1910,3.9317,6.0825,9.1327,-2.4540
15.264,4.5449,-1.4818,1.4736,6.4343,1.8186,7.5838,13.4682,-1.0509
15.268,4.2157,-2.3004,1.6048,5.1413,2.4636,5.4340,12.7684,3.5733
15.272,4.1782,-1.8339,-1.1420,4.1515,4.1679,3.7109,12.0668,5.6024
15.276,1.1319,1.2112,-2.2000,1.7637,2.1861,1.0282,10.7240,6.0296
15.280,0.0412,1.8093,-4.3146,0.5876,3.6292,-3.6014,10.5546,7.1148
15.284,0.1380,4.2068,-5.7285,-0.9352,-1.4396,-5.4153,10.6821,7.5172
15.288,1.1229,4.7801,-6.3813,-1.5013,-0.2064,-8.9131,6.4692,6.7413
15.292,-1.1102,2.8969,-5.7420,-1.0597,-0.3310,-9.2185,5.1524,6.1173
15.296,0.2110,6.6691,-5.8488,-0.2747,0.1738,-8.9330,3.5414,3.2481
15.300,-0.8797,8.4108,-5.2232,0.2738,1.5543,-7.3557,0.6487,1.6509
15.304,0.0925,9.3293,-6.6338,0.8265,-0.8087,-9.4698,-0.8611,-1.5377
15.308,1.2631,10.3884,-6.8970,3.1281,-4.1139,-8.9195,-2.2789,-4.1949
15.312,-0.7519,10.3864,-6.8841,4.4326,-8.0689,-6.8921,-0.7528,-5.4462
15.316,-1.1304,12.7391,-9.1660,2.1831,-7.5037,-10.3161,-3.5619,-6.3387
15.320,-4.4077,12.9953,-9.2621,4.1855,-8.4899,-6.3046,-1.0947,-8.8683
15.324,-4.2429,12.7112,-8.5719,4.2592,-10.4584,-3.5014,-0.5458,-7.7121
15.328,-5.1401,10.5322,-9.3742,6.4326,-12.5177,-3.3816,-2.8652,-8.7995
15.332,-1.4882,12.2584,-5.9965,5.5235,-8.9208,0.7256,-3.5132,-6.0659
15.336,-0.7806,7.3102,-4.2625,8.3381,-9.2201,3.8214,0.1160,-9.5101
15.340,-2.9703,5.0605,-4.2899,11.2965,-5.2121,3.9502,1.1799,-8.5489
15.344,-2.6059,1.2660,-0.9974,10.9099,-4.4139,11.2300,3.7154,-5.7373
15.348,3.1476,-0.6004,1.9794,10.3255,0.4955,10.7425,8.1867,-2.8961
15.352,6.6829,0.6010,4.5117,8.8920,0.3143,12.4074,11.7867,-5.0810
15.356,6.6439,1.6562,3.1439,8.2289,2.5151,13.9803,14.2515,-1.6212
15.360,8.7475,1.5098,5.4645,5.7686,5.8238,11.3622,15.8648,-0.7813
15.364,10.4697,3.8411,2.6410,7.8667,7.7764,11.6360,16.1445,0.0207
15.368,6.8797,1.0900,2.1543,4.1108,10.3508,14.6339,16.0665,4.1551
15.372,8.0099,0.9932,1.5435,3.5178,10.0305,12.8370,17.5940,3.3681
15.376,5.7797,5.1394,4.8530,-2.9858,9.5194,12.8245,14.1726,3.2733
15.380,3.8384,6.7373,5.5411,-5.4585,6.7441,11.8304,12.7326,0.5878
15.384,1.3124,8.2633,4.3579,-4.8665,9.2461,6.6380,8.2745,4.0872
15.388,-0.7363,6.0111,3.4384,-7.9128,7.1135,7.9035,6.1668,2.0094
15.392,-2.8428,5.5252,0.2213,-7.3989,8.1624,4.1431,3.4514,1.5725
15.396,-3.7408,4.3159,1.6092,-9.8438,5.8714,4.4232,-1.3013,-3.0105
15.400,-4.8179,6.0653,-0.0253,-7.4411,7.4001,2.5087,-5.1735,-4.2485
15.404,-3.2770,7.7730,1.3075,-5.3219,9.3131,3.1743,-6.5264,-9.1526
15.408,-6.2729,7.5399,0.3669,-4.5575,8.1341,3.3734,-7.8449,-9.6050
15.412,-3.2619,5.2081,-1.1793,-4.5299,6.6331,3.7478,-10.9484,-10.2866
15.416,-6.9166,8.7801,-1.8973,-3.9412,5.1631,-3.5167,-9.7122,-10.8508
15.420,-7.4685,10.0039,-1.1364,0.1174,4.1477,-1.7506,-11.3451,-11.9161
15.424,-7.8269,8.6319,2.4928,2.4376,-0.5878,-2.7780,-14.0674,-10.9855
15.428,-5.1015,7.4816,0.8685,3.0672,-1.8300,-1.8617,-9.4007,-12.2252
15.432,-5.4134,1.8296,5.6886,6.2027,-0.2739,-1.6719,-9.7182,-9.5414
15.436,-5.5083,2.8316,3.9211,5.8011,-1.2157,-3.3940,-7.6508,-6.8645
15.440,-5.1214,1.1248,4.3088,3.8990,-2.0659,-2.0445,-2.7689,-6.6380
15.444,-6.3883,0.2031,4.0348,4.1153,-2.9271,0.4387,2.9033,-4.0810
15.448,-6.6095,2.0333,6.9370,3.7041,-6.1975,-0.0587,3.4833,-5.6387
15.452,-5.1789,1.9998,4.7397,4.0505,-4.7118,2.7924,6.1606,-3.8633
15.456,-6.5994,2.1602,3.3998,3.8581,-5.2112,2.7953,7.9960,-3.1042
15.460,-6.0316,3.9263,3.3968,1.4246,-7.1301,7.3020,9.4425,-1.7918
15.464,-4.8503,3.5347,6.1409,0.5168,-6.3200,9.7076,9.3690,0.9666
15.468,-2.0686,5.2316,6.8385,-0.7256,-5.9276,8.0814,12.4581,2.5149
15.472,-4.4069,4.5709,2.4303,-0.8839,-4.2038,7.0153,11.0753,3.5211
15.476,-1.9511,1.1266,3.7067,-2.4475,0.0126,5.6555,9.1152,5.0497
15.480,-4.7130,0.4553,1.5147,-1.8235,-0.1256,2.6878,7.7841,6.7184
15.484,-2.4316,-1.8396,2.7051,0.6380,1.9351,1.3982,8.0410,8.1183
15.488,-2.5527,-0.1397,2.4182,0.6782,-0.4884,2.5820,4.8684,9.6417
15.492,-2.4661,-1.9032,2.3966,-1.3439,-0.5638,1.1336,3.9690,5.6165
15.496,-5.8695,0.2990,-1.1210,-3.6213,-1.8373,-1.3727,-0.4262,-0.5194
15.500,-6.0496,2.2640,-4.7846,-4.3761,-3.3619,-1.7914,-1.1283,-0.8038
15.504,-5.8084,5.9057,-4.4328,-6.4003,-5.6563,-2.0818,-4.7911,-4.0946
15.508,-7.5951,11.3582,-1.2760,-5.5508,-4.6696,-3.4839,-6.6134,-6.8696
15.512,-5.7671,6.5307,-1.5618,-0.3658,-4.2110,-4.2065,-7.9564,-9.9410
15.516,-6.7872,5.7870,-0.6778,-3.6735,-6.4454,-2.9592,-9.2882,-14.1153
15.520,-6.6621,9.7610,-0.2135,-1.5011,-8.3171,0.7373,-11.2975,-14.8660
15.524,-8.3851,9.1921,-0.4708,-1.1909,-8.1222,-4.8821,-12.4100,-14.0458
15.528,-9.4708,10.5904,2.8322,-0.5190,-8.8276,-1.6198,-7.8211,-15.9468
15.532,-9.7627,8.4294,4.1670,-3.0512,-10.5870,1.2090,-6.3158,-11.3535
15.536,-6.9338,7.7507,0.6281,-1.8111,-9.7926,1.6435,-0.2932,-7.8602
15.540,-8.1746,3.9701,1.6005,-1.4274,-11.4765,2.8432,2.3657,-4.9987
15.544,-8.6903,1.3731,3.6035,1.3244,-11.1525,8.1166,3.5774,-3.2506
15.548,-6.1192,0.8240,1.9216,0.3418,-10.0045,11.9900,3.8436,-1.1212
15.552,-6.3450,-1.5975,4.4886,3.3833,-6.2261,14.9811,6.8521,-5.3037
15.556,-3.9689,-1.4478,7.1870,-1.8414,-6.4251,16.3429,7.4345,1.8056
15.560,-3.0155,1.9642,6.4107,-3.2864,-4.8805,20.7553,6.6627,2.4896
15.564,0.5388,-0.3009,6.9877,-1.9626,-4.3268,19.7817,10.3112,4.3872
15.568,-1.5563,2.0126,6.7015,0.1213,-2.4091,21.5283,8.5565,3.1921
15.572,-1.3814,2.2538,9.7247,-3.6534,-0.4806,19.6383,11.5083,4.2057
15.576,-2.5919,3.2059,8.0710,-4.2828,-0.0798,17.4258,10.0676,5.8884
15.580,-0.0248,2.8460,8.0812,-6.1248,-1.2458,13.8222,14.0378,4.3509
15.584,-4.1918,4.0299,6.8207,-7.1380,0.7063,13.3547,11.2201,3.8136
15.588,-6.2372,5.0178,6.9125,-2.9116,1.1616,11.7584,8.6051,2.3050
15.592,-7.2896,4.0829,4.5893,-1.5011,-0.1404,9.3534,7.7045,0.9248
15.596,-11.4490,3.3784,5.7660,-4.6295,0.3710,6.2476,4.3766,-3.3489
15.600,-12.3846,3.5611,1.7430,-4.1573,3.2820,1.8376,-1.0506,-3.8540
15.604,-8.7301,5.1135,1.7829,-2.6834,-0.1863,0.7275,-5.4110,-5.0260
15.608,-10.8918,8.0144,0.4719,-5.7176,0.5048,0.9093,-4.5524,-5.0329
15.612,-13.0786,7.6817,-0.2998,-3.8878,1.5181,-0.3442,-6.4217,-6.4815
15.616,-15.7566,9.0712,-1.6041,-3.1512,-1.9285,-2.4322,-9.0715,-9.0056
15.620,-13.3054,8.8732,-3.5739,-4.8610,-0.1917,-5.5794,-6.5552,-7.6517
15.624,-14.6957,7.5557,-3.3700,-3.9636,-2.5535,-6.4414,-4.6984,-7.9092
15.628,-13.0647,1.4101,-5.2314,-3.1339,-7.0531,-6.8481,-3.1987,-5.5726
15.632,-10.4150,2.8035,-6.4148,-0.2558,-7.3556,-6.3203,-7.0000,-0.9628
15.636,-7.3120,1.8147,-5.7906,2.7413,-6.4679,-6.3525,-5.8320,-3.6941
15.640,-6.5507,0.8074,-3.5781,0.3083,-10.4964,-3.1581,-5.4747,-0.7555
15.644,-7.1832,-0.0042,-3.1877,4.8922,-9.2374,-0.6538,-5.9085,-0.7256
15.648,-5.9856,-0.8884,-5.8534,6.7506,-8.1632,0.4506,-0.3549,-2.1262
15.652,-6.7682,2.0184,-4.4868,7.3858,-8.0010,4.8970,-0.8531,-0.6926
15.656,-4.8725,0.8547,-5.0404,6.8353,-6.6022,2.2918,1.3628,1.6656
15.660,-2.9220,-1.1680,-5.4640,8.4874,-4.5507,8.6449,4.1816,6.6902
15.664,-2.3443,0.7026,-4.4443,9.0061,-1.8690,8.7547,5.9491,8.4186
15.668,-2.2166,0.5907,-4.2022,5.2115,-2.7312,5.6170,10.7062,9.8920
15.672,-4.1909,-1.4366,-5.4861,7.9569,-0.5624,3.7973,13.9653,12.8696
15.676,-3.3165,-2.3241,-6.2810,6.1373,2.0897,4.0506,12.8671,11.1343
15.680,-5.9567,-1.5079,-6.4311,7.6876,1.1714,5.5343,10.8828,9.4865
15.684,-2.7218,-3.6800,-4.3992,3.9188,1.3738,2.0633,7.7062,8.3157
15.688,-2.7688,-1.0949,-4.7891,3.4097,1.9080,5.5356,8.3534,7.8309
15.692,-0.4037,-0.2119,-4.8978,6.8615,1.1636,7.0381,2.4528,7.0300
15.696,-1.5318,3.1825,-5.7725,6.6453,2.8231,3.3698,1.7113,4.3538
15.700,-1.1121,4.9530,-6.3560,5.2135,2.5007,1.3711,-0.3823,-1.4762
15.704,-1.0636,4.7193,-6.8679,9.0907,3.4340,-1.0409,-1.9322,-0.3007
15.708,-1.7765,6.1568,-3.8618,7.1613,3.7474,-0.2975,-5.8282,0.7616
15.712,-1.4523,7.3867,-7.3491,7.2367,2.1775,-2.7027,-9.3929,-2.2052
15.716,0.4107,3.7369,-6.7034,6.0714,1.5962,-4.1380,-7.8329,-3.4192
15.720,0.6354,4.6537,-5.2430,4.9341,2.5352,-8.3196,-9.9652,-4.0735
15.724,-1.1923,2.2827,-3.3990,3.1667,2.4718,-8.5435,-8.5693,-2.7363
15.728,-0.0976,-0.4101,-4.7559,4.3360,-0.3886,-5.6201,-7.3882,-2.3007
15.732,4.0304,-2.2910,-5.1556,2.4542,-4.0963,-7.4929,-5.9786,0.1478
15.736,4.7270,-0.2719,-6.7886,0.5248,-4.4989,-5.6586,-6.1870,3.3921
15.740,7.2584,-2.2629,-4.5153,-1.0441,-1.5407,-5.4644,-5.5316,5.0951
15.744,9.3125,-0.7940,-3.8434,0.5016,-4.2401,-5.4294,-4.3724,5.4706
15.748,5.6060,1.5107,-3.0125,0.9835,-3.3386,-2.7674,0.3479,5.9271
15.752,4.2015,0.2202,-1.1884,4.4131,-3.0956,-0.0300,1.7381,9.1251
15.756,4.6023,0.5647,0.2352,7.4739,-2.4746,4.0725,5.3122,12.5733
15.760,4.8464,0.0142,2.5026,8.0451,-0.9099,4.3144,7.0939,17.4120
15.764,4.5566,-0.5134,2.5469,6.3886,2.3072,7.0408,7.3211,15.6438
15.768,3.3618,1.1448,4.7871,4.0948,-3.5894,6.1815,7.1824,15.0527
15.772,1.6381,4.6862,0.6035,2.7307,-0.0121,8.8399,4.2425,13.0331
15.776,2.5998,2.8192,1.7640,1.8796,0.3451,8.5746,3.2930,15.3533
15.780,-1.8308,5.2068,1.2437,-2.0717,1.5684,5.0097,1.6748,11.9021
15.784,-3.5589,4.7796,-0.0128,0.8293,0.7351,7.2543,0.4653,12.6156
15.788,-1.0499,5.5279,-1.8707,0.6157,0.1717,7.4690,-2.7106,12.7332
15.792,-3.0625,7.4620,-1.9735,1.4358,-0.0794,6.8528,-5.1232,12.2759
15.796,-5.9346,8.2798,-3.2100,1.0783,-0.7044,6.6281,-5.7603,3.5098
15.800,-5.1624,3.2627,-2.8299,-1.8275,-0.7353,6.3765,-7.0339,1.5927
15.804,-2.3673,6.8818,-2.4306,-1.5032,-1.5292,2.9839,-6.8660,-0.5923
15.808,-3.4988,4.8362,-5.3023,0.7076,-0.2611,3.2114,-11.2520,-3.9244
15.812,-6.0575,4.5245,-6.1613,1.2147,-2.7201,0.1293,-9.6194,-7.1388
15.816,-6.8912,4.0815,-6.2728,3.4390,-1.7044,-1.8929,-8.4044,-8.4425
15.820,-7.2478,0.3236,-8.8079,0.7394,-5.2662,-2.8512,-11.4634,-11.0733
15.824,-7.8969,0.4360,-8.3753,2.9718,-6.8256,-7.9580,-12.0767,-12.3692
15.828,-8.5734,2.0053,-9.7289,2.1906,-9.7434,-10.6175,-10.9417,-11.8896
15.832,-6.8100,-1.3751,-7.0967,-0.7234,-9.1121,-10.2767,-9.5064,-9.6958
15.836,-5.9014,-1.9317,-6.8662,-3.1448,-7.8259,-10.3892,-5.4077,-12.8985
15.840,-5.3322,-2.2049,-8.6337,-3.9422,-8.8256,-7.4723,-1.3170,-13.1880
15.844,-1.1734,-3.0267,-7.4603,-0.2769,-9.8179,-10.4093,2.3166,-11.4743
15.848,-0.6794,-5.4546,-5.6848,0.1460,-10.3735,-9.4228,3.0821,-11.2331
15.852,2.8198,-7.8236,-0.9981,1.4703,-11.8875,-11.6538,6.2928,-8.4568
15.856,3.0479,-6.2307,-0.9727,3.2472,-10.5220,-11.3768,8.1173,-5.4191
15.860,2.9004,-8.7294,2.2816,3.4383,-7.1034,-9.8500,8.6315,-3.3089
15.864,3.4281,-10.4494,2.0726,0.2066,-5.9210,-7.5076,9.9240,0.5774
15.868,2.3184,-11.9681,3.1837,-0.5497,-6.3356,-7.7355,12.1815,0.5327
15.872,2.3677,-12.9405,4.3812,-3.0540,-3.7020,-7.2337,15.7070,1.9090
15.876,4.6822,-10.3666,3.6364,-4.1907,0.0413,-5.5108,15.2202,2.5047
15.880,2.9193,-11.6396,5.4309,-8.4755,-1.9711,-1.8915,12.8387,-0.2815
15.884,0.4856,-10.9320,5.9323,-8.0285,-3.8435,-3.1133,11.1192,-0.2499
15.888,0.9012,-8.2332,8.6674,-7.9656,-1.0794,-2.5849,9.0961,-1.5670
15.892,-1.9020,-3.8576,5.1680,-8.3085,0.5772,-4.5479,7.2378,-1.5726
15.896,-1.9106,-4.5937,6.6278,-10.3199,-0.4068,-3.5190,6.2241,-6.0451
15.900,-4.1208,-4.8737,5.1056,-14.2207,0.5261,-5.9140,3.8773,-4.8798
15.904,-5.3816,-4.2111,5.0172,-13.6520,0.7105,-7.4464,3.0749,-5.2601
15.908,-3.7525,-0.0510,3.4047,-13.2537,2.8563,-8.3056,-0.0112,-10.1561
15.912,-1.9511,-4.2217,3.2830,-8.4805,2.9173,-9.8773,-2.2553,-8.3860
15.916,-3.9076,-1.6540,2.2930,-9.9296,0.6791,-8.2551,-6.4810,-9.5230
15.920,-3.5153,1.7056,1.2672,-8.2162,1.3412,-6.9073,-7.2669,-10.0387
15.924,-5.3167,0.7596,-1.2462,-4.3418,-0.4744,-6.4218,-10.2425,-12.8304
15.928,-5.5993,1.0788,0.2980,-2.8980,-0.9189,-7.9510,-7.7680,-9.7372
15.932,-6.4131,2.7691,-1.1023,1.0219,-6.0659,-11.2103,-4.7965,-9.5126
15.936,-3.6224,1.8710,-0.4479,0.4669,-6.5127,-12.0313,-1.6829,-6.1071
15.940,-3.1993,0.1145,2.6042,-1.6171,-11.6772,-11.7293,0.7995,-4.8397
15.944,-1.5281,2.2870,1.2573,3.3943,-10.0161,-10.7042,2.0135,-5.0548
15.948,-0.8349,3.2778,1.6626,3.6894,-10.7868,-10.8922,4.0166,0.2673
15.952,0.4850,4.4439,2.9828,0.9949,-14.8110,-9.2195,3.4113,-0.0511
15.956,-2.0010,4.6810,-1.3153,4.5933,-15.1230,-7.2737,6.6585,5.4919
15.960,-1.5957,4.0463,-5.1654,2.5384,-13.6600,-7.8890,9.2546,8.6114
15.964,-0.6451,7.5092,-3.6981,3.1421,-12.2552,-7.9940,11.3249,8.6932
15.968,-1.7784,9.7010,-4.3764,8.4552,-12.2769,-6.4792,15.0555,12.4582
15.972,-0.7900,10.2089,-3.5709,5.8930,-10.2776,-1.4434,16.4351,12.7297
15.976,0.4503,8.1812,-5.2437,5.3019,-9.3733,1.2158,14.1705,11.6959
15.980,-1.8041,5.0103,-4.1598,4.9235,-6.5556,4.2678,12.0260,10.7114
15.984,-1.8924,4.1352,-6.0649,4.5801,-6.4535,7.5896,10.5758,10.1776
15.988,-2.8586,1.7001,-3.5237,3.0801,-5.0560,7.0493,3.9783,3.1899
15.992,-5.3255,7.0326,-2.0795,-1.0782,-6.9270,4.9416,1.1950,1.9621
15.996,-2.5364,6.0305,-3.6143,-3.7892,-8.8012,1.9380,-2.6856,-1.0454
16.000,-1.9103,4.3078,-5.5792,-4.5305,-6.9083,5.0295,-4.0635,-2.8249
16.004,-0.0764,6.6549,-5.2660,-4.9582,-6.2388,4.4498,-9.5287,-7.3637
16.008,0.1178,4.1937,-7.1285,-3.7366,-6.2141,1.2932,-10.6164,-9.5321
16.012,3.6061,5.6772,-6.1223,-2.8533,-5.2235,-0.7001,-11.6447,-13.8452
16.016,4.0774,2.6777,-7.1725,-4.2199,-3.5881,-5.9658,-14.4745,-13.7838
16.020,4.4240,5.4528,-5.5483,-2.6465,-4.8445,-6.2514,-11.5211,-14.7446
16.024,5.9089,5.0089,-4.8955,-3.1543,-3.2727,-8.5111,-9.1644,-16.1502
16.028,8.5027,2.8751,-6.2184,-1.6293,-3.5106,-8.2424,-4.8360,-16.5421
16.032,8.1548,3.8634,-6.0979,0.6102,-4.1492,-7.0413,-6.1715,-13.7976
16.036,9.2208,3.3408,-8.7107,-0.9872,-4.4027,-7.9290,-5.4230,-14.2830
16.040,8.9726,-0.0222,-8.1151,2.8079,-3.8028,-9.8066,-4.6777,-11.2564
16.044,9.7786,1.3292,-7.6398,3.5543,-3.9770,-8.4372,-4.8789,-10.0883
16.048,9.6867,-1.0510,-7.6626,4.1513,-6.4258,-11.6419,-6.2873,-4.3465
16.052,7.1548,-0.0819,-6.9168,5.0484,-4.3665,-8.9443,-0.5079,-0.2404
16.056,8.1136,-4.9182,-7.4786,4.2621,-8.7140,-8.4717,2.2172,3.1207
16.060,7.1447,-4.3459,-6.7215,2.1969,-10.0558,-5.4681,6.0330,7.2134
16.064,6.3028,-1.3913,-6.9501,1.8270,-12.5357,-2.6871,10.3359,9.1026
16.068,5.7636,-3.2031,-5.4281,0.2081,-10.2189,-0.2962,12.6584,10.2747
16.072,3.6506,-2.6867,-5.7196,1.2169,-8.2972,3.4215,11.5267,11.1665
16.076,2.7997,-2.4730,-3.7310,1.1747,-6.1053,3.3813,11.4263,7.7766
16.080,-0.3599,2.3978,0.0015,3.0737,-3.9625,4.7839,9.0657,7.7881
16.084,-3.4136,6.5393,2.1180,1.8525,-2.6180,6.3747,10.6421,8.9609
16.088,-2.6150,8.5232,2.6198,3.5845,-1.8902,9.6634,5.1806,7.5299
16.092,-3.5969,6.0992,3.5024,3.0368,2.2309,8.9343,5.3861,3.2031
16.096,-6.4132,6.8279,2.1600,1.9677,1.6614,13.0339,0.4430,1.5695
16.100,-4.1285,7.6724,2.6482,3.8135,3.9942,10.4834,-2.8886,-1.2377
16.104,-2.4371,6.4212,0.4480,3.4425,3.1485,11.2666,-2.1716,-3.5052
16.108,-2.9498,2.6484,1.9009,3.5123,3.4054,8.5759,-3.1749,-4.5065
16.112,-2.9742,1.6302,1.5369,3.8141,1.8457,8.9379,-5.2090,-8.6913
16.116,-0.6066,2.8378,4.3167,1.8834,1.1033,9.4004,-5.3728,-10.0672
16.120,0.4210,3.7414,1.7108,2.8649,1.9586,8.5241,-7.3908,-10.3219
16.124,0.0112,2.8366,2.8461,1.6101,3.9212,5.5534,-8.4811,-9.1634
16.128,0.4486,3.3705,0.9359,1.8562,4.1433,4.3858,-10.1206,-10.3076
16.132,-1.4373,4.2118,1.5258,6.6048,4.0212,1.8118,-9.4409,-10.3809
16.136,-3.1434,2.4144,-1.1513,4.3986,3.6426,2.1381,-11.0474,-11.0721
16.140,-3.3969,4.0846,-1.8343,6.6285,2.3510,-2.0415,-9.5048,-7.8905
16.144,-3.2338,4.8622,-0.1859,7.8262,1.4298,-2.7238,-11.1624,-4.9461
16.148,-3.4550,2.9884,-1.7317,6.6734,-1.9717,-5.8034,-6.7589,-0.3725
16.152,-4.3382,1.5836,-2.4208,5.3531,-1.0937,-5.1715,-1.9211,0.8881
16.156,-2.4591,-1.5078,-1.9559,7.0468,-1.7318,-3.6028,1.4005,1.5288
16.160,-0.1299,-4.2941,-2.4996,3.9562,-0.8992,-2.3934,3.2734,6.3245
16.164,-1.1777,-9.6263,-5.5397,4.2464,-1.5736,-0.3813,6.0319,5.0341
16.168,-0.5626,-8.7937,-1.8404,2.9424,-2.7259,-2.5104,5.5456,6.2572
16.172,-0.7748,-7.2817,-1.7222,1.0955,-0.4661,-1.4512,6.3788,6.2433
16.176,-1.3707,-9.0301,-0.7598,0.9586,-0.8213,-0.6995,3.0520,4.8957
16.180,-2.1702,-10.5131,-1.9546,1.4630,1.7069,0.4870,2.8364,1.2399
16.184,-0.0209,-4.4274,-1.7833,-2.0371,2.8495,-1.5909,0.4586,-0.4984
16.188,-1.3772,-4.0499,2.3230,-2.1368,2.9999,-1.9140,0.7813,-0.4964
16.192,-1.1014,-4.3805,1.6600,-3.0331,4.2267,1.6374,1.7066,-7.4640
16.196,-2.2693,-4.1537,0.6712,-5.4841,6.5567,0.6420,-0.1701,-6.3331
16.200,-0.4927,-3.4393,2.7483,-3.8821,5.9347,-3.3203,-0.6379,-6.9812
16.204,0.9978,-2.2726,5.8339,-6.5220,7.3375,-2.0288,-0.3267,-7.8516
16.208,0.1638,-4.7463,7.5937,-4.6728,7.2934,-2.5845,-2.4809,-13.1104
16.212,-0.0791,-5.6463,4.5412,-5.7449,7.3039,-0.1639,-4.6483,-15.0074
16.216,2.3936,-2.7383,6.1552,-3.6666,7.2329,-0.6881,-9.2314,-15.5943
16.220,5.2238,-0.7743,4.7873,-4.9351,8.5430,-1.4270,-11.6869,-19.8665
16.224,5.1998,-2.0178,3.8314,-8.2361,7.9103,-2.6156,-11.2958,-15.8900
16.228,6.0941,-1.1212,3.3396,-8.1020,8.3670,-5.4023,-11.6308,-13.1365
16.232,6.6671,-2.0274,3.5619,-8.5794,8.8009,-7.3871,-6.8684,-12.8266
16.236,4.4107,-3.8401,3.6235,-6.9010,9.3920,-8.2132,-3.3558,-6.2475
16.240,3.3896,-5.7477,4.3198,-6.6724,10.7639,-8.5773,-0.1926,-4.9830
16.244,3.1741,-9.9390,5.0063,-5.9623,5.6616,-6.7667,3.7669,-3.9015
16.248,1.2291,-6.4778,4.1181,-6.7218,2.5265,-8.6025,7.1754,-1.9421
16.252,5.2344,-6.1324,5.3780,-4.8257,2.5989,-5.9393,9.4055,-1.7350
16.256,0.6788,-6.9298,5.9650,-2.4027,0.2838,-4.7242,14.1151,0.1132
16.260,-0.5362,-8.9210,7.2022,-1.0085,1.3456,-4.5033,17.3063,5.3403
16.264,-4.0088,-6.8048,10.2546,0.8267,1.5379,-4.0850,16.0422,6.5833
16.268,-5.5977,-4.3566,9.5260,3.9384,-1.1319,0.9264,14.8019,7.3683
16.272,-5.9936,-3.7009,8.0558,0.2714,-0.5899,-1.3111,14.7746,6.3524
16.276,-6.9987,-2.5392,10.6190,-3.3225,-2.5452,-1.6654,15.4719,7.0147
16.280,-6.8041,-2.3066,10.3721,-5.1753,-0.5519,2.5986,12.8031,5.0928
16.284,-5.4024,-2.8587,10.1090,-6.2282,0.0194,4.1950,13.8326,3.6222
16.288,-7.9606,-2.0724,8.9657,-10.6166,2.4343,5.6579,12.4513,7.0304
16.292,-6.7279,-0.3950,10.5466,-12.1664,3.4571,5.2267,11.6033,4.7223
16.296,-7.0315,-1.7077,11.6457,-11.9227,2.8681,9.7047,6.9347,5.8358
16.300,-7.8219,-1.5106,11.8635,-10.9759,2.8489,9.4988,5.6933,3.0120
16.304,-10.9793,-2.3567,11.7964,-10.0489,2.0467,7.3823,-0.4940,1.1311
16.308,-12.0495,-5.1968,9.7468,-11.0741,-1.6295,6.5889,-5.6082,-0.1558
16.312,-9.8286,-3.5959,10.5500,-11.6641,2.5450,6.4602,-8.0238,-1.6589
16.316,-5.1161,-3.8615,10.8896,-9.7793,-0.5536,7.0551,-9.2414,-5.9206
16.320,-2.7647,1.7679,9.1870,-8.0679,1.5918,7.0043,-10.4959,-6.4635
16.324,-1.0611,4.4422,6.6120,-7.4301,0.7203,7.6689,-13.2279,-10.2833
16.328,-0.7741,4.1702,4.2121,-6.5564,1.0965,6.6139,-12.0858,-12.1893
16.332,-1.9161,7.0093,2.9897,-5.1991,-0.8246,1.9821,-11.9619,-11.6321
16.336,1.4251,7.9275,1.9901,-6.6996,-1.3499,-1.9647,-7.1101,-11.3333
16.340,-1.8904,3.6453,0.3171,-3.1633,-1.6103,-3.6352,-7.0666,-7.8769
16.344,-0.9880,-1.5188,-3.5976,-5.4925,-3.2331,-3.8552,-5.6334,-4.6190
16.348,-0.1535,-1.4764,-3.6575,-2.2690,-6.6573,-2.6210,-3.0907,-0.4444
16.352,1.7106,-3.6826,-3.1163,-2.9511,-8.0200,-5.4307,-0.5188,3.9875
16.356,-0.0300,-2.4414,-4.1549,-1.8471,-7.6186,-5.7230,0.9024,6.7403
16.360,0.2573,-5.5342,-4.4587,-0.5366,-8.8773,-5.1580,3.7515,11.2729
16.364,-0.0600,-6.7928,-4.3189,0.9742,-9.3009,-6.0600,5.5291,10.2923
16.368,-2.1789,-7.7841,-5.4811,-0.7983,-9.3773,-4.5031,9.2976,11.8797
16.372,0.6103,-5.1916,-4.5840,-0.7705,-8.4775,-4.6650,12.7968,12.5506
16.376,0.2655,-4.6695,-6.9928,-0.9434,-9.3302,-6.6269,13.7869,10.9535
16.380,0.8020,-3.8435,-9.0280,-2.6779,-8.6453,-5.2146,14.3088,11.6422
16.384,-1.5005,-6.5824,-8.4607,-3.7486,-7.7789,-4.6124,15.1080,11.3745
16.388,-0.1595,-6.1886,-6.9599,-1.1284,-7.9883,-3.4530,14.1101,8.3001
16.392,2.9662,-8.2801,-4.8900,-3.3700,-5.6780,-2.9450,11.5691,5.2662
16.396,2.7407,-5.8845,0.4523,-5.4316,-7.9362,1.2090,9.9889,4.4943
16.400,1.5057,-5.3039,-0.8027,-7.3374,-5.1689,3.9152,5.8969,1.7717
16.404,2.6366,-4.5958,-0.9782,-10.6438,-3.9759,4.4798,3.3503,-0.5396
16.408,3.2721,-1.2227,1.3764,-6.6074,-1.2378,4.6451,3.4136,-1.1461
16.412,1.7578,0.2000,0.6584,-6.5910,1.4299,5.1924,1.0482,-4.4354
16.416,2.1697,-1.7014,1.1925,-5.2282,1.5938,3.9830,-0.9080,-10.3123
16.420,1.8224,0.0832,-1.5830,-4.8127,2.3590,5.0067,-0.5506,-8.0302
16.424,5.0176,-2.8211,-1.6338,-5.0546,3.5987,7.2586,0.6024,-2.3397
16.428,6.5808,0.4791,-0.2850,-6.6623,4.0320,0.9273,-1.6536,-3.5577
16.432,5.8744,0.2670,0.5375,-4.0389,5.1103,1.2226,0.7095,-2.8461
16.436,5.8961,-1.5264,0.1809,-4.0382,2.9680,-0.6185,-0.5325,1.9943
16.440,5.2719,-6.1883,-2.4515,-4.9773,5.9276,-4.1436,2.5074,5.8630
16.444,5.7894,-6.7876,-6.3016,-2.2739,5.5711,-3.7987,3.8131,7.6936
16.448,2.6361,-11.2076,-6.3113,-1.6558,3.0877,-4.4415,5.2206,11.2236
16.452,3.8571,-10.0355,-7.0948,-1.9865,0.5761,-5.7357,9.3326,11.6590
16.456,3.0199,-6.7604,-5.8783,-0.5447,-0.0199,-8.0929,12.0877,16.6646
16.460,-0.6431,-4.8169,-6.2604,-2.3030,-2.4911,-6.7351,11.1927,17.6476
16.464,-0.5455,-6.9868,-6.8353,0.1889,-3.5800,-1.6649,14.0084,16.5813
16.468,-2.4998,-5.4654,-5.9848,1.9355,-5.9882,-0.8268,14.5915,13.4090
16.472,-4.7294,-3.0492,-3.8766,3.3193,-6.4637,-3.3619,15.8775,11.7692
16.476,-7.2868,0.5886,-6.6603,3.2253,-6.8205,-0.8627,11.2570,9.4786
16.480,-5.2301,0.5991,-5.6580,0.2598,-8.5289,-2.3394,10.1525,6.8066
16.484,-5.8673,3.7695,-7.6865,2.3858,-5.4912,0.5303,4.8079,7.6364
16.488,-5.8597,2.7649,-4.8068,1.9133,-6.3574,-0.7137,-0.9049,4.7681
16.492,-4.1158,6.2852,-5.0952,-0.1190,-6.1080,-0.3068,-3.5498,1.4299
16.496,-4.1011,5.8145,-5.1416,-3.4350,-6.7240,1.3226,-3.5263,-0.2060
16.500,-4.5236,9.8323,-4.7375,-0.5623,-8.1396,1.1740,-7.1393,-3.5577
16.504,-2.9291,9.4904,-6.2464,-2.5473,-7.6940,2.3177,-6.3093,-5.9738
16.508,-3.5943,10.7089,-5.5452,-1.5075,-5.5277,2.9996,-12.6649,-8.6601
16.512,-2.3796,12.9357,-4.9470,-4.7040,-5.0494,6.7050,-13.8792,-11.8025
16.516,-1.7824,12.9300,-6.7544,-4.0923,-4.4407,8.5748,-13.8982,-13.8194
16.520,-0.9274,14.0659,-4.5531,-4.5047,-4.2807,6.4384,-16.4873,-13.7041
16.524,5.7640,15.0261,-4.0111,-5.4302,-2.8534,9.3597,-16.9834,-13.2224
16.528,4.8959,9.6188,-4.0308,-4.3115,-0.9635,4.0136,-17.4738,-11.9035
16.532,3.8454,10.1877,-6.2089,-6.3082,-1.2304,3.4927,-16.2858,-6.5481
16.536,8.2255,4.2343,-7.5401,-3.0344,1.1520,4.8169,-16.6394,-6.9615
16.540,7.9127,3.1193,-6.2664,-1.3141,2.5424,1.3555,-16.0211,-3.7913
16.544,8.3015,1.7412,-4.7259,1.1163,2.1942,0.7750,-14.0024,-4.3036
16.548,10.0340,-2.3564,-3.5139,-0.3426,1.0460,-1.8521,-8.3461,-2.2864
16.552,9.2076,-4.1855,-5.4814,3.2677,2.6593,-4.3283,-6.2863,3.7164
16.556,6.8244,2.5639,-2.9693,1.5263,1.8822,-3.1020,-1.8579,6.8056
16.560,4.3119,-0.4239,-4.4357,2.1259,1.2032,-7.6060,2.3041,7.2718
16.564,6.0669,-0.5167,-6.1830,2.9877,1.1124,-10.4965,2.4177,5.5445
16.568,4.0980,4.6286,-5.6712,4.3950,-2.3013,-9.5800,4.3116,4.6706
16.572,1.2562,5.8810,-4.9095,4.8222,-0.2797,-12.6267,4.5846,6.1224
16.576,-0.9370,4.9256,-3.4534,5.3101,-2.2035,-12.9008,4.2128,7.2795
16.580,-1.5627,5.0040,-2.3178,5.4155,-2.0115,-14.6097,4.7291,4.5599
16.584,-1.4881,4.6679,-0.7598,7.0933,-0.1721,-13.9375,4.6868,1.0267
16.588,0.5436,5.7027,0.5760,6.7863,-2.2092,-10.9117,5.9931,1.6225
16.592,2.2829,9.3894,2.9626,10.4732,-2.8155,-8.4989,3.9685,1.6635
16.596,3.1710,3.1834,4.3434,9.8378,-3.4341,-5.2664,1.5538,-4.0276
16.600,1.1871,4.5901,6.0656,7.0264,-0.5811,-4.1032,0.0634,-4.2691
16.604,0.2087,3.6349,3.5017,1.5040,0.6541,-1.1529,-1.1028,-4.2101
16.608,1.5364,3.7359,7.6297,-0.2182,0.8564,-0.8990,-3.4412,-8.1997
16.612,1.8603,-2.8187,5.2348,-2.0743,-2.6133,-0.7934,-5.7454,-11.7419
16.616,-1.1923,-3.2675,5.0734,0.1063,-3.1931,-0.1336,-8.9023,-13.0807
16.620,-0.2212,-3.2712,8.0932,-2.1957,-4.4382,1.1405,-10.5385,-10.7794
16.624,-1.5037,-3.1268,10.5581,-0.9141,-5.1983,0.4805,-12.6366,-11.5595
16.628,-3.2400,-6.3721,11.2036,2.6389,-3.2283,1.1662,-12.9466,-10.6357
16.632,-2.1712,-5.8670,10.7984,0.2702,-3.3667,1.1622,-13.4899,-9.7771
16.636,-2.4137,-7.1466,10.1020,0.3126,0.1036,2.9614,-10.7343,-5.6806
16.640,-0.7284,-8.3184,9.0961,2.1863,-0.2742,1.7146,-7.7947,-5.0003
16.644,1.0767,-6.2410,7.0821,0.7629,0.2983,2.1414,-1.1975,-3.8490
16.648,2.0075,-6.2718,7.3688,-2.9301,1.6857,0.4009,-0.1415,-2.5864
16.652,0.5538,-8.4692,1.8093,0.7234,0.8692,4.4562,2.2559,1.4796
16.656,-2.4582,-8.5604,1.1067,-0.9070,-0.0428,1.2093,3.3426,1.7277
16.660,-3.6790,-8.9485,-3.9569,0.3210,-1.9278,0.5716,3.3290,-0.3457
16.664,-3.9490,-5.6374,-2.6053,0.0527,-6.0003,-0.3119,6.5645,0.4555
16.668,-4.5118,-6.7646,-3.4342,-0.9335,-6.1796,-3.9507,6.3259,3.3416
16.672,-9.1103,-4.5974,-4.4350,-4.4198,-8.3222,-2.1923,8.5329,2.8009
16.676,-9.4543,-4.6503,-5.5575,-3.6788,-9.9307,-1.9663,10.2334,-0.1308
16.680,-8.8415,-1.0752,-1.6686,-4.5448,-10.1178,-1.5062,8.3516,-2.9911
16.684,-8.8964,1.0143,-3.7151,-6.0476,-8.4815,-0.4559,5.6391,-5.0110
16.688,-11.0959,-0.2826,-6.7458,-5.3740,-9.2768,0.1636,4.7434,-5.9389
16.692,-5.7463,3.3422,-5.0193,-6.9476,-7.9109,0.3469,2.0546,-8.5540
16.696,-5.8240,4.4214,-5.2395,-3.8888,-8.0153,2.7509,-1.5255,-8.7979
16.700,-2.4590,3.5127,-6.0793,-3.8821,-5.9378,1.0632,-3.5746,-12.0733
16.704,-0.0420,3.0780,-5.6702,-2.8801,-6.6962,3.6610,-6.9146,-13.2942
16.708,1.9197,4.3588,-2.9384,-2.0818,-5.3997,2.2720,-10.0107,-17.8453
16.712,3.7663,6.4006,-5.0716,-4.0709,-5.5026,1.3526,-13.1440,-20.3754
16.716,6.6130,3.4484,-4.0057,-3.0994,-1.9589,0.6224,-12.4676,-21.5395
16.720,9.1681,2.6461,-5.1055,-1.7911,-3.2998,1.8957,-12.3750,-20.8246
16.724,9.6668,0.8550,-3.9857,-3.5232,-0.1936,-0.4462,-12.6461,-21.2529
16.728,10.4988,-3.2108,-5.7555,-6.3476,-0.5633,-1.7251,-8.9010,-20.1402
16.732,9.2650,-4.2774,-2.5443,-6.1979,1.8287,-3.5950,-8.0260,-18.9346
16.736,8.3039,-3.6026,-4.8441,-8.9693,-0.2661,-1.7507,-6.5297,-15.2488
16.740,6.5517,-2.5785,-5.6182,-5.5184,1.1538,-3.1977,-1.1462,-12.2271
16.744,7.5981,-2.6819,-7.6557,-6.5497,0.8078,-4.7907,2.2835,-7.6296
16.748,4.4954,-3.3270,-8.5050,-3.2860,-1.0004,-9.1942,4.3350,-5.2199
16.752,1.7201,-1.7968,-8.6111,-3.8118,1.4922,-6.5557,7.5695,-3.6222
16.756,1.4855,-1.2797,-5.1099,-3.9379,2.5767,-12.8504,6.4916,-2.5863
16.760,-0.3084,-3.7148,-3.8760,-5.3566,1.3915,-13.0094,8.8648,-1.0158
16.764,-1.7459,-4.9295,-6.6209,-1.6254,0.5702,-18.2011,13.2124,1.0789
16.768,-3.9909,-7.0621,-6.4010,-0.9920,0.9179,-16.9145,14.3399,1.8085
16.772,-0.8640,-5.5485,-2.7094,-1.5991,-0.8067,-17.4507,14.2402,1.9740
16.776,-0.5065,-3.6273,-3.4732,-5.0719,-2.0446,-16.4777,16.0968,3.6837
16.780,-3.8720,-3.4352,-3.6395,-7.1080,-2.0427,-16.3150,15.2092,7.1672
16.784,-4.3694,-5.3876,-1.3997,-7.7326,-3.6072,-18.0956,15.1350,4.7398
16.788,-3.8259,-2.5110,-0.7604,-8.9817,-1.3655,-13.2634,14.6741,3.5341
16.792,-1.7167,-3.4464,-0.0052,-11.4516,-3.3801,-12.1368,13.4095,0.7437
16.796,-2.7738,-0.8285,-1.8297,-12.8959,-4.4089,-13.0632,7.0728,-1.7482
16.800,-1.8564,1.2968,-3.5947,-10.5302,-7.6561,-9.4740,3.9461,-2.7184
16.804,-1.5490,2.9962,-0.9390,-14.0295,-5.6704,-9.3272,-1.2887,-6.8181
16.808,3.3836,5.4669,-1.5544,-15.0962,-4.6394,-9.9863,-2.5851,-6.6589
16.812,2.5588,4.0031,3.4589,-17.4734,-3.8399,-6.7868,-3.4946,-9.8250
16.816,3.7131,2.1488,0.6887,-17.5579,-2.5787,-7.5940,-7.9905,-12.9829
16.820,5.2807,1.5932,3.7411,-15.4260,-1.4452,-5.6464,-7.5048,-12.2182
16.824,6.8316,2.3272,6.3727,-15.7562,-1.3554,-4.1153,-8.4825,-11.9054
16.828,9.0570,4.2663,2.6664,-12.0229,-4.3829,-4.0936,-7.0665,-12.0308
16.832,7.3639,1.0338,3.8579,-14.6873,-6.0606,-2.6910,-8.6544,-10.7383
16.836,7.4237,-2.9117,3.1119,-14.7109,-5.8610,-0.1133,-7.5129,-8.2458
16.840,7.0777,-2.4744,1.2280,-13.9917,-6.5076,3.5755,-5.1170,-6.5261
16.844,7.1423,-0.3788,-0.1733,-8.7002,-6.4822,-1.8510,-6.1828,-7.7437
16.848,10.0507,-1.0390,-2.0760,-8.5238,-7.0323,-1.6669,-3.4787,-0.7322
16.852,7.1704,0.5816,-2.4133,-7.2416,-4.5684,-2.5257,-4.2089,-0.7879
16.856,6.4288,-0.5258,-2.0420,-4.2451,-5.6249,-5.1383,-2.9552,0.5515
16.860,4.5109,-3.7299,-4.8981,-5.0048,-2.0720,-6.8202,2.1694,-1.4030
16.864,6.5722,-4.6584,-4.5572,-1.3515,-4.6687,-5.7664,2.3371,1.9827
16.868,9.0281,-6.7523,-4.8314,1.5454,-5.8714,-7.5179,4.0549,0.0413
16.872,6.7448,-9.3295,-9.1221,3.1071,-3.9775,-7.2125,3.5543,1.1819
16.876,9.7740,-5.6050,-9.3542,6.3072,-6.1371,-5.2273,3.6311,3.5037
16.880,9.0077,-2.0459,-11.0755,5.0718,-6.5445,-4.3731,1.7626,3.2678
16.884,9.5236,-1.8489,-11.1482,5.7785,-6.6965,-3.1705,-1.4693,1.9590
16.888,7.3657,-4.1915,-12.1282,7.4466,-7.0639,-3.5971,-2.1925,-1.6845
16.892,9.2165,-2.2575,-12.4518,3.9611,-3.9514,-2.7299,-3.6425,-4.4521
16.896,11.7275,2.3144,-10.2615,2.8754,-5.7832,-2.9630,-6.1825,-8.7015
16.900,13.5123,6.0399,-9.1793,2.1394,-4.3510,-0.9085,-9.6767,-10.9748
16.904,12.7864,6.7662,-8.2929,-0.6947,0.3336,-0.6666,-11.3979,-14.4733
16.908,14.0115,6.5545,-8.4637,0.6889,-0.6714,-2.0921,-11.3898,-14.5621
16.912,15.2008,3.6126,-6.5549,-3.7000,-2.0143,-2.1499,-11.4900,-16.1873
16.916,15.6052,2.6357,-6.4776,0.6907,-3.9790,-2.1466,-13.0243,-16.5124
16.920,17.1751,-0.7052,-6.6854,1.3037,-4.1216,0.0675,-12.4526,-12.4429
16.924,15.5295,1.6480,-9.6856,-1.1607,-4.5811,3.2069,-12.6254,-13.3358
16.928,13.2720,0.5709,-9.3028,-1.0977,-4.9513,6.9902,-15.0309,-8.4179
16.932,11.5884,-0.2451,-4.8639,-1.2900,-4.1320,5.9112,-13.5809,-7.4143
16.936,8.7764,-1.0322,-7.1444,0.3597,-3.4444,4.0896,-9.2933,-2.7099
16.940,8.6381,-3.1550,-5.6893,2.4011,-4.0418,3.0381,-8.1923,-0.0486
16.944,5.4138,-3.2473,-5.6418,5.1100,-0.2862,2.6989,-2.9529,5.5019
16.948,3.9057,-4.2488,-4.9054,3.6758,2.8640,-0.3245,0.6810,6.6922
16.952,2.5872,-7.5384,-2.1547,4.9237,4.5770,-1.5559,2.0087,8.6361
16.956,1.8146,-5.0819,2.8938,3.1674,5.0411,-0.6419,4.8758,9.9050
16.960,1.0309,-6.2865,1.2154,4.9368,7.8365,0.1676,7.9097,12.0745
16.964,-0.2949,-5.4500,3.1006,2.2331,5.6021,1.1637,11.4647,13.1038
16.968,-0.1244,-6.1361,1.9068,0.6502,7.2237,1.4984,12.6965,18.6108
16.972,-3.6038,-9.1173,-0.0452,1.0774,7.1803,0.4128,11.8784,16.5069
16.976,-3.1307,-6.1650,-0.2792,2.3365,6.6572,-1.1577,10.9506,16.0324
16.980,-2.5125,-3.6325,-0.6368,1.7454,3.7534,-2.1922,11.2354,15.3065
16.984,-4.2758,-2.3804,1.5815,3.3558,0.8700,-2.3577,10.1399,6.9801
16.988,-4.0201,-3.2978,1.1370,2.7134,-1.3280,-5.5379,10.6702,7.9355
16.992,-1.2420,0.3366,0.4255,-0.7274,-0.4652,-3.0771,7.4039,2.9377
16.996,-0.7315,0.5443,1.8646,-0.1855,-4.2010,-3.4462,4.8279,-0.5954
17.000,-0.3109,0.5197,4.3649,-3.6306,-2.1652,-5.2553,3.7839,-6.7365
17.004,0.0716,2.4117,8.4375,-3.0148,-3.1021,-5.1563,3.2686,-8.7482
17.008,0.2290,0.7736,7.9944,-1.0746,-3.1586,-5.3595,-0.0097,-11.4816
17.012,1.8575,2.2369,9.8117,-0.7798,-5.5437,0.5125,-3.5699,-11.1133
17.016,2.2678,5.3355,11.0602,0.9696,-4.8519,-2.0289,-9.0185,-12.0014
17.020,2.1997,3.1337,10.3983,0.3944,-7.4276,4.1769,-9.8705,-11.9776
17.024,3.2745,1.9235,12.3120,1.7675,-4.3171,7.8256,-9.4495,-11.2407
17.028,5.2314,2.8777,9.8400,3.9595,-4.6184,3.2787,-13.9385,-9.0339
17.032,6.0586,6.5951,9.4483,3.6216,-1.2961,3.8110,-9.9032,-8.3166
17.036,6.2818,5.4398,5.5541,2.9782,-0.9470,5.3403,-3.9226,-4.1997
17.040,3.9772,4.3803,6.4034,2.2758,-0.0751,3.2327,-3.0921,-5.2669
17.044,2.7189,2.2766,9.0987,1.0691,0.8954,1.7432,-1.5654,-2.6096
17.048,0.8026,-2.4705,6.0163,4.9351,3.4514,2.6475,-0.1300,-1.3142
17.052,1.9769,-2.3351,2.8340,4.6077,5.7377,1.7291,1.5149,-1.6821
17.056,1.0016,-0.6147,2.1471,4.9045,9.3202,-1.2295,5.8512,-0.2441
17.060,-0.7353,0.2989,-0.3399,5.2136,9.3092,-0.1709,7.0349,0.7221
17.064,1.0188,0.4912,0.7514,6.0931,9.7652,-5.3891,7.5809,-0.5466
17.068,0.0225,2.6675,-2.2151,4.6309,7.4466,-3.8877,6.7804,0.2218
17.072,-0.0095,1.8198,-5.0842,4.7831,6.4060,-5.2460,6.6795,3.0815
17.076,0.4085,4.6744,-5.3138,6.0691,0.2829,-1.8915,10.7122,2.7598
17.080,3.2035,5.4852,-7.6437,8.4117,0.8598,-3.6060,10.3534,0.9434
17.084,-1.5790,7.0288,-5.5775,7.9043,1.5810,-4.1992,10.8689,-0.6141
17.088,2.2224,4.0589,-7.2271,7.7543,-1.3322,-5.7537,10.6108,-1.9103
17.092,1.9388,5.4023,-6.3785,7.3332,2.6864,-2.5025,11.5359,-3.7154
17.096,1.2734,8.9279,-5.3999,4.1593,0.3518,-2.9713,9.6449,-7.6122
17.100,4.2588,7.2126,-3.6895,5.8900,0.9864,-3.3424,7.7339,-7.7006
17.104,1.5522,7.2800,-1.4742,0.7949,1.2198,-3.6843,5.2003,-11.9089
17.108,3.0433,8.6813,0.7673,1.4668,1.3575,-1.3026,2.2541,-13.9354
17.112,1.9792,5.0406,-0.2075,-0.9684,2.0656,-0.1634,0.0020,-15.9108
17.116,1.3409,5.3953,1.2636,-0.9759,1.9782,-0.6112,-6.2268,-17.4820
17.120,0.9870,1.4603,0.8971,-5.7003,1.1475,-0.2347,-6.5248,-13.6180
17.124,-1.8441,3.9024,2.5555,-7.8178,2.4409,0.2016,-3.8919,-13.7529
17.128,-1.6588,-0.5925,2.1039,-8.7800,-1.4072,2.8025,1.0701,-7.8829
17.132,-0.0311,0.8733,6.6887,-9.4508,-1.2991,2.0026,2.0841,-4.5437
17.136,-0.8385,-0.9168,9.5515,-7.5195,2.1053,3.3326,4.2141,-2.6565
17.140,0.8596,-2.3909,11.9482,-6.2306,3.3817,1.8506,7.9493,-2.3524
17.144,-0.0327,-1.7015,12.5978,-6.2491,3.0127,2.1110,10.9766,1.7803
17.148,-3.1822,-4.7473,13.2369,-4.4517,3.7883,0.6941,11.5463,3.2976
17.152,-2.6792,-4.3115,12.8553,-2.5450,6.4890,3.0577,13.1180,4.6440
17.156,-3.9450,-4.6322,9.5784,-0.3316,5.9752,5.1814,16.6606,4.7441
17.160,-6.3366,-8.7820,9.6428,-0.2999,8.2817,2.6937,19.6340,8.6844
17.164,-6.8669,-5.9582,9.5746,-1.9582,7.0610,5.4021,20.9539,10.9015
17.168,-8.1280,-5.4146,9.1638,-2.5743,6.7040,1.6506,19.9554,15.4111
17.172,-8.6332,-4.6436,10.9823,-0.3719,7.0578,0.7430,19.2230,14.9917
17.176,-7.5602,-2.8155,5.8303,0.6385,2.6249,-1.6512,20.3251,13.1931
17.180,-6.5959,1.2235,6.6218,1.0024,5.4056,-3.8177,19.8364,8.7126
17.184,-4.5570,1.3205,6.0719,2.4177,3.7470,-6.3240,18.3593,8.5812
17.188,-1.5332,5.8987,7.5740,-0.3700,3.2749,-4.1137,14.9671,7.8413
17.192,2.2192,8.1254,5.3710,-0.1800,0.7963,-4.0461,11.0948,4.4001
17.196,0.0144,5.8759,7.0513,-1.0100,1.1292,-0.0271,6.2475,2.1799
17.200,3.7410,6.0068,5.4722,-0.9737,0.9352,2.0668,-0.1145,-0.6528
17.204,2.3164,6.2542,3.5706,-0.6051,1.4219,1.5946,-3.0140,-4.0241
17.208,3.4644,7.5085,3.4410,-0.0888,-0.7455,0.1968,-5.2199,-8.1523
17.212,6.0200,8.5215,3.6671,-0.8958,-2.7356,3.9838,-7.4372,-5.7093
17.216,3.9103,7.2366,2.8262,-4.6057,-1.6815,7.5083,-10.6275,-8.1782
17.220,3.6005,6.8257,0.8242,-4.8560,-1.7064,6.8440,-10.7042,-8.2894
17.224,3.6407,6.4936,1.9990,-4.8988,-1.5156,11.6161,-15.3536,-7.3438
17.228,4.9606,2.6775,3.8524,-5.6982,-1.2383,11.5523,-17.6633,-4.8000
17.232,1.6966,3.0643,3.9150,-6.9573,1.8831,13.9687,-18.8179,-6.8880
17.236,7.0208,2.4353,4.7424,-9.2855,1.9237,13.1804,-13.6990,-4.2897
17.240,5.2268,4.3217,5.8019,-8.5686,3.6427,8.1038,-13.4407,-2.4792
17.244,5.3070,4.7761,5.9322,-8.1421,3.1921,8.2893,-12.9740,-3.5717
17.248,1.8607,5.3255,6.4921,-8.6642,5.6030,8.6414,-11.3355,0.1584
17.252,3.5159,3.8093,4.6764,-5.3887,5.3367,11.8899,-4.3849,0.2374
17.256,0.0432,4.4866,3.2637,-4.5679,4.4629,11.0693,-5.0016,3.6220
17.260,-2.3487,5.9907,0.3128,-4.5483,6.9515,10.2390,-2.1705,4.5806
17.264,-0.1034,7.7501,-0.7307,-3.4355,12.4543,10.6566,0.6803,5.2035
17.268,-1.9195,9.2708,-0.3749,-2.1034,9.8468,10.7174,2.8063,10.0822
17.272,-1.2718,9.9878,0.7404,-3.9406,10.3684,7.7495,5.2481,5.4203
17.276,-3.5133,11.9606,1.9761,-4.1099,8.1905,4.2106,3.9198,2.6870
17.280,-1.2027,10.2451,4.5751,-2.0056,8.9057,4.6579,1.2509,0.8335
17.284,-4.3110,8.0781,2.3200,-0.4404,8.9250,3.5484,-0.3098,-4.9670
17.288,0.9772,8.1158,2.4917,2.7716,10.2694,2.6947,-2.7220,-2.8560
17.292,2.7416,7.9534,4.9075,-0.1529,8.0868,-0.4609,-5.0984,-7.1107
17.296,4.3176,7.8529,2.8489,-0.0401,7.1042,-2.1484,-8.9099,-8.3191
17.300,4.1853,6.1274,1.3586,0.2494,5.8067,-1.3922,-11.3375,-9.1979
17.304,3.6926,6.0438,0.3269,-1.6168,7.2996,-3.2683,-12.3238,-9.2593
17.308,4.5881,3.8503,-0.0685,-0.9985,6.2568,0.7759,-14.0080,-8.4985
17.312,3.0118,5.6778,1.7212,-4.7228,5.4614,1.1696,-15.4974,-7.2581
17.316,2.7758,4.9402,4.5969,-1.8485,4.7106,-1.6451,-14.4495,-8.0887
17.320,-0.5334,5.1477,5.0197,-5.0683,5.0305,-1.1199,-13.5876,-4.3333
17.324,0.6206,1.7050,5.0052,-4.6661,7.2884,1.3348,-14.7854,-8.0358
17.328,-2.0847,3.3530,6.2414,-3.6109,8.0401,1.7980,-14.8438,-4.3070
17.332,-1.8089,2.6976,5.4088,0.9853,4.6225,7.7863,-15.0166,-0.5905
17.336,-3.5671,5.1368,6.4551,-0.3605,3.8169,7.4147,-13.8139,-0.1349
17.340,-4.5312,4.7531,9.1021,-1.1566,0.6333,11.1589,-11.8134,1.0060
17.344,-6.3404,1.7196,7.9088,-1.7368,2.1236,11.0580,-9.1278,4.5412
17.348,-9.3948,1.9211,7.1089,-1.4130,0.2534,10.5481,-7.2429,5.0480
17.352,-7.1569,-1.7642,7.2242,1.7680,2.2953,10.5684,-4.1423,4.6901
17.356,-7.0196,-3.4827,6.6227,0.9960,2.0627,9.0973,-0.0985,6.2723
17.360,-5.5677,-1.1460,3.9473,3.8654,6.7680,7.0517,4.1694,9.5954
17.364,-8.4453,-1.6536,4.2164,4.6273,5.6221,10.3099,5.5448,10.1878
17.368,-8.3419,0.2030,5.3577,4.0758,7.7279,8.3064,7.0671,10.8749
17.372,-9.0857,3.3351,4.4331,2.3639,9.9561,3.7093,6.4069,12.8581
17.376,-10.6124,4.8943,7.5284,5.4931,10.6653,2.6996,6.4618,10.1269
17.380,-10.1273,5.8708,4.2810,5.8229,8.0295,3.5634,4.8618,9.7526
17.384,-6.9605,2.9172,3.2637,6.6229,7.3744,-1.5220,3.5124,7.4224
17.388,-6.5293,3.7636,-0.6623,5.1339,3.4863,-5.0960,1.5609,4.4894
17.392,-5.1854,4.3612,-3.0017,5.7058,1.6183,-5.7272,-1.7072,-2.0025
17.396,-0.4955,6.1356,-3.5563,1.4980,0.7242,-8.8320,-3.2936,-5.3909
17.400,0.3804,7.3792,-4.4351,1.5328,2.0192,-9.5994,-5.5576,-8.9661
17.404,4.1844,5.7510,-4.8483,2.7873,1.2157,-6.2089,-4.6463,-9.3577
17.408,4.7975,10.9430,-4.9446,-1.1791,-0.1080,-4.9229,-6.5595,-12.3721
17.412,5.3779,6.2396,-6.6224,-1.7921,-0.1549,-5.3224,-11.3717,-8.6631
17.416,2.5334,6.5205,-7.3563,-2.8378,-0.0892,-2.7044,-14.8078,-6.9051
17.420,2.8897,9.5189,-5.8830,-4.1157,1.4350,-3.3624,-16.4528,-2.5985
17.424,3.6214,8.6016,-6.3830,-5.7403,0.6858,-4.0551,-16.2557,-2.4591
17.428,1.1139,11.5390,-6.2337,-8.2148,0.9710,-3.4055,-15.7266,-1.5944
17.432,0.0089,12.2288,-2.7425,-7.0828,2.2278,-3.4364,-17.9499,0.2402
17.436,-0.8091,14.1350,-2.2803,-5.7936,0.6042,-0.9187,-16.4575,3.0065
17.440,-3.3686,14.9589,-3.8039,-5.3829,0.9217,0.9150,-13.5293,1.7049
17.444,-5.5641,10.9559,-2.3158,-5.4925,0.8223,2.4538,-10.3565,5.2201
17.448,-5.8077,7.9291,-1.9518,-3.5092,1.4312,2.1588,-4.4096,7.3974
17.452,-3.2733,5.7033,-1.8006,-5.0323,0.4331,1.0329,-0.9272,9.2295
17.456,-3.0441,5.4894,-4.1351,-6.6638,2.8431,3.0240,1.1767,9.3883
17.460,-5.2917,2.5157,-2.0802,-3.6185,6.4308,2.8281,3.4536,12.0464
17.464,-9.4864,2.9789,1.0926,-3.9986,7.6794,4.6991,3.5109,10.5282
17.468,-9.3143,5.5650,-1.8216,-4.4062,7.0203,4.4448,8.1008,11.9887
17.472,-8.8912,8.0531,-2.3739,-3.1023,8.1676,4.3197,7.2657,10.4412
17.476,-10.1896,10.4144,-4.5741,-1.1695,10.2449,-0.0968,5.6059,10.0311
17.480,-7.6703,6.3699,-5.1697,-5.8165,12.6780,-0.6661,9.1349,7.6757
17.484,-8.2649,7.0438,-4.1465,-3.4826,8.3338,-4.0186,7.7939,5.8217
17.488,-5.0849,5.9068,-4.3941,-3.0131,8.4194,-3.2162,6.4559,5.4273
17.492,-4.6070,8.0166,-3.8300,0.1969,7.1001,-4.4973,4.5975,3.9409
17.496,-3.4831,8.3439,-3.1626,0.8123,7.5989,-9.2253,0.6024,0.0513
17.500,-3.0662,4.6372,-3.8472,-1.7888,5.8703,-4.9489,-1.8436,-0.8249
17.504,-2.9128,4.7252,-1.6247,-0.6114,4.4296,-4.5887,-5.3183,-1.0648
17.508,-1.7981,1.3897,-4.0895,-1.5356,4.0104,-4.9853,-8.0645,-4.6494
17.512,-2.2265,-0.5134,-0.7585,-1.2018,-0.3152,-2.0249,-8.6099,-6.8485
17.516,2.1541,2.5213,-1.9615,-1.6885,-3.2499,-0.7640,-9.5643,-7.0104
17.520,0.5470,1.0431,-0.0509,-2.5604,-3.8787,1.8370,-9.7352,-5.2398
17.524,1.7462,1.1144,0.8164,-3.0661,-2.6935,-1.6589,-9.3418,-3.9149
17.528,0.7364,0.2733,1.7375,-3.0868,-4.6415,0.0824,-4.7347,-2.0160
17.532,-1.4751,-0.3913,3.5009,-3.1622,-4.7492,1.2985,-3.1821,-0.4318
17.536,-5.7010,-3.3335,1.2623,-3.1328,-4.2274,1.3968,-0.8665,1.2048
17.540,-5.8500,-4.1652,0.8114,-7.1297,-7.2071,1.4980,3.7438,2.8994
17.544,-6.6476,-4.6373,1.2585,-5.9424,-8.0954,3.3757,3.4612,4.5467
17.548,-7.0726,-3.3195,0.7130,-6.5424,-10.0816,4.9849,3.7670,4.6288
17.552,-7.3197,-2.4186,4.0019,-6.6764,-12.2288,5.1808,4.2584,4.6072
17.556,-9.7015,-5.3792,7.6785,-9.5741,-9.0865,5.8102,7.4508,5.0004
17.560,-7.0052,-3.2119,5.1268,-8.1232,-7.7084,7.9213,7.6401,3.6847
17.564,-6.9141,-2.8694,5.8928,-9.1525,-3.8016,4.9925,10.2095,5.2007
17.568,-4.4295,-1.6843,5.7132,-11.3896,-2.2378,4.9186,9.0929,4.4076
17.572,-2.4976,-0.8388,3.1872,-10.6355,-2.4229,4.0088,12.8913,5.8035
17.576,-1.7103,2.2197,3.1702,-8.6216,-1.7301,1.9356,10.4716,1.1057
17.580,1.4270,2.7139,-0.0395,-7.7546,1.9773,-4.6417,9.2320,-2.1084
17.584,0.6201,3.2882,-1.6873,-4.6166,4.8873,-3.7815,7.4099,-7.0129
17.588,0.2078,5.8635,-3.4288,-7.0094,4.2090,-6.0627,3.9588,-6.9349
17.592,1.6733,7.5949,-3.4728,-4.3164,2.8661,-7.6938,-0.1278,-9.8988
17.596,-0.2595,5.8286,-2.7500,-6.6489,-0.0110,-2.4182,-5.0113,-10.7922
17.600,0.9241,5.4050,0.0124,-5.5409,2.2591,-3.4586,-8.9252,-9.6449
17.604,2.3209,7.9121,0.1006,-4.7767,3.5057,-5.3019,-11.4590,-10.8523
17.608,2.0746,6.7723,1.2346,-7.3089,3.4971,-6.9430,-13.6511,-10.1890
17.612,2.7651,6.6366,3.7042,-9.0221,5.6345,-5.9405,-16.2579,-8.8011
17.616,3.2044,7.4745,4.9082,-8.5652,7.1983,-8.6112,-18.5230,-10.2739
17.620,1.8819,9.8330,5.9393,-7.1409,3.4867,-7.5650,-17.5018,-7.4488
17.624,2.6561,4.8832,4.2167,-9.0411,3.2806,-9.4237,-18.1052,-6.1670
17.628,2.3833,2.9954,4.8365,-8.5045,6.9457,-8.0533,-17.3851,-3.7390
17.632,0.9335,1.7301,5.1773,-6.7782,6.2842,-9.5931,-17.2189,-4.3523
17.636,1.6126,-2.7173,3.0578,-2.4638,6.8560,-7.2327,-17.1745,-1.2412
17.640,1.1790,-0.6794,4.9119,-0.6472,5.5590,-3.1232,-17.3716,3.3351
17.644,-0.5970,0.2532,4.9898,1.2840,3.9516,1.1760,-15.2099,3.4441
17.648,-3.2743,1.4042,5.4690,-0.7808,2.9383,1.2423,-12.6086,2.1794
17.652,-5.4033,2.7532,8.4547,2.1926,4.5763,4.7655,-8.0277,7.5169
17.656,-7.6513,1.6799,8.7829,2.9492,1.3983,0.7750,-6.6300,12.3108
17.660,-4.5880,1.0948,8.4836,2.2267,2.2483,-0.0390,-5.5962,15.9022
17.664,-5.8623,-4.9861,7.4401,3.1852,3.0667,-2.5379,-3.5366,18.0874
17.668,-6.7766,-6.0913,7.7821,1.9386,6.7358,-2.1721,1.8130,16.4945
17.672,-5.7750,-1.7384,2.4799,2.8755,5.6109,-3.2052,2.7482,15.9704
17.676,-6.6855,-2.4462,2.8096,4.6804,7.1289,-6.3200,4.0222,14.5225
17.680,-3.9698,-2.1284,2.4521,6.7936,4.8810,-5.9441,2.5715,11.8037
17.684,-5.9716,-2.6024,3.0854,7.5034,5.5911,-9.1003,3.6565,9.5814
17.688,-4.1596,-0.9832,3.4986,8.9450,3.4692,-6.9959,1.1767,12.8855
17.692,-2.9700,1.5982,1.0678,6.8498,4.0224,-6.8400,-1.7575,9.7869
17.696,-0.4807,-0.8251,3.5746,6.1296,0.5997,-5.3573,-3.6523,10.0886
17.700,0.0913,-3.4735,1.8416,6.2115,1.5214,-7.5905,-3.4203,4.9879
17.704,0.5741,0.9111,2.3131,5.1927,-1.6891,-8.6388,-10.5301,4.5870
17.708,2.7791,2.1674,-0.1486,6.7802,-3.8156,-6.0283,-10.9806,5.3944
17.712,0.5717,2.8446,0.8150,3.2374,-1.8545,-7.4922,-12.9570,4.6976
17.716,0.7678,5.1883,-1.2405,2.4097,-1.4359,-8.5702,-12.2257,0.0488
17.720,1.0067,1.6375,-0.4152,1.1674,-1.2758,-6.8021,-13.8503,0.3329
17.724,-1.5636,3.9644,0.8321,-0.8911,-3.4947,-5.9263,-12.6562,1.0915
17.728,-0.1291,2.0695,1.5347,0.9577,-3.3821,-7.5723,-12.8983,-0.0418
17.732,-2.8744,2.2982,1.6386,-2.7505,0.0239,-6.3140,-12.6220,-1.0116
17.736,-2.6843,-3.0578,2.9302,-1.9273,-3.2307,-3.9227,-11.3782,5.8790
17.740,-4.4891,-5.1993,1.8173,-1.4449,-2.1064,-2.6578,-10.2060,7.0128
17.744,-3.1868,-4.5693,3.9773,-1.3291,-5.0244,1.7037,-10.2995,9.1157
17.748,-4.9960,-5.3279,2.7839,1.2544,-7.6617,-1.2593,-6.5810,11.2388
17.752,-4.2392,-3.8434,0.8931,-1.1685,-5.8457,-0.8063,-2.3348,14.7641
17.756,-3.6253,-2.5559,1.8353,0.7070,-3.3547,-1.7856,-0.2617,17.5840
17.760,-5.7381,-2.4315,1.2593,1.8103,-0.8483,-0.8659,6.1679,19.4490
17.764,-4.4684,0.5239,1.7943,1.3923,1.1600,1.3341,6.8568,19.9912
17.768,-5.3246,0.4774,3.8891,1.4785,-0.7199,1.6501,6.3029,16.9731
17.772,-3.8659,1.2760,4.7932,1.4117,1.1527,-0.9964,4.1424,18.6944
17.776,-0.9243,2.3028,3.5851,2.2062,3.0712,2.6631,5.7541,17.1366
17.780,2.1373,1.1840,2.5408,-0.2318,3.9641,3.6836,2.5257,14.5730
17.784,3.8063,3.4198,4.1201,2.3892,5.0489,3.6693,-0.4463,11.0385
17.788,3.7980,2.3359,5.2532,4.9220,5.5491,1.7673,-1.0214,7.0942
17.792,6.0993,0.9002,3.3993,3.1212,6.0142,-1.1560,-5.4637,4.8917
17.796,4.1150,3.0523,2.6031,1.7513,4.1637,-2.7910,-6.3035,3.6313
17.800,3.4169,4.4946,-1.1942,-0.4147,6.3374,-6.3613,-9.5411,5.1995
17.804,1.7374,3.9584,1.5660,3.1127,8.0604,-10.9989,-8.8256,2.1232
17.808,4.0803,5.2893,-3.2751,2.1857,9.5329,-13.3508,-11.1551,1.6332
17.812,0.6270,4.9469,-7.0441,2.7382,9.3702,-12.5227,-11.4300,-0.5401
17.816,0.3441,1.2295,-5.7036,-1.4713,11.0895,-14.5069,-12.6969,-0.1550
17.820,0.8551,3.0947,-5.4717,-3.5892,8.2969,-13.9678,-13.8405,-0.1964
17.824,0.2011,1.9920,-2.5239,-0.6429,9.3584,-14.9263,-14.3137,0.5547
17.828,-0.8850,-1.5040,-2.3095,-5.4214,6.0862,-11.6840,-16.1236,2.9570
17.832,1.2503,-7.1711,-1.7537,-4.8888,4.3343,-13.3526,-12.8250,6.9957
17.836,-0.2915,-6.4504,-1.7127,-8.3189,4.1580,-12.9045,-15.5123,10.2201
17.840,-0.3882,-8.4090,-1.5375,-7.8159,1.1335,-11.7936,-12.1947,14.2851
17.844,-1.8751,-13.0705,-0.2403,-8.0252,-0.6727,-9.4830,-8.8610,16.9921
17.848,-0.1054,-9.6569,-0.4549,-7.2193,-2.1771,-10.0379,-5.6247,15.8652
17.852,0.8455,-12.0592,1.4136,-1.9228,-6.0755,-5.1336,-4.4468,17.1181
17.856,-1.5314,-11.9713,1.0433,-0.4657,-6.9465,-4.4385,-4.2584,18.8919
17.860,-1.9524,-8.9662,1.8230,1.0339,-7.7817,-3.2875,-2.0835,17.2116
17.864,-1.1453,-4.5568,2.2549,-0.0370,-4.8712,-4.7952,-2.1923,19.1842
17.868,-0.7273,-2.3770,5.7921,1.3994,-5.0844,-2.1798,-0.0483,17.1415
17.872,-0.9134,-0.3031,3.0541,3.8755,-4.6314,-0.1847,0.5815,13.9760
17.876,0.8250,2.5595,5.1240,4.4900,-5.5250,0.3247,0.0629,11.0688
17.880,4.7677,-0.2292,2.6763,5.4722,-4.4552,-1.1622,-0.8141,5.5638
17.884,6.8121,-0.4641,5.8077,5.0936,-4.5477,-0.0209,-1.5858,4.7488
17.888,6.6774,2.7913,4.9799,4.6549,-1.9029,-0.7027,-2.0321,2.0245
17.892,9.2890,0.5104,0.8145,6.0150,-3.9074,-2.4087,-4.4033,-3.6249
17.896,9.7279,0.1721,0.5688,2.8341,-1.5094,-2.9953,-5.0984,-5.1557
17.900,9.2352,-2.0279,-1.0379,2.9600,-0.9630,-1.6863,-7.7254,-6.1074
17.904,11.5779,-1.9359,-2.8700,0.9832,0.2815,-4.1378,-11.0378,-6.1358
17.908,8.0473,0.1034,-3.4657,0.8543,1.7089,-5.6679,-12.6435,-5.0223
17.912,7.5774,-1.8568,-3.9051,1.0334,0.5578,-7.8416,-17.8261,-6.6135
17.916,6.4363,0.9531,-3.4316,1.6509,0.2558,-6.3809,-18.2925,-8.7405
17.920,7.4795,-0.9008,-5.4615,0.7627,-1.6544,-5.8194,-17.3236,-10.3340
17.924,4.2231,-2.4135,-4.8224,5.3420,2.5377,-5.3709,-15.7245,-8.7500
17.928,3.8443,-2.9320,-6.7463,3.0925,1.7651,-6.5340,-16.9861,-8.5338
17.932,1.0298,-1.7357,-8.1869,6.7691,0.7075,-8.5465,-16.1206,-5.0439
17.936,1.1869,-5.3474,-7.9320,3.9114,-3.4848,-4.0970,-15.0266,1.4268
17.940,-0.1026,-4.0858,-8.3709,5.4820,-5.6243,-5.8671,-15.2886,5.8657
17.944,-0.9476,-5.8842,-8.1437,6.8550,-4.1732,-6.4437,-10.0319,9.0926
17.948,-2.8305,-7.2145,-9.9913,6.9200,-4.7115,-5.0621,-11.0143,10.9978
17.952,-3.7722,-5.4013,-5.9673,9.4014,-6.2067,-6.0071,-7.8750,13.7473
17.956,-4.7822,-3.3211,-4.8132,8.6910,-7.6606,-2.5925,-5.0653,14.6478
17.960,-5.8976,-2.8640,-5.0427,10.5994,-3.6580,-3.7143,-0.8902,16.0029
17.964,-4.2147,-2.4368,-5.9791,10.0967,-3.0303,-1.6286,0.5006,13.5923
17.968,-6.9764,-2.8228,-2.4041,12.4132,-1.2346,0.2534,2.0530,11.2032
17.972,-5.8569,-1.2654,-0.3192,11.5775,0.0902,0.5304,5.6655,9.3120
17.976,-5.1235,-0.9367,2.1462,15.8092,3.6168,0.4388,5.7006,6.6868
17.980,-3.1344,0.5447,-0.0793,16.3890,4.7745,-1.8381,6.5692,1.8886
17.984,-1.9528,1.0833,1.6726,19.4906,3.5519,-4.0459,2.2121,-0.4483
17.988,-0.4727,3.5365,-1.0750,19.4904,4.5009,-4.1294,2.3042,-2.5419
17.992,-2.0287,3.1376,-0.8741,22.0191,6.0634,-4.6715,2.5512,-5.2209
17.996,0.9563,2.1211,-1.4357,17.7168,5.3132,-6.1582,-3.3800,-6.6724
18.000,0.1158,0.9970,-0.6211,17.0949,5.9646,-6.4475,-4.9371,-7.5242
18.004,0.0798,2.1276,-2.6145,12.6964,5.6306,-7.2428,-4.9917,-10.7698
18.008,0.8057,1.2232,-1.8478,9.6036,4.8126,-8.8226,-9.6982,-12.5543
18.012,-3.1520,-0.9407,-1.8415,9.3523,3.5645,-10.7020,-11.6232,-15.3986
18.016,-3.1201,-3.7715,-0.6845,7.9026,3.0091,-9.0361,-13.4241,-16.0001
18.020,-2.5351,-4.8363,-0.9252,4.9143,4.0285,-7.1040,-10.1488,-13.6172
18.024,-2.5636,-7.7708,-2.6226,5.0360,3.1211,-7.4227,-9.6781,-8.9279
18.028,-5.7483,-8.0415,-1.7653,3.3764,4.9555,-6.6830,-6.5099,-7.3404
18.032,-5.5485,-7.1038,-1.7287,4.0349,2.7180,-5.0820,-5.4279,-9.1298
18.036,-8.9167,-7.1966,-2.5084,4.4275,1.7295,-8.9572,-6.6994,-7.2417
18.040,-8.8102,-10.4128,-2.0512,6.5784,-2.2382,-6.7026,-3.4364,-5.2205
18.044,-7.6957,-6.9223,-4.5436,5.4771,-1.1769,-5.5836,-0.8681,-1.5688
18.048,-6.0558,-5.3209,-6.1202,4.5488,-3.4991,-4.4856,0.6217,-0.3531
18.052,-4.3155,-9.2391,-5.4365,4.7141,-6.6756,-5.4371,3.7682,3.5911
18.056,-2.0754,-6.9876,-4.7367,4.3938,-6.1525,-0.3035,8.0260,4.0046
18.060,-2.0787,-4.4476,-5.6313,3.8848,-9.2627,1.9706,10.1414,5.7111
18.064,-2.2417,-5.8719,-2.2084,2.1998,-11.2653,3.5866,8.3591,5.9997
18.068,1.4618,-4.0352,-0.6448,-1.1291,-10.3838,7.3971,12.9620,7.5250
18.072,-1.9364,-8.4899,0.5803,0.7626,-9.8577,12.5157,16.7108,4.3301
18.076,1.1521,-11.0190,1.1744,1.3553,-8.5881,11.9322,18.4007,1.7160
18.080,4.0323,-7.4220,3.1176,5.5502,-10.1928,11.6449,14.1936,0.9356
18.084,4.8395,-4.9824,3.8187,4.0843,-7.8191,13.1992,13.0932,0.1212
18.088,7.5422,-2.4180,1.0886,5.4039,-6.7176,11.0950,10.5303,-0.9757
18.092,6.2933,-1.7837,1.3834,6.8120,-5.3401,14.6040,6.5093,-4.0860
18.096,4.6947,3.6045,-1.1931,7.6900,-2.8252,9.9788,2.5692,-2.3986
18.100,8.5730,6.6369,-2.4333,10.0602,-2.1423,12.5820,0.7358,-3.7440
18.104,6.1244,5.1548,-1.8648,9.1188,-0.3091,9.4884,-2.7535,-5.3540
18.108,7.5057,9.8449,0.0550,8.0322,1.1565,8.0814,-2.9975,-9.4013
18.112,2.8054,7.5231,-0.5815,7.3489,-2.3799,5.3300,-8.6549,-10.3055
18.116,4.4841,3.9932,-2.8158,6.9767,-0.2921,4.5983,-10.5872,-7.5816
18.120,3.6927,3.3353,-3.2819,4.3098,-1.1079,2.4105,-12.2855,-6.4126
18.124,3.1216,-0.9170,-5.7198,1.8648,-1.6495,0.9273,-12.3877,-6.2453
18.128,-1.3694,-2.2555,-7.1974,1.5753,0.3940,-4.4804,-15.9378,-5.4470
18.132,-4.1860,-1.9993,-6.6273,0.5446,1.1036,-7.6457,-15.8891,-0.8625
18.136,-5.8088,-1.4501,-6.9983,-0.9115,-1.8892,-8.3029,-12.3654,6.6709
18.140,-5.7627,-2.5614,-5.9331,-0.0152,-0.3718,-7.7516,-11.2076,10.5333
18.144,-9.5664,-2.8456,-5.0520,1.0165,4.0377,-6.6637,-8.5536,18.0417
18.148,-6.9492,-4.6508,-1.7392,2.0035,2.4726,-6.6765,-7.7173,17.9222
18.152,-5.5793,-6.6039,-2.7581,2.6499,-0.3620,-0.7053,-2.8390,23.0765
18.156,-6.2447,-8.3869,-0.2110,-2.6717,-0.4236,-4.3626,-0.6527,21.1628
18.160,-4.8978,-10.0744,0.3794,-3.8482,0.3271,-2.6365,3.7234,20.8723
18.164,-3.6106,-7.3101,-0.4468,-6.4476,-1.2859,-2.6226,6.2639,18.4688
18.168,-1.6021,-5.5237,-0.8808,-7.1915,-1.2685,-1.9395,9.1813,19.2819
18.172,-1.2614,-5.1641,-1.4833,-7.3005,-1.1639,-0.6300,9.2698,15.4340
18.176,-2.3451,-6.9033,-0.5233,-7.6021,0.5398,-1.6837,8.0568,11.4515
18.180,2.1164,-7.9007,-3.6597,-4.5423,1.4472,1.3625,5.0542,12.1196
18.184,2.9586,-3.4652,-3.5407,-4.8180,0.8910,0.3230,4.0796,9.7519
18.188,2.3008,1.1724,-4.1314,-4.2778,2.9202,-0.8112,2.6480,6.6055
18.192,2.7808,2.3176,-1.6831,-2.5026,2.9711,-3.3595,1.3859,4.4814
18.196,1.0897,1.2697,-0.6060,-3.5460,0.9695,-3.7889,-3.2352,-0.6689
18.200,2.5901,2.0943,-1.2220,-5.6741,2.7591,-4.8842,0.2479,-3.6825
18.204,0.3571,2.0420,-2.9344,-3.2170,2.5537,-6.2076,0.3785,-6.0819
18.208,2.7803,3.8627,0.3292,-2.3117,2.6256,-8.0175,-2.5799,-6.0391
18.212,1.5233,1.2755,-0.5012,-1.9930,4.1359,-10.0210,-5.5602,-5.0160
18.216,1.3309,-0.6500,-0.0991,-4.4698,1.5197,-8.4964,-10.0771,-11.2647
18.220,2.7206,-2.7983,-1.2920,-6.0548,0.2314,-9.7198,-10.3557,-10.0862
18.224,-4.0137,-7.7935,-1.6520,-9.0883,0.1667,-5.6305,-9.9632,-6.1632
18.228,-3.5795,-5.4780,-3.5004,-9.1840,0.3165,-5.8841,-8.7176,-1.7834
18.232,-3.4336,-5.7326,-4.3799,-8.8044,-0.2980,-5.6636,-8.4473,0.6725
18.236,-1.3087,-5.5742,-2.5680,-7.9582,1.4278,-11.4038,-8.7170,2.6165
18.240,-4.0964,-5.2355,-8.5303,-7.7533,2.0716,-7.9783,-4.2626,3.2028
18.244,-3.1484,-4.9869,-6.1726,-7.1700,0.3681,-6.8888,-1.6883,7.3715
18.248,-1.1193,-0.4633,-5.2549,-4.6206,1.3887,-1.7274,2.0026,5.5134
18.252,1.1135,-1.5229,-1.6373,-2.6427,1.0057,-4.7882,4.8432,12.6591
18.256,3.9439,0.0027,-1.9818,1.8022,1.9272,-1.6632,6.5899,11.7674
18.260,7.0230,0.6058,0.8020,1.4163,-1.0511,0.7265,6.8276,14.6664
18.264,6.6488,-0.5305,-0.1852,1.7741,-3.9266,4.4170,10.6010,10.8613
18.268,3.9605,0.4591,-0.1669,-0.3664,-4.0065,9.7256,8.9957,9.9566
18.272,3.7691,3.6837,-0.7165,-2.6702,-3.5828,6.4075,8.9740,11.3545
18.276,7.6105,3.0216,-2.5020,-0.3559,-5.1735,5.1950,10.3046,6.8528
18.280,5.8216,3.7316,-2.1599,-3.1072,-3.4523,4.5147,11.3697,5.8271
18.284,6.3882,4.6261,-4.5720,-3.9998,-1.2166,-1.1651,6.4585,4.9349
18.288,6.0488,3.5833,-3.8306,0.6717,-0.6760,0.7451,6.2664,3.1611
18.292,6.0077,3.4269,-5.6180,1.7769,0.3247,-0.3032,2.9077,1.8273
18.296,4.9962,4.5921,-6.0917,3.0202,3.5757,-1.9468,4.1228,0.7441
18.300,4.5543,3.3303,-4.9454,-0.9088,9.2282,-3.3288,1.0422,-2.2061
18.304,4.8250,-0.4113,-3.0247,2.6796,8.4570,-1.9975,-4.0659,-5.8988
18.308,4.8345,0.9728,-3.7310,6.0673,9.5315,-1.2661,-7.1822,-5.4671
18.312,0.9611,0.4193,-3.2660,3.8350,9.2822,-2.9261,-10.0104,-5.5950
18.316,-0.6310,0.2940,-4.5608,2.7019,8.7183,-1.5061,-13.8253,-8.1223
18.320,1.2361,2.6716,-4.3423,3.8852,9.2043,1.7351,-13.5317,-3.1910
18.324,2.3223,2.4424,-3.6692,0.8573,8.4463,-2.3448,-16.8793,-2.8159
18.328,1.1285,0.6174,-4.9178,0.8314,5.9707,-2.4302,-14.9598,-0.5858
18.332,-0.2805,-2.7982,-4.5441,-3.5004,7.3728,-4.5954,-13.5529,2.1713
18.336,0.2695,-4.0867,-1.4584,-9.6902,3.4818,-3.0285,-14.3830,5.1863
18.340,1.0978,-3.3492,-0.0281,-10.3756,4.4968,-6.6924,-12.8746,9.5629
18.344,-2.0426,-3.2852,-2.7664,-12.8531,6.8231,-6.8267,-10.8560,13.4446
18.348,-1.4858,-1.0021,-3.6251,-16.0045,6.5120,-12.2879,-9.8928,13.0806
18.352,0.5919,-0.8793,-3.1668,-10.0503,5.7112,-8.3176,-5.8851,15.3473
18.356,1.9120,0.8644,-1.9254,-10.1283,3.0517,-9.2540,-7.2625,17.0353
18.360,4.0950,1.6093,-4.7095,-11.8562,0.2513,-9.6934,-6.1194,18.1250
18.364,5.0928,2.6528,-4.4608,-8.0903,-1.0898,-7.0260,-1.1117,14.0455
18.368,5.1954,2.8950,-6.0479,-9.7876,-1.1107,-6.6213,1.5745,13.8776
18.372,8.3235,1.0462,-2.4443,-4.9025,-3.0805,-3.0007,2.3177,14.0395
18.376,9.0792,0.5166,-0.7678,-4.0012,-4.8157,-3.2321,1.0918,10.8460
18.380,10.4200,2.4776,1.6031,-5.2646,-3.3504,2.5098,2.8467,9.7368
18.384,7.8734,3.2997,3.1126,-6.0631,-5.4480,4.5656,4.6067,6.5767
18.388,10.2889,4.0650,6.8282,-7.6370,-4.7313,1.7298,2.0513,6.9921
18.392,9.1644,0.3427,8.6700,-10.2616,-5.7333,-0.1676,-4.0181,2.2712
18.396,8.1680,1.4977,6.1375,-8.4615,-3.1996,-0.6455,-6.4869,2.7733
18.400,6.5204,5.6593,5.1947,-8.9269,0.1105,2.8603,-9.2692,-3.2488
18.404,5.9722,4.2312,1.9262,-2.9068,-2.8034,3.4047,-8.9946,-8.8890
18.408,5.6014,6.5425,0.9222,-9.7110,-1.3875,-0.9445,-12.9566,-12.9577
18.412,3.1793,5.3625,1.2417,-5.6351,0.3306,-0.6518,-12.5796,-12.2039
18.416,2.6372,5.8455,-0.9225,-3.7047,-0.4092,-1.0996,-15.8240,-10.5288
18.420,3.8094,5.9685,-0.5418,-1.0270,1.3414,-3.6222,-17.3504,-8.7407
18.424,-0.5802,5.2914,0.3668,-3.9636,-0.9193,-3.3913,-15.4149,-4.7255
18.428,-0.4689,2.4236,1.8459,-6.0990,2.1616,-7.7930,-16.1857,-0.7904
18.432,4.2596,2.5417,-0.7645,-7.0618,2.5214,-9.1276,-10.5869,-2.0552
18.436,4.7254,1.0211,-0.8530,-3.9220,0.6997,-5.8596,-10.1254,-0.7858
18.440,3.2754,2.4848,-2.0323,-7.0554,3.8303,-7.5792,-9.1732,1.1060
18.444,2.9187,-5.0642,-3.3823,-2.4596,2.9851,-4.2635,-5.3610,3.9343
18.448,2.9453,-7.6117,-4.4145,-3.1109,1.1930,-4.0941,-0.1082,4.3048
18.452,3.9490,-5.3980,-4.2868,-8.9026,3.7713,-5.3257,0.1366,4.3394
18.456,5.5536,-4.9632,-5.1959,-7.8561,1.1111,-1.8396,2.9549,4.1610
18.460,6.2993,-4.3823,-6.8623,-6.1132,-1.9983,-0.7987,4.0508,2.5162
18.464,7.1219,-1.0791,-6.9469,-3.4674,-3.1327,-1.3414,9.4755,1.6119
18.468,7.3079,-1.2902,-5.3153,-4.0402,-4.2849,-1.7563,10.1039,1.0838
18.472,6.8603,0.6660,-2.8922,1.6680,-2.3267,1.4092,9.8439,0.3181
18.476,6.1579,3.1900,-4.5207,2.9905,-3.3040,0.4430,14.0411,-0.7556
18.480,4.1205,6.8313,-3.5189,10.0002,-6.4844,3.6541,11.5405,-0.8154
18.484,2.2098,7.8133,-1.1741,9.1610,-4.5812,4.0769,9.9494,0.0142
18.488,1.4974,11.9323,2.5264,4.9110,-2.6583,1.8505,6.1681,-0.5518
18.492,-1.1241,13.3889,2.1583,11.7546,-0.7968,3.4710,5.4688,-4.2691
18.496,-1.3879,14.1040,2.4037,4.9668,-0.0953,2.0807,2.1935,-4.6761
18.500,-4.8261,15.7062,3.6715,5.5644,0.1458,5.7961,-0.0010,-8.9775
18.504,-9.6634,15.3424,2.6764,8.8772,0.7738,12.2633,-0.3293,-11.9809
18.508,-11.9285,12.7734,3.7895,1.2318,0.1245,9.4385,-3.8477,-10.6593
18.512,-14.2287,10.7104,2.3992,3.9890,2.4944,10.1259,-4.8644,-12.8732
18.516,-17.1238,11.5310,2.9067,0.0138,2.3703,8.4227,-10.0837,-10.4741
18.520,-13.2734,10.3939,-0.1595,-0.1941,0.5169,10.0881,-10.8583,-11.5515
18.524,-14.2418,13.0967,2.4489,-1.5902,1.2968,4.7429,-13.7214,-7.4864
18.528,-13.2980,11.4119,3.4650,-7.8547,0.4550,-3.9062,-14.7883,-6.1104
18.532,-10.9166,6.8017,4.5318,1.0098,-0.4181,-2.2314,-14.0919,-1.9710
18.536,-11.4923,8.3334,5.1230,3.4770,-0.1117,-1.6898,-13.6432,-1.3829
18.540,-9.3149,9.6115,2.1893,1.0961,-0.4397,-1.6283,-13.0081,2.2076
18.544,-8.9611,5.2151,2.0712,-8.1235,-0.7168,-8.1636,-8.0253,5.5328
18.548,-10.5256,6.5489,4.0890,5.3709,0.5938,-3.2417,-6.6451,10.4090
18.552,-7.2540,8.8222,2.8674,-1.7268,0.6763,-4.1794,-1.3886,8.5218
18.556,-7.0644,8.7433,-0.5480,-0.7587,-0.7464,-7.3611,2.4895,9.5794
18.560,-7.4708,5.9723,-2.4537,-3.5712,-1.4287,-7.8868,5.0737,8.9684
18.564,-5.3146,4.9810,-3.0703,-2.1354,-2.6653,-4.1516,7.8391,12.8409
18.568,-3.2372,5.4292,-0.5012,-1.8642,-4.1018,-6.3583,9.1732,9.5190
18.572,-2.9688,4.1515,1.9734,2.7046,-6.9255,-1.7676,11.8609,6.9840
18.576,-2.6170,7.8909,2.8219,5.1953,-9.3156,1.0961,10.6439,6.4179
18.580,1.0438,8.9062,2.4524,4.1275,-7.6613,3.2713,9.9658,6.0483
18.584,-0.1197,8.2683,3.1684,9.7479,-6.2799,7.2955,10.5949,2.1627
18.588,0.5593,5.8071,3.5124,12.8759,-10.8515,10.5247,7.6229,-1.0743
18.592,0.0309,7.2393,0.7403,8.3439,-11.8589,11.8658,5.7367,-2.2075
18.596,0.4937,5.3351,-0.8189,9.5701,-9.8409,13.8240,4.0319,-5.7392
18.600,-3.5216,4.3171,-1.4892,4.5804,-8.3564,12.0883,3.6510,-6.7670
18.604,-3.4480,7.6483,-3.8342,10.7484,-8.3526,14.0791,3.8228,-11.4178
18.608,-4.2233,9.0941,-2.4302,8.3296,-6.0444,14.9315,3.0808,-9.5413
18.612,-6.2088,10.0894,-2.6496,0.5959,-4.6105,10.9327,1.6893,-6.9269
18.616,-4.4833,10.8660,-1.1744,4.1574,-1.8158,15.2892,0.5657,-10.8317
18.620,-3.9714,11.3401,-1.5337,-1.8432,-1.3386,12.4938,-4.0045,-11.2874
18.624,-2.4797,8.8998,-0.8123,1.2118,-4.1762,15.0111,-6.1790,-9.0578
18.628,-1.5841,11.3349,-0.9079,-0.2186,-2.6140,13.5433,-7.7866,-8.0251
18.632,0.0965,12.2565,-0.7560,3.7554,-0.2998,16.1331,-4.3796,-5.6117
18.636,0.0293,9.3668,-1.2639,-0.1755,-0.9632,13.0269,-2.8731,-2.0182
18.640,-1.7468,6.3416,-2.2563,0.1972,3.0324,9.5392,0.5207,0.2726
18.644,-3.3330,7.2276,-5.4097,0.4584,5.8530,11.3869,1.7384,6.1450
18.648,-0.3115,5.4362,-5.4250,-5.2228,5.6203,9.9744,5.5152,3.4079
18.652,-0.1590,4.9784,-6.1264,-0.0695,4.7211,11.2127,7.0552,4.4444
18.656,0.5116,5.3971,-8.0980,-1.2443,5.7911,8.9758,7.2959,5.7932
18.660,3.3163,5.2290,-4.7302,1.9633,5.5613,13.3700,12.0620,5.6469
18.664,2.8471,7.0334,-4.1470,0.7671,4.2488,9.7054,12.8091,2.0569
18.668,2.8196,8.3850,-7.4539,-7.6096,5.3701,4.4296,12.2042,4.4147
18.672,3.0122,7.6701,-3.5767,2.5362,6.5524,11.3262,13.9475,5.3424
18.676,0.7721,7.7976,-3.5774,-4.5280,4.0154,5.8135,9.8684,4.6155
18.680,0.2535,9.6590,-2.5522,6.4478,0.6642,13.0430,11.1711,3.0060
18.684,0.4489,9.6280,-2.0216,0.1187,-2.6943,5.8884,9.8363,-0.0075
18.688,1.1023,10.2535,-2.8633,9.0180,-0.3439,12.3484,6.5694,-4.7513
18.692,-0.5195,11.7352,-1.4741,-3.9792,-0.9786,2.2008,7.0122,-6.6162
18.696,-0.0679,12.2221,-2.6185,13.8749,2.4729,12.6212,2.2974,-10.8243
18.700,-1.9442,13.1149,-1.9486,17.6264,0.8374,12.7397,-0.5754,-10.5998
18.704,-4.2770,10.6348,-0.0142,21.5819,2.6225,11.6070,-1.9402,-8.1872
18.708,-7.8292,8.7097,0.3284,18.5153,-0.1710,11.7132,-6.5991,-7.6032
18.712,-7.5049,10.5427,1.6021,11.9621,-1.7852,11.0922,-11.2209,-8.8782
18.716,-10.3713,7.7823,2.4003,7.4412,-4.0510,10.7618,-13.3181,-5.7626
18.720,-7.4420,9.3626,2.4838,7.9668,-2.0571,10.2211,-11.7651,-1.7212
18.724,-8.1553,8.2865,4.9951,1.3697,-0.6777,4.1837,-13.1364,0.9771
18.728,-8.8019,8.6607,6.6935,3.3187,-1.0016,7.4686,-12.3556,5.0190
18.732,-7.9452,5.2977,7.4080,10.5158,-0.2232,11.6357,-10.0588,9.6082
18.736,-5.8431,6.2754,5.4455,14.8748,-1.2456,13.6523,-8.7972,13.3522
18.740,-5.7473,3.0005,4.5621,0.3125,-0.0800,3.6623,-3.2626,15.4742
18.744,-2.2938,5.4736,4.0953,1.9685,1.1048,1.2134,-2.0854,12.9263
18.748,-1.1754,2.1338,0.0602,12.4545,1.1677,4.4018,-1.7868,15.5481
18.752,2.6060,-0.4716,0.0901,4.8249,1.5313,-0.5023,-0.4683,14.2623
18.756,2.9898,-0.7914,1.0902,0.4559,1.3589,-5.7909,5.0064,16.1176
18.760,6.4567,-2.4012,1.2338,11.2397,0.0301,1.5203,6.9292,14.0602
18.764,6.5536,-0.9291,-0.3537,3.0923,-4.0929,-0.5224,5.9673,9.4214
18.768,5.8597,-3.6458,-0.6640,3.6269,-4.0348,2.2676,7.0459,10.6659
18.772,3.2569,-3.7707,-0.2804,-2.2929,-7.1228,-1.9616,9.6824,11.1005
18.776,4.9730,0.3141,0.7938,2.2024,-8.5034,-1.1789,11.7719,9.1048
18.780,6.2935,-1.2459,-1.1741,-6.5314,-8.2004,-9.7121,14.2225,6.2251
18.784,4.8416,-1.2631,-2.2980,-4.9828,-9.8601,-2.7935,12.2278,0.8328
18.788,3.7002,-0.4819,-1.7735,-1.5027,-10.9481,-2.1597,12.5126,-3.0451
18.792,1.5166,0.0484,-1.2124,-6.0801,-10.8805,-3.2468,11.7741,-6.0507
18.796,1.6875,-1.4644,-1.9784,5.9502,-9.1020,1.6395,10.9462,-7.5060
18.800,1.0626,1.8619,-0.9702,10.6868,-8.9630,7.7885,8.4429,-7.2045
18.804,0.7758,-0.6676,4.2955,4.4058,-6.9671,3.7886,4.5256,-11.6701
18.808,1.3210,-2.4070,6.3793,-0.8996,-7.5823,2.4566,3.6110,-10.2259
18.812,0.2321,0.2653,4.2966,-6.9196,-5.8737,0.9413,4.1100,-13.5589
18.816,-2.1799,-3.5834,5.9295,-14.0333,-5.2707,-6.5472,2.5213,-14.7905
18.820,-0.8437,-0.0453,6.5373,-9.2890,-3.7058,1.2309,3.9001,-13.4803
18.824,-0.8604,-1.3310,2.3044,-6.6939,-3.5543,1.6025,6.7711,-7.0598
18.828,-2.0872,0.5635,2.9910,-2.6675,-1.3007,7.0238,9.1164,-9.9121
18.832,-2.8851,1.0170,0.9374,-17.3150,-4.0448,0.4276,3.3594,-8.4466
18.836,-3.5160,0.1888,-0.7493,-8.6593,-3.1378,4.8161,1.5803,-2.3627
18.840,-6.0630,-2.6441,-3.4701,-3.5713,-2.8999,6.8204,2.2343,-2.2011
18.844,-5.6941,-5.9909,-4.0315,-14.3702,-0.9170,1.8957,1.4712,3.0743
18.848,-5.3063,-3.3010,-3.3245,-7.8712,-0.2768,5.6273,1.3518,3.5277
18.852,-4.9062,-3.4719,-2.8409,-1.7203,3.4269,4.1068,5.8278,6.3670
18.856,-2.6707,-6.5199,-2.9913,-8.7018,2.6383,-6.6871,5.0948,8.2410
18.860,-1.4013,-4.3208,-3.8676,-7.2808,2.6219,-7.7270,10.0907,9.1026
18.864,0.6655,-2.4291,-2.5840,-7.7811,3.7706,-9.1443,14.0622,7.3732
18.868,-0.3669,-0.3165,-2.7286,-9.8816,1.4785,-10.7122,12.2859,6.6448
18.872,-0.2512,-0.2189,-0.9964,-9.0907,1.4868,-13.9123,13.6918,5.1139
18.876,-0.8863,1.1976,-2.4242,-0.1338,1.6316,-9.4090,14.8203,0.9368
18.880,-1.5005,4.1149,1.8849,1.8754,0.3385,-8.3454,13.9106,-1.4489
18.884,-1.6232,5.6455,3.0275,5.9727,-0.7590,-3.9638,10.3578,-6.3660
18.888,0.4688,4.9774,3.4783,7.8527,-1.1412,-1.3823,11.0672,-3.8965
18.892,-4.9176,3.6611,6.8216,-5.7577,-3.5030,-12.0957,7.0400,-8.6002
18.896,-5.5339,3.7524,7.9398,-3.5537,-2.0723,-9.6485,7.5309,-10.6964
18.900,-5.6117,2.0536,6.0189,14.8434,-4.2024,5.2517,5.9155,-14.0781
18.904,-5.3538,3.0124,7.0532,4.0901,-6.1835,-2.0280,-0.1868,-11.2773
18.908,-4.2052,5.3432,9.7567,9.8666,-4.6320,3.5039,-2.7541,-11.5663
18.912,-2.6091,5.4807,6.5917,15.0457,-5.2455,7.5167,-4.1953,-8.4705
18.916,-1.7529,4.6075,6.2380,13.1040,-3.3927,5.5469,-9.9648,-8.7919
18.920,-2.4978,6.2960,4.9167,14.3729,-0.4445,2.4375,-11.0905,-5.9855
18.924,-0.6532,1.6540,1.1306,19.0249,2.1656,9.1952,-9.6962,-2.7856
18.928,-1.5609,3.4786,2.6370,12.8928,0.6671,4.2968,-11.0588,-2.5570
18.932,-2.0757,4.6542,3.5283,6.9301,4.4933,0.5885,-10.5170,0.4708
18.936,-1.5127,5.0425,2.2903,8.4414,2.3877,-0.8928,-7.6571,4.5198
18.940,0.4237,6.5880,4.4161,5.1064,3.0577,-4.2756,-7.8084,5.9316
18.944,0.6929,5.4444,5.3711,6.7343,2.0349,-2.7598,-6.0423,8.3324
18.948,1.0247,5.4573,4.4661,-1.8107,3.8069,-7.5168,-2.3645,6.2946
18.952,-0.4571,3.0212,5.3674,11.8706,6.6401,1.1472,4.2394,2.8710
18.956,-1.4801,2.6338,3.3576,2.6603,4.6672,-2.8358,5.9503,3.7343
18.960,2.2197,2.3195,0.1349,-2.3600,5.9989,-5.7583,11.7859,1.0033
18.964,2.4924,4.5936,-3.7288,1.1661,9.1536,-6.4633,13.5114,1.9634
18.968,5.2871,4.6620,-1.7881,-1.9404,7.8071,-5.9302,18.3140,0.9270
18.972,3.3184,2.2980,-3.6246,-2.1997,7.1143,-8.0520,17.8885,0.5588
18.976,4.4028,3.6539,-6.9336,14.7255,5.1052,5.9330,19.7463,-5.0783
18.980,3.3167,5.0475,-5.0467,11.2645,6.0461,2.2168,17.9633,-6.3644
18.984,1.7659,3.0076,-5.2321,-6.4919,1.2772,-9.2492,13.7317,-8.7452
18.988,1.8526,5.6502,-3.8907,-5.1550,0.6462,-9.5481,14.6587,-8.7278
18.992,-0.1044,7.0213,-1.3124,-7.5761,-3.6905,-6.1692,14.6233,-11.8534
18.996,-4.3672,9.9524,-2.3186,0.8248,-7.2979,2.3992,15.3130,-12.7543
19.000,-4.8519,8.9860,2.4341,-2.2785,-4.6448,1.6701,12.0036,-14.8069
19.004,-2.6370,8.4159,4.0099,-0.7041,-5.2381,3.5835,13.0014,-16.2791
19.008,-3.0479,10.5900,4.2632,-7.6439,-3.5944,-3.4923,9.6818,-15.6162
19.012,-1.4904,10.7940,4.5070,-10.4141,-1.9707,-5.8006,9.9545,-13.7209
19.016,-0.5861,11.5762,5.6454,-1.7257,-2.7709,-1.1736,6.1708,-8.3297
19.020,0.9284,14.2404,6.1116,4.9129,-0.5150,7.5625,2.0575,-6.5533
19.024,-0.6413,13.5033,6.6611,15.3684,-0.2670,18.7305,1.7186,-5.2020
19.028,0.5236,11.6424,6.5712,-6.7158,0.7037,3.2921,-0.9120,-2.4518
19.032,0.2907,6.5058,6.9005,9.7559,0.1454,16.7072,-1.8148,-1.3319
19.036,1.8052,3.3187,9.8554,4.4619,-1.3364,13.6897,-2.5909,3.1242
19.040,1.8124,3.1898,7.8138,-6.3463,-1.9730,3.5771,0.6073,3.5832
19.044,-0.3177,4.3194,8.7761,2.4025,-2.9598,5.2026,2.9274,4.9052
19.048,-2.9676,6.2768,7.0362,-1.1177,0.8214,3.3092,6.8435,6.5908
19.052,0.8805,8.1075,3.4928,-0.6146,2.4539,1.2292,6.5387,8.0448
19.056,-0.4730,8.0006,0.1188,5.0166,2.3483,2.1435,6.4370,6.5435
19.060,2.1982,6.6511,-0.8182,12.0121,3.9598,4.6754,9.4389,6.3566
19.064,1.4051,7.8960,-0.5016,1.8047,4.9021,0.2930,8.5002,7.0142
19.068,0.4584,9.8838,0.9222,-0.0471,6.3382,-3.3709,7.3867,6.1223
19.072,3.0977,7.3395,-0.9435,-6.1925,5.0247,-9.3921,10.2932,5.6204
19.076,4.2127,7.0118,0.3313,-2.4904,4.6502,-6.1205,11.4970,1.9642
19.080,2.3272,5.9172,0.7129,0.0511,4.7183,-2.9870,13.2370,-2.8833
19.084,4.1365,5.8785,3.3150,-4.9447,2.7856,-7.1407,15.2275,-1.5547
19.088,2.0798,5.1119,5.3437,6.2533,-0.5223,-0.8593,12.8813,-6.8927
19.092,2.8153,4.5271,2.3074,14.3474,-0.0107,4.9750,9.8062,-7.1480
19.096,-1.3722,4.8671,0.4953,-10.3173,-2.0078,-10.7072,9.7015,-5.8067
19.100,-2.5575,3.5038,-0.2745,-1.3225,-0.8276,-5.7622,8.8947,-6.6481
19.104,-5.9742,1.8280,-0.3736,15.7045,-4.7477,6.1023,4.0309,-7.9377
19.108,-7.6311,0.3514,0.6185,5.2043,-3.4518,-0.7152,-1.3936,-8.9925
19.112,-3.4051,-1.2208,-2.2120,9.9934,-2.9263,5.8668,-3.4974,-7.5678
19.116,-0.4902,-3.1765,-2.0696,-6.6919,-3.4157,-3.6738,-7.6837,-7.7464
19.120,-3.9352,-3.8361,-1.6854,-0.5441,-2.1375,7.8744,-7.0924,-2.2120
19.124,-5.5803,-3.2638,1.1674,-1.1298,-0.7561,4.3592,-7.7673,-4.5869
19.128,-2.7781,-2.3378,0.7303,-3.9842,3.2007,9.0276,-10.1235,-3.0503
19.132,-2.4786,-1.3349,1.3689,-5.5553,-0.7823,4.2706,-11.7268,-1.4760
19.136,0.2599,-2.3625,1.8183,4.5857,0.7978,13.3409,-8.2505,1.8652
19.140,-1.5916,-2.0695,-1.3324,-10.8742,-1.8164,6.0722,-6.5637,0.4396
19.144,0.1172,-0.6132,-3.9513,0.1390,0.2299,11.3178,-3.3276,4.6935
19.148,2.6052,-0.5768,-8.5926,-6.1610,-1.0576,4.6090,-0.0263,6.1725
19.152,1.1473,-1.2362,-8.3119,5.2287,-0.0613,12.0778,2.2480,5.7644
19.156,0.5419,0.6820,-9.6381,-2.8984,-1.4378,7.4979,2.2422,10.3791
19.160,0.0879,-0.0082,-9.2232,-15.3643,1.6574,-1.2252,4.7354,10.3375
19.164,2.1773,-0.5547,-10.8158,-4.3377,4.5137,3.7182,7.4939,9.4929
19.168,-0.1588,0.0438,-9.5719,-8.0321,4.5167,-1.6546,8.1248,8.5910
19.172,2.5576,3.5563,-10.0276,-1.9241,5.5004,1.4376,11.0862,7.5025
19.176,0.5369,3.9260,-8.8350,-2.5919,5.4315,-2.5530,12.8989,3.0283
19.180,-0.2360,4.3405,-7.3109,-10.8374,5.4645,-10.0422,13.0901,-1.6043
19.184,-0.4431,5.9602,-9.4832,-3.9691,5.2529,-4.4837,13.6922,-6.2137
19.188,-0.9179,2.0887,-9.0897,-2.3978,4.8404,-6.4696,12.5072,-5.1693
19.192,-3.1544,5.0311,-7.4592,-0.1942,2.5638,-2.9794,8.0386,-10.1611
19.196,-4.0251,3.0286,-7.8662,1.6353,3.0643,-0.4523,5.5179,-12.4178
19.200,-4.3776,3.3688,-5.0924,7.5380,-1.3860,1.5813,1.3307,-13.6025
19.204,-6.7923,7.1215,-3.3844,5.1484,-3.4481,4.1317,0.0991,-14.2087
19.208,-7.1043,8.4929,-2.7883,-13.6259,-3.6571,-6.7769,-4.6405,-14.2265
19.212,-9.2108,7.2172,-1.0236,4.5299,-3.2098,7.5752,-6.2383,-11.3533
19.216,-9.1070,2.5580,-0.7933,9.9160,-5.2559,10.5938,-7.2651,-10.7084
19.220,-10.8814,-1.0653,3.3605,2.0826,-5.5088,5.0388,-8.0694,-9.1059
19.224,-7.1870,-1.3184,4.8300,-5.3171,-6.1076,3.1889,-11.4505,-5.6977
19.228,-5.8775,-5.4544,3.3545,-3.7186,-3.0186,5.6235,-11.1190,-5.4887
19.232,-3.8509,-6.8417,3.8198,3.6755,-3.6927,13.5175,-8.3414,-3.3688
19.236,-1.9761,-9.6288,2.0281,-1.4571,-1.4272,14.8810,-8.6947,1.6772
19.240,-1.9448,-8.0161,1.3323,-4.5388,-0.5225,11.3200,-7.8036,3.2737
19.244,0.2302,-7.3005,-1.2697,-0.3993,-0.8400,13.9307,-5.8535,7.7895
19.248,2.2219,-3.3892,0.2307,-5.0097,-1.4860,13.6057,-3.6361,6.3932
19.252,2.6432,-2.4097,-1.6554,-5.2261,-1.8506,13.5588,-3.6010,4.9893
19.256,3.8445,0.0811,-2.7364,-2.3104,-1.9092,11.2655,-2.0279,8.3254
19.260,1.8320,-0.5730,-5.2786,-2.2326,-1.6563,8.7959,1.9300,8.6444
19.264,1.9996,-3.2204,-3.7612,-6.9393,-0.7993,2.1327,5.3908,7.3911
19.268,2.7052,-1.2283,-3.1752,-6.5912,0.9568,2.7563,10.0149,6.3147
19.272,2.8410,-2.0427,-1.1527,3.0959,1.5969,8.3461,7.6366,2.1177
19.276,0.7525,-0.9378,-1.1122,-13.9034,2.6898,-2.6893,8.3086,1.2052
19.280,-1.0506,-0.0099,-3.8531,-10.0292,1.0517,3.3090,8.6483,-0.0673
19.284,-3.6796,-0.5062,-6.7625,-8.4053,1.3191,1.2942,12.1920,-3.0113
19.288,-4.9055,0.8024,-8.1502,-13.0838,-2.9244,1.1327,10.6463,-5.0136
19.292,-5.4678,1.1588,-7.7950,-13.6933,-4.4762,2.1959,8.3511,-3.3835
19.296,-7.3418,3.4419,-6.5603,-12.3681,-3.3018,3.2821,6.0035,-5.2591
19.300,-10.0754,2.8477,-3.8864,-13.2805,-5.1942,2.0029,1.8792,-5.2685
19.304,-11.6406,0.0283,1.5905,-3.3410,-6.4928,10.8777,3.2791,-7.9649
19.308,-13.5191,2.8488,-0.9658,-9.6683,-5.4941,6.7209,3.8506,-8.6683
19.312,-12.2880,0.6752,3.4715,-2.9924,-8.0503,9.1026,1.7503,-8.3748
19.316,-10.5046,3.3064,2.7819,-8.0256,-7.9820,7.0054,2.8519,-12.3730
19.320,-11.7099,-0.3757,1.7162,-2.9503,-6.5976,15.9538,-1.8196,-9.2942
19.324,-12.9790,-1.0319,-0.9653,-7.2628,-3.8472,15.9753,-1.7007,-9.2473
19.328,-12.1668,-2.1259,-1.2496,-0.7568,-3.4293,19.0473,-3.0885,-6.5279
19.332,-13.9049,-3.9258,-2.3381,-7.4396,-3.7140,15.1718,-3.1778,-1.0520
19.336,-12.5672,-6.3774,-4.4308,2.5286,-1.9188,23.7627,-4.1990,2.0851
19.340,-7.3479,-6.3514,-6.5179,-7.4630,0.1022,16.6207,-2.4377,5.2026
19.344,-5.1820,-8.2161,-4.0910,-3.3221,1.7108,16.8994,2.0885,6.3716
19.348,-2.9209,-9.5243,-4.5041,-2.9561,-0.5664,18.1117,6.1289,7.9688
19.352,-3.9124,-4.2807,-4.2320,-2.0003,-2.6864,18.0007,6.2013,10.8250
19.356,-4.4113,-2.7764,-5.2452,-12.0343,-2.4105,11.9982,9.2000,9.7541
19.360,-4.9461,-2.4598,-7.8172,-6.9074,-1.3542,12.1390,10.7292,10.2595
19.364,-5.1340,1.5767,-6.7532,-4.0494,-1.0533,16.5046,13.9677,7.9819
19.368,-4.2152,0.5509,-5.7093,2.4768,-0.8338,19.2207,15.8962,6.9466
19.372,-6.3377,3.8548,-7.0423,-0.6456,2.3505,13.1009,17.9686,3.4647
19.376,-8.1308,3.4115,-5.3824,8.1240,2.1942,15.7753,14.1145,0.6632
19.380,-6.6757,6.3465,-9.0859,9.4957,4.1992,14.7220,12.3185,2.5574
19.384,-8.9773,9.7613,-9.0872,-0.6503,3.4635,7.4263,11.9114,0.8971
19.388,-9.5691,8.5033,-9.2704,8.8258,4.5304,12.1881,12.8679,-3.1920
19.392,-9.7834,12.3444,-9.0004,-1.1636,4.1230,2.7196,10.5607,-7.0884
19.396,-10.1471,11.0994,-7.8535,3.0995,0.4076,3.1785,8.5795,-7.1917
19.400,-11.0837,11.8379,-5.6319,4.6823,-2.8230,1.1905,6.0589,-6.4497
19.404,-9.4820,11.1483,-1.1467,9.9191,-4.2754,6.5415,4.0756,-6.2220
19.408,-10.0865,8.7556,1.4024,7.3372,-4.2513,9.4762,0.3132,-9.2310
19.412,-6.4305,8.4887,1.3092,2.3869,-5.1678,4.9417,-2.1862,-6.2869
19.416,-7.4682,6.5850,2.6767,3.2049,-10.0783,2.6085,-2.9102,-5.7679
19.420,-6.4216,3.9232,4.2017,8.7656,-11.7490,6.8633,-5.1744,-2.1895
19.424,-8.3042,5.4175,2.7888,8.4836,-11.9926,5.2254,-9.0265,-2.3074
19.428,-6.8922,4.4195,1.9444,7.9575,-10.8003,5.8383,-8.8046,-1.5013
19.432,-3.3811,2.7959,2.6938,7.1704,-12.2925,4.6725,-9.1183,-1.6614
19.436,-0.3267,3.5469,3.4564,2.2042,-9.5717,0.7008,-7.8670,-1.0385
19.440,-1.9275,0.7598,4.2823,-0.4918,-9.7627,0.7553,-7.0032,3.0094
19.444,0.4657,0.3459,3.8634,2.4106,-6.9126,5.4737,-4.3576,3.2989
19.448,1.5274,-0.9648,6.0075,-5.9267,-9.3142,2.2821,-3.9960,6.8812
19.452,0.4617,1.1000,4.3100,2.9179,-7.6762,9.5252,-2.5547,10.6860
19.456,-0.1095,1.6521,5.3416,-7.4323,-5.4982,1.4003,-0.6468,11.7751
19.460,1.2733,3.6118,2.7112,-7.6567,-3.7783,4.5097,1.4373,9.8191
19.464,2.4005,2.2221,4.5326,-12.8406,-5.9204,-0.0103,3.9367,6.8057
19.468,2.2136,1.0005,3.8047,-9.4074,-4.5379,-0.2891,8.0800,4.5096
19.472,1.7658,4.5773,1.9319,-5.8536,-2.4552,3.4100,7.2567,1.7379
19.476,-2.0055,2.8852,1.1347,-8.9103,-2.8755,-1.6955,6.2769,2.2474
19.480,-4.1153,4.7871,-0.0797,-4.9311,-2.3553,-3.9832,9.5851,-1.4389
19.484,-5.3533,6.7040,0.8997,0.3382,-2.1411,0.4752,8.9863,-4.9294
19.488,-6.4549,5.6203,-1.2176,-2.4393,-1.0573,1.1421,5.8903,-8.1824
19.492,-7.8829,7.0609,-0.9939,-4.5566,-1.5035,-4.5870,5.6554,-6.4127
19.496,-7.3482,7.3729,-1.9697,-8.3675,-1.8651,-4.0055,5.3850,-5.3480
19.500,-6.7911,10.7845,-1.4849,0.3721,-1.1510,-1.9244,2.1026,-5.3294
19.504,-5.6153,10.9764,-1.6471,3.8742,-0.5398,0.0829,-0.7555,-1.9875
19.508,-3.7152,9.7261,2.8066,-6.7328,-1.8379,-9.6619,-2.4683,-2.0927
19.512,-2.4861,6.6408,-2.1826,-5.3204,-1.3289,-5.3414,-4.7287,-1.9221
19.516,-2.7231,9.3518,2.4001,2.6738,-5.0053,-1.3938,-6.9227,-0.7893
19.520,-2.8743,5.2211,1.3202,-2.0428,-3.4231,-4.0654,-13.5073,1.5715
19.524,-2.8069,5.4561,0.4483,3.6094,-1.4660,-0.3923,-11.6971,4.5118
19.528,-5.3982,4.2890,1.2478,3.2151,0.2152,-1.3404,-12.0113,4.3080
19.532,-5.8954,3.2686,3.0437,5.7775,1.1778,2.8736,-11.5313,2.5892
19.536,-7.7938,1.4454,3.5690,0.2838,1.8828,2.4932,-11.9849,8.5710
19.540,-6.5460,1.1748,3.6858,2.6596,1.0715,6.5249,-9.0765,8.2271
19.544,-5.3637,2.5434,4.5829,3.6216,1.0053,8.9777,-5.5063,10.5892
19.548,-1.9275,2.5445,5.4020,4.4990,-2.0787,9.2339,-2.7785,12.5268
19.552,-0.5916,5.9825,5.2387,0.2968,2.1189,9.0321,-4.1247,14.3509
19.556,0.0069,9.3194,5.3220,-1.4367,2.3068,7.1952,-2.3602,14.9611
19.560,-1.1748,7.1985,4.6661,-0.0051,2.7678,3.8578,1.8507,17.5484
19.564,-1.1673,8.2159,0.1723,-3.1752,1.5270,2.2770,7.1954,15.3042
19.568,-3.0474,10.0433,-2.7946,-2.2187,-0.4655,-1.9729,7.8015,12.9011
19.572,-1.5268,9.2895,-1.2921,-1.3777,0.7581,-4.2248,12.7676,10.4010
19.576,-0.0663,11.1624,-2.6608,-4.2174,0.3120,-5.4478,11.0927,9.0558
19.580,0.1698,6.9646,-4.1013,-5.9121,0.0445,-6.6101,12.7854,3.1070
19.584,-0.0256,7.9204,-5.1389,-6.6874,1.4094,-5.8074,9.7512,0.1810
19.588,-2.1795,12.0681,-3.2726,-7.1702,2.3691,-14.7377,8.1325,-0.4303
19.592,-4.1885,10.5336,-1.5667,-8.0252,3.6285,-15.8732,4.2893,-4.6759
19.596,-4.0009,13.4705,-1.5574,-9.8219,3.8845,-15.4117,0.2241,-6.4892
19.600,-3.4719,10.9942,-0.9931,-9.0857,0.9881,-15.9521,-4.1967,-7.1022
19.604,-3.3792,9.1013,-1.2870,-7.2338,1.4691,-15.1862,-5.9891,-8.5662
19.608,-1.9168,8.8683,-1.6077,-10.3871,-1.2638,-16.2804,-9.7974,-7.0796
19.612,-1.1244,10.7666,-1.7396,-7.5468,-3.8619,-14.1976,-13.7902,-9.1563
19.616,1.0527,7.3088,-2.2679,-5.9010,-3.4869,-16.9165,-15.7088,-7.2698
19.620,1.9432,6.8118,-3.0176,-2.2457,-5.5047,-18.8827,-14.2270,-7.0603
19.624,1.7707,6.1893,-0.9751,-0.7345,-2.6139,-18.6277,-13.2741,-7.6649
19.628,3.8836,6.9213,1.3714,0.0411,-7.2859,-15.2018,-16.2046,-2.2559
19.632,3.4737,6.7963,2.7951,0.3231,-7.3758,-13.5348,-15.3102,-1.5600
19.636,5.0295,6.8372,4.7845,-1.1197,-6.4769,-14.0142,-15.8640,-0.2757
19.640,2.6409,5.9719,8.2254,-0.2931,-7.2914,-12.1699,-15.1411,2.9593
19.644,5.6123,7.7962,8.4036,4.1703,-8.0433,-6.0864,-13.5805,3.1281
19.648,5.3756,7.6921,7.9309,0.5404,-8.3182,-6.7418,-10.8253,10.4865
19.652,2.9079,6.7853,6.4913,4.6311,-6.5580,-2.2203,-9.4902,8.6426
19.656,1.7169,8.0883,2.9077,0.4607,-4.9743,-3.6429,-0.9429,8.1066
19.660,3.1558,4.7257,0.9604,-2.3504,-3.9205,-6.4383,3.8561,11.6247
19.664,3.4709,5.4844,-1.7976,-0.4102,-1.5900,-1.9555,4.6669,10.0656
19.668,4.4215,4.5138,-2.6241,-5.0082,-1.6805,-5.7505,10.0180,7.8131
19.672,6.1179,8.8815,-2.4487,-6.1093,1.4900,-3.2206,15.2387,4.0122
19.676,4.9701,13.2180,-0.8258,-4.9476,5.4602,-1.5380,15.9857,0.6103
19.680,3.6096,14.4282,-1.8118,-6.9471,3.7128,-3.1050,16.8899,-1.6092
19.684,1.0479,15.3065,-2.1442,-3.0345,6.0022,-5.3318,21.0075,-6.2359
19.688,2.2254,14.3664,-0.9212,-0.5751,8.6917,-3.7539,17.9121,-7.6688
19.692,-0.5661,14.2143,-5.3681,0.1272,8.1256,-5.9354,17.7110,-10.1050
19.696,-1.0917,13.4307,-4.9086,7.5110,8.0142,-5.8026,18.3808,-10.3229
19.700,-3.8692,11.8742,-1.4525,7.5696,5.4549,-9.2328,13.0926,-11.2990
19.704,-3.0602,8.7738,-2.0404,7.2457,4.3094,-7.2166,15.1062,-11.1623
19.708,-5.5280,6.1752,-7.6196,7.6490,2.4182,-5.9940,13.1396,-8.1111
19.712,-3.6677,5.0183,-7.8242,5.2638,2.2082,-10.0372,10.2504,-10.4177
19.716,-1.9587,3.1054,-9.3094,7.1121,0.9643,-9.8826,9.2891,-6.3504
19.720,-2.3350,1.6602,-10.2695,5.1786,0.9149,-10.4076,6.8419,-4.9348
19.724,-0.0703,-0.2944,-9.5387,2.8449,1.1027,-7.0598,7.1397,-4.9814
19.728,1.8289,0.6761,-7.1860,0.5210,-4.6742,-5.4962,4.0491,-4.3045
19.732,0.9465,1.7539,-2.1782,1.7137,-1.1499,-1.8169,2.5474,-2.0530
19.736,-0.2720,3.1697,0.7769,-4.1547,-1.7241,-1.3154,3.9133,2.6155
19.740,2.4487,3.3573,2.5043,-1.5334,-1.4565,3.3391,5.5184,4.3559
19.744,4.4880,2.3428,1.1810,0.4828,-2.1047,3.8225,5.8789,8.4188
19.748,5.2578,4.4331,1.1459,-0.4035,-0.3277,7.3497,5.6372,9.4034
19.752,4.8268,-1.6888,3.7115,-0.5641,-3.3227,10.2303,8.1189,11.7849
19.756,4.3496,1.5923,5.3406,1.8769,-1.8514,11.5483,10.9629,10.4630
19.760,5.8325,2.3510,5.3046,-0.3670,-2.4150,10.8535,12.5706,7.9132
19.764,4.5853,6.9123,4.1981,1.0487,-2.8222,10.8012,14.0826,3.1236
19.768,4.9178,6.4451,2.9707,2.3565,-4.5373,11.3705,16.4900,0.7629
19.772,4.2473,5.5915,3.2986,0.5692,-6.6812,12.9465,14.0643,1.7636
19.776,3.3369,7.6589,5.1533,-2.5714,-4.2234,10.6728,12.7982,1.3805
19.780,5.6680,8.5796,3.2634,-2.5999,-4.1524,9.3402,14.1937,-2.0133
19.784,4.9924,9.8494,4.4521,-6.3409,-2.1407,6.8270,10.5089,-1.0831
19.788,2.8418,12.3451,2.1715,-6.1528,-3.9066,7.2375,11.1433,-4.4661
19.792,2.3099,7.8811,-0.1116,-3.9921,-1.4762,8.3931,9.6288,-4.9614
19.796,-0.3371,7.4168,0.2042,-2.4691,-1.9746,6.1006,7.1228,-5.1392
19.800,-1.3294,7.6313,-1.1827,-1.1435,-0.2961,1.0768,6.6677,-4.6371
19.804,-1.0872,5.7981,-3.9639,-2.0287,1.3024,-0.5711,1.9083,-2.9425
19.808,0.2318,-0.1926,-3.1170,0.2690,3.2287,-1.0978,-0.4707,-5.2791
19.812,2.0430,-0.5948,-4.0343,0.4465,-0.9001,-2.7320,-9.1789,-2.7993
19.816,0.4473,-1.2792,-1.9049,2.4374,-1.2704,-6.5497,-11.3430,-3.3737
19.820,1.3486,1.0909,-1.9498,4.1820,-3.4562,-5.6880,-15.6611,-4.1427
19.824,1.6936,3.3473,-2.2689,8.1498,-2.6332,-2.9369,-14.9258,0.9342
19.828,0.9704,5.8904,-4.9644,5.6724,-1.8557,-0.4158,-12.9261,4.2198
19.832,3.2247,6.4855,-0.4215,8.3379,-1.8696,1.5732,-10.4381,6.8503
19.836,4.1994,4.8170,-1.9372,10.3476,-2.9573,2.7126,-10.9208,9.0993
19.840,3.0662,8.9406,-0.2108,9.5760,-5.3086,5.0386,-10.7022,12.2518
19.844,2.0803,4.8269,-1.9338,4.5382,-4.1350,10.2224,-5.9620,11.1548
19.848,1.5302,3.7214,-2.9575,4.5529,-3.7130,11.2714,-5.3821,12.9671
19.852,-2.6479,2.8451,-2.2055,4.3888,-4.7344,11.3389,-1.3169,12.1814
19.856,-4.7985,2.7685,-4.1607,8.1890,-2.4357,9.9516,0.7382,12.6761
19.860,-7.1082,1.9805,-2.0412,4.4216,-2.8248,10.7674,3.6739,10.1378
19.864,-8.4552,1.7156,-0.6272,1.7572,-2.6833,9.2095,3.9881,3.8878
19.868,-7.7488,4.7381,-0.0957,-1.7693,-1.0446,10.6168,3.7816,1.7812
19.872,-5.9220,7.1169,-3.4685,-5.7607,-1.0502,10.4268,10.2487,-2.3349
19.876,-8.1454,9.0567,-6.0103,-6.0824,0.0495,12.8880,15.0161,-2.3737
19.880,-6.6097,10.4139,-7.6731,-5.2710,-0.6906,11.3702,13.5731,-8.3218
19.884,-7.4964,11.1986,-8.5011,-7.5708,3.8392,8.6523,13.9327,-8.0129
19.888,-8.1198,12.2015,-9.1897,-6.6149,3.7379,8.3402,16.0881,-10.0715
19.892,-5.8699,10.3743,-7.7235,-7.1699,7.3169,6.2216,17.4096,-11.9657
19.896,-8.9335,7.5300,-8.2007,-6.3878,8.5273,2.7507,14.5197,-11.5271
19.900,-7.4906,10.3675,-10.0179,-6.8796,6.2099,3.5584,6.7793,-11.6527
19.904,-5.8788,5.4450,-7.8357,-4.4707,5.1467,4.1763,2.9021,-11.6155
19.908,-6.9150,6.0717,-7.0173,-2.4997,4.0132,4.3127,-0.6831,-15.1554
19.912,-6.7557,4.5875,-5.1510,-2.1926,1.4506,3.6232,-0.0300,-9.2986
19.916,-3.8498,7.3026,-2.9953,-0.4160,2.9966,4.1036,-7.1184,-7.9316
19.920,-2.7561,3.4950,-2.5948,-0.0717,-1.8547,3.1382,-7.9359,-7.8534
19.924,-3.3430,6.4727,1.4201,2.4624,-2.0349,2.6177,-9.6654,-4.0664
19.928,-1.2411,3.7425,0.0974,3.4066,-6.8949,2.0592,-12.0938,1.8181
19.932,-0.4004,1.4146,-1.9128,0.3900,-8.7534,-0.0365,-9.9611,8.4487
19.936,1.1854,0.1899,-1.8586,1.5343,-9.8874,0.4292,-13.7469,11.2828
19.940,4.4358,0.7263,-2.6277,1.5301,-8.3255,1.1812,-4.8082,13.4652
19.944,4.1526,1.5629,-0.6316,-2.8352,-11.1577,1.1140,-8.1335,14.9529
19.948,5.3121,0.8843,-2.4208,-2.8884,-8.9473,2.4544,-8.0207,12.4614
19.952,3.8034,-3.0214,-0.9672,-4.6195,-7.6542,4.4551,-5.9723,15.0597
19.956,2.9928,-2.7535,3.5623,-1.6389,-11.2610,5.1502,-0.3711,14.6128
19.960,2.2238,-0.7407,3.1039,1.5790,-9.7751,6.0424,-1.8425,13.6457
19.964,-0.0700,-0.3790,3.8699,-0.8449,-12.2990,8.5084,-2.1238,10.9718
19.968,-1.2423,-0.5498,2.3397,-0.1174,-10.4122,8.7578,0.8391,4.0525
19.972,-1.8949,4.9886,4.3962,1.0718,-8.7474,5.9794,4.8165,1.8441
19.976,-2.5942,7.8094,5.7843,-1.1900,-7.2281,6.9196,3.5429,-5.3473
19.980,-5.2434,9.7963,3.5808,-1.3498,-6.8737,3.9104,4.6871,-6.8086
19.984,-6.9799,8.3370,2.9506,-0.8353,-4.1206,2.8615,4.7707,-9.6219
19.988,-6.6356,5.5282,-0.1926,1.5948,-0.4067,0.0942,6.2039,-10.8735
19.992,-6.1098,7.5996,0.7604,-0.5406,-1.4281,-1.6694,4.5277,-13.4018
19.996,-4.7779,6.2610,-2.4045,2.1094,1.8087,-3.0552,0.2171,-9.9881
20.000,-2.0738,7.7977,-3.3590,0.9397,3.6660,-3.6106,-1.6014,-12.5421
20.004,-4.4421,7.9182,-4.0170,5.1693,0.8668,-4.4851,-4.1075,-13.3568
20.008,-7.2020,11.8029,-0.8110,6.2994,1.7582,-6.3720,-8.9449,-13.1088
20.012,-5.3158,10.2340,-0.3327,6.0001,0.6636,-9.8350,-9.8283,-14.4781
20.016,-3.8008,10.4477,0.2234,5.3271,1.8370,-11.0519,-11.8365,-14.3754
20.020,-3.3625,7.4167,-3.0301,4.6993,2.0335,-10.2402,-15.8440,-11.8254
20.024,-5.0162,10.5362,-1.4915,5.5896,-1.1126,-10.6354,-16.6338,-9.1839
20.028,-4.4295,8.2609,-2.4253,7.4550,-2.6821,-5.5671,-14.9038,-8.3662
20.032,-5.7257,4.1998,-2.5973,8.2645,-3.3929,-1.0261,-14.3940,-6.6635
20.036,-2.9330,2.7431,-0.1807,5.7551,-4.3413,-0.9974,-13.6196,-4.4824
20.040,-5.0126,3.7348,-4.6509,5.1543,-3.1388,1.5580,-10.2571,-2.7497
20.044,-0.4617,4.7317,-1.9731,2.0927,-5.2039,1.3537,-11.0949,-0.5617
20.048,-3.0155,2.5153,-0.7038,1.4453,-3.5674,2.4373,-7.8465,1.6943
20.052,-3.0975,0.0295,-1.7661,-0.8214,-6.1546,3.1445,-6.8327,0.7872
20.056,-5.1175,3.7658,-1.4937,-0.0532,-8.9502,4.6298,-2.8131,0.1158
20.060,-9.3069,5.0249,-2.0305,-4.3368,-5.4231,8.0338,1.3672,1.0718
20.064,-10.5189,4.7011,-1.6919,-0.1514,-2.6119,10.1795,5.3544,-0.6496
20.068,-11.3197,8.2025,-1.4008,0.6439,-4.2147,8.0029,10.4541,0.3293
20.072,-10.8925,4.8556,-1.8377,-1.6029,-3.6779,11.9402,12.1654,-0.6349
20.076,-13.3333,5.0477,-1.5847,-2.5657,-5.8366,11.6835,13.2121,-2.8447
20.080,-11.4269,4.5889,-2.1080,-1.6526,-4.6862,11.8792,14.3919,-3.2223
20.084,-10.6539,7.6964,-2.2132,-3.0981,-3.9353,11.9818,14.1414,-8.6308
20.088,-6.9126,8.0381,-3.4169,-3.6584,-2.7681,9.5701,11.9991,-10.1003
20.092,-6.9334,11.1014,-3.2538,-1.2777,-1.2529,7.7220,8.3897,-12.2306
20.096,-3.2362,7.1108,0.1251,0.0667,0.6409,6.8427,4.6789,-8.9352
20.100,-4.0324,10.4159,0.7074,1.0094,0.5856,3.6133,4.5987,-10.3860
20.104,-2.2557,9.1401,1.4365,0.2510,0.0890,0.4924,-0.1527,-5.7580
20.108,-1.2881,8.9428,2.3015,-0.7873,2.1283,3.0353,-0.8321,-6.6091
20.112,-1.9987,9.5671,1.3602,0.5784,3.5204,3.4552,-4.0457,-4.2139
20.116,-2.8806,13.0573,1.2944,0.0204,5.1254,2.0753,-7.1538,-1.1560
20.120,-1.6891,12.4827,-1.6918,-0.8210,2.9854,3.4404,-11.3091,-4.4017
20.124,-1.7266,8.6734,-4.1454,2.6634,0.6100,0.2251,-15.1505,-1.4245
20.128,-1.3112,9.9625,-1.9987,6.6040,2.5691,-2.0497,-16.3576,-1.9086
20.132,-5.3669,10.3279,-0.2386,10.1904,-0.5607,-2.7187,-15.8285,-0.3991
20.136,-3.6409,7.5204,1.6094,9.8862,-0.2250,-5.9163,-11.0441,1.0509
20.140,-2.5513,5.8367,2.4385,8.9632,-3.7389,-5.2026,-14.0740,7.2286
20.144,-1.1038,6.9598,2.3571,7.4739,-2.8314,-5.8301,-10.8825,8.1750
20.148,-2.2442,2.3610,5.8553,6.9420,-3.7271,-5.3022,-7.2762,5.7196
20.152,-1.3856,1.4757,8.4110,6.2117,-2.7142,-7.7087,-6.7981,6.2898
20.156,-0.4122,1.7723,8.7996,2.0775,-4.2351,-6.7851,-3.9962,7.2877
20.160,-0.6702,2.3098,4.6966,0.3913,-2.8885,-7.0455,1.8239,5.5379
20.164,-1.5152,1.7551,1.3680,0.7601,-4.5195,-3.6077,3.4458,0.3553
20.168,-0.5201,4.3420,1.3903,-1.6256,-1.9072,-4.2696,4.6589,2.6733
20.172,-1.8540,6.8727,1.1343,-1.9140,-2.0458,-1.5534,3.3190,-2.9855
20.176,-4.2561,5.9199,-1.5427,-4.4123,-1.0422,-6.3878,3.4391,-7.0759
20.180,-5.2567,10.0760,-0.8704,-6.2581,-2.4551,-7.7044,0.4190,-5.9835
20.184,-7.6039,9.4341,-3.1726,-6.3792,-2.0025,-5.8861,1.1057,-4.1899
20.188,-7.9714,11.2574,-2.0445,-3.8610,-2.5264,-8.1346,1.5578,-8.2537
20.192,-7.2984,9.0162,-1.4576,-6.9557,0.0013,-9.5502,1.1602,-10.7622
20.196,-7.3241,4.4485,-4.0263,-4.8723,3.0499,-9.2653,0.5626,-13.8287
20.200,-7.3359,6.0195,-5.8888,-5.8374,4.9910,-5.9112,-0.8424,-15.8300
20.204,-3.8828,8.8217,-6.9776,-6.1885,5.2885,-2.5368,-3.5080,-17.1894
20.208,-3.6352,6.0224,-7.7085,-6.6587,10.4902,-0.4036,-4.8430,-16.7785
20.212,-3.5393,5.8505,-7.0131,-4.0683,12.4264,-1.4368,-5.5450,-16.5063
20.216,-4.0363,2.7231,-7.6608,-2.2953,12.9486,-4.5668,-10.5713,-14.6594
20.220,-2.3147,0.0171,-7.5938,-2.5979,13.2508,-4.0560,-10.4633,-11.0618
20.224,-5.7916,-1.2402,-8.0247,-3.2696,9.5760,-4.1316,-14.3452,-6.3977
20.228,-3.3835,-2.5029,-7.6772,-6.8436,8.2286,-3.9125,-13.7646,-4.0056
20.232,-4.2885,-4.8596,-8.7630,-5.9337,6.1273,-2.6730,-14.1128,-0.0997
20.236,-3.3009,-8.3536,-7.5699,-5.3628,6.2245,-3.6498,-13.5289,2.7841
20.240,-3.6808,-13.2414,-5.8422,-4.5864,4.5566,-3.6412,-13.1422,3.7919
20.244,-3.5960,-12.5676,-2.0950,-6.3174,5.8512,-4.4268,-7.3694,4.6450
20.248,-1.1019,-11.3268,-2.3421,-3.5392,7.0260,-1.2441,-5.8442,6.9357
20.252,-2.4958,-9.6401,-1.9212,-0.8557,6.3003,3.4826,-4.8522,5.4099
20.256,0.0414,-9.5355,-1.6720,-4.4247,3.9664,4.7499,0.8148,2.5016
20.260,0.6556,-5.9106,-2.5215,-4.0251,-1.5897,2.5519,3.7028,4.0863
20.264,2.0186,-2.4737,-1.7017,-3.3618,-0.8355,2.0818,4.5532,4.8311
20.268,0.3106,-3.7985,0.8334,-4.4932,-0.6809,8.1104,10.2028,1.2608
20.272,1.5678,-1.9499,2.6370,-4.1236,0.0823,6.4505,9.1534,-0.6757
20.276,0.2981,-2.4408,0.6731,-6.0175,-1.5461,7.6393,9.5074,-4.7453
20.280,-2.3985,-2.3495,4.9773,-4.7655,-0.3211,5.8661,13.4529,-8.7972
20.284,-2.4741,0.0157,4.8422,-3.5848,-0.0077,3.4672,15.4898,-9.1823
20.288,-2.2851,2.9183,2.3791,-4.6919,-2.8212,1.6050,13.0940,-7.6820
20.292,-2.0138,3.8270,2.3371,-5.4993,-1.2296,5.2074,11.5136,-7.1607
20.296,-0.9651,3.1615,4.1111,-2.2933,-2.7441,4.9641,10.8773,-10.7422
20.300,3.4614,0.4150,0.7173,0.8117,-0.6111,3.3452,6.8746,-12.9153
20.304,1.2621,2.1505,-2.5031,-0.1961,-0.8532,8.0476,3.2181,-12.6420
20.308,4.1588,-0.1427,-3.1603,0.7576,2.2785,2.6023,-2.3843,-14.7842
20.312,2.8629,1.6991,-2.8491,-0.5213,1.7133,0.4044,-5.6298,-11.9836
20.316,7.3907,6.6004,-3.9933,0.8680,1.8082,-1.7020,-11.9161,-9.4011
20.320,7.3063,3.4848,-1.5275,3.9258,3.3982,-1.4286,-13.5992,-6.3426
20.324,9.1338,5.0688,0.1920,2.9241,0.4628,-3.9742,-15.8125,-6.2777
20.328,7.5500,7.1608,-2.7394,4.9652,0.0364,-4.2548,-16.1257,-7.3620
20.332,4.7977,3.8185,0.2450,1.5607,-4.2589,-7.9437,-13.7726,-0.7043
20.336,5.0560,1.1757,-4.6377,-2.4306,-6.3543,-9.3214,-16.6734,-1.9947
20.340,1.7459,4.4305,-3.0282,-2.8927,-8.9208,-8.4473,-14.4082,0.7918
20.344,3.2612,5.7735,-3.8006,0.9330,-7.8669,-3.3103,-11.1742,2.2387
20.348,4.2989,4.2351,-4.7239,-0.4817,-5.6145,-3.6358,-8.9739,2.6901
20.352,2.1715,5.4804,-3.4915,-0.6111,-8.8032,-0.6928,-5.1167,4.0854
20.356,2.3164,7.0056,-4.3684,1.8825,-11.1829,1.5781,-2.0745,5.9578
20.360,-0.5140,6.8593,-6.1404,-0.3395,-13.0490,1.8588,-2.4434,2.7492
20.364,-1.4794,8.0088,-8.3215,0.3014,-14.3723,5.7899,1.0901,1.6371
20.368,0.9093,12.0079,-5.5607,-0.6095,-12.5448,6.0155,3.6387,-0.0473
20.372,0.3114,10.0494,-3.9331,-3.0875,-12.0142,6.9391,6.3781,0.0811
20.376,-1.1963,9.8219,-3.5853,-1.4285,-13.3236,5.4413,11.6605,-0.9291
20.380,-2.5192,12.3713,-3.6727,-2.5371,-13.2484,4.8986,9.3195,-3.2310
20.384,-1.9121,10.2218,-3.8793,-4.2069,-15.6756,3.6385,9.6999,-5.1233
20.388,-4.2788,10.6984,-0.7927,-6.5198,-14.1877,6.2781,7.6667,-6.5356
20.392,-4.6909,6.6692,-1.1034,-9.1689,-15.7197,7.5711,7.0374,-8.5440
20.396,-2.9270,3.8451,-4.7808,-7.1968,-16.1117,8.0346,7.0732,-8.0374
20.400,-2.8500,3.7583,-4.6497,-5.4216,-14.2297,3.5078,0.5580,-10.0836
20.404,-2.9822,3.6366,-7.0979,-6.3044,-8.2055,3.6631,-2.8808,-11.7460
20.408,-1.8324,-0.8319,-6.7090,-6.2020,-6.4157,2.0694,-6.9721,-8.9234
20.412,1.2055,-3.0349,-10.5895,-2.3672,-4.3470,1.7749,-6.9517,-7.0262
20.416,5.5687,-0.6900,-10.6147,-0.0757,-0.5647,2.3669,-6.4982,-2.8011
20.420,6.7762,-1.1110,-12.5552,-0.6690,0.4402,-1.4085,-9.4551,-0.2299
20.424,10.0535,-2.6592,-8.7423,2.3855,-0.5723,-2.8644,-10.3748,0.9822
20.428,8.3321,-0.3157,-9.6443,3.4869,-0.4297,-6.0911,-9.0905,7.8260
20.432,8.0352,1.0360,-8.5337,3.0818,-0.9513,-7.6092,-9.5591,4.7478
20.436,7.8947,1.1046,-8.0496,4.5684,-1.1879,-8.1258,-8.4260,6.2191
20.440,7.8640,-2.0674,-6.5314,3.4942,0.3646,-4.1189,-7.1734,5.4262
20.444,3.6675,-4.9979,-4.9964,3.9466,-1.1709,-5.8582,-5.9021,6.5908
20.448,4.1778,-2.6979,-6.2807,2.4336,-1.9614,-6.9041,-2.7733,7.3508
20.452,0.0743,-2.1533,-6.0326,1.6500,-4.1743,-2.7281,2.7238,4.1196
20.456,1.3057,2.5047,-4.3613,1.6093,-6.6817,1.5466,6.4150,5.1527
20.460,1.4593,-0.4257,-2.7589,2.7361,-5.8393,3.1573,7.9266,1.6505
20.464,2.2528,2.2509,-2.6750,2.5783,-8.7347,5.6933,15.0192,3.5590
20.468,4.7411,4.7708,0.6358,-1.3393,-7.2427,2.8865,13.8938,2.4392
20.472,4.9222,4.6745,2.9368,0.2749,-9.3198,5.0877,17.6513,2.0325
20.476,4.0694,4.4580,1.6990,1.0006,-6.3050,7.0776,16.2922,-1.4597
20.480,4.2223,6.7269,3.8032,-0.7819,-8.6646,5.8830,18.2079,-2.7462
20.484,5.5050,4.5991,0.5609,-2.3307,-9.6461,8.6584,15.8971,-0.8021
20.488,3.4109,4.6048,2.1098,-6.8749,-11.8658,8.3644,15.5627,-3.0512
20.492,4.0038,3.5962,-0.9238,-7.8371,-11.7167,9.0443,13.6661,-5.6893
20.496,1.8841,2.6188,-0.6415,-5.7347,-10.1197,9.9346,12.8208,-3.3471
20.500,0.8073,2.1564,-1.3384,-6.1185,-9.7946,12.0104,11.7985,-4.1657
20.504,1.0701,2.2333,-2.8251,-7.3036,-9.4086,7.9013,7.4478,-5.8116
20.508,2.4138,-0.3759,1.5906,-10.0965,-7.5503,8.1958,6.1517,-3.9066
20.512,0.6315,-2.5200,-0.4113,-7.7503,-5.7324,7.5067,4.9473,1.5157
20.516,2.9934,-0.4950,-0.4032,-10.0966,-2.0484,5.1801,4.1198,-1.1986
20.520,3.4100,-1.4223,-4.2529,-9.0492,-0.5733,2.7180,1.1245,3.4509
20.524,-0.4760,-3.2953,-3.2624,-7.9503,-0.6529,2.2922,-2.0394,5.9236
20.528,0.7828,-7.9137,-5.4074,-8.3302,-2.1494,1.1551,-4.4502,10.1548
20.532,1.4665,-4.2512,-5.2063,-1.9898,-2.5034,-0.3678,-4.8109,11.0797
20.536,-1.5104,-5.5028,-7.1798,-1.8830,-0.4030,-3.6304,-4.0073,9.6021
20.540,-1.9519,-6.0871,-3.7644,-1.0724,-4.6445,-1.7033,-5.7817,11.1499
20.544,-0.6368,-4.2442,-4.0155,1.5941,-3.7532,1.9330,-5.3281,16.2217
20.548,-3.5054,-2.0842,-3.1289,2.7015,-4.4383,4.2653,-8.0928,15.6414
20.552,-5.8104,-7.0120,-3.2825,-0.2733,-2.7906,2.3230,-5.1642,16.9481
20.556,-8.3823,-9.2675,-3.2984,0.7205,-4.3764,4.8296,-0.1184,14.2601
20.560,-7.5644,-5.3986,-0.5686,-4.7989,-2.8502,2.0369,2.5166,10.6757
20.564,-9.3234,-4.5011,-1.4127,-5.3401,-1.4213,5.0008,5.9915,8.8788
20.568,-8.7952,0.3425,0.0784,-2.3612,-0.3541,6.0224,8.4049,6.8803
20.572,-6.0193,0.1759,2.7297,-4.8980,-4.1116,3.5690,9.0428,6.4356
20.576,-4.4577,1.6907,1.3330,-5.3176,-3.8990,5.7957,9.0254,1.1147
20.580,-5.2088,4.8032,-0.5133,-3.4865,-7.5315,6.0730,8.0681,-1.9969
20.584,-4.0497,5.5118,-4.0254,-2.0510,-9.0294,8.4973,10.7569,-4.1404
20.588,-3.4111,4.8354,-5.1849,-1.9599,-6.1722,9.6521,10.1846,-3.6238
20.592,-3.0171,3.6500,-6.5731,-0.1847,-9.4793,14.2970,11.5682,-7.3788
20.596,-4.1530,4.9719,-7.4499,-1.0432,-7.9070,16.9926,11.8230,-5.9033
20.600,-1.8485,7.7625,-3.3984,-6.0013,-8.8895,16.1222,10.3765,-9.7322
20.604,-4.0221,6.0865,-0.9542,-7.4280,-7.3562,14.6913,5.6375,-5.0375
20.608,-1.4981,6.6604,-1.5086,-4.0636,-6.0410,12.2460,4.9871,-7.8588
20.612,0.8309,10.2460,-3.0836,-3.9319,-3.7190,10.3179,2.3190,-3.9321
20.616,-1.1165,8.9334,-5.2740,-1.5793,-0.5615,6.0257,-0.4188,0.0022
20.620,0.8287,5.7922,-4.1507,-1.5369,2.2359,6.1062,-4.7378,-0.6412
20.624,-2.8680,2.6714,-5.2144,-0.9981,-0.0584,3.2997,-3.6892,6.6920
20.628,-3.6394,5.2464,-6.1619,0.5640,1.2738,2.3764,-3.1495,8.2860
20.632,-0.6839,1.8699,-5.1547,-1.7269,-2.1712,5.7377,-4.1586,8.4443
20.636,2.7339,5.4512,-4.2092,1.3813,-1.4574,2.6003,-7.1553,11.8520
20.640,3.2899,3.9666,-2.0020,1.5899,-2.3094,1.0016,-1.1820,12.7257
20.644,5.4887,3.1200,-0.8624,3.3494,-5.0072,-2.3699,2.1682,12.0722
20.648,2.2875,5.1376,-3.0904,2.7027,-9.1570,-4.2791,4.3853,10.9358
20.652,0.0495,4.1631,-1.0537,1.5871,-8.4634,-2.0966,2.5536,9.9790
20.656,0.6988,4.6544,4.7163,1.8023,-7.4824,-1.2851,3.7942,9.2158
20.660,-1.0707,1.9733,4.7021,0.7131,-10.0498,0.2855,6.5752,8.4318
20.664,1.6899,1.9561,4.5814,-3.4858,-11.0912,-4.0074,7.5876,4.1421
20.668,0.2689,0.3021,0.5724,-6.5403,-9.4403,-3.3845,9.6517,2.6722
20.672,-2.2175,-0.9581,4.6738,-7.4059,-8.4721,-2.2012,12.2868,0.6619
20.676,-2.3756,-1.0737,2.9444,-8.9660,-5.5919,-0.3002,10.8950,-4.0651
20.680,-1.4513,1.7367,0.2589,-8.0884,-7.4651,3.8446,10.8731,-8.0216
20.684,-2.0261,4.6504,5.2343,-7.0467,-6.8689,4.5965,13.1809,-10.7425
20.688,-0.3769,6.3231,8.5913,-8.7737,-6.4635,6.3921,11.5318,-10.3199
20.692,4.2473,4.4211,8.4153,-10.0473,-7.0408,7.5048,11.0259,-8.0615
20.696,4.5516,4.0803,8.8188,-6.9201,-5.4129,8.7703,11.8453,-9.2502
20.700,2.9944,1.8320,8.0098,-6.9448,-6.3957,8.5470,7.6672,-9.0224
20.704,5.7066,0.8345,7.7630,-8.3738,-5.9684,11.2674,3.6266,-10.6203
20.708,4.6101,2.6513,7.0941,-6.7310,-3.9825,8.0455,-1.6477,-6.8107
20.712,5.0152,2.2706,5.1288,-7.9872,0.1669,8.6808,-2.9800,-7.0234
20.716,1.4607,2.0960,3.3076,-6.7108,-0.3152,12.5397,-4.1732,-6.5480
20.720,1.4916,3.2204,1.3656,-3.7784,2.0743,7.7678,-8.0924,-4.1334
20.724,1.3248,2.2559,-2.2422,-2.5497,2.6047,3.5090,-11.3401,-2.0239
20.728,0.4084,0.9729,-5.3349,-4.5528,5.2713,5.8117,-11.5190,0.1105
20.732,0.4456,1.2219,-8.7551,0.8654,4.7717,4.3758,-11.4071,-0.4849
20.736,2.4432,3.4626,-5.9401,1.6911,4.6262,2.6347,-9.9008,1.3519
20.740,3.8006,2.1310,-5.3513,1.9947,6.4115,3.5666,-8.4383,2.8704
20.744,2.6831,3.1583,-3.3340,0.8728,6.7128,0.3954,-7.2822,4.6169
20.748,0.9235,3.8965,-5.1955,3.1719,5.2998,0.3699,-5.6069,3.5794
20.752,-1.7370,0.2745,-7.2395,5.0923,4.9232,-2.4054,-1.8396,1.8094
20.756,-1.5452,0.4742,-6.4229,2.7323,2.1763,-2.4002,-3.1726,3.7294
20.760,-0.9039,-1.1140,-7.6742,2.8639,1.2543,-1.2504,3.3447,4.9531
20.764,-2.5509,1.1479,-6.4550,5.3376,-0.8239,-0.4836,4.9943,1.6421
20.768,-4.9394,-2.5781,-5.9661,1.6871,-0.4346,1.2573,10.3078,-0.0439
20.772,-6.3481,-2.8964,-7.4684,0.3350,-2.3435,2.4391,11.6993,-2.8483
20.776,-8.9347,-2.3374,-5.8105,-2.3069,-2.7013,3.0694,9.3862,-9.9431
20.780,-6.2560,0.1737,-6.4808,-3.7135,-2.5662,5.1769,10.3860,-13.8979
20.784,-6.2760,-0.4407,-3.3131,-3.4697,-2.8381,9.3003,10.5842,-11.1853
20.788,-7.0791,-1.8771,-0.8806,-5.9182,-3.9136,7.5928,6.3545,-18.0511
20.792,-3.3551,-0.2433,-1.6931,-5.2143,-3.6525,11.8849,5.5097,-18.8882
20.796,-5.3691,-0.0692,-1.2141,-1.4527,-4.0376,14.0229,5.0494,-19.5839
20.800,-3.1345,1.3272,2.0716,-1.8197,-5.3076,16.6770,4.5796,-19.5563
20.804,0.0147,-3.5228,4.2988,-0.5657,-3.4009,14.9987,0.4630,-17.3371
20.808,0.8754,-1.7663,0.2971,-2.5926,-3.5541,15.4478,-2.5290,-15.9522
20.812,2.9734,-0.6929,2.4331,-0.4414,-4.9585,16.6141,-0.2340,-15.8747
20.816,1.7016,-1.7043,-0.3871,2.0082,-1.5313,13.0688,-1.9697,-15.2559
20.820,-0.0614,-4.0767,-1.4535,2.6245,0.8519,10.4155,-6.9232,-10.4515
20.824,-1.7296,-8.5467,-0.6587,0.0199,3.8711,10.8480,-7.9903,-7.7257
20.828,0.7231,-10.1776,0.2317,0.3493,8.5539,8.8793,-6.3412,-7.6327
20.832,0.9415,-8.6273,0.3091,1.8769,9.2030,8.7774,-7.9109,-8.3618
20.836,-0.2264,-8.2226,3.3794,2.1022,10.2490,7.0637,-10.2124,-5.0604
20.840,-0.7807,-7.1019,1.9836,3.5859,11.4034,9.2777,-8.6883,-2.8378
20.844,-3.2607,-6.0918,0.0194,3.0413,12.1392,0.3318,-6.0678,-2.1653
20.848,0.4785,-6.6624,3.9363,1.7053,7.5630,1.8967,-4.4603,0.1759
20.852,-0.2112,-5.2453,3.3693,3.1661,7.1943,-0.6664,-0.1174,0.9629
20.856,0.1324,-6.5374,1.1928,3.9460,5.3156,-0.3303,4.1197,4.8905
20.860,1.4309,-4.8052,1.2809,3.2964,2.2454,-0.4791,8.9757,0.4655
20.864,0.7859,-5.9829,-1.5789,4.9625,1.2884,-2.9313,13.7961,3.3536
20.868,-2.0037,-2.8493,-1.4306,9.0246,2.2567,1.0875,16.2419,3.5060
20.872,-2.2990,-2.4351,-1.5026,9.2522,3.1580,4.3169,16.2041,-0.0067
20.876,-3.7997,-0.6137,2.2330,8.1964,1.0732,5.5832,13.1992,-2.3435
20.880,-2.7864,0.6853,4.7109,7.3730,2.7738,6.4230,11.9236,-7.9732
20.884,-5.8112,2.9051,5.5294,4.5911,3.6000,9.6135,11.1067,-9.3869
20.888,-5.9917,6.8235,7.4357,3.3528,3.1334,6.7145,12.5625,-9.9797
20.892,-2.6078,6.4328,8.1318,4.3449,1.3417,6.1114,10.0889,-11.1898
20.896,-0.0967,6.8652,8.4611,6.4726,0.3705,6.9036,7.2505,-7.0095
20.900,-1.2685,8.0084,6.2358,7.9059,1.0800,8.4776,4.6186,-8.2039
20.904,1.6189,10.6644,4.8638,7.6062,-0.7029,10.0069,5.1519,-7.4044
20.908,0.9387,9.0751,1.9322,6.8719,0.0594,9.4298,1.4305,-2.7186
20.912,2.5740,8.9119,1.1123,7.4649,0.8647,7.9817,-0.0151,-0.7955
20.916,0.8315,6.2176,-1.4510,6.5631,2.0125,9.8148,-3.5388,4.0510
20.920,0.6578,4.3619,-2.6904,8.7670,4.2340,7.7290,-5.6936,6.2148
20.924,1.2530,2.1578,-4.8073,10.4338,5.2134,6.5456,-6.2936,12.6008
20.928,1.3526,-0.1629,-5.0885,10.8223,7.2469,6.5094,-8.7189,13.9642
20.932,-0.6006,-0.1405,-6.1851,10.7889,8.8616,7.2741,-9.1425,15.0255
20.936,0.0856,-0.3666,-5.6391,12.0144,10.6457,7.7908,-10.0043,17.1562
20.940,-1.1391,-3.0602,-5.4145,11.5640,11.8868,3.8896,-7.4223,18.8237
20.944,3.0675,-1.5466,-7.0506,11.2927,10.3260,1.5742,-6.7044,16.0643
20.948,4.1821,0.6907,-12.2797,4.7589,12.7046,-3.4321,-4.8312,16.5047
20.952,4.1192,4.3851,-5.4447,4.0533,8.6812,-5.4997,-3.0452,15.7005
20.956,1.9855,4.7784,-4.2674,3.9431,7.5803,-3.5226,1.6548,17.1782
20.960,3.2613,4.1482,-2.1903,3.7481,3.2675,-7.7939,7.9982,13.7838
20.964,6.5818,3.5620,0.1735,3.1010,2.8672,-6.9509,6.8292,9.7105
20.968,8.3388,2.4660,2.3497,1.6078,0.8988,-7.8123,12.6115,9.1789
20.972,10.1913,4.1277,2.2509,1.3334,1.7128,-6.2159,11.6241,8.3926
20.976,10.5456,-1.2734,5.9638,-2.0089,2.0677,-4.9526,10.8015,3.3859
20.980,8.9044,-0.9787,9.1782,-2.3131,2.1825,-2.5354,11.2718,2.3644
20.984,10.9832,0.3475,11.0427,0.0004,2.0600,-0.2873,9.2636,-1.6228
20.988,7.2575,0.5385,12.2377,-5.0879,1.9951,2.9408,9.0019,-6.0682
20.992,7.0121,3.2971,10.3658,-4.2068,-0.7208,1.0155,6.5141,-11.1233
20.996,7.2580,6.3342,9.4116,-7.0397,0.3402,4.0191,6.8976,-10.2460
21.000,8.6912,7.9390,10.7912,-6.8244,-0.7529,0.8149,5.4370,-10.2547
21.004,9.6827,2.1058,12.1462,-7.1513,-1.1869,4.4444,1.8504,-10.4566
21.008,11.0832,4.4777,7.6618,-5.2725,-2.3804,1.8322,-0.1590,-8.9681
21.012,12.2217,3.1088,7.6356,-2.7969,-3.8021,2.3809,-1.9719,-10.5302
21.016,10.2997,0.5565,11.4675,-2.7979,-5.2646,6.8919,-5.7096,-5.8303
21.020,10.1917,0.0329,10.0895,-0.2934,-4.8696,5.2473,-8.3038,-5.3146
21.024,7.1870,0.5818,10.3778,2.4694,-2.1489,6.0882,-6.1994,-1.8463
21.028,4.4542,0.0787,11.0300,3.1114,1.5433,3.2002,-6.6997,1.5365
21.032,2.1484,-0.2476,8.4730,4.2706,1.2550,3.4081,-6.1102,1.8764
21.036,-2.5561,0.2158,5.6206,3.4692,-0.0282,1.2191,-5.5438,4.0248
21.040,-0.8726,-2.2520,4.3882,6.1013,5.6742,-5.2270,-1.6175,1.3498
21.044,-2.2704,-2.6451,2.8892,4.8112,4.9443,-5.7382,-1.5659,4.5859
21.048,-2.6942,-4.3721,1.7772,5.2922,4.9605,-13.8906,0.8133,3.3081
21.052,-3.2028,-2.5365,0.2565,5.8859,4.6711,-10.2170,-1.4074,6.4438
21.056,-5.9704,-3.0465,1.8906,1.7366,4.4845,-12.2680,-1.0192,2.5577
21.060,-7.1560,-3.6049,4.3052,2.7941,1.7342,-12.2406,3.4120,2.9334
21.064,-7.3364,-3.0321,4.1661,-1.2607,3.2551,-11.3330,3.2224,1.4114
21.068,-6.5503,-4.3507,4.8652,-1.0269,3.2277,-9.4020,5.8310,-5.2916
21.072,-5.5723,-4.1743,5.9002,-0.1693,1.1822,-10.1990,9.4071,-3.9781
21.076,-1.7236,-3.8673,4.4783,-0.3726,0.1675,-9.4106,10.7764,-7.6792
21.080,-3.2004,-1.0588,4.2104,1.4545,1.0433,-7.5255,12.2673,-9.6241
21.084,-2.7555,1.1833,4.2938,-0.1673,3.4045,-6.3629,11.1342,-13.9812
21.088,-1.6608,-1.0025,6.2717,-3.9215,3.1566,-4.0516,11.0327,-17.7833
21.092,-2.3099,-2.3396,6.4345,-1.8428,3.2990,-7.4611,10.0416,-17.1927
21.096,-2.5013,-2.4982,3.5955,0.5516,-0.4901,-7.6439,6.9190,-17.3748
21.100,-1.3604,-1.4971,5.1082,-2.4785,-0.9907,-6.7937,2.2094,-17.7921
21.104,0.3485,-3.9530,4.9072,-5.5119,-1.4495,-3.7546,0.1951,-14.6561
21.108,-1.0664,-4.3971,8.3516,-9.1219,-3.1165,-3.3713,-4.0082,-12.0777
21.112,1.2296,-7.8825,7.9743,-8.8160,-3.7495,-2.0605,-5.3112,-7.7893
21.116,3.7216,-4.4569,8.4966,-7.6138,-3.6597,-2.2286,-11.1398,-4.3157
21.120,4.8631,-6.0042,9.7507,-8.0080,-2.7731,-0.0950,-9.6017,-3.7854
21.124,3.5591,-6.2188,6.3641,-8.5640,-3.7701,-1.3521,-8.9729,-4.1741
21.128,4.8091,-7.2972,4.8203,-6.8064,-4.5844,-5.3087,-11.4618,-3.2636
21.132,6.8562,-5.1421,1.3169,-3.0774,-2.8252,-2.5097,-7.7023,-1.1439
21.136,6.2738,-8.3675,-0.0672,-1.9191,0.9438,-3.6472,-8.0799,1.7633
21.140,6.7222,-12.6834,-1.1072,0.2945,0.2337,-4.2707,-7.3682,4.4190
21.144,3.6627,-11.6460,0.1333,3.9065,2.1464,-5.4762,-5.1681,8.6616
21.148,1.5062,-14.9707,0.5438,5.5795,3.3910,-4.1471,-7.0837,8.5122
21.152,1.2921,-10.3522,1.0546,7.6060,3.7994,-3.8424,-3.6729,7.8731
21.156,4.9305,-6.9341,1.4620,7.3146,-1.1947,-5.3361,-3.6650,7.3228
21.160,2.6612,-6.5899,1.5921,6.7876,2.0753,-4.1763,-1.7208,3.0610
21.164,2.0091,-5.9943,1.6304,5.5357,0.9597,-3.8013,-1.4438,0.3967
21.168,2.6002,-4.3801,1.3326,3.8518,0.0773,0.3464,1.6504,-2.0121
21.172,5.7415,-3.1041,5.6141,2.6497,-1.0105,-3.0930,4.8254,-8.4810
21.176,8.0147,-4.9651,4.5666,2.0498,-1.7334,-4.3762,5.9177,-7.2463
21.180,10.6493,-5.4688,4.6987,3.9828,-3.1927,-4.7550,9.7051,-10.9197
21.184,11.6805,-4.8345,4.8971,1.9663,-3.6048,-4.0580,8.4106,-15.4542
21.188,12.7100,-2.5436,4.1820,4.2876,-4.7433,-5.5753,10.5973,-18.8617
21.192,13.5938,-6.5598,5.2848,1.7414,-6.0708,-5.3843,9.6452,-18.4373
21.196,12.1649,-8.3192,4.5474,2.9718,-3.1292,-2.6905,4.2939,-13.9192
21.200,10.2583,-7.0751,6.9028,4.1334,-6.5834,-2.5680,0.6388,-14.8809
21.204,8.5978,-8.5664,8.0175,2.3592,-7.6193,-0.4490,-1.2731,-9.7094
21.208,7.0896,-6.2471,9.9195,1.9388,-10.3831,-0.7409,-2.0883,-8.8834
21.212,6.3605,-12.0400,10.1230,1.9006,-10.1180,-1.3452,-6.5648,-4.8733
21.216,5.7109,-10.4327,3.8655,-0.7321,-10.1216,-0.8977,-9.8991,-4.3790
21.220,6.3212,-10.9178,8.2481,0.0315,-9.3285,-2.2804,-8.1947,-5.4717
21.224,6.3956,-10.5892,5.7420,4.4028,-7.1812,-1.1048,-9.7444,-2.7093
21.228,6.4970,-9.8619,6.9486,1.9681,-6.3622,-0.7440,-12.3405,3.1050
21.232,3.0101,-10.1791,3.3261,4.8439,-5.1615,-1.7989,-14.7366,3.7766
21.236,1.7786,-11.8237,1.3529,4.9157,-2.7082,-2.7642,-15.6867,5.5849
21.240,1.0622,-9.7232,-0.6842,4.8995,-2.7752,-4.0972,-14.3046,2.6135
21.244,-1.1504,-7.1576,-4.6206,4.2947,-0.9159,-5.0405,-12.6928,3.1946
21.248,-2.5075,-5.4195,-5.7960,6.7640,1.9184,-8.4348,-12.9066,7.8553
21.252,-6.3758,-2.8297,-6.3422,5.8366,2.4992,-8.5844,-10.2090,6.5469
21.256,-5.6551,-0.7370,-6.7962,2.3701,2.0822,-11.7845,-7.7521,6.0659
21.260,-3.3167,3.5234,-6.6448,2.1342,3.5633,-8.1100,-3.3485,4.7935
21.264,-2.5505,2.3893,-9.3617,2.7915,2.4119,-8.3459,-0.7220,3.6391
21.268,-1.6647,7.3103,-8.7052,0.7697,2.8169,-4.3156,3.9102,-0.3226
21.272,1.7866,6.7002,-9.9265,-0.6168,-0.3890,-3.3332,6.9525,-2.9047
21.276,3.1778,6.7195,-6.4663,-1.8717,-1.5340,-4.3851,8.3858,-3.8591
21.280,3.3951,7.1838,-5.1125,-7.0742,1.7097,-8.1435,6.8095,-2.5693
21.284,7.4951,4.2999,-6.7116,-7.5820,0.3020,-6.3149,5.2207,-7.9174
21.288,8.0341,4.9687,-5.6002,-6.7572,0.6771,-3.9476,4.0184,-9.9916
21.292,12.1954,4.6466,-2.8826,-6.1487,0.1348,-4.8577,2.6701,-8.5499
21.296,12.7372,-0.2478,-3.3552,-7.9143,-1.1882,-1.5526,-1.7375,-7.1351
21.300,11.5620,-1.0146,-0.0372,-9.1733,-3.3538,-0.3430,-2.7109,-6.5756
21.304,11.5644,-3.0718,1.1492,-8.2040,-6.2992,0.6221,-2.9715,-6.9662
21.308,12.1831,-1.0877,0.6801,-6.4672,-6.7527,4.5703,-5.6768,-4.2734
21.312,10.9904,-1.0651,0.0926,-4.0430,-8.6587,6.9239,-2.3803,-6.2179
21.316,11.5849,-0.8909,0.9903,-4.6971,-11.8045,6.9480,-2.4641,-4.2294
21.320,9.9808,0.6680,-1.3962,-4.3390,-16.2466,9.2082,-2.3445,-2.7219
21.324,10.6625,-2.2932,-1.4050,-4.7109,-14.1330,6.6095,-7.1206,-1.5487
21.328,9.8211,-3.4681,-1.4981,-1.7838,-11.8654,8.2255,-9.1720,1.2547
21.332,5.1625,-3.8901,-2.5970,-1.3270,-10.8948,9.4281,-11.8917,0.8749
21.336,6.7000,-1.1748,-3.2645,0.5850,-11.0509,7.3325,-9.5533,0.8551
21.340,4.3989,-3.4027,-4.3588,1.7114,-8.3576,8.6921,-10.1302,2.5965
21.344,2.5590,-4.3887,-4.6280,3.1176,-9.8912,5.7799,-7.1209,1.1502
21.348,4.2351,-5.0032,-3.6016,6.9608,-6.2472,6.7307,-4.1183,2.0854
21.352,3.6574,-4.1454,-3.0529,7.0672,-5.3117,4.5605,0.2519,-1.5074
21.356,3.3514,-4.4868,-1.6644,8.4128,-3.1440,7.5728,4.4047,-1.0457
21.360,0.6263,-4.0255,-4.7458,10.1151,-0.8931,5.9025,6.2052,1.8385
21.364,1.5093,-4.4754,-5.2705,11.5523,-1.9811,1.5520,9.7585,-0.1697
21.368,1.8036,-0.7064,-6.9602,11.0755,-1.4826,-1.8653,12.0562,-3.3388
21.372,1.1138,0.8235,-8.9809,10.7917,-1.4990,-0.9175,13.7765,-5.5990
21.376,1.5336,4.5939,-9.3038,14.6330,-4.0647,-2.6701,14.4733,-6.8206
21.380,4.1201,1.9915,-11.1598,13.6268,-0.3260,-5.5421,16.3914,-10.2027
21.384,2.1020,4.9079,-8.0627,9.8930,0.3015,-6.3555,13.6590,-9.7043
21.388,2.0965,4.3742,-9.8839,7.7276,-1.0684,-5.0367,13.5129,-9.9003
21.392,2.1622,5.1295,-9.0560,5.0793,2.7833,-4.6301,11.8275,-7.6291
21.396,2.8851,2.4651,-5.7926,4.3522,2.0611,-7.1242,8.8088,-6.6069
21.400,1.6174,-0.7858,-6.3815,2.5879,-0.2893,-6.2370,9.1857,-6.2980
21.404,1.0361,-4.1066,-7.9117,0.4631,1.9794,-5.2559,2.9554,-6.1794
21.408,1.6628,-5.2694,-8.7249,-1.1147,1.0912,-1.9352,0.3811,-0.2831
21.412,0.2677,-7.5581,-7.9865,2.6855,0.7167,-2.7454,-2.6569,1.2282
21.416,1.9300,-4.2215,-9.1635,1.2788,-1.8091,-2.0032,-5.7833,3.3508
21.420,0.8849,-7.8961,-8.8958,0.4980,-3.1397,2.3585,-8.5696,5.6290
21.424,0.8261,-5.8016,-9.6508,2.1439,-5.2967,0.4625,-11.0151,12.7862
21.428,0.9756,-6.3331,-7.7340,0.9411,-3.2234,3.5135,-14.8520,15.4593
21.432,-0.0675,-6.1232,-8.3260,1.7443,-2.0313,5.3324,-16.3047,15.1858
21.436,0.7966,-6.6328,-8.8478,0.5055,-3.2825,3.0407,-16.9477,18.3026
21.440,2.9131,-4.7912,-9.7400,2.1768,-1.3372,7.4943,-15.1651,15.0254
21.444,4.9516,-6.4479,-6.8181,2.0153,1.0722,3.4895,-12.7764,15.9036
21.448,4.8322,-2.5181,-7.5182,3.2212,1.8546,1.6787,-9.4319,14.1657
21.452,3.2598,-4.3217,-6.6172,3.5928,2.4888,1.1387,-9.9874,13.2419
21.456,2.4760,-0.6677,-8.7265,3.9077,2.5203,0.7989,-6.9911,12.3947
21.460,3.9719,6.4603,-8.8650,6.1798,2.3780,-4.6256,-5.9218,11.3981
21.464,4.1391,4.8798,-11.4006,5.0046,4.6531,-6.4424,-2.7228,12.3550
21.468,5.5951,2.4384,-10.8485,4.2259,1.2171,-8.5842,3.1769,6.2815
21.472,5.8784,4.5344,-10.0238,2.3335,3.5995,-8.1377,2.9432,4.1909
21.476,6.5505,7.2915,-6.1605,2.1014,2.2870,-8.9599,6.1366,-0.4858
21.480,8.4222,9.8196,-3.0280,4.3054,2.7256,-7.5601,9.8480,-1.5632
21.484,9.8497,9.1759,-1.9780,1.0982,4.3543,-3.8262,9.8936,-7.2316
21.488,7.9334,12.4705,1.5532,-0.2736,4.9284,-4.4736,9.1115,-8.4259
21.492,10.2227,13.9024,1.9571,-0.4924,5.2824,-5.6000,8.3111,-9.0443
21.496,13.2511,15.7024,-0.6553,-1.6539,5.8139,-2.4397,8.1074,-13.5570
21.500,13.9103,13.9168,-0.0437,-3.2335,3.6367,0.0331,8.7847,-12.5052
21.504,12.1541,10.8811,1.1636,-1.2410,2.4862,0.0647,4.9654,-11.2014
21.508,10.9713,10.5665,3.2605,-1.8506,2.0957,1.6921,3.1059,-10.1001
21.512,10.1853,8.7273,3.3990,-2.9939,2.2964,2.4902,-0.5085,-10.1959
21.516,8.5801,6.0165,4.1207,-5.7876,0.1373,4.8956,-1.8224,-12.6523
21.520,7.2870,6.4466,7.1202,-5.4246,-3.7320,3.3410,-4.1671,-10.9108
21.524,3.0481,7.9531,9.0314,-2.4426,-3.3927,3.9196,-5.3854,-7.9394
21.528,-1.1441,4.0935,6.5160,-0.7640,-6.2109,4.2786,-7.6393,-4.3513
21.532,-3.1302,4.3930,7.2214,3.9332,-4.8087,8.4418,-8.5123,0.6934
21.536,-4.1101,3.4608,8.2001,4.5813,-2.1718,8.9661,-7.1225,3.1140
21.540,-3.4068,0.7946,6.5968,8.5456,0.1103,9.0917,-6.1449,4.1473
21.544,-2.5002,-1.2259,3.4998,10.4073,-0.9632,8.6264,-2.5373,5.7498
21.548,-1.3976,-2.8035,3.1105,11.0477,-0.4223,7.3448,-1.7863,7.1484
21.552,-3.1224,-3.0149,1.2870,7.5309,0.2178,6.9915,-0.2644,5.7066
21.556,-1.0260,-0.6887,-3.4494,8.8090,1.0587,4.7914,1.6256,2.4035
21.560,-1.1244,-2.4924,-3.9420,4.5123,3.7113,5.2571,5.1172,-0.9343
21.564,0.0051,-4.1754,-3.6657,6.2829,2.9065,3.1620,9.4636,-3.6609
21.568,-0.6632,-0.8152,-3.7203,7.9594,3.5373,-0.3528,9.8515,-7.3351
21.572,-2.6409,-2.3367,-5.9621,6.8346,3.8897,-4.7443,13.2976,-11.4789
21.576,0.3228,-2.3501,-8.4993,5.4413,5.2823,-6.1112,14.6995,-14.7131
21.580,0.6582,-1.6544,-5.2694,6.2021,6.0863,-1.5000,15.7238,-17.3620
21.584,-0.9628,-2.9784,-3.0371,4.3978,5.2670,-4.3506,12.8397,-17.1731
21.588,-0.5006,-3.5163,-4.2300,4.1788,3.6307,-5.1437,11.4868,-18.9748
21.592,-2.5496,-3.8659,-1.7197,4.6408,7.6803,-5.1514,9.3811,-16.8182
21.596,-1.3879,-5.3809,-2.7857,2.5612,6.6879,-4.6712,9.7007,-14.8586
21.600,0.1482,-4.0282,-4.3610,2.3615,7.6611,-6.4968,5.9631,-17.1468
21.604,2.8701,-3.9407,-4.6465,2.3164,7.1286,-5.5842,1.0370,-18.2788
21.608,3.0318,-3.9505,-4.8836,0.6670,7.1177,-5.1971,-0.9341,-15.6984
21.612,2.9958,-2.6433,-3.4834,2.3769,5.6998,-3.9553,-7.8616,-14.0735
21.616,5.0601,-5.5450,-4.7928,0.6840,5.7579,-5.5736,-8.9529,-12.2061
21.620,-0.4894,-6.9905,-1.6272,0.7748,6.1302,-1.2736,-8.7414,-10.5891
21.624,0.7486,-8.4373,-1.0853,4.3923,3.0300,-3.6634,-8.7243,-7.2535
21.628,1.9954,-11.5741,-0.0750,2.1103,1.2990,-1.9352,-12.0388,-4.2584
21.632,-0.5596,-10.7472,0.8060,2.1390,-0.6049,-1.0528,-11.0400,-0.3019
21.636,-3.4413,-8.4492,0.6531,7.0839,-0.4160,1.3320,-9.7425,2.9386
21.640,-2.3332,-7.6154,1.1861,6.6236,2.4169,4.4494,-12.2151,4.5738
21.644,-5.5532,-7.1402,0.5405,12.5961,0.7529,2.4071,-9.3351,3.9295
21.648,-3.3397,-3.4339,-1.2911,9.6852,-0.1844,0.0824,-6.7962,5.3418
21.652,-0.4725,-4.2321,-3.3286,10.9787,0.9556,1.6442,-3.2365,4.6421
21.656,0.6626,-4.2554,-5.4172,10.6152,-1.4789,0.4691,0.6749,3.0936
21.660,1.4956,-1.4488,-5.5746,14.0514,-1.6576,0.6714,6.5826,-0.5593
21.664,0.5946,2.2485,-3.3648,16.1624,-2.8194,0.1700,10.1625,-3.8049
21.668,2.5237,5.1642,-4.4461,16.3420,-0.6185,0.2141,13.3495,-1.5893
21.672,6.9172,5.1398,-6.4766,15.0319,-0.5744,0.8336,14.7995,-3.7071
21.676,9.7424,8.2210,-4.6498,13.0502,1.2426,-1.4251,19.0803,-5.5779
21.680,6.0662,8.9981,-4.6899,14.2067,-0.8590,-4.4292,16.8859,-9.1513
21.684,6.6304,6.1736,-2.6575,15.6851,-4.3622,-5.7779,13.8049,-13.4831
21.688,5.1447,5.5467,-2.9071,14.8424,-6.2044,-5.3429,11.2882,-10.9189
21.692,4.9712,4.8026,-4.4984,14.5668,-7.4215,-7.0330,11.4105,-10.3484
21.696,2.5128,6.6011,-6.0959,15.1059,-6.5660,-5.9876,11.3464,-10.5207
21.700,2.6487,3.7413,-2.2643,13.3483,-6.9618,-7.0302,6.5045,-11.4748
21.704,2.0965,3.7789,-0.8479,12.2121,-8.1296,-7.1766,3.6871,-10.2061
21.708,1.6563,2.1158,2.4296,10.0373,-6.7925,-7.8711,1.7608,-10.4180
21.712,1.8371,2.4664,4.4399,4.0991,-5.4579,-4.5983,0.9257,-10.4276
21.716,-0.1617,-0.5655,7.6913,4.5099,-4.1674,-3.0375,-0.0716,-11.8211
21.720,0.1640,-4.7210,7.7895,4.9433,-4.9854,-1.9686,-1.8564,-8.1426
21.724,-3.0011,-7.4806,9.1434,4.2952,-8.0101,0.0748,-3.7046,0.0888
21.728,-3.1970,-11.5924,9.4557,8.3490,-11.1422,4.7033,-6.4832,3.9111
21.732,-4.7635,-10.9672,10.6309,8.2247,-10.0666,7.2161,-6.8790,2.5261
21.736,-4.9285,-11.1355,12.4041,8.5710,-9.4024,6.0535,-4.3538,4.3733
21.740,-8.8368,-10.4322,10.7237,7.8000,-10.9760,7.1641,-6.9533,5.8528
21.744,-8.1733,-7.8951,8.8601,8.3066,-11.7863,10.4920,-3.9168,7.0458
21.748,-8.8420,-2.8060,7.5465,10.5839,-10.1166,8.0103,-3.8878,6.9714
21.752,-8.0185,-2.9343,7.2373,11.0100,-9.7069,6.0382,0.1992,4.4846
21.756,-5.2134,-1.2513,8.0022,12.9151,-8.0646,3.9992,-1.2753,4.8117
21.760,-4.7831,-2.2841,5.7870,10.1569,-7.3488,1.5187,0.7356,1.4881
21.764,-4.2175,1.0172,6.0667,10.4781,-4.9572,0.1326,2.7809,-0.1067
21.768,-0.5006,0.2667,6.6060,11.8196,-4.5731,0.7548,3.0946,-2.3654
21.772,0.6362,3.0627,7.9576,7.4310,-6.0349,-0.5266,1.8469,-3.0076
21.776,-0.2093,3.3609,6.7592,3.2141,-4.5143,-2.3981,2.2888,-5.4317
21.780,1.0628,2.0909,4.2578,3.0492,-4.0691,-2.4326,0.0425,-4.6022
21.784,0.7487,1.4361,3.8614,2.8234,-1.9960,-4.0623,5.8106,-3.3781
21.788,1.3815,1.8863,2.9874,1.6471,1.6236,-6.2019,4.9775,-3.0900
21.792,1.8799,4.0597,3.5922,1.4091,1.6209,-6.0606,4.3169,-5.5922
21.796,3.2060,2.7227,0.0711,5.4912,2.1216,-5.5750,1.4372,-5.6506
21.800,2.2838,2.4006,1.8914,5.0142,3.2282,-7.1352,0.2962,-5.3475
21.804,1.7726,4.1507,5.0193,3.0721,3.1423,-6.1880,-0.9747,-4.1737
21.808,0.7618,4.0456,7.9216,4.7413,5.3377,-7.0214,-3.8678,-0.7198
21.812,-0.8986,7.9109,9.6187,5.3421,6.1915,-4.7825,-3.3614,-3.0475
21.816,-0.6142,6.4358,12.4063,6.1488,4.7968,-3.7507,-6.8381,0.0939
21.820,-0.5415,2.4275,10.5037,3.7995,2.5350,-3.1271,-14.5524,2.5896
21.824,1.9048,3.9884,7.5610,3.8421,3.0404,-3.9961,-16.9390,7.1429
21.828,3.4710,6.5482,6.2102,1.4495,-1.3665,1.7720,-16.4253,7.0769
21.832,3.4779,5.3488,6.2050,3.8046,-4.7239,2.4297,-15.4648,10.0989
21.836,2.5178,6.0807,6.1131,1.3175,-4.8855,4.4324,-17.1093,10.5198
21.840,2.6806,2.4640,7.8437,1.5990,-2.3557,7.7359,-16.7217,11.5304
21.844,0.6339,1.7609,9.7206,0.0075,-5.5985,8.7388,-12.4962,12.8279
21.848,1.8057,2.3155,9.9820,-0.3576,-3.1916,9.3555,-9.7554,12.4309
21.852,-0.6025,4.2856,9.6783,2.2973,-4.7838,11.8876,-6.4376,12.3418
21.856,0.6654,7.7458,10.4137,1.0235,-2.2374,12.1895,-4.6863,11.3491
21.860,2.1282,9.6551,8.5281,3.6003,-1.1501,10.5647,-4.5306,7.6458
21.864,1.3500,13.7020,9.3763,5.1889,-2.1868,10.8349,-3.3146,4.0154
21.868,2.8077,12.9770,6.7814,2.2334,1.9191,11.7779,1.1197,1.3071
21.872,4.6309,12.7650,4.5104,0.0351,1.4410,8.5978,1.1098,0.9818
21.876,4.0533,16.3649,3.7178,2.7675,2.1280,3.7744,5.0546,-2.0669
21.880,6.4479,15.7322,1.9929,0.8971,0.7964,4.7303,5.8829,-3.6572
21.884,5.2658,13.0079,-1.6092,1.3501,2.4988,1.6108,10.8217,-6.3703
21.888,6.2240,12.2418,-0.9040,-1.8182,4.1406,1.7304,13.8082,-2.6140
21.892,5.5712,6.6305,-1.8202,-2.3388,4.0686,-3.8269,10.3579,-5.6837
21.896,5.2179,8.4308,-1.4365,-6.3124,5.5966,-2.2025,9.7449,-6.5610
21.900,3.2275,7.5218,-2.2014,-8.3664,5.5500,-2.5791,9.5573,-3.9419
21.904,4.5777,7.4552,-2.3724,-10.1999,6.6014,-3.9823,6.8970,-4.4352
21.908,2.2157,5.5316,-0.9919,-8.8060,8.4643,-7.6483,5.3751,-0.5996
21.912,-0.9928,3.3713,-1.9756,-8.4758,7.0614,-4.3915,4.1481,3.7203
21.916,-3.0322,-1.6770,-5.3779,-6.8429,7.6731,-8.1698,0.6422,5.5565
21.920,-3.2675,-1.0763,-5.5434,-7.5144,8.2067,-8.0708,-2.3294,8.0617
21.924,-5.5293,-2.4790,-8.5403,-6.4943,6.7095,-4.6552,-4.2696,11.4555
21.928,-6.6486,-4.5226,-4.8492,-7.8446,5.1184,-6.1743,-6.4024,13.4901
21.932,-6.1614,-2.0134,-3.9317,-7.4105,4.6402,-6.3272,-3.3476,16.3105
21.936,-5.1149,-0.2714,-5.9830,-7.7385,2.4973,-3.9289,-6.0697,17.6775
21.940,-3.9272,-0.4418,-5.4151,-7.5604,-0.6630,-2.6740,-2.9677,18.2939
21.944,-5.7546,3.1066,-2.1077,-8.5047,-3.8093,0.1659,-2.0751,17.5769
21.948,-4.3267,0.7556,-2.9492,-7.2005,-0.6619,1.2705,-0.1655,18.1253
21.952,-3.0149,2.6117,0.2140,-9.2926,-1.9847,2.2172,0.9358,15.5900
21.956,-2.9074,4.3100,-2.4843,-6.3376,0.6946,0.5950,1.1929,10.3472
21.960,-2.5396,3.3828,-1.5818,-8.7127,0.2109,-0.3001,3.8788,9.8014
21.964,-4.8071,1.6133,-3.6489,-3.4512,0.0484,-0.3487,6.3763,7.8994
21.968,-4.0549,3.0447,-6.5294,-2.2782,1.9611,1.3203,8.0422,10.5278
21.972,-4.3654,3.2036,-8.5870,-4.4039,2.0186,5.1731,10.5536,5.0013
21.976,-1.2453,5.4551,-10.1805,-0.3871,1.8280,5.1443,12.2898,3.5468
21.980,-0.6569,4.2930,-11.3819,-0.2957,1.0051,-0.4610,11.5045,3.8575
21.984,-0.1537,-1.1387,-11.3977,0.7347,0.4339,2.0254,10.6820,1.6784
21.988,-1.1755,2.2209,-11.4495,-0.4900,2.5105,-1.7265,9.1569,-1.3401
21.992,0.0140,0.8177,-9.9399,-0.0883,2.5013,-5.3848,7.9768,-3.6043
21.996,-0.8178,-0.1381,-12.3625,0.2858,3.7036,-4.1284,7.9887,-2.4475
22.000,-0.0614,-4.6596,-8.7861,-1.7725,4.5112,-4.9650,3.2118,-3.0955
22.004,-0.9885,-3.3392,-7.1219,1.9700,3.1108,-3.0863,2.6288,3.4311
22.008,-5.4613,-3.6971,-6.2640,1.2662,3.2816,-4.0663,0.9750,3.9992
22.012,-5.8445,-4.1866,-8.4515,4.9187,1.1736,-0.9251,-0.4489,8.9721
22.016,-8.5120,-4.8571,-4.7532,7.7041,0.2188,1.2591,-0.4627,10.7915
22.020,-8.7627,-8.4732,-3.7518,4.9990,-0.1200,-0.3383,-1.7757,12.1587
22.024,-8.2498,-10.8814,-3.9593,7.4404,-2.0686,2.5673,-4.4085,15.4337
22.028,-6.6190,-10.4475,0.0817,7.2985,-1.2260,5.3142,-5.4107,16.4898
22.032,-4.3239,-11.3548,1.8228,6.8732,-2.6471,5.2069,-3.2819,18.4512
22.036,-4.8941,-10.7327,4.7742,3.7591,-3.5462,4.7190,-4.1881,16.8335
22.040,-3.9167,-9.5289,4.7899,4.3925,-6.7875,0.9301,-5.2426,15.5887
22.044,-1.3238,-6.4577,7.5866,3.6852,-5.7108,5.8307,-2.6908,11.8616
22.048,-2.9989,-8.2170,8.6677,5.9772,-2.6572,3.3528,-2.9410,10.5651
22.052,0.8085,-6.4767,4.9444,5.0353,-3.6403,5.8320,-0.0775,7.8475
22.056,-1.2911,-5.5071,5.7885,2.9754,-3.3632,5.2713,4.6447,9.2584
22.060,-4.0222,-5.7923,3.9938,0.6996,-2.3514,6.9324,5.1655,8.5841
22.064,-3.2642,-6.8176,2.9715,-1.5575,-2.9748,9.0275,11.0113,5.1795
22.068,-1.2196,-3.7522,3.7826,-0.0453,1.8387,6.5859,14.7864,2.3103
22.072,-2.5801,-4.0610,2.4774,1.9795,1.1997,4.1524,18.7406,-1.8280
22.076,-3.0529,-2.5001,3.0888,2.0899,2.6528,3.2874,18.1318,-5.7633
22.080,-1.7630,-1.8917,0.6936,2.4769,5.8375,2.2107,18.8873,-7.4054
22.084,-1.4979,-1.9843,1.1943,3.0887,5.1094,-2.6826,19.1361,-7.8155
22.088,-0.3713,-3.0777,3.8766,2.5460,5.4160,-5.7844,16.1776,-9.9275
22.092,0.1560,-1.0839,2.6770,1.8411,7.8716,-7.6519,14.5551,-11.6059
22.096,-0.1752,-3.0823,5.1740,3.4443,8.0090,-9.7038,12.5582,-10.1939
22.100,-0.6208,-6.8381,2.6013,-0.9040,5.7834,-8.0380,13.0800,-9.5483
22.104,-5.9743,-4.8889,2.0746,-2.4914,10.6824,-7.0917,14.9709,-7.6018
22.108,-9.1638,-5.2629,0.4700,-5.2248,12.3783,-6.5922,12.1583,-5.3656
22.112,-8.9758,-6.1812,-1.9259,-5.1661,11.7414,-7.9842,9.5029,1.5011
22.116,-9.4424,-9.4507,-0.6034,-2.6789,10.7868,-9.1028,8.4637,4.9472
22.120,-10.1719,-11.2405,1.4660,-2.6105,7.3949,-8.4006,8.6779,9.3184
22.124,-10.1898,-12.9773,2.2310,-1.9136,9.2146,-8.4304,5.1241,9.6076
22.128,-10.6536,-9.6895,1.5064,0.7466,7.4462,-5.6083,3.2677,13.1767
22.132,-11.1670,-11.3440,4.1349,-1.6537,3.3216,-6.7702,-1.6760,12.8135
22.136,-9.8544,-11.7896,6.8695,1.9354,2.8825,-6.5312,-3.0204,11.5652
22.140,-5.8150,-13.1541,8.1263,5.0299,2.6448,-6.2166,-5.2887,11.3969
22.144,0.0885,-9.1333,7.1394,4.7740,0.6737,-8.2365,-4.4624,10.0471
22.148,1.6813,-11.9287,4.0407,6.0726,-0.2091,-6.5624,-0.8045,8.1488
22.152,3.6605,-6.8032,1.9016,6.8226,-1.3213,-4.4826,-0.0539,7.5966
22.156,4.1795,-9.2735,2.7315,7.9878,-2.0853,-1.6129,2.2467,7.9018
22.160,3.9643,-11.1300,1.3016,6.3289,-4.1109,-1.2873,4.8726,5.1892
22.164,5.5362,-7.9684,-1.8742,5.4701,-2.9036,-1.6325,4.2575,1.8832
22.168,5.4676,-7.0015,-1.7919,6.8587,-1.6525,0.4374,6.4054,-1.8505
22.172,5.2028,-4.9551,-4.1601,4.9465,-1.9079,-1.5930,4.2902,-0.8423
22.176,4.6247,-2.4986,-2.2620,7.7072,-4.4083,-0.4586,3.4411,-0.1000
22.180,4.6834,-2.0740,-0.3360,3.0924,-4.8074,-0.7011,3.6403,-2.4357
22.184,5.5991,-1.8094,-1.8359,1.0848,-3.5936,0.3256,2.0675,-3.8867
22.188,6.1346,-3.3213,-2.3278,1.9922,-3.3951,0.4083,1.3969,-5.4049
22.192,4.8586,-6.6741,-7.9745,4.5562,-4.0764,-0.2312,2.1580,-4.5441
22.196,3.3362,-6.2797,-6.2520,5.9896,-4.9644,-2.0180,0.1101,-4.8455
22.200,4.0330,-8.2655,-5.6097,4.0703,-2.3173,-1.6601,3.1469,-3.1165
22.204,7.6431,-9.3010,-6.9674,4.6522,-6.0040,-2.2241,2.4674,-3.5080
22.208,6.1791,-13.0710,-5.6936,1.4801,-2.5992,-1.8805,-2.4294,0.3544
22.212,2.6426,-13.2563,-4.8469,-4.2912,2.0125,-4.0320,-7.9254,2.3879
22.216,-0.2523,-14.2236,-4.7005,-2.8746,0.3576,-5.9200,-9.4399,5.6129
22.220,-0.7389,-13.8370,-1.2531,-3.7619,3.1969,-9.3160,-11.0523,11.0022
22.224,1.2385,-12.8869,5.8619,-6.2133,0.8129,-9.9486,-9.9457,15.1481
22.228,-3.0416,-12.3224,7.1239,-5.9059,-0.8574,-8.5946,-10.8046,13.7768
22.232,-4.6535,-13.2930,9.4699,-4.1493,-1.0570,-10.1926,-11.1098,15.5018
22.236,-2.7803,-10.2977,7.4503,-5.2702,-3.1593,-11.8843,-9.3676,15.5042
22.240,-2.3007,-11.2422,3.5792,-4.5792,-2.7782,-6.2462,-7.7104,14.0219
22.244,-1.2955,-6.7919,4.1536,0.2823,-1.2814,-6.1867,-5.2793,11.7778
22.248,-2.8804,-6.7920,3.5461,-1.0604,-4.6881,-2.4499,-2.2627,9.6127
22.252,0.7474,-6.5833,2.2575,2.0657,-4.8770,1.5657,1.5754,5.3578
22.256,1.8304,-4.6237,2.8508,1.0141,-5.1315,7.2151,4.6039,4.5118
22.260,4.0700,-4.9756,1.8544,4.8680,-1.6756,6.9976,4.4051,2.4869
22.264,3.0049,-5.1186,1.1960,6.2173,-1.3554,4.6931,6.4408,4.0306
22.268,2.9292,-3.4516,1.1592,4.9898,-1.6939,1.6019,10.0588,-0.5142
22.272,2.8027,1.3876,0.1933,2.8657,-0.2356,1.9844,12.7525,-1.3664
22.276,2.5523,2.4141,-1.6460,2.7519,2.2814,4.3006,14.8626,-3.9765
22.280,3.9564,2.6287,-1.9735,2.0008,-1.0441,2.9246,15.2061,-6.0177
22.284,1.7814,2.5335,-4.7943,1.9057,3.8488,5.3197,18.6291,-9.4672
22.288,3.4713,-0.7604,-6.5939,0.9679,3.9438,1.3965,22.8602,-10.8509
22.292,2.8780,-1.8541,-10.8854,1.7149,5.4714,3.3190,24.9914,-9.8289
22.296,-0.8124,1.3018,-10.0433,1.0196,4.5412,5.3084,24.0131,-9.5890
22.300,-0.7364,-1.0484,-10.6186,0.5549,5.2841,2.2663,20.2314,-7.7819
22.304,-0.7387,-5.4271,-10.6222,1.7342,2.5718,3.1714,14.5773,-9.0118
22.308,1.6381,-4.2426,-11.4864,-1.7025,4.3296,0.9605,8.6189,-6.1120
22.312,-0.6071,-3.2584,-8.9761,-1.4443,4.7004,1.0326,1.4305,-5.0711
22.316,-0.2938,-3.0559,-8.3881,-2.2070,7.5372,-2.4458,-1.7030,2.2657
22.320,-0.4809,-3.6284,-9.0505,-3.9792,8.5235,-5.7767,-4.3970,3.8980
22.324,0.6569,-5.0273,-8.8856,-2.6394,8.3753,-9.8730,-6.9630,9.3782
22.328,0.8566,-3.0113,-8.6942,-6.0981,8.5335,-11.8378,-8.1708,8.8827
22.332,0.7051,-4.0237,-8.7383,-4.1337,8.2966,-14.1363,-8.0561,13.4934
22.336,2.2561,-2.9518,-7.7118,-6.6392,8.0525,-7.2544,-8.8345,13.2129
22.340,2.5161,-3.7950,-6.2756,-4.9106,5.4535,-9.4548,-8.1392,13.0240
22.344,2.3431,-5.2107,-4.2654,-5.1391,1.9719,-6.4355,-5.5533,16.3698
22.348,2.0811,-3.1227,-3.3884,-5.0838,1.5552,-7.0165,-5.3525,12.6990
22.352,4.3595,-4.4366,-2.7948,-2.6033,0.1797,-4.9192,-1.6751,8.0412
22.356,5.7804,-2.8949,0.9025,-2.0882,-0.4097,-5.1198,-0.7910,6.1666
22.360,9.3711,-1.5194,1.5720,-1.4734,-4.3702,-0.6164,-0.2234,1.6892
22.364,9.9753,-2.8854,2.3442,0.3042,-6.6595,0.8990,4.9896,2.4455
22.368,12.4266,0.1325,2.2273,-0.1510,-5.1497,-0.2792,8.9426,-1.0255
22.372,12.5905,0.4479,2.7271,2.0251,-4.2237,0.5630,11.8385,-6.9783
22.376,11.7873,0.4087,1.6983,0.8319,-4.5294,3.7173,12.9846,-11.4072
22.380,9.4779,3.2448,4.7270,0.1426,-2.1158,5.9681,11.1945,-13.4045
22.384,6.2944,2.8361,1.8697,-2.1502,-2.5108,6.2594,11.8310,-13.1828
22.388,3.6998,2.8997,-0.2603,-4.1646,-0.7411,2.7327,12.6496,-17.5860
22.392,1.4848,2.8226,0.5755,-6.8128,-3.9955,2.7535,10.7229,-17.5616
22.396,2.5172,0.9043,2.7601,-7.3659,-3.6754,2.7651,3.3443,-17.1449
22.400,1.1652,-1.1639,3.3665,-7.3787,-2.4171,0.4169,3.3294,-16.7435
22.404,0.6534,-3.5594,4.7827,-6.4355,-2.5619,-1.7739,-1.8082,-11.1016
22.408,-0.4419,-5.6176,5.8527,-4.4916,0.8867,-3.2587,0.1061,-10.1900
22.412,-1.2928,-2.4462,7.4888,-6.7546,3.7486,-4.2776,-3.3117,-8.3984
22.416,1.0290,-5.6236,6.5026,-4.1170,4.8222,-5.4370,-4.0474,-4.3182
22.420,0.7535,-9.4080,6.8554,-5.4447,3.8204,-7.9339,-5.9292,-3.2678
22.424,0.0494,-9.8026,6.0464,-4.2726,3.2293,-6.6323,-8.5569,0.3297
22.428,-2.9374,-9.2462,8.4617,-4.5031,5.0898,-7.1222,-7.0736,-0.6196
22.432,-2.2384,-11.3579,6.7107,-0.4591,3.4419,0.3168,-8.5392,2.5780
22.436,-2.2101,-9.0512,6.0689,-1.9079,3.6376,3.5306,-8.6402,3.2548
22.440,2.4142,-13.7961,8.8228,-1.3577,2.5011,3.1855,-12.0159,5.6408
22.444,2.5940,-8.7539,7.7699,-1.9405,1.4866,2.1303,-9.0320,7.2683
22.448,1.3209,-8.9363,8.4901,-0.6052,-1.0689,4.1701,-7.6212,6.3397
22.452,1.7376,-9.0353,7.6094,-2.2654,-2.2203,7.6590,-3.2529,3.3598
22.456,3.0705,-9.5780,7.8212,3.0778,-4.7237,6.5394,0.0482,1.5765
22.460,5.3774,-6.6358,7.9122,3.7643,-7.6180,5.4613,4.7272,1.9530
22.464,7.0154,-4.1357,5.4781,3.0116,-6.2184,4.8396,8.5384,-0.4847
22.468,1.8533,-2.8043,4.3358,5.6970,-7.0872,1.7529,13.0126,-3.6872
22.472,3.0144,-5.3063,3.0010,7.6204,-6.1265,4.0905,16.4180,-3.9740
22.476,6.6148,-1.0023,3.0900,5.2790,-4.7757,2.7466,16.3846,-7.7530
22.480,3.7430,1.4612,-4.3083,7.3018,-4.9180,2.9898,17.0424,-11.6386
22.484,5.4721,0.8880,-2.3507,8.2286,-4.1289,3.3029,15.9645,-15.1685
22.488,0.8457,2.7993,-5.1815,4.9922,-3.3646,4.7014,15.1673,-14.7447
22.492,0.4832,0.4545,-5.1924,6.0649,-1.5677,3.9195,12.4707,-12.3481
22.496,0.1555,1.3175,-5.7723,3.0530,-3.2273,0.4063,10.2640,-6.9040
22.500,-4.9456,-2.9996,-6.2989,1.6798,1.0372,2.6623,13.1696,-5.4673
22.504,-5.6049,-5.5558,-7.9660,-0.6000,-0.1158,-1.8539,11.4098,-6.3690
22.508,-2.5944,-6.2192,-6.6497,0.2051,3.2777,-3.1282,10.9596,-2.5332
22.512,-2.0994,-7.2543,-7.8345,-2.1219,4.4855,-3.0158,7.0065,-0.3138
22.516,-0.4443,-5.3645,-7.0075,-1.8103,4.4977,-6.0801,5.5842,-1.1794
22.520,-1.6179,-8.3982,-9.9793,-6.9529,3.7587,-6.0342,3.2649,-3.2324
22.524,-0.7116,-10.5188,-9.2760,-6.3827,6.5418,-4.8998,-1.0607,0.1510
22.528,0.2244,-12.0291,-8.1845,-9.3147,4.1255,-7.9892,-3.6104,2.6767
22.532,2.3407,-8.8900,-8.6075,-13.0343,7.3605,-5.2192,-4.3537,2.3273
22.536,3.5771,-8.0752,-7.6713,-10.1832,4.9630,-6.7203,-5.0421,1.9345
22.540,2.6462,-6.6515,-5.9880,-4.5534,2.4538,-6.7761,-3.9927,3.8004
22.544,-1.0158,-5.6908,-4.0902,-5.7765,-0.3429,-5.6117,-1.5479,3.5660
22.548,0.6737,-4.4323,-2.2685,-4.9767,-1.3510,-5.8449,-0.9261,0.5265
22.552,-3.4952,-0.3605,-0.3520,-5.2373,-3.8717,-2.7313,-0.3029,1.8301
22.556,-1.1877,1.1521,-0.7637,-6.8583,-5.9283,-1.3521,1.5083,-0.8746
22.560,-1.7311,2.5077,1.7463,-2.3577,-8.7646,3.5067,1.4485,-1.1309
22.564,-1.6523,2.5773,1.0724,-3.0986,-11.3025,5.2083,7.4641,-4.2139
22.568,-1.9232,2.5315,3.3763,-5.7412,-10.6530,4.9649,7.3708,-6.2559
22.572,-0.1802,2.6147,2.8613,-0.9173,-9.9970,6.7202,8.6468,-8.8267
22.576,-0.2103,4.1258,1.2265,-2.1538,-10.5137,7.6980,8.3388,-12.4046
22.580,-0.8328,4.0404,-0.0942,0.5394,-11.8542,6.5952,7.9130,-12.1054
22.584,-3.6820,1.1284,0.5346,5.2876,-10.1645,9.3635,4.5935,-14.4933
22.588,-6.3270,2.6692,1.3523,5.6890,-8.2944,9.2147,7.3442,-16.5433
22.592,-7.0938,1.7341,0.6274,5.8847,-6.7391,8.3799,10.9495,-15.6595
22.596,-7.3327,-1.5790,2.5989,6.9288,-7.8139,5.9432,12.8459,-14.2075
22.600,-9.7595,-3.6304,0.9045,9.7633,-8.1939,6.7175,11.8078,-11.2229
22.604,-9.5466,-2.6934,-0.2548,11.8857,-5.5499,3.5431,7.7326,-11.1274
22.608,-11.2254,-2.8011,-2.6199,9.8926,-4.7904,-0.5819,6.6909,-4.9901
22.612,-10.6499,-5.0303,-3.4711,9.2825,-3.4129,-2.1606,2.9476,-5.7810
22.616,-9.0243,-4.5195,-2.6557,11.6212,-0.3422,-2.5848,2.2144,-3.9577
22.620,-8.9412,-6.3339,-3.4286,11.1734,-0.6454,-4.4311,-0.2463,-0.3561
22.624,-6.7714,-7.1878,-3.7653,7.8283,2.7209,-5.1555,-3.9784,-1.1793
22.628,-5.1131,-10.3074,-4.4861,9.0772,4.1189,-6.0525,-2.9152,0.5419
22.632,-4.4844,-9.4663,-4.3785,7.6715,5.5717,-5.8060,-2.3022,3.6920
22.636,-0.8697,-12.4603,-3.0820,6.7132,7.1504,-6.1548,-1.2286,4.4061
22.640,-0.7050,-11.0035,-2.2967,6.5425,8.8670,-6.8399,0.3268,5.8006
22.644,0.2869,-10.1963,-2.6371,9.3587,10.1556,-6.9473,2.1617,7.2067
22.648,0.2228,-11.4099,-2.1288,8.5779,8.5781,-8.5529,5.4560,6.3213
22.652,0.2821,-6.8914,0.3983,8.1576,6.4828,-9.6794,4.2449,4.9756
22.656,2.4699,-8.1808,-2.0327,5.1435,6.9107,-9.9804,6.6715,2.4731
22.660,-0.2286,-7.8139,-0.6363,4.0602,5.7045,-10.9446,5.0384,0.0642
22.664,-1.0435,-8.3683,-2.6957,4.8523,2.8869,-7.7601,3.4173,0.3978
22.668,0.2216,-5.4538,-1.0684,2.3766,1.5364,-3.5829,5.4185,-0.9055
22.672,0.5518,-1.3473,1.0815,7.3699,-0.5525,-2.3863,7.4891,-2.4397
22.676,1.6028,-2.5538,-0.6155,4.1289,-3.3197,1.3145,8.9072,-6.3428
22.680,1.4051,-5.5179,0.3323,1.3658,-3.3904,5.2505,10.9998,-6.8277
22.684,4.1436,-4.3839,1.9766,3.9019,-2.2155,3.2195,12.3992,-8.4673
22.688,3.1725,-5.2469,-0.5284,6.3174,-2.5831,5.8584,9.9406,-9.0067
22.692,3.0072,-5.5085,-0.4585,4.7308,-2.2597,4.5006,7.3136,-7.9068
22.696,-0.2636,-5.2201,-3.1876,0.9462,-4.3335,3.9420,3.3370,-3.9760
22.700,-3.9819,-6.9873,-4.7323,4.7327,-3.1464,5.2718,-1.5086,-4.4775
22.704,-2.5448,-8.8388,-4.8226,3.5024,0.8137,2.0778,-4.5161,-4.1946
22.708,-1.4064,-7.0554,-6.2984,1.7229,1.2338,2.2390,-5.9507,-0.3614
22.712,-2.3553,-8.6700,-7.0496,-0.4492,1.1738,1.8952,-8.9131,-0.6291
22.716,-3.0516,-10.5303,-9.1253,0.0077,2.1027,-1.4188,-13.7884,2.9524
22.720,-2.4459,-12.2154,-7.6826,1.6013,2.7802,-1.1882,-12.9857,6.6375
22.724,-0.5773,-10.8350,-7.5071,-0.8583,1.1793,-2.0868,-14.9754,7.7693
22.728,-1.0612,-13.6049,-6.2618,1.0572,2.8281,-6.1909,-14.9168,7.5458
22.732,1.8398,-10.9867,-4.1341,1.3955,5.7945,-4.2538,-13.5481,8.6666
22.736,3.2160,-10.0560,-1.6839,0.9032,5.4059,-5.0129,-11.3752,10.6857
22.740,6.4901,-8.2962,-0.9602,3.6926,4.8220,-5.7041,-12.1304,10.7147
22.744,6.8818,-8.9774,-0.1547,5.0317,4.1127,-5.0695,-10.8609,5.7164
22.748,7.1161,-10.1785,-0.5659,4.7032,4.6914,-1.6199,-10.5668,7.2897
22.752,7.0432,-13.1356,-1.1317,3.6021,1.6814,-1.4163,-8.4616,4.0556
22.756,2.7300,-10.7504,-3.1315,5.2042,1.3887,-4.7518,-8.0658,0.5499
22.760,1.0584,-8.4816,-1.5595,4.3991,-2.5723,-3.6624,-4.7531,0.4348
22.764,2.0646,-8.1494,-0.5152,7.2979,-1.6691,-5.2964,-3.1471,-2.0502
22.768,2.1851,-7.8798,-0.2280,8.3813,-1.5750,-4.1822,-0.0206,-4.2377
22.772,1.2549,-5.5903,-2.2336,8.9333,-3.8986,-2.8754,6.5045,-6.9394
22.776,-0.6304,-5.5256,2.4519,7.0043,-5.9312,2.5812,8.4692,-10.3649
22.780,0.1148,-5.2297,3.1213,8.9303,-5.6108,1.9086,10.5089,-8.5452
22.784,1.2866,-2.1283,4.5490,8.6440,-4.9144,4.7952,12.2214,-6.6724
22.788,2.1829,-5.5748,3.5684,8.7837,-3.8869,4.5014,12.9495,-3.7731
22.792,-0.7695,-4.9425,5.4576,11.3881,-4.1061,5.3299,11.7841,-3.8576
22.796,-1.4963,-5.3657,2.6059,12.1726,-0.2446,2.2840,7.8850,-2.3861
22.800,0.5172,-4.5672,-0.2323,9.3890,-1.8586,0.1433,7.7406,-2.1371
22.804,-4.9154,-1.5504,0.4165,7.1834,-1.7096,1.8696,1.6938,0.8003
22.808,-3.6323,-2.2588,-1.3987,4.7691,-0.6316,3.5791,-1.3642,2.6756
22.812,-1.0631,-1.0029,-4.0928,1.1388,-0.2655,1.7441,-2.8975,5.7153
22.816,-2.0926,-3.8858,-4.3776,0.3589,-1.3115,1.1168,-3.3470,6.7451
22.820,-2.5575,-7.2554,-4.8479,-0.6466,0.5642,1.2095,-4.1857,8.2315
22.824,-1.8347,-9.6387,-6.5592,-3.9909,-2.2786,-1.4609,-3.6988,9.0149
22.828,-2.4421,-11.6070,-4.4660,-7.0918,-0.7865,-0.9312,-5.3554,8.4313
22.832,0.7330,-10.0149,-2.3557,-6.8654,1.2372,-2.2936,-7.4448,11.6090
22.836,2.9511,-14.3728,-0.0460,-8.0971,4.8678,-4.2767,-6.1148,12.8370
22.840,4.0147,-12.7491,-2.6989,-10.9583,7.8466,-6.3238,-9.6462,15.0455
22.844,9.1167,-11.2584,-4.0045,-14.0029,8.6941,-11.8815,-9.0927,17.2550
22.848,9.8698,-8.6391,-3.2456,-11.8899,8.7612,-11.7498,-5.6782,17.1391
22.852,13.9115,-7.5747,-2.0515,-9.0147,4.8109,-11.9372,-3.9030,18.1979
22.856,15.4407,-6.8532,-0.2992,-7.6459,5.1065,-13.4299,-1.7556,16.2701
22.860,13.5807,-4.2502,-1.2698,-5.1460,4.5780,-13.8750,-0.5545,10.9498
22.864,9.3470,-2.8964,-2.0548,-3.7367,3.3491,-12.4600,5.0542,7.7256
22.868,9.6300,-0.8311,0.0805,-2.8936,-0.9098,-10.4340,6.4973,3.2327
22.872,7.8323,-0.8374,1.0612,-0.4638,-1.3790,-11.2462,8.4152,-0.5131
22.876,5.4440,1.7444,-1.0508,-0.9207,-1.0996,-6.7636,6.1743,-4.0977
22.880,1.7070,0.1428,-1.5738,2.1564,-1.0763,-4.6802,5.5307,-9.5185
22.884,1.0124,2.4730,0.0785,3.9194,-1.2732,-1.3823,0.5664,-11.4219
22.888,2.5296,3.3195,0.7558,4.4030,-0.7697,-0.8241,2.7928,-10.6673
22.892,1.8950,2.8584,2.1046,4.9301,-0.9984,0.8222,-0.6557,-8.6973
22.896,1.1375,1.3522,1.7305,1.5326,-0.7929,2.4203,-3.6930,-9.5875
22.900,-2.5147,0.7446,0.6186,0.3104,-2.9249,3.4486,-4.8599,-5.9344
22.904,-1.1266,3.4465,1.3026,2.2715,-1.0063,4.4345,-5.7150,-3.1540
22.908,-1.8885,5.7698,1.4742,1.8788,-3.1307,2.2806,-6.9857,-0.1736
22.912,-2.0258,4.7044,2.6951,1.4666,-2.6631,-0.9325,-7.9278,2.8933
22.916,-3.1435,0.0354,2.4885,2.1505,-2.2204,2.8989,-10.9869,4.3467
22.920,-1.5622,-1.0312,2.6576,3.2013,-1.7140,3.3390,-16.0041,4.2708
22.924,-1.0340,-2.7945,5.1786,0.5663,0.1758,3.8545,-17.7008,5.6727
22.928,0.2172,-2.3487,2.2370,1.3808,-1.0762,5.6667,-24.0922,5.8340
22.932,1.9789,1.2053,1.1901,0.2055,0.5533,2.2480,-24.4621,9.4995
22.936,2.8497,-0.0663,2.4600,-1.6410,1.7487,0.9617,-21.4104,11.8284
22.940,6.2088,5.3641,1.3786,-3.9272,5.1554,-2.4575,-18.4290,12.6870
22.944,4.1759,4.2909,-0.1836,-3.3757,7.5659,-5.5242,-16.1934,12.1596
22.948,2.9123,4.4685,-1.3086,-4.0864,7.4419,-8.4703,-12.5961,7.7962
22.952,3.4131,7.1588,1.5838,-6.0223,8.2173,-7.3063,-8.8437,6.6799
22.956,5.2484,10.1890,3.0103,-7.0696,9.4620,-5.9319,-3.0066,1.5572
22.960,5.9885,12.1916,3.8129,-3.0977,9.7319,-5.1077,1.3387,1.0117
22.964,4.7434,11.7915,6.6588,-9.5114,6.9327,-4.5386,6.0382,-3.3939
22.968,6.0493,12.7826,7.1861,-6.6901,7.8625,-1.6877,7.3035,-3.6263
22.972,7.5365,10.5573,9.6757,-5.5237,7.2971,-0.2963,7.5141,-6.4784
22.976,5.1642,9.7206,9.8334,-7.2731,6.3895,-2.5362,7.4566,-4.7849
22.980,3.3066,8.0311,7.6906,-3.9420,2.1095,0.4861,6.8861,-6.4747
22.984,2.8303,5.8046,8.7374,-4.7272,2.9814,1.5960,6.4353,-5.2295
22.988,0.8950,7.4162,6.7721,-3.0352,1.7048,1.1598,5.9453,-6.0284
22.992,3.1552,6.3896,3.6348,-4.7454,0.9178,1.8501,6.0594,-6.0591
22.996,-1.3101,4.9304,3.8010,-4.0754,-2.8180,1.4183,5.5794,-4.5177
23.000,1.6475,3.4648,5.8324,-5.6587,1.3653,3.7021,6.0233,-3.6319
23.004,4.1247,4.2949,6.3736,-4.3222,-0.4390,4.0605,5.5918,0.0998
23.008,4.6971,3.6262,3.6714,-2.0772,-2.0878,6.1805,3.7334,0.4108
23.012,9.1205,4.6770,6.8898,-1.0334,-0.7559,1.9483,0.3854,3.5478
23.016,9.4935,3.7231,6.0510,2.8206,-2.2034,4.2407,-3.4366,4.3503
23.020,9.8724,2.8373,5.4916,0.6381,1.2508,3.9248,-7.0884,6.2568
23.024,9.8224,4.1259,3.0466,-0.0788,-2.1841,5.8330,-9.2393,7.1154
23.028,14.1821,2.0394,0.9886,1.7478,0.3748,1.9916,-12.6257,9.4932
23.032,14.3440,2.9975,0.0752,1.8584,-1.7732,1.5787,-13.0759,8.7312
23.036,14.9480,2.4468,2.1061,3.0129,-0.3155,-2.7359,-13.1199,8.7094
23.040,17.2728,3.6739,3.3730,2.5891,0.5485,1.6130,-12.6877,10.8071
23.044,17.9862,5.0491,6.4520,4.2800,2.3972,-6.1096,-12.2356,14.5718
23.048,19.2744,3.5186,6.6570,2.3463,4.6760,-4.5350,-10.9347,10.5476
23.052,23.3020,5.4952,4.4436,2.1070,6.7599,-4.2952,-6.9526,6.7774
23.056,25.9744,8.2893,4.8182,5.3131,6.1509,-4.0278,-6.7149,4.4163
23.060,25.2614,9.0860,9.7812,4.4178,4.5543,-3.0838,-4.0947,-0.3345
23.064,24.8857,11.8822,12.2616,6.0008,3.1363,-1.5813,-1.5207,-5.0783
23.068,22.4606,12.9205,13.2435,7.8520,1.2832,4.1340,-0.0777,-8.6974
23.072,26.0751,12.2924,10.8023,9.3177,-1.2216,5.7892,1.5548,-10.1279
23.076,23.4265,11.5192,11.5705,8.8978,-3.4472,5.7271,2.6156,-10.6086
23.080,20.2116,10.5588,10.4106,7.2675,-3.4006,6.6750,4.5841,-14.6315
23.084,15.7641,16.5553,15.5835,8.6517,-1.9520,9.7117,6.1828,-15.4207
23.088,13.0394,18.6709,15.8512,11.0224,-1.3570,13.5081,4.8855,-14.9211
23.092,12.7231,17.4252,13.8981,9.5868,-3.0124,13.7899,6.9432,-12.1247
23.096,11.8701,16.3363,15.8145,8.4709,-4.5477,15.5668,1.8770,-13.4876
23.100,15.0151,13.6704,15.4609,7.5520,-2.7830,15.7247,2.6556,-11.1316
23.104,15.9114,12.2899,13.4781,7.9882,-4.1819,18.5528,-1.2652,-8.9447
23.108,16.5872,13.5184,15.7173,5.9786,-2.4399,18.5186,-6.3818,-3.9079
23.112,16.7291,11.8956,15.5275,1.0178,-1.0869,21.9274,-6.2451,-2.0283
23.116,20.6312,11.5083,16.5767,1.4548,-3.3105,24.5093,-10.0789,-2.8362
23.120,21.3945,10.2152,16.0125,-0.1030,0.4518,26.0200,-11.7139,1.2483
23.124,23.5435,10.9497,15.8783,-1.5492,-2.8854,23.7543,-13.1593,1.1078
23.128,24.8945,12.4816,15.5617,-2.3316,-0.2454,21.8799,-12.6856,1.5988
23.132,28.5395,11.7972,14.2398,-2.4763,0.8796,19.2767,-10.2032,0.9742
23.136,28.6997,13.1293,16.2367,-1.7622,3.9514,20.6524,-12.1258,2.8024
23.140,28.3653,20.0002,14.3395,-0.5195,4.9045,17.8485,-8.4552,3.4551
23.144,31.7110,23.7468,14.3628,0.6487,5.6658,16.8324,-8.1254,5.5496
23.148,31.6088,27.4965,15.8347,-1.3592,6.0206,14.5053,-8.3298,3.9938
23.152,33.7069,26.0507,12.3183,-0.1972,7.7214,13.4072,-4.5064,1.4759
23.156,34.1324,27.6817,15.5606,-0.3432,10.7950,9.3637,-2.1816,-1.7494
23.160,37.3949,26.2006,14.6552,-0.2852,9.1976,9.5971,-0.9350,-1.3018
23.164,33.7025,28.9671,15.9648,-2.7294,10.9247,9.9083,-0.3830,-3.6210
23.168,37.8845,31.0887,13.3596,1.7578,8.1430,10.8151,3.4635,-6.8202
23.172,38.9258,33.2390,15.7925,-1.4721,6.1206,7.9733,9.4857,-11.5149
23.176,37.4001,33.2093,19.5394,1.4285,5.2678,5.2975,11.9933,-9.5722
23.180,37.9448,32.2839,21.4376,3.9707,1.6135,5.2879,16.2134,-8.4510
23.184,36.9665,33.2265,21.1367,3.9811,5.8136,2.2085,18.4378,-10.4810
23.188,35.7818,34.8228,19.6709,7.8046,3.7863,3.9970,19.7731,-9.3467
23.192,35.7979,35.3416,22.1513,9.4825,1.7032,4.1115,16.2784,-7.5986
23.196,34.6576,37.8278,23.4381,9.6043,-0.3411,7.9507,12.4744,-8.0247
23.200,37.5514,36.1459,23.2943,11.2614,3.2594,7.1550,10.9111,-7.5312
23.204,38.6252,36.2228,20.9711,6.8787,4.5930,7.5063,6.4754,-5.9017
23.208,39.8528,34.9029,20.5923,7.2042,3.0994,10.8532,5.7940,-6.5595
23.212,43.6618,35.9604,22.7523,8.8095,4.9665,11.6184,1.0006,-3.7159
23.216,46.8639,36.2973,20.5190,7.1949,4.9324,8.3167,-0.2865,-5.0759
23.220,46.7397,35.5888,19.8345,6.0879,2.8447,7.4997,-1.5505,-4.0001
23.224,50.7042,36.1627,17.1699,6.9955,3.3020,5.4667,-4.8050,-7.5730
23.228,51.8199,35.6089,19.0439,7.3343,1.3225,7.5107,-7.1545,-6.0991
23.232,52.7076,35.9996,14.9912,4.4232,0.4971,5.5808,-9.4289,-4.4015
23.236,54.7005,36.7019,17.6584,7.2093,0.4197,10.2387,-13.8754,-3.4713
23.240,54.5381,38.0916,17.6094,9.7174,0.9450,8.8612,-14.1348,-3.8512
23.244,54.6100,42.3346,19.2970,8.3427,4.0594,8.4611,-14.9367,-1.5871
23.248,53.2898,43.7467,20.2168,12.8226,4.0147,6.3504,-14.4462,-3.0505
23.252,53.4418,47.1424,22.8028,12.4645,6.0243,6.0577,-13.7868,-1.9819
23.256,49.9126,50.0219,22.4993,15.7598,7.3318,3.9902,-11.9564,-4.9794
23.260,49.2575,51.9913,22.9329,16.3208,9.1192,1.7753,-13.1046,-7.0944
23.264,52.7504,53.0298,20.4910,16.7056,9.0964,5.0654,-9.7417,-11.3238
23.268,55.2135,55.0825,23.9377,18.2664,8.8976,0.9617,-8.9594,-15.2103
23.272,55.1377,56.9924,24.3209,19.1911,7.4578,5.2456,-3.9854,-14.4893
23.276,54.0809,55.9825,24.1124,19.0194,10.0268,4.5606,-3.2869,-16.1934
23.280,53.7402,57.6402,26.6997,16.4138,4.8559,4.0167,-1.4724,-12.6272
23.284,54.9585,63.5275,29.4811,16.3586,7.8583,2.8445,-2.0866,-14.5629
23.288,55.1445,66.7090,29.2172,20.1549,6.5798,2.0714,-0.5082,-14.1262
23.292,54.6000,66.6745,31.6621,21.4639,5.3515,7.1263,-0.9448,-14.8259
23.296,54.5963,67.1493,32.8580,21.9193,6.0973,8.9596,-3.9080,-16.4132
23.300,49.3635,66.5342,33.4584,23.7839,5.7062,11.5180,-3.7903,-11.6884
23.304,52.0537,65.4448,33.4597,23.5054,3.3671,15.6456,-5.3230,-10.0893
23.308,51.7537,65.5336,35.8700,23.4458,7.7046,15.0301,-6.3864,-6.1083
23.312,55.3816,64.7124,33.7409,23.5037,7.6222,14.8577,-6.4102,-7.0106
23.316,54.6563,60.9396,30.4351,22.1075,6.9651,12.7336,-9.2112,-2.5548
23.320,56.6810,59.0304,29.9004,21.9893,6.9635,13.1923,-9.9569,0.4557
23.324,59.3478,59.8473,27.2937,19.7440,8.4176,11.4089,-11.1940,5.5740
23.328,62.5843,60.3974,27.7944,20.1941,10.5331,8.6521,-12.2040,4.4625
23.332,64.2091,59.8711,29.0514,18.9574,6.0029,8.1335,-13.2236,8.4008
23.336,68.2573,63.2724,29.0749,19.7832,7.6591,8.8197,-14.1188,10.4905
23.340,71.5555,61.3745,26.8824,21.3345,9.4180,11.4645,-9.3021,12.1610
23.344,74.4538,58.6013,25.0085,21.6933,6.4351,9.1987,-7.8268,11.5283
23.348,75.4240,57.8565,25.6541,21.2331,7.6669,3.7104,-8.1798,12.7670
23.352,75.1060,60.0573,25.8600,19.5560,10.4313,4.3918,-5.1094,8.7844
23.356,73.2413,58.8907,26.8091,19.9118,11.0641,4.9561,-0.1996,6.6546
23.360,76.2087,61.3257,30.2546,20.1386,12.8549,2.7211,-0.9940,4.2609
23.364,75.4188,64.6852,29.6590,24.5820,12.8870,-3.2780,0.1725,1.1043
23.368,75.1996,64.5278,27.3248,24.1842,12.7544,-7.0619,4.6323,1.1998
23.372,72.3266,61.5265,27.9781,24.3220,11.8313,-8.9147,7.7948,-0.3541
23.376,71.2292,62.2954,28.7823,26.2226,13.8548,-8.0208,6.3239,-4.8397
23.380,71.2070,63.9748,29.3944,28.8640,12.7770,-7.4091,9.6207,-6.5762
23.384,72.7752,65.9404,30.7639,32.4822,11.5440,-6.1587,12.5251,-2.9985
23.388,71.8245,66.0760,29.6394,33.8510,6.6812,-0.8240,11.4220,-2.6813
23.392,74.1144,67.3731,29.3088,33.4015,4.1680,2.7060,9.0825,-1.6546
23.396,74.9257,64.0061,30.7872,33.1488,5.9011,0.6017,12.3229,-1.3610
23.400,77.6887,65.5457,31.2043,30.8790,6.0167,1.2628,10.8450,-1.5987
23.404,75.2206,67.3736,33.7296,35.8814,4.8972,3.7233,9.4609,-4.3407
23.408,74.4983,65.4009,34.1282,34.2886,6.7764,2.7178,6.1313,-1.5639
23.412,74.5222,63.5623,32.1704,34.7019,4.1627,2.8625,4.1423,-1.8971
23.416,72.4104,62.7969,33.4308,33.5321,5.6241,5.7767,-0.5932,-3.6073
23.420,71.1785,63.8211,30.7521,33.2713,4.2313,6.5334,-2.6042,0.5411
23.424,71.7273,64.0451,33.2838,29.5594,3.0058,5.9764,-5.8690,2.1677
23.428,73.4477,63.6745,33.7425,31.6152,6.4073,7.5458,-8.0383,0.7672
23.432,75.5305,64.6647,32.6420,28.4433,5.8703,5.6265,-5.4135,6.7752
23.436,75.5319,65.4654,31.6953,25.4032,8.4773,6.8664,-5.6144,6.9324
23.440,76.6031,67.1909,31.2890,27.0124,6.4460,7.8314,-3.2168,7.3321
23.444,80.9143,68.7217,31.1978,25.5843,6.9532,10.7809,-0.5240,9.7585
23.448,79.3136,70.0046,31.0962,25.7967,12.1858,6.9508,-1.5908,6.0253
23.452,77.1824,69.6076,31.2070,22.1306,10.3274,7.0183,-2.4411,5.7871
23.456,73.8604,69.8472,31.2965,20.7461,12.6362,2.7430,-0.2317,-0.3090
23.460,70.4262,73.8969,34.0015,22.4335,16.4197,1.6666,2.7564,-3.0632
23.464,69.5131,71.7210,32.3869,23.1361,15.4515,0.8792,5.0744,-4.2624
23.468,66.6888,69.8525,33.0423,26.5661,20.5323,1.1005,3.1299,-7.9623
23.472,65.1480,67.4620,34.0835,27.0863,18.2115,-1.7138,4.6124,-8.5605
23.476,67.8107,66.7006,33.1651,26.9552,21.5213,-3.5699,9.6487,-12.0782
23.480,66.2585,69.9817,35.2873,27.2610,15.8564,-0.8889,10.9771,-7.6744
23.484,63.1788,70.0322,35.4353,28.2804,12.1373,1.9464,12.0291,-9.5178
23.488,64.8389,69.8847,34.8638,30.0853,10.8180,3.8024,14.5532,-8.4927
23.492,63.7520,65.4886,36.0959,28.6431,11.6099,7.0319,14.6109,-8.0301
23.496,66.1984,63.1621,32.4196,27.5817,14.3611,8.2033,8.8816,-8.6882
23.500,67.5158,61.5119,33.0520,26.8544,14.4055,8.0992,4.7062,-6.3450
23.504,66.6473,58.9908,31.8506,23.6944,13.7972,9.9224,2.1392,-3.8902
23.508,70.2837,54.1162,28.4685,23.1249,13.8384,9.4596,-3.9225,-3.0521
23.512,70.1668,53.7174,29.7758,19.9094,13.2567,10.6919,-4.0120,-0.5157
23.516,67.5571,50.9485,28.8855,18.7649,15.5101,13.9851,-4.5054,3.4301
23.520,68.3607,49.6086,23.3106,20.4386,12.6069,16.4556,-5.0973,6.3341
23.524,70.3535,48.8194,24.0267,20.3066,9.1272,10.4546,-7.3845,7.4954
23.528,71.5022,47.9768,22.8065,18.3656,10.9899,11.5201,-8.0934,9.1714
23.532,72.3048,48.1671,21.9487,20.8380,10.6200,14.9150,-6.1510,14.6823
23.536,71.8337,47.9694,16.4110,17.1191,11.4386,15.7115,-6.7884,13.7156
23.540,69.7759,48.0460,17.3173,17.4757,8.5047,13.8732,-4.4888,15.1456
23.544,68.4557,48.8356,11.3739,16.2460,9.0027,14.7870,-2.2887,10.8547
23.548,71.0302,47.5339,8.9112,14.8034,9.7574,10.9242,-2.3839,10.0113
23.552,67.6558,47.5354,8.9509,15.5640,8.2696,8.3883,-1.6945,6.2456
23.556,66.3726,49.1465,12.3377,16.0086,12.4892,3.4728,-1.0049,2.6312
23.560,62.6959,48.6526,12.1374,15.6158,10.4169,-1.6763,0.5304,0.3599
23.564,58.9618,51.2416,12.8846,17.5497,14.5146,-2.1493,6.4986,-0.9085
23.568,56.9256,48.9101,15.6809,19.8896,12.6398,-5.4413,11.5614,-2.6674
23.572,53.2124,51.8652,16.5082,20.8573,13.0580,-1.7055,15.1001,-4.4936
23.576,52.3165,53.8713,14.5144,19.4020,11.0705,-1.3651,17.5563,-2.5593
23.580,48.4190,50.5626,14.0972,17.2946,12.5734,-2.6209,19.3043,-1.4659
23.584,46.8430,46.1454,13.3616,18.6983,10.4980,-3.4722,21.2838,-0.2522
23.588,44.9376,42.5207,14.8358,19.9646,7.8172,-0.9521,20.4783,0.2683
23.592,44.4412,42.1114,15.9009,17.5517,6.9199,0.2318,21.0771,0.7641
23.596,46.1082,36.9070,18.2768,17.0269,2.7237,0.1589,17.0841,3.1007
23.600,47.5943,32.4610,16.0405,17.4411,-0.0102,-1.2295,12.1965,1.1992
23.604,46.0650,27.8063,14.7319,16.3302,0.5705,-1.3074,11.5729,2.2396
23.608,44.5884,23.5151,16.5588,15.6519,1.6075,0.3616,6.9060,0.8956
23.612,44.1122,22.3844,18.7998,13.0952,0.2982,0.3798,4.9503,3.1307
23.616,43.9857,21.1026,17.9947,14.6482,-1.3672,4.0350,3.0120,6.5844
23.620,42.3303,18.0970,11.7245,13.8546,-0.1855,5.0935,2.0677,8.1718
23.624,40.5884,17.0105,14.2467,16.1365,0.8671,6.6772,-1.2671,8.3626
23.628,40.1129,19.8317,15.0920,15.4678,0.0029,10.4173,-3.1415,6.2732
23.632,41.1526,14.1348,8.6401,14.5695,1.1979,12.2816,-5.5762,9.5663
23.636,37.1589,14.8046,8.8315,9.1633,0.8127,10.4543,-7.3570,10.5812
23.640,36.1583,13.5559,10.4998,6.6858,-0.6968,12.2651,-9.6670,10.5224
23.644,36.3670,14.7713,8.8291,4.7307,0.3965,11.5150,-9.7340,5.4203
23.648,40.8489,14.6693,6.4267,6.1329,1.9691,11.1242,-10.4625,6.1265
23.652,37.6758,15.8948,9.2040,4.5193,2.4788,8.8085,-5.6307,1.6573
23.656,34.5924,20.8089,6.9491,5.0538,3.6525,7.9656,-6.2964,-2.7279
23.660,32.2496,22.4675,6.2212,3.8513,6.2151,3.9058,-3.1181,-1.7154
23.664,28.9489,18.8049,5.7093,3.3795,4.4828,6.9985,0.0523,-2.6808
23.668,28.2715,20.1120,3.3744,7.0731,7.0086,6.9184,3.2277,-3.8374
23.672,28.5701,20.8872,2.3608,6.8298,8.7971,4.7532,5.4701,-3.1709
23.676,25.9086,20.6038,1.6961,7.0372,7.5914,3.3602,8.1861,-5.4613
23.680,22.5460,19.8956,2.4581,9.0690,6.5136,2.1454,6.3427,-4.7075
23.684,22.4241,24.6651,4.4282,7.7038,7.1033,-0.5666,9.2364,-2.6291
23.688,20.4927,19.5867,7.9523,10.5391,5.6438,-1.9653,5.8834,-2.1838
23.692,21.4330,17.8891,7.2121,10.4108,7.2523,-2.4320,8.4340,0.1938
23.696,19.2841,17.9056,8.0822,12.9708,7.5719,-1.4163,6.1198,1.1431
23.700,16.8334,14.9596,8.2239,15.5352,5.5352,-2.6280,6.4442,3.8353
23.704,18.0165,14.8096,5.9178,14.3389,4.5744,-2.2460,4.1886,6.7845
23.708,20.0076,13.2806,7.2118,13.4262,5.5934,0.4569,2.6996,7.6305
23.712,21.2002,16.1452,7.6381,12.0267,2.9165,5.5100,1.6934,11.7350
23.716,22.5056,16.7194,6.4221,11.6376,5.2069,6.7021,-0.7172,7.2074
23.720,20.7221,16.2752,6.4178,9.7631,3.7169,4.8076,-3.0715,6.3041
23.724,17.4737,13.8145,3.1882,9.6640,4.1482,7.5440,-6.7811,10.2789
23.728,17.2451,11.1464,2.1791,5.2268,2.4361,9.9869,-7.7206,11.0501
23.732,13.4668,13.7624,1.9042,3.5032,1.6869,11.5454,-12.1040,12.5016
23.736,14.8662,11.1287,-1.8367,1.8879,-0.1753,9.5378,-10.2963,11.8087
23.740,10.2855,11.5124,-2.4149,0.4625,-5.5455,14.4532,-10.5331,7.8335
23.744,9.8286,6.2530,-4.6171,0.7262,-4.9931,9.8009,-11.6204,6.2488
23.748,7.9306,4.8132,-1.0964,0.0753,-5.6847,10.9841,-10.1886,4.0977
23.752,8.3577,4.8636,0.8721,1.8147,-8.3069,9.7645,-2.5812,4.2112
23.756,11.4595,6.6255,-3.9600,2.4506,-8.9393,6.5237,-0.9377,-1.5017
23.760,9.1449,7.0589,-4.1059,1.5869,-9.3632,4.3271,3.0489,-0.1947
23.764,6.6694,6.2527,-3.4194,-0.5766,-6.5696,0.7157,2.3842,-3.3145
23.768,4.6296,1.2858,-3.5818,-2.5122,-7.2192,-2.1824,7.0603,-2.3415
23.772,2.9102,4.6422,-3.8506,-0.6468,-3.7107,0.4533,12.1870,-4.5152
23.776,0.2026,3.3380,-4.2249,-1.5302,-4.7108,-3.4862,16.0674,-7.2667
23.780,0.0968,2.4346,-3.0145,1.6469,-4.6560,-0.6266,19.7340,-7.0442
23.784,-2.4918,0.4924,-3.0637,0.9748,-3.9289,-4.2226,16.8659,-6.9173
23.788,-1.3135,1.7446,-1.3475,2.4039,-7.4610,-6.0309,16.0900,-6.9594
23.792,-3.8864,-1.6606,1.3773,3.2615,-5.0760,-3.4055,19.1561,-5.1166
23.796,-2.8651,-1.2876,1.0248,8.7459,-4.6662,-2.3653,18.0649,-5.4611
23.800,-0.6555,-2.4612,1.9243,9.8289,-4.3690,-5.2751,13.1645,-5.9155
23.804,-1.5499,-2.0727,1.5028,11.0823,-1.5686,-5.1116,11.3892,-3.4233
23.808,2.4965,-3.5162,2.2789,11.9383,-4.5398,-6.4437,5.8483,-0.0694
23.812,2.8889,-2.3462,3.0793,10.5658,-8.4900,-8.3867,3.4324,5.1795
23.816,6.5604,0.2258,2.9950,11.3809,-7.9763,-4.4180,-0.9063,6.8528
23.820,9.7060,0.2739,3.1796,10.5369,-7.9411,0.8241,-2.8852,3.9857
23.824,8.1206,-1.0535,2.5701,10.0149,-4.7895,6.3420,-8.6327,10.6628
23.828,8.6263,0.0669,0.8752,7.6521,-5.8835,6.0655,-11.3446,9.7953
23.832,8.1388,1.3744,1.8432,6.6995,-5.3408,10.0814,-13.4287,9.0760
23.836,8.3068,-2.1477,3.1418,4.1283,-2.1381,9.7856,-14.3106,9.4795
23.840,9.0508,-0.3467,1.4368,0.7205,-4.7966,8.9051,-12.4811,9.9428
23.844,7.6643,1.5721,3.4620,-0.3318,-6.0462,5.8421,-11.2446,8.7887
23.848,6.5098,4.3451,3.7436,0.2001,-4.2630,6.4774,-8.0600,4.7252
23.852,6.1106,1.1618,4.9968,3.8820,-1.6305,7.3653,-5.6525,1.6203
23.856,7.9638,6.2218,4.9395,1.9532,0.0165,7.4252,-4.1064,-0.2766
23.860,5.8722,8.1268,1.6470,4.6876,0.5101,7.0091,-2.1553,-2.2733
23.864,5.5617,11.9188,0.9779,7.6387,-0.4574,8.7448,0.5960,-4.4311
23.868,4.3981,10.3767,0.9238,7.4515,0.7324,6.6673,0.8422,-8.2254
23.872,3.5648,9.6400,-0.9748,5.8389,0.2611,7.9888,3.0495,-10.2574
23.876,1.8278,9.5935,-1.9838,5.4841,1.5460,9.2673,5.5066,-11.7822
23.880,1.0329,9.3017,-2.6502,6.8391,2.2217,7.7669,5.7736,-11.2635
23.884,3.3730,5.0561,-1.7392,9.3403,3.9390,5.3629,7.3592,-12.9411
23.888,2.5221,-0.0009,0.5076,7.2489,2.9228,4.8346,8.8610,-14.4301
23.892,2.0298,2.8412,-0.2972,5.9931,4.5841,3.9530,9.0161,-14.5814
23.896,0.5513,1.9097,-0.3419,5.6186,2.8054,3.3142,3.7999,-14.0608
23.900,1.2768,0.9649,0.6124,5.5847,-0.0560,-0.9762,3.1678,-11.2651
23.904,0.1143,-0.6862,2.9044,9.3136,-2.1130,-2.1258,-1.1072,-8.0036
23.908,1.9966,-1.8273,1.8187,7.0906,-3.2381,-0.8776,-5.9118,-4.0496
23.912,2.5221,-3.8446,-0.1413,6.3970,-2.7921,1.5622,-9.9152,4.0232
23.916,2.5205,-2.2688,-0.6044,6.4305,-1.4705,1.8728,-11.6577,2.7346
23.920,1.1142,-2.9015,-1.4269,4.9962,-0.4268,1.2173,-12.2137,7.8659
23.924,2.7348,-6.2025,-1.6803,3.0882,0.1988,1.2396,-14.1617,10.3974
23.928,3.6997,-5.4883,-2.1839,3.0421,-2.6716,0.7767,-12.6678,9.5178
23.932,2.6417,-5.2053,1.0981,0.7117,-3.4886,-0.1817,-11.3019,10.2490
23.936,0.0982,-4.3304,-0.1284,-2.9966,-8.9647,2.4263,-12.9184,12.6149
23.940,-4.3996,-2.7736,-2.3976,-4.5760,-6.7770,3.9795,-15.1596,8.5238
23.944,-3.5153,-2.4553,0.6534,-5.9463,-7.0892,5.7469,-16.9235,8.1761
23.948,-3.7330,-1.9639,-4.3413,-5.0496,-6.4592,6.3075,-12.6164,6.7194
23.952,-4.1397,2.4369,-2.7073,-2.9642,-7.4270,7.3589,-11.8637,3.0925
23.956,-7.4640,0.7129,-3.7858,-3.9086,-9.6160,4.4856,-8.6222,4.2945
23.960,-8.6252,-2.3990,-5.0904,-4.3730,-8.9845,4.0940,-5.4864,1.0233
23.964,-7.9358,-0.6990,-6.0718,-6.4759,-6.6407,3.2628,-0.3026,-0.0815
23.968,-7.3702,1.4555,-4.6555,-5.7980,-5.3565,3.9852,1.8240,-0.8009
23.972,-6.2186,-1.0034,-2.9279,-4.0103,-3.2743,2.6334,5.5074,-1.6651
23.976,-9.6908,0.1125,-2.5708,-2.4356,-0.0382,1.0807,11.6640,-3.4132
23.980,-6.5867,-0.4742,0.1937,-3.5299,2.0479,-1.4126,12.9514,-3.1458
23.984,-8.8977,-3.5262,2.1860,0.5927,5.1016,-3.4422,12.7314,-6.1762
23.988,-9.5134,-0.7748,1.7290,1.0540,7.0990,-2.0581,12.0185,-5.9982
23.992,-9.5745,-4.8539,1.3496,1.7157,8.1339,-3.4795,13.2285,-3.0192
23.996,-6.6123,-4.2877,2.4823,-1.5710,6.7090,-4.4158,10.4528,-3.2448
24.000,-8.9265,-8.8921,1.2880,-2.6081,8.1388,-2.7019,7.7297,-3.9145
24.004,-6.8749,-8.6058,1.8745,-2.9282,7.2165,-5.4301,5.3347,1.5696
24.008,-4.7799,-10.0816,1.2262,-1.7854,6.4346,-5.2706,4.2086,1.4103
24.012,-2.9847,-7.2687,0.8771,-2.9988,6.5226,-5.4151,2.2050,5.2175
24.016,-3.7327,-5.9178,-1.0386,-0.9565,7.6086,-5.4558,-2.6618,10.9381
24.020,-4.2411,-4.9424,-0.9790,0.5500,6.9998,0.8528,-4.8536,13.6456
24.024,0.7745,-6.4132,1.1508,0.3043,8.5803,-0.3420,-6.5691,12.7986
24.028,-2.0067,-7.6398,4.0079,0.5179,8.0263,-0.2590,-8.5408,13.6636
24.032,2.6792,-7.5702,1.6294,1.0741,8.4739,-1.5882,-11.8566,9.3400
24.036,3.3903,-5.5638,1.5034,3.0215,8.7050,1.6234,-10.8437,8.8073
24.040,1.7188,-7.9387,0.9258,1.0987,7.1120,3.3321,-11.2654,6.3112
24.044,0.0248,-10.0600,0.5322,-1.4224,4.4191,1.9417,-13.9226,7.4226
24.048,-2.1619,-8.5784,-1.2869,-3.6369,2.6691,5.7345,-11.7052,4.2335
24.052,-1.2384,-4.5103,-2.1414,-6.4492,-0.5254,9.2122,-11.2398,2.2801
24.056,-5.8397,-1.9673,-5.9244,-8.1406,2.7315,8.4387,-9.0429,-0.2702
24.060,-7.6915,-0.3101,-7.0172,-10.7017,3.8569,9.7821,-3.7192,-1.3636
24.064,-6.4210,2.1289,-6.9044,-11.8658,4.0435,8.7663,1.9404,-2.5352
24.068,-6.0615,-1.5428,-6.6405,-14.3190,4.2035,8.4644,3.6479,-2.8532
24.072,-5.6417,-2.7005,-7.6555,-13.1350,4.8306,7.5847,4.4493,-3.8576
24.076,-8.7188,-3.6427,-4.2000,-6.8230,3.3465,6.0969,8.4078,-4.8947
24.080,-6.5602,-2.7328,-4.2048,-4.4831,3.1585,4.7160,12.6587,-6.6983
24.084,-2.8453,-3.4110,-5.1549,-7.1134,4.9363,2.1366,12.6217,-5.4154
24.088,-0.8931,-5.7093,-6.4980,-7.1824,5.3964,-1.3641,11.3468,-6.7016
24.092,2.4409,-3.6888,-8.3848,-5.5225,4.6491,-0.4593,11.0740,-5.3608
24.096,-0.0776,-5.7525,-5.3158,-1.9788,7.1460,-1.7837,8.7959,-2.5392
24.100,0.4609,-4.1640,-4.2397,-4.6679,7.6774,-1.9345,7.8954,-2.9670
24.104,-0.1623,-4.6084,-2.5656,-7.9258,3.4942,-2.4578,8.3367,0.1869
24.108,-0.7998,-4.9285,-0.5639,-6.3859,2.6508,-4.6617,2.8416,2.0043
24.112,-1.8687,-1.4542,2.8395,-8.7898,3.0237,-5.8224,1.9927,3.8816
24.116,0.1201,-1.7868,4.2009,-7.2700,1.9006,-8.3436,2.0138,6.2122
24.120,2.0747,-0.0354,6.9877,-8.1774,0.9218,-4.0100,-1.9268,8.1914
24.124,2.0260,-3.3663,7.4189,-9.0958,0.7326,-3.5620,-5.5509,9.3106
24.128,-1.3053,-3.7188,4.8252,-4.7927,-0.5319,-1.7101,-7.6491,10.9607
24.132,-1.1149,-5.1325,6.7475,-5.6796,-3.2098,-1.7444,-11.2038,10.3223
24.136,-0.3353,-4.3300,6.9819,-3.4840,-4.9673,1.1933,-13.0030,6.5333
24.140,-0.8926,-1.5620,5.9893,-4.3773,-2.5712,2.7488,-16.3121,7.8293
24.144,0.0963,-2.0774,6.9185,-3.7408,-4.5759,3.4025,-13.6868,4.0703
24.148,-2.0417,-2.2405,6.0805,-5.7756,-6.1354,7.3221,-13.6024,1.5994
24.152,-2.1493,-0.8626,5.2808,-6.2393,-7.1136,5.2089,-12.4679,-1.3670
24.156,-3.2785,2.1851,4.6353,-9.7239,-3.9921,10.0979,-11.1121,-2.6825
24.160,-5.5340,2.2685,5.4455,-8.4163,-6.3139,7.1008,-10.5951,-3.6346
24.164,-4.7737,2.8904,5.2896,-10.0154,-6.3428,10.8712,-7.5432,-4.2479
24.168,-7.7300,5.7118,5.5640,-10.3065,-5.4100,8.3215,-3.9879,-6.6209
24.172,-6.4696,7.5259,5.4824,-8.5536,-4.2701,4.4120,-0.9757,-10.2533
24.176,-3.5671,7.0953,5.5386,-9.7021,-3.2314,4.3514,-1.1466,-11.5570
24.180,-3.5474,3.5825,5.1556,-6.2170,-3.5508,3.3276,0.5925,-10.5682
24.184,-2.3278,6.9931,5.4576,-3.1273,-1.3364,0.4634,1.3900,-6.4350
24.188,-1.1562,3.6556,5.9474,-0.2817,2.8265,2.1696,1.2399,-4.2291
24.192,-1.8036,6.9505,3.4931,0.1075,6.0662,0.2151,3.1677,-4.5736
24.196,2.7929,8.4590,4.3099,-2.0188,5.8696,1.6416,1.6914,-4.2160
24.200,3.2348,9.9788,5.0816,-0.9994,5.7542,-2.2236,3.2315,-2.5042
24.204,3.7320,9.5830,6.9670,-0.4869,8.9659,-0.2582,1.7012,2.2396
24.208,4.6661,5.7256,6.9707,0.7451,5.6000,-2.8529,0.7836,7.1598
24.212,5.1231,3.4475,8.7693,-0.4512,6.3670,-1.1409,-3.9661,10.2334
24.216,7.0126,2.7449,8.6778,-2.1138,7.1262,-3.3923,-4.0731,10.1851
24.220,7.9170,0.5408,8.4458,-3.8147,7.2107,-3.8181,-7.1603,11.8159
24.224,7.5409,-0.0693,7.6700,-6.9372,7.4235,-2.3600,-8.1856,10.1751
24.228,7.6416,-0.1954,7.9062,-5.2857,6.9794,-1.0883,-9.1232,11.8140
24.232,5.6472,1.3424,6.0276,-4.9128,3.1938,-0.4206,-9.0052,10.6024
24.236,5.3115,-2.6119,6.2828,-3.5384,4.7416,-0.4152,-7.2928,5.0105
24.240,2.2122,1.3057,5.8712,-4.8310,2.9421,0.4902,-5.0489,4.2266
24.244,-0.4305,3.0038,4.5309,-5.6280,2.7111,-1.5843,-6.5025,2.1440
24.248,-0.9798,3.5883,4.1514,-3.0448,0.5489,2.8638,-3.1158,-0.0596
24.252,-0.9759,6.5801,3.7059,-3.5781,-0.2395,5.4408,-1.3693,-1.6618
24.256,-1.1016,6.2770,6.1629,-2.2164,-0.3750,4.8056,-0.4764,-1.1243
24.260,-5.3218,11.3744,1.3464,-3.2715,-1.0013,4.5112,-0.4284,-3.0914
24.264,-4.0777,8.5466,3.9765,-2.2998,-2.1970,6.2696,5.3289,-5.6833
24.268,-5.6136,10.4029,1.6888,-6.0662,-3.0673,5.8284,8.2605,-5.7093
24.272,-4.5050,6.1942,2.5337,-8.4241,-4.2567,5.3372,10.1885,-8.6199
24.276,-7.1975,6.9686,-1.9411,-6.6106,-2.5341,2.9093,13.6919,-9.8450
24.280,-6.9693,5.9155,-1.0100,-5.9088,-1.9962,3.7249,15.4715,-12.8285
24.284,-8.5747,3.1494,-4.1483,-2.9172,1.5125,-0.1834,12.1577,-12.3104
24.288,-8.8636,5.0190,-3.0062,0.9631,2.5490,0.6037,17.2126,-13.8813
24.292,-7.6992,3.7699,-2.5627,1.2164,1.7312,1.4724,14.2861,-13.9791
24.296,-9.0967,0.6647,-1.9579,-0.1106,1.5410,1.5569,10.7581,-11.1428
24.300,-8.8233,0.2201,-3.1482,0.9853,1.8604,-2.9420,9.3893,-6.7880
24.304,-5.6010,0.5762,1.7198,1.9599,5.0022,-4.7595,5.8939,-4.7327
24.308,-2.2763,-1.1283,0.6682,2.7175,4.4146,-7.0516,7.7583,-1.0640
24.312,-0.9879,-5.9234,2.7955,3.8099,6.0697,-9.3080,2.4274,0.9456
24.316,-2.0101,-6.6107,2.5318,5.0790,5.5477,-9.5441,1.4992,3.6551
24.320,-1.4749,-9.5003,3.1344,2.8868,6.9427,-7.6673,0.4756,3.9497
24.324,-3.8032,-11.1955,4.6062,1.8781,6.2219,-5.9214,-2.8658,8.1946
24.328,-5.5293,-8.9111,2.8800,2.5314,4.3100,-8.5781,-1.0732,7.6902
24.332,-4.5042,-7.1904,3.1363,1.1950,3.4393,-6.7861,1.4387,5.8526
24.336,-5.9927,-8.5280,2.8356,-0.4887,3.3549,-5.3470,-0.0670,8.4295
24.340,-4.4429,-7.7496,3.4467,-0.0615,1.5243,-2.5047,1.3993,4.4629
24.344,-3.4610,-4.8735,4.8802,-2.7827,1.8981,-1.0564,0.8279,3.3067
24.348,-3.6188,-5.5146,7.2160,0.9956,2.1925,0.2663,2.2614,2.4597
24.352,-1.2698,-5.6011,3.1525,2.0979,2.2890,4.0842,1.0516,0.3387
24.356,-0.6199,-4.6696,4.0457,1.1369,0.2529,6.5934,6.3483,-0.0957
24.360,-2.6795,-0.4208,5.0674,-1.4193,-0.9459,3.8271,9.1747,-3.8819
24.364,-1.8862,-0.4237,-0.1778,1.1239,-2.3713,3.6611,10.6134,-5.6121
24.368,-2.8794,-1.6981,1.4820,-1.9463,-3.6539,4.7985,13.7217,-9.6689
24.372,-0.1347,-0.9513,-1.0498,0.8621,-5.1089,5.9087,14.1224,-12.0982
24.376,-0.5051,-5.1128,-3.6334,1.4229,-4.9988,10.3066,14.8197,-11.4289
24.380,-0.1217,-5.4653,-5.3908,2.9028,-4.6322,9.0866,18.3574,-12.6291
24.384,0.9237,-3.2601,-4.8523,-0.2551,-3.4674,9.6715,19.1130,-13.1422
24.388,4.8903,-4.2262,-4.9480,-1.6837,-1.9738,8.9747,19.3043,-12.7408
24.392,7.9643,-6.5645,-1.7940,-2.7284,-0.5255,7.9431,16.4338,-10.9835
24.396,6.9650,-8.5110,-7.5665,-1.8858,2.0083,5.5779,16.6221,-7.4123
24.400,7.5143,-7.5801,-6.8915,-2.7808,4.6780,5.5144,15.2263,-7.1439
24.404,6.4049,-7.5739,-8.6771,-1.9298,3.9367,1.0058,11.7287,-6.1941
24.408,8.0278,-10.1917,-8.5995,0.4273,5.4140,-3.2417,10.7703,-4.4948
24.412,8.3793,-7.3183,-7.1726,3.3550,3.2603,-5.1687,7.6104,-2.5221
24.416,8.1438,-10.3984,-7.4995,4.6639,5.1833,-5.7562,6.7855,2.6732
24.420,10.6850,-9.8692,-7.5778,2.3041,5.8960,-9.8161,4.7369,7.3078
24.424,5.8119,-9.7009,-6.3467,3.7474,4.4071,-6.3663,0.7334,7.0960
24.428,3.2504,-11.0966,-7.4755,2.4023,1.3595,-10.9636,-3.4385,6.2116
24.432,0.7972,-11.2375,-10.0955,0.6740,4.4829,-11.3655,-5.3105,4.9130
24.436,-0.2465,-6.8962,-8.6506,-0.1044,3.3482,-6.9822,-6.9210,6.2834
24.440,-0.7163,-1.6782,-8.2381,-3.4041,2.0719,-4.8422,-5.5937,5.9232
24.444,0.0165,-1.2986,-7.2917,-3.6238,1.4174,-0.9617,-8.6356,3.0100
24.448,-0.0352,4.0472,-7.1993,-2.6347,-0.4164,2.6906,-8.5712,0.2534
24.452,-0.5153,1.4710,-5.3005,-3.7491,-0.9587,2.5835,-8.4420,-1.1667
24.456,-1.2471,-0.1429,-6.3278,-0.7350,-2.6012,0.9366,-4.1753,-3.1834
24.460,-3.8611,-0.7734,-6.9300,-1.9818,-0.3221,1.7420,-1.1692,-4.7385
24.464,-3.9854,3.3120,-5.9841,-0.8361,-4.4822,2.0683,3.5680,-7.2582
24.468,-2.0189,3.3061,-5.9273,0.5227,-6.6538,0.8085,4.3231,-7.2267
24.472,-0.1113,1.5874,-4.8995,-0.0517,-6.5381,1.4809,5.4922,-12.8349
24.476,-0.1999,3.7155,-3.7730,2.7207,-10.1563,1.8333,11.4520,-13.1146
24.480,-1.2548,2.6301,-4.2411,4.0344,-8.9073,0.9128,10.7880,-12.7432
24.484,0.4892,3.2928,-2.5843,4.9076,-7.0857,-1.9558,8.0895,-9.1042
24.488,0.8964,-0.4916,-0.4576,5.2781,-7.3704,-0.5235,5.3484,-5.7599
24.492,-1.4130,-4.5990,-4.2232,5.1755,-7.4132,-0.3928,2.3571,-2.3769
24.496,0.6105,-4.9424,-4.2601,8.4472,-3.5692,-1.1045,2.5446,1.5220
24.500,3.3888,-7.0795,-3.8859,7.7349,-0.7808,-2.4634,0.7702,4.7645
24.504,2.0810,-9.9757,-3.0908,3.9054,4.6636,-3.5007,-0.2140,6.3953
24.508,0.8903,-8.9088,-3.0680,4.2461,3.2939,-5.0864,-2.6937,9.2794
24.512,0.2498,-9.7229,-1.7111,3.4603,4.9481,-3.8559,-0.7025,9.8537
24.516,3.3064,-8.9698,-2.7757,2.7930,5.3836,-8.0519,-4.6062,11.5404
24.520,5.8388,-7.0027,-0.9449,5.9734,5.9378,-7.4494,-7.6978,13.3805
24.524,6.7484,-9.2702,-2.0843,5.5652,5.6180,-6.3920,-8.8169,12.0164
24.528,8.2451,-9.0748,2.2525,3.6412,6.4260,-6.6796,-11.0830,12.6728
24.532,6.6727,-9.2527,0.7164,4.8659,6.9946,-10.4507,-13.9410,11.5892
24.536,6.5195,-6.1317,4.3421,3.1891,7.2107,-10.3450,-9.6596,10.4589
24.540,4.0219,-7.9909,6.3228,-0.9163,6.3290,-9.6592,-12.3635,8.5623
24.544,2.4911,-6.4521,5.3963,-3.1079,6.9595,-10.1786,-8.3527,8.6533
24.548,1.6769,-3.1632,6.1680,-5.3617,4.8675,-10.7906,-4.2881,6.1341
24.552,-3.5472,-0.8463,6.0051,-5.1733,7.7465,-7.7366,-5.4623,5.4524
24.556,-0.2492,0.6169,5.6620,-8.1117,7.5132,-5.6656,-0.8988,7.2605
24.560,0.2332,3.2287,5.9868,-7.8674,7.5089,-4.7211,-0.2282,11.3104
24.564,-1.2054,-0.8688,9.2060,-9.1186,3.6051,-3.6012,2.1932,7.8606
24.568,-1.9411,1.2454,5.1432,-11.4820,0.4737,-3.5936,3.8517,2.5087
24.572,0.0887,3.2936,4.9237,-7.9470,-0.3629,-1.4779,6.6481,0.7690
24.576,1.8044,5.0096,0.2917,-4.3560,-3.0891,-1.0439,5.4589,-0.5107
24.580,5.8397,3.6539,-0.2152,-4.8138,-3.9291,-0.1193,7.0573,-2.4521
24.584,3.0192,0.0511,2.8420,-3.5541,-1.9117,0.6537,4.9947,-0.6397
24.588,1.8970,4.2718,2.1811,-3.4808,-0.9854,-0.0909,7.7020,-0.4048
24.592,1.7776,2.0645,1.2924,2.0666,-0.5288,1.5175,10.2644,4.3007
24.596,1.9773,-0.8708,2.1092,3.2517,-0.4190,0.3671,9.0230,5.5341
24.600,3.0874,0.2329,1.5353,4.3690,-1.7127,0.3978,6.5798,8.9189
24.604,2.9579,1.0592,-1.4280,3.3148,1.1231,-1.5991,5.3826,8.9351
24.608,3.5653,-0.2740,-2.1630,7.6325,-0.5745,-4.9834,-0.3265,12.7235
24.612,1.5106,-0.9066,-1.9238,7.9696,0.7189,-7.8523,-4.4270,17.3985
24.616,4.2967,-2.0695,-5.3714,6.0496,-1.4016,-8.4060,-7.2068,15.9596
24.620,4.2133,-2.6851,-5.6346,4.3937,-1.3516,-6.5412,-11.4638,16.6469
24.624,3.8812,-0.8512,-4.5229,3.1848,-3.5061,-8.1896,-13.7198,16.1260
24.628,-1.6994,-3.5377,-2.8470,3.7283,-2.8376,-7.8301,-13.0761,13.1010
24.632,0.0162,1.1132,-0.0836,2.8764,-6.3237,-5.1511,-16.7339,11.3157
24.636,-0.7691,-3.3408,0.6888,3.4635,-6.1958,-2.3278,-14.6293,10.2145
24.640,1.2321,-0.3467,1.2324,1.0723,-4.5659,-5.8913,-13.6146,11.5208
24.644,-3.5528,-1.1145,0.9456,6.1694,-3.5045,-6.9073,-12.7587,7.4841
24.648,-6.5478,2.0413,-0.4235,0.5914,-2.3076,-8.7581,-8.6992,6.7761
24.652,-8.0293,1.4601,-1.7752,0.6253,-2.9176,-6.6208,-6.9997,4.4845
24.656,-4.7223,0.9430,1.5849,-1.2841,-2.6502,-4.8436,-6.8496,2.8038
24.660,-4.7657,1.5798,3.0151,-1.8182,-3.6254,-2.2773,-5.8283,-1.0265
24.664,-6.6903,3.0330,4.4423,-4.6650,-4.1618,-0.9025,-7.2592,-4.8849
24.668,-5.5406,4.1984,8.8725,-6.6090,-6.3256,0.2171,-0.5076,-5.8387
24.672,-6.6317,8.0641,8.8811,-4.0452,-6.5042,2.8546,0.4178,-6.1724
24.676,-6.2832,3.4447,9.9134,-6.8608,-5.1724,4.6343,3.5179,-5.5154
24.680,-3.1736,-1.3950,8.6022,-5.6071,-4.7909,5.9603,6.5069,-3.3934
24.684,-0.7307,-0.2742,10.6836,-2.2622,-3.7485,6.2663,7.2635,-5.6835
24.688,-3.8645,-3.8476,10.7519,-3.8830,-1.7385,8.0459,10.0085,-2.2229
24.692,-1.5761,-5.5325,9.0184,-1.8383,-2.4233,5.4243,9.6996,-0.3160
24.696,-0.0829,-7.6813,7.7259,-1.7066,-3.3000,4.5476,4.9916,-1.7436
24.700,-1.4426,-6.8635,5.6877,-1.0498,-2.1868,6.6882,2.7433,-1.2562
24.704,-0.7179,-10.2392,3.2159,-0.0304,0.9406,5.1161,5.0069,1.0497
24.708,0.2952,-11.0884,3.0434,0.3010,3.7305,2.5900,0.1816,4.0267
24.712,2.4960,-10.3561,5.8340,3.9479,2.0705,-2.3859,-2.7780,5.4225
24.716,0.9175,-9.5364,8.8606,3.6498,3.8748,-5.0629,-4.4491,8.6474
24.720,1.4162,-8.5636,6.5661,4.4069,6.2526,-4.3646,-4.7585,10.2555
24.724,2.3691,-6.5256,8.6587,-1.5743,5.1581,-3.9425,-8.1674,7.4100
24.728,-0.3203,-2.9446,9.0745,0.5889,7.7078,-5.3570,-7.9522,8.1712
24.732,0.5673,-4.1080,7.2470,0.4883,7.8782,-3.1402,-10.1765,8.2801
24.736,1.2142,-2.0621,7.1806,2.0754,9.6746,-4.6627,-12.0988,5.9535
24.740,-2.3866,-0.0198,6.2191,2.8818,8.4846,-3.4944,-13.3579,3.5931
24.744,-0.7540,2.4409,6.3476,5.5353,8.7079,-1.5549,-11.4787,4.4904
24.748,-1.0801,0.5886,5.3144,3.5374,7.6623,-5.3564,-11.5583,1.8742
24.752,-2.8105,0.2072,2.3077,3.7826,7.9955,-5.3380,-7.7785,-4.8144
24.756,-4.4454,0.3575,2.7477,4.0111,9.7251,-4.9968,-4.9524,-9.3962
24.760,-3.3991,1.5981,4.5518,3.9882,6.8710,-0.5490,-2.0840,-9.1409
24.764,-4.6113,2.8792,0.0669,1.0163,3.4603,-0.3065,0.1036,-10.6639
24.768,-1.9011,2.6678,2.6960,2.6939,3.5586,0.4497,5.1986,-14.5773
24.772,-3.2263,3.4110,2.5149,2.0364,2.2624,1.2730,9.8220,-14.4742
24.776,-1.8196,3.7986,5.4641,1.6239,0.5756,4.6145,8.8715,-11.8287
24.780,-0.5845,2.7211,3.8878,2.8776,-1.6821,1.4059,8.4626,-14.8871
24.784,0.2664,6.5064,-0.2820,-1.2034,-4.0081,4.9376,9.4997,-12.0464
24.788,1.0794,7.1031,-2.2290,0.4093,-6.2276,6.7693,12.4720,-12.6499
24.792,3.5829,8.5869,-1.2816,-0.4735,-7.4932,6.3540,10.5566,-9.0572
24.796,2.7985,4.5285,-2.9509,2.2720,-8.7556,2.6024,11.7784,-5.2503
24.800,-0.2553,7.4887,-5.4676,4.1935,-5.6610,2.7278,9.2781,-1.3124
24.804,1.0735,7.3312,-2.5346,3.6777,-3.6185,2.7582,8.9778,1.3768
24.808,2.0797,4.1527,0.7961,5.0743,-1.6161,1.9734,6.7068,3.6690
24.812,2.3959,2.5291,-0.5991,5.2978,-1.7594,1.7681,1.8704,5.3578
24.816,0.0247,-0.3020,2.7491,6.0831,0.1484,1.0433,4.2948,6.4011
24.820,-1.1819,0.6718,3.0738,8.0406,0.0614,-0.8844,1.0577,6.3953
24.824,-1.2070,1.4130,4.4490,4.7290,-1.3838,-3.2328,-1.0448,7.2949
24.828,-2.3458,-0.3980,4.7333,3.4334,2.9409,-3.4682,-0.2752,7.9241
24.832,-1.2849,0.7747,3.9531,-1.1970,3.8029,-6.5332,-1.6396,8.0490
24.836,-3.4503,0.9661,4.5032,0.0386,3.3519,-6.1198,-3.1788,7.7650
24.840,-1.2217,1.8965,2.4247,-1.0467,6.3480,-5.8581,-2.6056,8.9422
24.844,-1.0871,1.9737,3.1336,-0.4375,2.7794,-8.6872,0.2682,4.1474
24.848,-0.3086,1.0803,6.3006,-2.0436,3.5922,-9.8416,1.4496,4.7637
24.852,-0.6689,-0.5303,6.6440,-2.2010,5.1698,-8.8686,0.9885,3.4974
24.856,-0.6460,-2.5888,10.1407,-0.3244,5.9481,-8.3290,0.9918,0.1971
24.860,-1.9029,-2.0007,10.0214,-2.2017,2.3302,-10.4620,2.7292,-3.4097
24.864,0.5424,-0.3250,10.2400,-1.6997,2.3696,-6.7713,3.7566,-7.2705
24.868,0.8131,1.1670,11.3469,0.0001,1.9897,0.0647,7.7603,-8.3963
24.872,1.4912,-0.9596,9.5810,-5.9515,-0.4509,3.1086,12.2695,-11.0342
24.876,1.6953,-0.3710,7.7530,-6.7619,0.2349,7.5368,13.1049,-10.8060
24.880,3.2462,1.7171,6.3292,-4.5698,-0.7680,10.7650,13.4797,-11.3798
24.884,4.7145,0.9781,4.3958,-4.4455,-2.2595,9.2949,11.3451,-11.5330
24.888,5.5726,1.6115,0.6162,-2.9490,-0.2299,10.0862,11.1444,-10.5717
24.892,11.8799,-3.7594,1.9696,-5.5623,-3.0539,11.5392,10.7554,-7.1878
24.896,11.4345,-4.2934,0.5863,-1.4381,-0.5694,12.3876,10.2192,-2.6276
24.900,11.3924,-8.0541,-0.1087,0.5490,-0.2222,11.2554,7.9118,-0.2874
24.904,9.5910,-6.6653,3.1518,3.6044,-0.7798,12.0922,4.8231,0.1619
24.908,7.2126,-6.9408,4.8169,1.0975,1.7108,14.5493,4.2466,1.0754
24.912,6.1436,-5.8416,4.2060,2.6697,2.2291,11.3771,1.8993,6.7179
24.916,4.4928,-4.0971,6.2334,5.1939,-0.5520,12.1438,2.4813,4.4394
24.920,2.5028,-5.9518,5.4391,5.2812,1.1932,13.5759,-1.0932,6.3300
24.924,1.9464,-2.2531,4.9587,1.1116,-0.2450,9.0829,-5.3941,6.5340
24.928,-0.3541,-1.1443,4.4529,2.2125,2.2646,5.2926,-10.0463,7.7350
24.932,0.0539,-3.1858,1.6759,1.4867,0.4573,4.0603,-10.8364,8.6670
24.936,2.9605,-4.6732,3.2038,0.0733,-1.5704,3.5619,-12.0173,7.9490
24.940,2.2517,-5.2031,5.7220,2.7801,-0.0137,0.9959,-13.9612,7.2220
24.944,2.1560,-2.6959,8.8866,1.6286,0.4319,-1.5746,-14.0648,7.4872
24.948,0.6520,-2.7247,8.0945,0.7368,0.7986,-1.6961,-11.7842,8.8002
24.952,2.5216,1.9871,12.7910,-0.5046,2.7208,-0.5426,-10.6386,6.5865
24.956,3.5967,2.0912,12.4739,-0.6986,2.2786,-0.5915,-7.6532,5.1315
24.960,1.9511,4.2322,13.4025,-0.3329,0.9450,2.3126,-3.6134,-0.5371
24.964,2.1144,4.7240,11.6719,0.6000,1.4040,3.1228,-2.5821,-2.0187
24.968,4.1265,4.0695,9.8003,-0.4912,0.0477,5.5453,0.3280,-6.1153
24.972,2.8928,4.9730,12.4695,1.0572,-1.7835,4.2529,1.4356,-6.9804
24.976,3.0204,4.8214,10.0776,-1.2147,-6.8701,4.2187,2.3087,-8.3046
24.980,0.2899,4.2153,10.1315,0.5992,-5.0340,5.8322,5.0293,-7.3807
24.984,2.6263,4.0507,8.0891,2.3399,-7.3874,5.3779,2.6908,-6.6709
24.988,3.1350,2.4918,7.1837,3.6884,-8.2930,7.7235,2.6900,-2.2205
24.992,2.2777,0.0828,5.3161,5.4463,-6.9512,4.6508,2.8045,-1.2104
24.996,2.3288,-2.5597,5.7055,2.0628,-6.6769,5.6190,4.6532,0.2729
25.000,1.9749,-5.4473,7.4305,5.1591,-4.7794,3.6650,3.2902,2.4180
25.004,3.2480,-6.9920,2.4947,2.7314,-2.5329,3.2049,-0.7736,5.9777
25.008,1.9210,-5.8679,2.8515,3.4801,-1.6425,1.3466,-4.0221,8.0659
25.012,1.9194,-7.1298,3.1952,3.3131,-0.8838,1.3453,-4.3955,9.9517
25.016,0.5004,-9.1697,4.4366,3.3515,1.9912,1.2747,-9.3467,9.5987
25.020,-2.3125,-9.8369,2.4661,6.9064,3.9599,1.5337,-11.9587,11.5568
25.024,-2.9131,-10.5262,1.7999,6.9780,4.1052,-0.3292,-12.4267,11.6917
25.028,-1.9289,-9.9770,2.8107,9.6381,6.5134,-3.9802,-14.3658,11.4239
25.032,-2.9000,-7.4558,4.6616,9.0038,6.6480,-3.1898,-14.1989,9.4816
25.036,-4.3688,-9.5576,5.8777,8.8580,7.4108,-5.3050,-14.9291,7.0108
25.040,-2.7908,-11.3306,7.5949,8.5151,8.1842,-6.2534,-15.1300,4.9487
25.044,-5.3918,-10.2135,9.3812,5.0936,7.9639,-12.3803,-13.8460,2.2877
25.048,-2.1287,-11.8152,11.2742,6.2404,9.4204,-14.5919,-11.8106,-0.9243
25.052,2.5431,-8.5792,9.7991,3.7372,8.2245,-13.3345,-8.0434,0.3425
25.056,2.1542,-4.4259,9.1240,5.1976,7.4912,-11.6959,-6.7882,-5.7093
25.060,5.4247,-5.7566,6.5379,5.0682,10.4199,-13.1137,-4.4123,-9.8433
25.064,3.6889,-4.9693,5.8566,6.6447,9.6819,-7.1062,-2.0125,-10.0717
25.068,8.5247,-9.3256,8.1471,5.8722,11.0531,-4.4258,-2.8985,-9.3870
25.072,8.8594,-6.3322,8.9943,8.8712,8.9176,-3.0364,-0.8859,-7.2680
25.076,8.0396,-2.4286,7.1233,8.4022,5.5204,3.4126,1.7687,-9.8527
25.080,7.4108,-1.5030,9.5195,13.1601,3.3807,1.6243,-0.7272,-6.2898
25.084,9.7616,-1.9606,10.0213,11.1657,1.9008,2.4771,3.3471,-5.8948
25.088,10.7148,-4.3290,8.9738,11.1195,1.5290,4.2446,6.0247,-1.1130
25.092,8.6330,-4.0660,7.6974,10.5717,1.8633,6.1418,4.7932,1.3538
25.096,9.2104,-4.9780,5.7106,7.0585,-1.6323,5.9139,4.8292,5.8753
25.100,7.3694,-5.7735,5.2579,8.8387,-0.7316,10.2537,1.2330,6.1695
25.104,8.3781,-4.4809,2.7642,9.2586,-3.7281,9.5440,-2.9670,7.2761
25.108,7.3620,-4.9524,-0.2295,9.2793,-5.5495,9.8787,-9.4157,9.0641
25.112,6.6671,-1.8703,-1.4317,8.4673,-5.7206,8.8318,-9.2463,13.9505
25.116,3.1708,-2.1521,-2.9808,7.4402,-4.1382,8.4471,-12.7106,17.5560
25.120,0.3654,-1.0722,-7.6839,9.4492,-2.9866,7.3622,-12.8507,18.8289
25.124,2.0648,-1.9131,-4.7093,9.2419,-3.5198,4.0932,-12.5009,17.6139
25.128,0.3885,-4.5988,-1.7474,11.3250,-1.3113,4.3440,-14.3615,15.6236
25.132,-2.0455,-5.4872,1.5129,8.5578,-1.4363,3.6401,-15.2158,15.5005
25.136,-5.1718,-6.4265,1.4479,7.1555,-0.8785,0.8592,-15.6312,12.1898
25.140,-7.7012,-4.5647,2.2003,6.6532,-1.6615,-3.6159,-16.9993,12.1906
25.144,-9.9910,-3.2737,3.1372,4.5100,-2.1955,-1.5245,-18.8513,8.3235
25.148,-8.0397,-3.6185,2.5447,5.6192,-1.6382,-6.1035,-14.5369,6.6766
25.152,-5.4735,-1.6417,4.8075,5.6215,-1.7019,-5.7880,-12.1196,4.7103
25.156,-8.7998,0.2001,4.8657,5.0703,-1.5438,-6.8118,-11.2385,0.4404
25.160,-5.6029,2.9281,5.2340,2.8541,-1.2841,-6.9506,-7.4526,-5.4895
25.164,-3.3478,6.1443,5.8023,5.1649,-4.1917,-5.5264,-5.2067,-9.1545
25.168,-1.9147,7.1342,6.8860,3.9011,-6.0388,-7.0395,-2.3092,-7.7910
25.172,-2.6917,5.7570,10.0147,4.9878,-3.1644,-5.4270,2.6287,-11.9316
25.176,0.0299,4.8923,8.7211,2.6983,-5.8884,-4.0797,4.0899,-9.0226
25.180,2.3734,5.0077,8.5971,2.4200,-6.4345,-5.1537,9.4113,-7.1255
25.184,-0.2015,4.0452,10.4117,4.9728,-9.1436,-8.6069,12.9772,-5.6228
25.188,-0.4901,-0.6516,12.1186,1.8003,-6.2841,-6.0126,11.7301,-5.7002
25.192,1.4455,-1.0376,9.9397,4.8712,-3.9323,-2.9632,13.2809,-2.1653
25.196,0.4261,0.5281,7.6435,4.5017,-6.5407,-2.5983,14.0919,-4.7977
25.200,0.3169,1.1088,10.0590,5.5872,-9.5289,0.2483,9.0035,-1.1919
25.204,2.3232,2.7670,7.8681,4.7395,-8.7463,3.1311,6.9840,1.4247
25.208,3.3364,7.7923,5.3011,4.3295,-5.3586,2.6014,1.7270,8.1830
25.212,3.5998,6.7566,5.9759,3.2437,-5.9700,2.6613,-0.1686,12.6514
25.216,6.8952,8.5975,4.8461,2.1535,-7.5143,-0.8949,-3.2881,13.6171
25.220,7.3894,7.7061,7.3954,3.7762,-7.2782,-1.7027,-5.8378,13.8781
25.224,6.3561,3.9261,6.8691,3.4057,-5.3598,-1.2858,-6.5130,19.1828
25.228,5.8306,2.8368,6.9914,4.8124,-4.0892,-2.5022,-5.7332,16.1187
25.232,3.6404,4.1615,4.6678,6.5324,-3.4185,-3.0438,-11.9394,14.4225
25.236,2.8572,4.4434,5.0918,9.4445,-4.0017,-2.9655,-14.0739,14.8658
25.240,1.9159,-0.1940,4.5620,7.5555,-3.4030,-2.9797,-16.1431,14.1595
25.244,1.5220,0.5814,8.2665,10.1424,-5.0746,-3.1445,-17.0447,10.3241
25.248,-0.4905,3.2209,7.5073,10.2212,-4.2153,-4.0878,-16.7160,8.9598
25.252,0.9071,0.7693,4.5655,7.9710,-3.3488,-6.4061,-15.6589,2.4117
25.256,-1.0066,2.5350,6.4785,8.3806,-1.9743,-8.5625,-12.0322,-1.0373
25.260,6.1775,3.6946,5.6143,7.7392,-1.3032,-8.7173,-11.9015,-3.5314
25.264,5.5607,6.7537,8.3267,6.8540,-0.0948,-6.8382,-5.3313,-4.9705
25.268,7.5349,7.4924,5.8592,5.0868,-0.8384,-5.3323,-1.0112,-7.3092
25.272,8.1595,8.7434,6.6424,2.3149,-3.9676,-5.4130,2.1675,-7.3901
25.276,9.5815,7.2407,9.4829,3.7551,-4.1955,-5.0962,5.1220,-6.7953
25.280,10.7318,6.3479,9.5874,-1.3601,-4.4710,0.1780,8.3678,-1.8970
25.284,10.7009,3.7178,5.7277,-0.8336,-7.7432,1.2687,8.7358,-4.5758
25.288,10.8468,4.3874,5.6496,-0.3064,-7.9738,0.8613,3.8845,0.5375
25.292,5.5402,7.6751,4.2969,-1.4241,-9.9051,1.5331,1.2099,1.9436
25.296,3.7496,1.5488,1.5502,2.3793,-7.9319,1.6901,-1.0347,0.4540
25.300,-1.9653,0.5680,1.4559,1.9229,-9.3860,3.2017,0.8060,2.4082
25.304,-1.0647,2.6504,1.2249,3.6160,-10.0537,8.1012,-0.7107,3.8683
25.308,-6.2109,2.4108,1.5050,4.1418,-10.3498,5.5022,-0.8404,7.7140
25.312,-4.0795,-1.6050,1.8468,2.7611,-14.2454,4.6965,-1.8774,11.0033
25.316,-4.6754,-2.1956,2.3128,1.2767,-10.6954,5.2361,-3.3029,13.2478
25.320,-3.6164,-2.2926,1.5871,2.0514,-10.3939,5.3574,-3.5878,14.2368
25.324,-5.9848,-0.8315,0.7788,0.6982,-7.0173,3.6986,-7.6133,14.4541
25.328,-7.1553,0.9022,-0.3459,1.9926,-6.5775,2.2739,-8.4251,15.8907
25.332,-7.8217,-0.4280,-3.1385,-3.9121,-5.1539,4.4881,-10.9096,14.6521
25.336,-9.0885,-3.3623,-3.1696,-7.2985,-4.0396,0.4857,-11.8434,14.0253
25.340,-6.1581,-1.4320,-2.8990,-3.7165,-2.3173,1.6777,-9.5480,11.0100
25.344,-5.9412,1.0381,-0.7813,-4.4311,-1.1128,7.5970,-6.8796,9.0614
25.348,-7.0541,2.2789,0.8894,-3.7070,-1.3117,3.8829,-7.7911,5.2297
25.352,-5.9909,4.2410,1.2499,-3.6007,-0.2435,5.8020,-4.1119,1.7045
25.356,-4.1620,5.3825,2.4831,-3.6594,0.2924,3.3115,-0.6631,-0.1263
25.360,-3.9139,6.6496,-0.8328,-3.9857,2.3903,2.4858,-0.1275,-4.2736
25.364,-2.1250,9.8922,0.8172,-4.2752,3.0717,-1.3097,2.8834,-1.5313
25.368,2.3280,4.7980,0.4869,-0.1329,3.2702,-2.6930,5.7680,-4.3697
25.372,2.8145,2.7792,2.7409,1.4069,4.7456,-3.1094,8.4932,-7.6663
25.376,6.9911,5.1056,1.2979,0.9029,5.6490,-4.5412,11.9783,-7.8046
25.380,7.6861,4.6132,2.2883,-0.5264,4.5823,-6.2923,12.9760,-7.6336
25.384,9.7402,1.0073,-0.1520,1.7211,3.9753,-6.6007,15.3266,-2.9851
25.388,9.2945,-3.4002,-0.2038,-2.4485,5.7806,-3.4451,16.9419,-0.8623
25.392,11.7959,-3.7002,-0.2676,0.2289,5.0809,2.1797,13.0886,3.1299
25.396,9.9707,-5.6436,-1.6988,0.7281,3.3760,0.6087,13.8459,4.2409
25.400,9.4747,-6.7756,-1.9982,-1.3526,-0.1312,4.5348,9.8888,2.3004
25.404,10.5524,-6.1781,-3.1583,-0.2964,-1.6294,6.9679,8.9042,6.0360
25.408,8.0580,-7.9416,-1.2519,1.1132,-2.6453,3.4408,6.6385,4.7574
25.412,7.5526,-6.3513,-1.6711,1.9162,-5.2460,0.3578,-0.7951,9.1054
25.416,5.1776,-4.7624,1.7318,-0.0236,-3.1696,-2.2041,-3.1174,7.2094
25.420,3.0935,-4.2223,0.0091,1.3327,0.4185,1.2903,-2.2112,9.8683
25.424,6.5096,-6.4231,-4.0504,2.7481,-0.9390,-0.2747,-8.5664,9.7283
25.428,2.9629,-5.2833,-3.7887,5.0851,-0.0946,0.6231,-12.3628,11.2895
25.432,3.1577,-2.0518,-7.2144,6.8538,-0.6501,1.2770,-11.6133,8.5210
25.436,4.6112,-2.1960,-8.0287,0.1791,-0.1975,-1.7671,-11.3575,4.3890
25.440,5.0552,0.3338,-9.0362,-3.1286,-1.0256,-4.9579,-10.8272,0.1178
25.444,7.8015,-0.0139,-5.9070,3.2731,-1.0121,-8.4591,-9.2535,-2.1892
25.448,5.7997,1.4738,-5.3748,1.7360,-2.4893,-9.4213,-10.1875,-1.6172
25.452,6.2569,-1.3567,-2.9310,-2.2029,-3.2643,-9.7117,-8.5609,-3.4759
25.456,4.4504,0.2313,-1.0751,1.4591,-3.1441,-12.4131,-9.9970,-9.7706
25.460,3.7453,0.4666,-3.3357,-1.4497,-0.1471,-16.5652,-5.9151,-11.2315
25.464,2.9254,3.6294,-1.7088,-0.5366,-0.9688,-16.3083,-3.5826,-12.1100
25.468,3.1944,4.6115,-0.7822,-4.4215,-0.1174,-13.8869,1.5729,-15.3949
25.472,4.4022,3.3454,0.4542,0.4210,2.5929,-16.4901,2.4808,-13.9568
25.476,5.4874,-0.2774,1.7669,-3.6036,3.8444,-17.0585,8.2805,-10.5288
25.480,5.4651,-2.2158,1.9541,-6.0725,4.8382,-14.7600,8.2055,-12.1898
25.484,3.9782,-0.8985,1.5732,-6.0352,3.1565,-17.2067,8.5945,-9.2371
25.488,4.2475,-2.9306,2.8466,-5.8794,1.5404,-15.9167,10.3907,-8.4142
25.492,1.3875,-2.6694,2.4890,-6.0645,-0.6673,-11.1813,10.7797,-7.4587
25.496,2.5347,0.7409,4.8500,-5.1010,0.1168,-11.2538,11.5350,-5.4843
25.500,4.6523,-0.4789,5.8268,-3.9202,-2.2813,-11.1388,11.5134,-1.0082
25.504,4.2920,1.0254,7.2397,-3.9931,-6.6266,-12.0462,6.2920,0.5168
25.508,-2.5319,-1.6758,7.8850,-6.2529,-7.6415,-7.4069,5.2194,6.8652
25.512,-1.3565,-4.0675,5.6759,-4.5858,-6.7595,-6.9617,2.4463,6.6292
25.516,-1.9802,-4.3076,3.4723,-2.5299,-7.1697,-4.6032,-0.1269,10.7813
25.520,-3.8318,-4.2545,3.1370,0.0764,-7.0213,-4.0619,-2.1513,9.7927
25.524,-4.8229,-6.6157,5.1665,1.9325,-10.0550,-5.2589,-4.4744,10.1141
25.528,-4.2024,-4.5304,2.8632,6.4101,-8.6608,-5.2390,-5.6763,9.5712
25.532,-4.4400,-4.1852,0.6677,3.6333,-9.2127,-5.3110,-7.4337,5.3405
25.536,0.7144,-2.6181,1.9834,4.5112,-7.2879,-6.0474,-8.8528,5.4248
25.540,-0.5169,-3.4153,1.7601,4.1579,-6.3555,-8.4305,-5.4667,3.8308
25.544,3.0877,-2.1327,1.6146,5.2647,-5.8158,-11.9863,-8.5312,3.0207
25.548,2.2979,-0.5920,4.8088,5.2720,-7.8608,-12.6446,-8.8423,-0.7524
25.552,1.2651,-0.4218,6.3841,5.0193,-7.2906,-13.5791,-7.7112,-3.5124
25.556,3.7897,-0.6035,8.0038,2.8437,-8.7708,-16.2500,-4.0259,-3.6910
25.560,6.4585,-0.4369,8.1438,4.1496,-6.7044,-15.6954,-4.4496,-5.3556
25.564,5.4811,-0.2650,6.4092,4.0194,-1.7368,-17.4527,-2.2215,-6.2252
25.568,5.4672,-1.3506,4.0032,4.3876,2.6666,-16.9138,0.6243,-5.5265
25.572,2.1841,-3.0363,4.8656,1.2121,4.7640,-20.6194,5.4829,-4.8445
25.576,2.8422,-2.7584,1.3936,1.5046,6.5775,-20.9538,9.0503,-4.5947
25.580,5.7623,-0.8455,3.6903,-0.2733,7.2600,-22.4021,9.6693,-2.9537
25.584,5.5641,0.8313,5.5568,-0.2361,8.8927,-22.5787,11.1375,-5.0974
25.588,5.2536,0.5170,3.8595,-0.9803,8.8987,-19.2887,11.2025,-2.6840
25.592,5.8234,0.3969,5.4561,-1.5986,6.7039,-17.3393,10.3718,-1.1655
25.596,3.3301,-0.4459,8.1925,-3.0295,8.1365,-17.6462,8.5829,0.7464
25.600,5.3010,-2.5272,6.6008,-3.4146,7.7618,-17.6770,6.5138,0.2756
25.604,4.5302,-4.8945,6.3333,-8.1287,7.0461,-13.8394,7.2631,4.0083
25.608,0.9195,-7.9245,4.7525,-6.3424,4.6712,-12.7660,6.5252,7.3821
25.612,0.8477,-8.8206,4.8211,-6.3688,3.8095,-10.5098,4.0846,7.5586
25.616,-5.7050,-7.9816,4.1857,-5.8829,2.1814,-7.2173,-0.3950,6.7272
25.620,-8.0940,-8.1401,1.2615,-5.2957,2.5723,-5.7864,-1.4190,9.6795
25.624,-7.5222,-5.6020,-3.1653,-3.2775,4.5323,-2.9182,-6.6983,10.0783
25.628,-6.2212,-6.1710,-2.0990,-2.7478,2.9451,-0.0995,-8.5659,9.6958
25.632,-4.3709,-8.6157,-4.5979,-0.0916,2.8410,-1.8933,-9.8008,7.4463
25.636,-5.1828,-7.1468,-3.4794,-1.3693,3.7950,-0.9392,-10.0730,7.0026
25.640,-4.6926,-8.8847,-4.0349,0.5856,0.8069,0.8443,-11.5812,3.9649
25.644,-1.0437,-5.9087,-4.8033,2.1463,-0.8388,-3.8631,-14.2661,0.3791
25.648,-4.2674,-6.4617,-7.1616,5.6333,-1.3719,-7.2072,-15.8049,-4.1304
25.652,-2.0517,-1.7866,-5.4038,0.2864,3.0159,-7.7631,-12.2101,-5.7878
25.656,-2.4482,-0.2738,-5.1144,-1.4091,2.0525,-10.0672,-7.9723,-7.5039
25.660,0.4491,-0.9752,-5.6308,0.3774,1.5932,-11.4976,-8.2202,-14.5571
25.664,1.6301,-3.7210,-6.3489,-1.6152,0.2551,-12.4421,-3.9025,-16.4967
25.668,-0.7590,-1.7158,-3.4509,2.4166,0.4848,-11.8575,-3.0674,-15.6925
25.672,0.9909,0.1125,-4.8808,-2.2587,1.1760,-10.0832,1.3580,-15.1324
25.676,-0.5146,-5.4903,-6.0930,-2.8136,1.3461,-12.6804,3.1694,-12.4450
25.680,-0.5594,-2.3898,-4.8921,-0.8397,1.1660,-14.9371,7.1396,-7.8318
25.684,-0.1067,-7.8974,-2.6867,1.3165,4.2223,-13.4127,5.7811,-5.9293
25.688,-0.0736,-7.4046,-1.8074,-0.2566,3.7436,-12.4719,10.3100,-5.8306
25.692,1.8579,-4.1803,-0.3752,0.8082,4.6099,-10.7319,6.3666,-3.2436
25.696,1.7568,-0.0106,0.4929,0.1227,1.2151,-6.3229,5.6417,0.7471
25.700,3.3427,-2.9750,3.9773,0.7434,-0.6850,-5.2360,8.5250,2.7707
25.704,3.7547,-4.6884,0.7107,-1.1162,-1.1901,-3.9195,6.6789,9.8414
25.708,5.0457,-4.9978,-0.0201,0.2155,-2.5903,-6.5981,9.4298,13.1110
25.712,5.3020,-6.9489,2.7319,-1.5573,-2.1645,-2.2651,6.4303,15.9319
25.716,4.8748,-7.8595,4.2001,0.9393,-2.0525,2.3354,4.4933,16.3498
25.720,4.9718,-9.1467,-0.6427,2.5420,0.7626,1.4829,1.3217,17.5669
25.724,4.5188,-8.3248,-0.1005,9.9097,1.5878,8.3684,-3.1195,15.7017
25.728,3.9022,-8.1850,-0.6565,10.7124,4.0993,8.7548,-4.7771,14.4175
25.732,3.4832,-5.3402,-0.8084,9.3039,3.0998,8.5481,-6.1667,13.4075
25.736,3.5852,-6.2808,3.0547,12.1305,4.8496,8.1494,-5.0689,12.1493
25.740,7.4348,-5.3753,-0.4307,9.1193,10.9680,10.1520,-4.7252,8.5046
25.744,10.2859,-4.8886,2.8110,7.7477,8.5194,10.6818,-3.6659,6.2802
25.748,10.4572,-4.8636,3.8102,9.7320,8.1559,3.8144,-1.0660,1.4800
25.752,12.2502,-5.8260,0.9480,7.5341,8.1339,2.8102,1.0533,-4.6137
25.756,14.9067,-3.2125,-0.8259,6.4173,6.5676,0.9188,2.5254,-2.4766
25.760,17.4667,-3.9442,-2.6682,6.7562,5.8074,-0.1447,5.1680,-3.3654
25.764,18.5178,-8.4239,-3.9299,4.9982,4.5033,-1.0760,8.0571,-1.3866
25.768,16.3070,-5.0645,-2.5921,3.6196,6.0838,-3.1792,11.3648,-1.6468
25.772,14.8083,-5.3866,-3.9117,0.1963,6.6774,-3.2569,6.0802,-1.8754
25.776,14.4529,-7.9799,-3.3065,2.5758,9.6331,-4.7655,10.2182,-1.1948
25.780,11.4621,-8.0886,-0.7233,3.1252,11.5207,-10.0180,10.5427,0.1572
25.784,9.7820,-10.9819,1.5398,0.3374,9.6262,-8.7526,11.6174,1.4820
25.788,8.0366,-10.2621,2.8621,-0.0708,12.9153,-6.6879,9.5119,3.6307
25.792,6.4276,-10.1290,3.4178,2.4407,15.6762,-8.8843,10.7805,8.1850
25.796,6.6059,-11.2712,3.5221,1.1728,12.7626,-7.0615,11.5521,11.7281
25.800,7.9509,-10.0680,5.6969,1.4386,8.2009,-7.0389,11.5976,12.2825
25.804,7.8961,-15.3945,4.8786,0.4141,6.7575,-2.1708,9.8329,7.4307
25.808,7.5064,-12.7480,3.3993,1.3974,3.6442,0.8894,10.0169,9.2494
25.812,6.4739,-11.6966,3.4747,1.5356,1.1941,2.8238,5.6907,9.7807
25.816,5.1738,-11.9051,2.7923,2.4529,1.9081,3.4339,2.8602,10.4442
25.820,1.7477,-12.6156,2.9555,1.2799,-0.0320,5.7328,-3.0335,9.9059
25.824,0.8784,-10.3077,3.5124,-0.8462,-1.2401,8.6571,-6.5149,10.0657
25.828,0.3528,-6.3525,3.0635,-2.4821,-1.9942,9.4846,-8.9021,7.7662
25.832,2.7256,-3.1712,-1.1795,-1.4912,-1.6992,6.6761,-12.5127,3.5550
25.836,2.4266,3.7646,-1.1943,-5.1564,1.4722,6.9068,-12.2411,1.4059
25.840,4.2621,4.7046,-2.3135,-3.7490,-2.7507,11.4065,-12.3650,-2.1700
25.844,6.8072,4.7612,-3.4144,-4.8485,-4.1025,9.3256,-12.6617,-1.7238
25.848,6.6181,2.6338,-7.5382,-4.2193,-0.2799,6.9136,-8.2538,-2.2579
25.852,5.6633,-0.8075,-9.2856,-0.0100,-3.5456,9.1866,-7.8915,-2.2634
25.856,5.2395,0.5835,-8.5709,0.3490,-1.9089,9.1466,-6.1526,-4.4477
25.860,3.5332,0.9225,-11.1806,-0.0462,-0.7797,9.7911,-5.8039,-5.9844
25.864,6.3883,3.3040,-10.1496,4.2463,-1.1546,9.2616,-3.7274,-5.5096
25.868,5.2142,4.4625,-8.4304,5.0768,2.5375,6.9252,-0.9795,-2.6401
25.872,3.7981,2.2123,-6.5269,3.8357,1.4153,5.8694,0.1574,-3.4528
25.876,2.0872,1.5871,-4.7119,4.2752,4.0437,4.5712,5.7619,-2.3153
25.880,2.3947,5.4356,0.1206,3.2209,3.6839,1.0913,10.6965,-1.3478
25.884,2.0990,3.7571,0.6156,5.4679,6.2284,-0.6405,12.7741,-0.9241
25.888,-0.0477,1.1182,3.2066,2.3527,8.6047,-2.1315,16.9373,-4.9381
25.892,-0.0074,0.4378,3.7019,-1.4762,10.1428,-6.1108,14.8088,-3.1845
25.896,3.0919,-2.4114,4.9112,2.2399,10.5801,-5.4862,16.3272,-4.5031
25.900,-1.0641,0.8258,6.5239,4.5835,11.6766,-6.6980,16.1403,-2.3983
25.904,-0.5153,-0.5748,4.1278,4.9847,12.6059,-6.1455,13.3687,-0.5018
25.908,-1.0684,-0.9481,8.1690,4.2182,9.3667,-2.0200,12.0187,3.0005
25.912,-1.7344,2.2349,8.2853,5.2884,9.2344,-2.8780,4.2910,4.4700
25.916,-1.7938,1.8986,7.1504,3.8940,10.6250,1.1767,3.4698,7.3614
25.920,0.8612,2.6987,7.7565,3.0587,6.1163,3.6482,2.2306,7.9785
25.924,1.1358,8.2169,10.1228,4.4923,5.3031,3.0063,-0.9369,7.8582
25.928,-1.4379,8.2779,9.0635,3.1609,6.8136,3.5270,-7.4232,9.1730
25.932,-1.8672,12.7470,5.4384,2.9693,4.2891,6.0135,-7.7710,10.4948
25.936,-0.4663,9.5175,4.1406,2.3146,5.7589,9.1128,-7.6049,7.6583
25.940,-2.9012,10.7668,4.0835,2.6329,4.2262,10.0769,-6.3306,5.6890
25.944,-2.8193,10.4034,1.6955,-0.5086,-0.8099,8.5315,-7.1739,3.2416
25.948,-1.1419,11.6418,1.8565,0.5245,2.4531,9.6465,-4.4033,-2.2209
25.952,-0.2001,15.1197,-1.4367,1.3060,1.1731,9.5068,-4.8092,-2.2906
25.956,3.6386,14.7380,-0.9572,-0.6721,0.1416,9.3321,-5.0620,-3.8755
25.960,5.7284,15.0370,-1.0116,1.9858,-0.9102,8.5308,-0.8154,-6.0774
25.964,9.1383,14.2525,1.9182,0.3493,0.1988,7.1811,1.4592,-7.1592
25.968,13.8760,12.1440,2.6106,0.1793,0.2754,7.2094,2.1231,-8.2374
25.972,12.8486,9.8216,1.1603,1.2780,0.8975,6.2375,4.3223,-8.8096
25.976,12.0357,11.6965,2.5010,2.2230,-0.6914,6.9336,8.6201,-10.7020
25.980,12.1259,9.9677,-1.4468,0.2552,-0.4822,4.5540,6.0805,-12.8601
25.984,8.7958,8.2454,-1.0533,1.0716,1.5894,2.8527,4.8057,-11.6050
25.988,7.9262,9.6627,-3.5826,-0.1258,1.5485,1.6048,6.8549,-8.6670
25.992,4.5526,10.2491,-4.0881,0.3448,3.9944,2.4278,6.8896,-7.6969
25.996,2.2232,7.4066,-3.6463,0.7452,3.0454,5.0861,3.9825,-6.3532
26.000,0.5448,7.9849,-1.0166,-0.1335,2.8334,6.4718,0.6647,-4.8856
26.004,-2.4466,5.4151,1.2093,-0.3385,2.0477,5.6266,1.8429,-4.0665
26.008,-3.5190,3.5014,-1.1373,-2.6446,3.4785,5.8564,-2.5008,-2.8099
26.012,-2.9309,1.4906,1.4764,-2.9181,0.9258,7.3602,-8.4969,1.4373
26.016,-5.2854,0.7760,2.2933,-1.6672,2.8020,7.7377,-9.3654,5.9631
26.020,-5.8415,-0.0883,3.6105,-1.0332,-1.0919,7.5024,-10.6543,1.6221
26.024,-6.3580,-0.6565,0.0266,-1.2502,-2.3931,7.9322,-10.3269,0.5919
26.028,-7.0402,1.7075,0.9519,-2.6340,-2.0155,6.1396,-13.8448,1.0338
26.032,-5.5968,2.7779,-0.1005,0.0576,-0.6213,7.2354,-14.7454,1.7884
26.036,-3.9124,6.0669,0.1628,0.3544,-1.4233,7.4829,-15.6876,-0.1233
26.040,-1.4050,0.0984,0.0829,0.9304,-3.6305,9.0001,-15.6352,-0.5739
26.044,0.3093,0.4580,-3.8576,0.9174,-4.1598,10.6786,-17.5451,-2.0691
26.048,2.0932,-0.2257,-2.2069,1.7359,-3.6398,10.1768,-13.9442,-4.9507
26.052,3.0754,-0.3899,-2.0375,7.5538,-3.0171,8.3664,-9.5524,-6.6478
26.056,4.7924,2.7912,-2.7646,8.8586,-3.8478,6.7640,-7.7759,-6.8060
26.060,5.5595,-0.9728,-4.8856,6.9053,-3.8942,7.5605,-7.3199,-6.9107
26.064,9.9681,-2.5377,-4.8673,7.5151,-5.2026,4.6582,1.3794,-6.3131
26.068,9.7268,-0.0377,-2.0659,6.8999,-2.6872,0.5612,4.9882,-6.9382
26.072,10.3588,-1.1922,-4.2407,3.9591,-2.0579,-2.2222,4.9138,-9.4731
26.076,8.5673,-1.9643,-0.9602,-0.9964,1.8388,-6.7431,6.2436,-8.9191
26.080,8.6529,1.1369,0.5137,-3.9499,2.8103,-5.8914,8.5934,-10.8294
26.084,6.9241,0.5463,2.4526,-6.9110,6.5849,-9.1920,8.7423,-7.6999
26.088,6.6123,1.1047,-0.8071,-4.3831,5.9296,-11.0496,8.0707,-4.8556
26.092,7.6359,-0.6761,-2.9704,-3.9659,4.6837,-8.2887,8.7001,-3.8585
26.096,5.3056,0.2784,-1.5142,-5.7429,7.5847,-10.8802,7.8967,1.0141
26.100,3.5949,0.6343,3.0456,-5.9417,8.1117,-9.5679,8.4884,4.4566
26.104,0.6726,0.5945,2.3900,-6.1929,6.6495,-9.1127,6.8133,5.2486
26.108,-0.4548,-0.5608,2.2669,-8.8619,7.6511,-8.1172,4.3431,8.3007
26.112,-2.0777,-1.5143,3.5204,-7.9164,6.1978,-9.8730,4.0881,9.4331
26.116,-3.0575,-2.1027,2.1726,-6.9892,4.1135,-7.9524,1.5278,8.9441
26.120,-4.5845,-2.4005,2.1506,-1.2194,1.9244,-7.2466,-0.1652,9.6980
26.124,-3.7170,0.1522,-0.4875,0.5317,0.8253,-3.1247,-1.3842,7.8589
26.128,-0.2965,0.9384,3.8562,3.5987,-0.4831,-4.9318,-5.0549,4.1094
26.132,0.9998,4.6444,-1.0646,4.1040,-0.4695,-4.7765,-6.4545,1.1989
26.136,1.4314,8.5243,1.7705,9.2786,1.3409,-1.9290,-10.1274,-0.8022
26.140,2.6415,9.5253,-1.9569,7.0296,1.8407,1.5489,-10.0619,-3.6519
26.144,2.3547,8.4689,0.2087,9.7884,3.4766,3.9773,-9.6003,-6.3485
26.148,4.0749,5.3993,0.4378,10.6314,5.3656,7.7235,-10.6130,-10.8995
26.152,-1.0756,4.3339,-0.1856,11.2100,5.7434,7.4940,-10.3431,-8.8660
26.156,-0.8405,5.3513,-2.5014,13.9620,2.0472,8.8817,-8.4687,-15.1891
26.160,-1.4641,4.2509,-0.1064,9.7624,0.8795,6.5288,-3.8212,-13.3168
26.164,-3.6870,2.7868,-1.7515,10.2941,1.4035,6.2270,-3.0928,-16.3584
26.168,-4.5882,1.4877,-2.0666,12.1515,-1.1782,7.3998,-3.2438,-16.7077
26.172,-3.9186,5.3683,-5.4745,10.9876,0.0344,5.4239,0.6817,-17.1983
26.176,-4.3017,4.7342,-4.9319,12.1449,-1.6968,2.9914,2.1961,-14.6284
26.180,-4.3800,4.5512,-5.8023,9.3485,-1.4209,-1.0904,6.3049,-14.2891
26.184,-2.2924,0.8153,-5.9898,8.7353,-0.6488,-1.9563,6.4660,-12.1687
26.188,-3.5179,0.9167,-3.8734,7.0718,0.6520,-3.4235,7.0172,-10.9199
26.192,-5.1282,-3.7139,-5.0297,7.0789,0.8071,-1.1439,7.1408,-8.1414
26.196,-5.2235,-5.0533,-5.0714,9.4655,2.4506,-1.2905,9.1314,-6.4079
26.200,-6.4776,-8.0545,-1.8202,10.1688,1.6610,-3.0744,8.6601,-0.6647
26.204,-9.4283,-7.3610,-2.9135,6.8347,-0.4812,-1.8408,11.6165,2.7289
26.208,-8.2752,-8.7874,-1.8991,6.4033,2.3659,-2.9511,8.3744,4.0059
26.212,-10.7884,-4.5265,-4.1157,5.8874,2.6021,-4.3481,5.4669,5.1695
26.216,-8.1380,-5.2142,-1.7506,1.8025,0.9020,-2.0668,1.8574,3.0816
26.220,-5.7330,-3.4795,0.8753,2.6027,1.2228,-0.2236,-2.3075,3.8516
26.224,-3.7418,-1.9416,0.8756,2.4252,-1.5601,1.5506,-3.6094,5.5788
26.228,-4.0285,-0.3225,-0.2116,6.1008,-4.2350,5.7328,-6.7031,2.1178
26.232,-3.6392,-0.8728,2.4324,5.3800,-2.8592,5.2173,-10.5987,2.0351
26.236,-3.6216,0.3157,3.9811,5.8469,-0.0851,4.4861,-11.3940,2.5366
26.240,0.9931,-1.6911,6.3851,9.0776,-2.1106,6.8425,-11.3194,-0.8624
26.244,2.9665,0.2399,7.7591,8.8104,-1.3804,5.3092,-8.9904,0.6888
26.248,5.3834,-0.5515,4.7865,7.3099,-1.7315,10.6739,-10.1356,0.7506
26.252,5.2372,-0.7726,5.7803,6.3160,-1.1766,9.6430,-7.7450,-1.6117
26.256,3.7709,3.5989,2.3679,6.0357,-1.3184,8.4749,-6.4563,-4.3652
26.260,3.9258,4.1738,1.5429,5.6962,0.4941,7.3031,-2.9424,-6.1254
26.264,3.6464,5.0497,0.3243,3.9542,-0.3773,7.7672,-2.7361,-9.0127
26.268,0.2598,6.6442,-0.5350,3.6318,-0.7745,8.5592,0.7564,-8.2036
26.272,-2.9878,6.0689,-0.8658,0.6073,0.4194,9.1571,0.4820,-9.5852
26.276,-2.3992,5.8743,-1.3107,0.6401,-1.2591,10.5292,6.1670,-10.2523
26.280,-3.1857,2.9298,-1.3187,-2.4794,0.2522,11.8330,8.8545,-6.5752
26.284,-5.5008,3.6345,1.0222,-3.4491,3.6606,8.3433,13.7184,-9.1957
26.288,-4.1472,3.0851,2.5091,-3.2972,5.2869,6.1313,14.8713,-6.2560
26.292,-3.4132,1.3613,2.5221,-4.8742,5.3156,5.5070,15.3612,-4.1655
26.296,-4.6431,-2.4130,4.0459,-2.5918,6.4600,4.0809,14.1653,-0.8719
26.300,-5.8196,-2.5782,4.9290,-6.2921,6.7359,0.6561,9.5726,-0.7605
26.304,-4.9835,-3.2586,5.6511,-4.8581,9.3373,0.9438,7.1498,4.4333
26.308,-5.8239,-1.3558,4.4484,-3.9077,8.6128,-1.5665,10.2140,6.2934
26.312,-6.1425,0.5781,3.8740,-3.8257,9.5447,-3.0448,9.4135,7.7002
26.316,-6.1462,-1.4721,1.5100,-4.9103,9.0432,-3.2506,3.8280,7.3552
26.320,-6.3076,-0.2257,-1.0303,-1.3775,6.9556,-3.1228,4.3922,4.6860
26.324,-6.9316,2.4479,0.3475,0.0952,6.1249,-0.0196,1.2399,5.5944
26.328,-4.1815,1.8855,-1.6861,-5.1427,5.0203,0.6667,-2.2633,3.1609
26.332,-1.5197,5.1645,-1.7095,-4.4359,2.4698,2.9165,-4.4439,1.3582
26.336,-0.9279,4.4582,-0.9249,-4.7202,1.5312,2.5767,-6.4442,0.6749
26.340,-2.0946,5.3679,-2.5965,-2.6203,-1.1607,7.1024,-8.9194,-0.9158
26.344,-1.1034,3.0115,-2.8387,-1.1030,-2.1004,8.6136,-13.8017,-3.5848
26.348,2.2852,5.4437,-1.0941,1.4781,-2.4690,9.5224,-10.6865,-4.9784
26.352,0.2841,6.6363,-1.8503,1.7838,-1.1033,12.7182,-4.9707,-6.8728
26.356,1.5659,8.3034,-2.8871,4.0646,-3.0886,14.2333,-8.3157,-10.4449
26.360,2.8137,10.1266,-2.9137,4.1708,-4.6191,14.1906,-6.0989,-11.8006
26.364,2.9213,10.4782,-3.4438,3.2218,-5.7817,14.7369,-4.0228,-13.4843
26.368,1.7975,8.5454,-5.7885,2.1079,-9.0848,12.2788,-1.2558,-16.4479
26.372,1.7701,6.6720,-7.3294,2.6329,-9.5532,8.9394,-0.3807,-17.4110
26.376,0.5810,5.9215,-6.3344,1.5553,-10.9894,7.5382,4.4044,-15.1721
26.380,-2.7447,5.8642,-3.2291,-0.7247,-9.4474,7.6742,6.0057,-5.3519
26.384,-0.9634,6.6757,-4.4332,-2.1257,-9.7548,6.0168,7.8610,-6.1640
26.388,-2.0594,2.2593,-5.0005,-4.9331,-9.2447,4.7374,10.1199,-3.2591
26.392,-1.7098,1.2280,-4.5708,-7.3714,-7.8237,0.6764,9.9223,-1.8629
26.396,-2.3288,0.5305,-2.6187,-8.2571,-7.2006,1.3733,6.9481,3.7007
26.400,-3.4199,-0.6512,-1.9003,-9.3589,-2.9248,-4.0995,5.5304,6.0425
26.404,-4.7607,0.2104,-0.9753,-7.7340,-4.6097,-8.0106,4.9589,6.3179
26.408,-3.6428,1.4145,1.5986,-10.2132,-1.4491,-9.5876,1.3132,9.4377
26.412,-4.3169,3.8738,2.0088,-7.9694,-3.4966,-11.1773,1.3652,9.4991
26.416,-1.1452,7.1613,1.3802,-6.6671,-1.8416,-12.1908,-0.6916,6.5329
26.420,0.1934,5.0430,2.9156,-9.8301,0.0373,-11.9625,-0.0202,10.4016
26.424,-0.1673,4.3823,6.1334,-6.6760,0.1400,-10.0948,-1.1356,7.4994
26.428,0.5732,3.6227,6.1168,-9.9544,-1.4934,-9.2152,-3.0649,5.7276
26.432,2.2209,4.3526,5.1501,-11.3937,-0.3675,-4.0883,-7.2240,9.1723
26.436,3.0091,5.5382,5.4985,-8.1511,-2.5010,-2.7623,-9.3511,9.6962
26.440,2.4501,7.3292,6.3028,-8.0205,-2.3367,0.7085,-12.6379,8.6139
26.444,3.6653,11.4020,7.4796,-8.2866,-1.1703,3.4272,-13.3753,8.4469
26.448,6.4025,11.9467,4.9789,-6.7493,-3.0547,1.8260,-8.9988,2.9100
26.452,7.2760,12.1408,3.9954,-2.5565,-1.1611,1.1869,-6.0964,-1.0505
26.456,7.2494,8.3262,2.5155,-0.3480,-1.0202,2.2893,-1.5034,-3.3846
26.460,6.3528,9.9798,2.9961,2.6941,-2.4268,1.6774,4.0248,-8.3095
26.464,6.1030,12.5266,5.2865,3.2705,-2.0818,-0.9765,8.4551,-8.4418
26.468,5.5084,12.1318,3.9418,2.5272,0.3704,0.7991,12.2684,-10.7753
26.472,3.1976,8.5149,3.1106,3.2928,0.4827,2.7937,15.4767,-11.0045
26.476,-0.3993,9.0542,2.7322,3.0930,0.8421,2.6102,15.6195,-8.2221
26.480,-1.9204,9.1241,4.0816,5.4041,-2.1466,2.1915,13.5964,-7.2936
26.484,-3.8136,5.2528,5.8818,1.1632,-0.1334,0.7246,14.2846,-3.6296
26.488,-6.0925,3.5126,1.8357,-1.3952,1.5677,0.9187,11.5091,-2.8407
26.492,-7.0624,0.3389,2.5511,-2.5987,0.9666,2.5906,13.0137,5.7326
26.496,-8.2532,1.8366,0.0004,-6.2953,-0.3520,0.5125,11.6588,8.3686
26.500,-8.6069,2.4373,0.2274,-4.7416,0.3124,-1.0880,12.1492,11.9618
26.504,-9.2891,0.5925,-1.8646,-5.3582,1.5076,0.9164,9.6514,14.1887
26.508,-6.9631,-1.7829,-1.4620,-2.7243,2.8241,-0.8750,11.7177,14.8488
26.512,-6.2859,-2.0030,-0.9643,-5.6083,3.3077,-2.9498,6.8459,16.3663
26.516,-4.7143,1.6085,-2.9253,-2.6113,3.6693,-5.4283,2.0268,14.0409
26.520,-2.3171,2.8333,-1.7461,-0.5183,5.1797,-5.7780,3.6194,11.1553
26.524,-2.5432,1.3608,-1.8802,-0.1850,4.6995,-4.6703,0.3066,12.5370
26.528,-5.2473,-2.6624,-1.6834,0.7700,3.4486,-1.2644,-4.2437,14.5254
26.532,-4.3311,0.7065,-0.7506,1.2707,3.5702,-2.9464,-7.7494,9.7304
26.536,-4.3231,0.4350,-4.1580,1.0371,-0.3237,-2.6908,-5.4241,9.3073
26.540,-3.9341,-0.5280,-7.6596,2.7029,0.6229,-0.5526,-7.2883,4.9021
26.544,-3.6347,-1.4158,-10.0520,3.3852,-1.4251,3.2466,-5.7982,6.2079
26.548,-3.9678,-1.7362,-8.6073,3.3746,1.7397,3.9119,-1.3191,1.9944
26.552,-4.8455,0.4538,-8.3034,1.6339,-2.5401,6.9392,-1.1932,1.8044
26.556,-4.2967,-0.0562,-4.8448,-3.0508,-1.3607,9.6193,-1.1111,-2.1032
26.560,-1.1182,4.2649,-5.7687,-1.3678,-4.3699,12.1130,3.0139,-2.8378
26.564,-3.8201,5.5606,-5.5832,0.1324,-3.2411,13.9819,2.1188,-7.7450
26.568,-2.6729,2.7112,-4.9409,1.8096,-4.0139,13.6243,3.7274,-8.3565
26.572,-5.0230,-0.6823,-4.7482,1.5161,-5.8098,16.6500,6.5896,-8.9182
26.576,-3.5552,-2.3652,-5.7108,4.0305,-4.3062,13.4145,6.7839,-6.9804
26.580,-0.7892,-2.2063,-6.2622,4.1807,-3.2602,12.0345,8.4837,-2.7204
26.584,-4.0449,-0.3480,-3.8019,1.2005,-2.2514,8.8540,8.2053,-1.2266
26.588,-5.1304,-0.7537,-7.4178,-0.9260,-1.8082,6.2168,9.0464,4.2359
26.592,-3.6215,-4.5507,-8.6392,-0.6044,-2.9638,4.1734,9.3174,7.5479
26.596,-6.9088,-7.0048,-10.0222,-1.0645,-1.6934,2.4386,10.9280,12.9328
26.600,-4.2652,-7.6000,-9.3496,-1.5390,-0.5914,1.7746,8.7817,11.7730
26.604,0.4029,-5.4795,-7.0761,-3.5005,0.6440,-2.0114,7.0693,15.5522
26.608,-2.6218,-6.9384,-1.5647,-5.0149,2.8228,-3.9659,5.3895,18.6360
26.612,-1.6231,-5.5809,-0.3707,-4.5110,6.6023,-6.0485,1.1521,19.6269
26.616,-1.5535,-8.9745,0.1998,-3.0211,8.7227,-3.3125,-4.4699,16.8717
26.620,-0.7906,-8.3160,0.7166,-3.4469,10.3263,-4.0067,-9.2796,13.1239
26.624,0.7038,-6.7304,-0.2300,-3.3640,8.9509,-5.1175,-10.9643,13.3049
26.628,1.4406,-4.0174,0.0641,0.1173,9.2620,-7.8465,-11.9973,13.5108
26.632,2.8096,-3.0808,-1.2908,-0.1757,9.2593,-4.4263,-12.7508,11.4601
26.636,-0.2406,-1.9756,-0.0050,4.3032,8.2878,-4.6245,-15.7705,10.5995
26.640,1.3014,1.7001,0.0286,5.4731,7.7031,-4.3062,-15.2949,11.1660
26.644,0.8605,2.4357,-1.7047,8.7961,4.0541,-3.8449,-12.9713,8.1320
26.648,-2.2017,4.8764,-3.5371,9.2843,5.8598,-3.0560,-13.1975,5.5220
26.652,-3.3744,3.1407,-5.4168,8.8746,4.1096,0.9329,-11.5300,3.0275
26.656,-1.7820,4.4611,-5.6479,8.6274,4.9298,1.6905,-8.7410,-2.4403
26.660,-2.2110,3.1673,-4.9807,12.4034,5.8995,7.6639,-7.6802,-4.6363
26.664,-2.9256,3.4327,-8.9846,11.4508,7.2714,7.9750,-2.6348,-5.0508
26.668,-3.3800,2.5515,-10.4298,9.2198,7.2019,6.7897,-4.5321,-6.5765
26.672,-2.2137,0.7898,-7.9278,8.3147,5.5625,9.8467,-0.1088,-5.9976
26.676,-0.9691,-1.1600,-10.3760,5.5176,4.3409,10.1931,0.8773,-4.6203
26.680,-2.6167,-0.6991,-10.6724,5.1553,2.4832,9.7985,2.2659,-4.9641
26.684,-5.8137,-3.8751,-12.2329,6.6737,0.7757,8.9736,3.3446,-1.0460
26.688,-7.7392,-6.6110,-10.8696,6.4421,-0.6125,6.9911,7.5214,1.6906
26.692,-9.1900,-7.3709,-11.2572,7.1464,-2.1164,2.2279,6.7482,3.8529
26.696,-11.0251,-7.7104,-11.7769,7.9759,-0.3420,1.6190,7.2345,5.1180
26.700,-11.6341,-7.6468,-9.5816,6.1747,0.3196,0.1566,5.1702,7.7246
26.704,-10.7344,-7.3847,-6.0873,5.9575,0.0562,-2.6660,-0.8522,10.3445
26.708,-12.3027,-6.7547,-5.5594,5.7906,0.2527,-5.0348,-1.1286,12.6089
26.712,-8.8812,-7.8694,-2.6744,3.9399,3.1468,-4.2447,-4.4045,9.2536
26.716,-4.2972,-9.0832,-4.4190,2.5510,4.8043,-3.4371,-7.6604,7.5225
26.720,-2.7836,-8.8002,-6.6689,-2.7226,5.5887,-2.1979,-11.6997,8.9696
26.724,0.9863,-7.0014,-5.3040,-0.2892,5.8999,-2.4853,-12.9921,9.3538
26.728,0.8885,-7.6614,-8.4536,-1.1229,6.7423,-2.6851,-14.2812,8.9785
26.732,2.3691,-8.2810,-7.6750,-0.5775,7.6203,-2.7761,-15.1186,6.1728
26.736,3.1832,-6.0571,-5.6697,-1.1951,5.5261,-3.5319,-14.5477,3.3905
26.740,2.4193,-4.0938,-4.1803,1.6294,3.1214,0.5357,-14.5913,1.7128
26.744,1.6299,-4.0323,-2.2543,4.1962,6.2423,1.0435,-16.2009,1.4149
26.748,1.2239,-2.8002,-1.2626,5.3264,3.8779,3.8962,-17.0448,0.6845
26.752,0.7470,1.3548,-1.8719,7.7323,4.5047,1.5650,-18.8170,-1.8470
26.756,1.6552,1.6986,-1.1969,10.9447,4.3669,5.0743,-17.9549,-2.3367
26.760,-0.6089,2.7476,0.5999,11.4417,5.7471,5.3554,-17.6604,-7.9163
26.764,1.6214,3.9811,0.8447,8.1793,3.2011,5.3846,-11.0664,-8.4155
26.768,0.1086,2.4516,-0.4169,8.5930,3.7976,9.6894,-7.5432,-8.8841
26.772,1.8646,-1.4280,-2.2244,7.6823,5.3573,13.3125,-5.7102,-6.6746
26.776,-0.2159,-1.8285,-0.8941,6.3895,2.1810,13.3786,-3.1308,-3.8736
26.780,1.2857,-5.6097,-0.8440,5.2232,-1.9919,12.3138,-0.1278,-2.8783
26.784,-0.0190,-6.5104,-3.9065,6.6491,-3.3584,11.7313,2.9289,2.3686
26.788,-2.3886,-6.2816,-6.3336,7.4978,-3.6746,6.5910,5.8410,4.8764
26.792,-1.1953,-5.2795,-0.7035,3.3183,-5.4356,7.5450,6.2128,5.2113
26.796,-0.0630,-4.7370,-3.5563,4.2807,-6.4858,6.4605,5.4177,6.3980
26.800,0.8814,-6.9887,-2.9030,4.6876,-4.4699,5.3999,4.4189,8.8601
26.804,-1.3900,-5.2499,1.4923,4.6653,-3.1973,5.5357,1.5436,7.5733
26.808,-1.7256,-2.4709,-0.9230,5.3631,-2.1299,2.1671,4.1455,8.0893
26.812,-1.1760,-2.9241,-1.8882,3.8461,-1.9555,-2.2816,4.0079,7.6256
26.816,-3.5521,-2.3640,-3.7751,1.5376,-0.4269,-3.6963,5.0724,7.5991
26.820,-3.0204,-4.2171,-0.5082,-0.4670,-0.4597,-6.7073,0.0778,5.6520
26.824,-2.4058,-4.0339,2.0047,-1.9732,2.3341,-8.1730,-0.5871,4.9230
26.828,-0.6273,-2.9433,0.2594,-1.9330,6.1777,-7.8282,-3.0681,3.1081
26.832,-1.6903,-5.4286,0.9862,-2.1554,5.9995,-7.2065,-3.8737,-1.4324
26.836,0.2088,-7.7566,1.8797,-1.1064,6.0927,-9.3944,-3.8034,-1.6641
26.840,0.0014,-1.7688,3.0624,-0.6733,5.4518,-9.3886,-6.5717,-2.3475
26.844,3.1904,0.2431,0.5908,-0.4126,2.2332,-5.6026,-7.7989,-7.3175
26.848,-1.0606,2.0681,4.1164,-0.3981,3.0315,-4.1054,-7.6471,-8.5615
26.852,-0.8225,3.2111,1.7050,-0.5934,0.6228,-2.2840,-3.8613,-13.9547
26.856,-4.1536,3.4965,2.3447,0.5034,-0.8868,-1.6792,1.0235,-16.4007
26.860,-4.7607,0.0091,-2.1744,2.6290,-0.0162,0.6954,-2.1060,-17.4086
26.864,-6.4687,-0.9854,-1.0986,4.6737,-1.0050,5.3819,1.4990,-15.8708
26.868,-6.0757,-5.4348,-2.5595,3.5404,-2.6602,7.3679,6.6461,-15.5057
26.872,-4.1999,-5.2992,-4.6898,4.9573,-1.4103,6.6763,8.0832,-15.4756
26.876,-7.7388,-5.9259,-5.4433,3.8998,-2.7024,9.9571,9.9194,-12.6330
26.880,-6.1790,-2.7144,-9.3004,2.8678,-0.6506,10.9188,14.4153,-10.1978
26.884,-6.2567,-3.6984,-8.4205,1.3483,-1.2147,11.3163,17.0246,-6.6630
26.888,-4.8614,-6.7679,-6.7718,0.4336,-2.9606,11.4721,17.1411,-4.4700
26.892,-7.0541,-8.1366,-6.5321,-0.1693,-2.9283,12.6445,16.6342,-2.1915
26.896,-6.0288,-7.8030,-7.5335,-0.6444,-1.0600,12.1638,16.2055,-0.5214
26.900,-3.6127,-10.6986,-3.3735,0.2458,-0.4045,15.2253,14.5581,0.3345
26.904,-2.0715,-8.2388,-3.6371,-2.7184,-1.8264,14.7300,14.7054,0.2576
26.908,0.0108,-11.1118,-1.3618,0.5378,-2.4209,16.5086,13.6610,3.1485
26.912,0.0298,-10.6697,-5.1384,0.2504,-0.7105,13.7526,9.7076,2.4687
26.916,-1.1246,-11.7775,-3.4188,3.4173,-0.6602,11.0377,5.3401,2.3224
26.920,-1.6668,-7.6505,-1.4318,6.4124,3.6391,9.7591,-0.1890,2.0176
26.924,3.2917,-5.7810,-3.8936,6.2297,4.4108,12.0184,-1.1274,4.2824
26.928,2.3783,-1.9029,-3.5586,4.1444,5.1125,9.1944,-1.9990,0.6305
26.932,5.6924,-2.5482,-2.4061,6.1348,6.8631,4.6499,-5.0586,1.3898
26.936,7.7550,1.2788,-2.5967,5.9225,7.4482,7.3852,-7.1130,-0.7297
26.940,9.5265,2.7415,-2.2301,6.1899,9.0916,5.2531,-10.0318,-2.8004
26.944,8.2611,0.9705,-1.2009,5.2497,9.2175,5.0311,-8.4578,-6.1613
26.948,10.0400,1.8261,-0.4607,1.4101,9.5172,2.8068,-8.4745,-8.0545
26.952,9.0094,3.5410,-1.3486,-1.7320,10.9232,2.0492,-7.9247,-9.0758
26.956,5.5271,2.9448,-4.1401,-0.7810,10.9799,6.6034,-0.4493,-11.4038
26.960,7.5944,3.8744,0.5024,1.4805,7.7084,7.0629,1.2787,-12.3951
26.964,5.2437,2.5229,-2.0303,2.1601,7.4875,8.6101,4.1973,-14.3427
26.968,0.5805,2.1708,-2.5563,4.0965,5.9209,6.4932,4.2032,-13.8077
26.972,-0.4323,4.0549,-3.0575,7.9638,5.3213,4.7269,9.3157,-12.0399
26.976,-0.6359,4.4183,-2.4548,5.5370,4.9809,5.8235,9.0080,-12.7721
26.980,-2.0967,2.6683,-2.9845,0.6799,4.3429,7.5350,10.4252,-8.6545
26.984,-0.8351,5.4177,-2.3356,0.7374,2.3922,6.5056,14.5882,-6.0957
26.988,-3.8699,3.9104,0.3236,1.1756,0.3898,3.5215,14.5416,-3.5225
26.992,0.3190,5.1344,-2.0276,-1.4811,-3.7103,6.6352,18.2587,-2.0711
26.996,0.5770,2.8836,-3.5231,0.1470,-3.4799,0.5976,17.2753,-2.1177
27.000,2.3598,4.8085,-4.4662,-1.1046,-5.0246,0.3912,17.4710,-1.9152
27.004,2.8796,2.8271,-7.0453,-3.5309,-5.8366,2.4239,14.0604,3.8276
27.008,1.0564,-1.9670,-4.5491,-5.9660,-3.5609,4.2078,9.8360,5.8813
27.012,3.0908,1.1518,-4.9797,-9.1822,-2.4687,-0.6533,9.5921,7.8049
27.016,2.9708,0.4991,-4.4967,-7.7223,0.4286,-0.1617,4.1368,8.5984
27.020,0.6441,1.4537,-1.6886,-5.8732,-0.3609,0.7949,-0.0426,10.8574
27.024,2.5137,1.2305,-1.9768,-4.9043,1.5990,-0.2117,-4.5164,11.6498
27.028,2.3990,1.0014,0.4812,-1.6464,4.4847,-4.0103,-7.6970,7.1556
27.032,6.6265,1.5329,0.9109,-3.7219,2.7454,-3.8587,-9.4824,3.2048
27.036,5.0099,2.8787,0.9189,0.5615,4.7316,-4.6900,-7.3276,-0.1153
27.040,6.6941,1.4905,2.0804,-1.9846,4.4658,-4.1278,-5.0275,-1.2093
27.044,8.6144,1.3762,0.5615,-0.8772,2.4429,-2.0057,-5.3710,-2.2643
27.048,7.6509,1.7308,0.0621,-0.7374,3.4217,-1.2262,-6.4899,-3.1559
27.052,6.1540,2.0707,-4.1360,-0.8359,2.7327,1.6770,-4.1044,-4.2141
27.056,8.0444,3.1895,-3.9188,2.0387,-0.9461,4.3412,-3.5400,-2.8286
27.060,6.5044,1.5645,-5.1448,1.7912,-2.1425,4.5889,-2.7627,-2.3935
27.064,3.8015,1.7885,-4.2127,2.4780,0.0998,0.3538,-1.5113,-6.3538
27.068,2.3551,1.7490,-5.3023,1.8352,-2.1365,3.3052,1.5233,-7.0747
27.072,-1.9347,-1.2775,-6.1243,2.5026,-2.0101,-1.8459,2.3150,-3.2293
27.076,-0.3854,1.1147,-4.8187,0.5038,-1.4877,3.5334,2.3786,-2.0482
27.080,2.4798,0.2995,-6.3155,1.1295,0.3592,5.5744,7.7779,0.7625
27.084,1.3598,3.3685,-5.6558,1.5111,-2.5861,5.6841,9.2862,3.7695
27.088,-0.9307,4.9873,-6.7999,-1.0095,-4.6606,7.8821,10.9267,0.8003
27.092,1.5513,1.6698,-3.4526,-3.0619,-5.6720,9.1325,11.9233,3.2260
27.096,2.7307,-2.2440,-4.7329,-2.3117,-7.1694,11.3094,12.5850,8.0872
27.100,2.7264,-5.5539,-5.6941,-2.7346,-6.6292,11.1814,9.3107,8.5175
27.104,3.6541,-5.5165,-5.6127,-4.6803,-6.2538,13.4117,6.8156,7.8391
27.108,2.2637,-4.8354,-5.4323,-3.5129,-5.7584,10.8456,5.9103,9.0942
27.112,0.5546,-6.8499,-2.9188,-3.9208,-5.0199,8.4869,1.2316,10.1621
27.116,1.3692,-10.3562,-0.4759,-7.9886,-5.5546,8.9495,2.2744,9.6839
27.120,2.9974,-9.0665,0.3811,-10.4665,-5.4602,5.1268,5.0402,9.7892
27.124,1.3668,-9.0069,3.1108,-7.9167,-1.1409,0.8186,2.0736,4.5434
27.128,3.1223,-7.7443,6.5281,-6.7059,0.2539,0.3883,-1.8545,4.3375
27.132,2.6995,-6.1546,5.4294,-4.6694,4.0405,-1.5300,-2.8082,0.8237
27.136,1.8516,-4.2753,5.3913,-4.7085,4.0075,-4.3323,-3.9025,-0.3687
27.140,3.5193,-4.9677,5.0112,-0.4800,5.8312,-4.4296,-5.0486,-3.1020
27.144,3.0935,-3.0861,6.4233,-0.6501,6.7535,-6.0878,-5.3103,-6.5993
27.148,2.4604,0.5954,3.9167,-0.6566,5.3372,-5.6611,-3.7432,-6.7223
27.152,1.2658,-2.0374,4.9488,-5.5749,5.0530,-5.6453,-5.6526,-10.6295
27.156,3.0461,-0.0108,2.9834,-6.9760,7.3448,-5.5990,-2.6944,-12.3914
27.160,0.5136,-1.0730,1.1910,-8.0273,4.8054,-2.9159,-1.5791,-13.8491
27.164,2.9047,-3.3302,3.1192,-7.5632,4.8088,-4.3845,1.0099,-12.6763
27.168,0.2686,-5.2923,0.5556,-6.6672,3.7959,-4.0462,5.9292,-15.7695
27.172,-2.6897,-8.8546,1.1423,-6.4263,4.1468,-5.4586,9.6303,-14.8923
27.176,-3.4903,-8.1642,2.5708,-4.3575,3.2226,-1.9240,13.7477,-13.8225
27.180,-4.9344,-10.1779,4.4285,-3.6968,1.9967,-5.4189,15.7861,-11.4249
27.184,-2.5314,-12.3414,5.1636,-2.9499,-0.6705,-3.2169,15.2531,-7.7727
27.188,-4.6391,-11.0294,0.1939,-0.8066,0.1304,-3.9141,12.6106,-9.3265
27.192,-2.9798,-9.7568,0.6892,-2.6563,-2.0155,-1.2991,13.3488,-6.4115
27.196,-4.1837,-6.7937,-2.9492,-1.5279,-0.8363,1.9515,13.3725,-4.5283
27.200,-2.8227,-8.9344,0.1039,-5.4194,-2.1118,0.9074,13.6110,-2.1248
27.204,-2.8861,-9.2898,-0.7002,-8.1953,-4.1559,-0.8647,13.8524,0.2107
27.208,-0.0496,-9.7111,0.7663,-8.5988,-5.3770,-1.0237,14.1539,1.4444
27.212,-0.4781,-7.7726,0.0993,-11.4660,-7.1941,-1.5122,12.9504,1.9436
27.216,1.0134,-8.4503,-3.1879,-12.8325,-7.9547,-2.6285,10.4710,6.9078
27.220,3.3650,-5.7901,-2.4972,-11.9460,-6.2052,-5.1068,3.2118,3.1428
27.224,1.6863,-6.5611,-3.8809,-10.4386,-8.3081,-4.6477,2.0235,4.8119
27.228,2.8789,-7.0595,-2.1679,-8.7624,-4.0302,-7.2619,3.6582,7.0851
27.232,0.5600,-3.8398,-1.4034,-7.2324,-0.7146,-7.7794,-0.7818,5.6567
27.236,2.8950,-0.8497,-0.8135,-3.2860,-1.3242,-9.6355,-4.6100,3.2404
27.240,0.0319,2.1049,-1.7848,-1.0133,0.8096,-5.8735,-3.8381,-0.3103
27.244,-0.5409,2.1471,-0.8016,0.8693,3.8813,-5.0786,-2.5865,-1.2498
27.248,2.6682,2.8459,-0.1689,0.9669,2.6868,-2.0726,-4.2736,-2.0370
27.252,2.9526,0.9497,1.7979,1.9435,4.0290,-4.1974,-3.1684,-3.3166
27.256,4.3688,-1.9661,0.6690,0.7315,5.9194,-4.0813,-0.8205,-5.1042
27.260,5.9004,-1.1871,1.2850,2.5762,5.3737,-2.7417,0.9427,-5.1164
27.264,1.8878,-5.2829,2.3225,0.7958,4.9057,-2.8036,3.4540,-3.9993
27.268,-1.6034,-3.8783,0.6828,-0.5225,6.9672,-1.5416,3.0690,-2.2040
27.272,-1.7399,-3.6611,0.3671,-2.5652,6.3464,-1.0551,10.5614,1.7434
27.276,-4.0101,-1.9958,3.4064,-1.1570,4.0315,-0.3304,11.5161,2.2710
27.280,-3.4681,-0.8076,0.0392,-3.8164,3.0784,2.7449,10.0057,5.9620
27.284,-4.0732,-1.3854,-1.1568,-3.7146,6.2824,5.1140,10.3944,4.8621
27.288,-3.6745,-3.3387,-1.1359,-3.5286,7.5532,5.5752,8.6498,6.5833
27.292,-4.5337,-4.2765,-1.6774,-3.6876,7.1043,8.0456,7.6725,9.0482
27.296,-5.6130,-7.6520,-2.4555,-3.9004,7.7603,11.0141,6.6656,10.9884
27.300,-3.5606,-6.9963,-1.4128,-3.8669,3.6131,11.8280,8.6767,11.9915
27.304,-1.1746,-6.3608,0.4888,-7.0685,5.4693,12.1730,7.5886,13.6946
27.308,0.2084,-5.7734,-0.4280,-6.7375,3.1399,12.4830,3.8089,10.8838
27.312,2.6981,-4.2331,-1.0938,-6.7746,1.0671,10.2257,-1.0590,14.9242
27.316,4.7287,-6.6745,0.7555,-8.4442,-0.0508,9.9169,-2.6465,13.7577
27.320,7.3399,-1.3536,-0.6145,-8.7052,1.6012,6.8521,-5.3413,14.0991
27.324,5.4175,-1.5791,0.6320,-13.3678,5.3280,3.3976,-12.9268,12.3570
27.328,6.3449,-2.3770,0.0410,-14.1752,3.6176,2.6883,-14.2460,10.8832
27.332,5.8216,0.9870,-0.6049,-12.0379,5.8492,1.6805,-17.2004,7.6647
27.336,3.4149,2.6756,2.5152,-11.3679,7.1837,0.5840,-17.3325,4.1640
27.340,4.2732,0.5871,2.1336,-12.1960,8.1643,0.2701,-14.4680,2.0522
27.344,0.1116,-1.0873,4.7269,-11.4256,11.1223,-1.2066,-15.2072,-0.5134
27.348,-3.7069,0.8995,6.5111,-9.0463,10.3188,-1.4546,-14.4580,-2.3575
27.352,-8.3989,1.1260,10.2156,-4.2716,9.7314,0.4135,-10.2617,-4.1102
27.356,-8.1538,1.2332,9.2868,-7.0571,9.5021,-1.7215,-6.0181,-3.9217
27.360,-7.0889,-1.6695,9.7018,-5.0182,7.6050,-2.6977,-2.3923,-3.5274
27.364,-4.4482,0.7982,9.4653,-5.2482,8.0854,-4.5527,-0.0758,-5.6886
27.368,-3.8591,1.9219,5.2225,-2.6607,10.8711,-2.0542,3.5716,-4.0335
27.372,-6.5563,3.2791,3.9900,-1.8924,11.8898,-3.3625,5.8373,-3.9618
27.376,-7.4148,-2.6347,1.6547,-3.8581,7.7348,-0.5586,11.2901,-2.9000
27.380,-5.4866,-0.8553,2.3283,-4.4944,7.4881,3.7517,13.2957,-3.2239
27.384,-7.2725,-4.2972,-0.7233,-5.4908,8.5136,8.4487,14.6631,-4.6815
27.388,-4.4606,-6.3946,-3.0733,-1.8520,8.4998,9.1570,15.3874,-2.7378
27.392,-1.5953,-7.8493,-1.0558,-2.8694,5.8108,11.8523,17.4082,-2.6409
27.396,0.3891,-10.1112,-5.5222,2.8724,3.8290,12.6049,18.1494,3.9351
27.400,0.0336,-10.2593,-4.3590,1.6815,3.7578,14.0137,17.8122,4.8651
27.404,-2.2301,-8.3004,-5.1910,-0.1084,3.4278,14.6223,18.0870,12.3271
27.408,2.0202,-7.0022,-10.2324,1.0604,3.7421,13.6820,15.8543,13.4266
27.412,2.7341,-9.1787,-6.1996,2.5520,3.6001,15.8310,11.3493,14.3099
27.416,3.9869,-6.1484,-10.8525,2.9565,2.1617,12.5317,7.3260,11.8455
27.420,5.3266,-4.1083,-12.9844,2.6976,-2.2905,12.2246,1.0209,13.6193
27.424,6.6591,-4.0444,-10.7928,2.1214,-3.7628,11.4547,-2.8232,11.3943
27.428,8.3096,-3.2904,-10.3286,0.2829,-3.7102,13.2524,-5.9299,7.9555
27.432,6.2127,-4.4193,-10.2354,-3.3858,-1.5260,12.1021,-9.6770,6.6873
27.436,6.5644,-5.1170,-7.6375,-1.9334,0.0524,10.6973,-11.3109,0.9134
27.440,5.2659,-3.8545,-6.1360,-1.6919,4.0328,7.9490,-9.7533,1.3912
27.444,8.4532,-6.3437,-1.0546,-1.5641,2.6639,5.4926,-8.7317,0.4823
27.448,5.2574,-5.1606,-0.9228,-2.2267,5.3975,2.5766,-10.2763,0.1075
27.452,2.6648,-8.5094,-1.4069,-0.6956,5.1199,-3.1235,-9.2391,2.6049
27.456,0.8261,-6.2481,-1.1019,2.7720,4.7174,-6.6022,-6.1264,2.4423
27.460,2.2786,-6.2315,-2.8285,5.2818,4.7001,-5.7490,-4.8232,5.0806
27.464,-0.6875,-7.8790,-0.2551,6.5630,3.3784,-5.9890,-4.2514,3.7293
27.468,-4.1821,-7.3642,0.6189,5.1462,3.9865,-1.1270,0.2324,5.0961
27.472,0.3642,-6.4913,-1.7091,1.0669,4.8839,-2.4813,1.3171,5.6403
27.476,-2.7058,-6.1434,-1.1099,4.3175,4.8525,0.5856,3.5800,8.5102
27.480,-3.1643,-6.1349,-0.6970,1.6993,2.5432,1.4510,7.7426,8.6476
27.484,-3.7200,-9.0104,1.8895,1.7437,3.8645,0.0189,10.1199,9.2435
27.488,-2.0358,-9.9177,2.1595,1.2712,1.4778,-3.4179,7.0114,11.8089
27.492,-1.5904,-9.5021,3.8477,-0.2142,2.4952,-2.6661,11.5202,12.3274
27.496,-3.7626,-11.7851,1.9777,-3.0721,4.0855,-0.3801,8.7995,17.1864
27.500,-2.0180,-15.5588,0.7436,-2.8499,1.0902,1.9107,4.4449,19.6223
27.504,-1.2223,-14.4395,0.2055,-2.7024,1.5594,0.7355,1.0104,23.1871
27.508,-4.0424,-12.9310,-1.8612,-3.2766,-1.2893,3.1703,-1.7627,23.4356
27.512,-4.1783,-10.2612,-3.1656,-3.7880,-0.2143,3.5518,-5.0551,23.6456
27.516,-1.3768,-10.8248,-2.0186,0.2626,-2.4808,1.2041,-8.0701,24.3941
27.520,-2.3179,-9.7350,-7.5349,0.9817,-3.7274,5.4626,-11.8446,23.4438
27.524,-2.3359,-4.8608,-7.3016,4.4885,-4.9401,2.1917,-11.2223,22.2979
27.528,-4.0078,-3.6419,-7.4337,7.8616,-7.6420,1.2707,-9.7848,18.4931
27.532,-1.0109,-2.6397,-9.4424,8.1365,-8.8984,-1.3593,-11.3150,14.3173
27.536,-1.0940,-0.0587,-8.4846,5.7497,-4.6460,-2.1985,-9.7925,11.1053
27.540,-3.9557,0.6540,-7.1552,4.1761,-2.5258,-3.1159,-6.7622,7.1480
27.544,-4.5060,4.4806,-6.7640,2.9821,-2.4898,-8.2082,-9.3218,3.6070
27.548,-6.2979,4.9221,-5.9170,5.4083,-2.8053,-10.3749,-10.1272,-1.2066
27.552,-9.6621,1.7094,-4.9304,3.7392,-1.1094,-9.1982,-11.5463,-6.1899
27.556,-11.6574,2.3970,-6.7416,3.4727,-0.4730,-11.5590,-9.1720,-7.5629
27.560,-12.6806,4.2296,-7.9819,5.4214,1.0731,-10.1417,-3.7243,-7.5678
27.564,-12.3603,3.1141,-7.7796,5.1580,1.7868,-9.9496,-4.6870,-6.2591
27.568,-14.0195,2.6708,-4.7648,4.4886,2.7267,-10.0065,0.1751,-6.4442
27.572,-11.3268,1.1047,-3.7772,6.3478,4.5667,-10.1191,4.7811,-7.3568
27.576,-11.5889,0.5129,-6.4842,8.1200,2.4760,-8.3652,9.1682,-8.5742
27.580,-8.8860,-0.5130,-6.1674,7.5996,3.8261,-6.8510,13.9356,-6.2897
27.584,-7.8540,-2.5951,-3.9785,6.5167,5.4703,-6.8053,12.2933,-3.7925
27.588,-5.6810,-2.6069,-2.1607,6.1947,4.7213,-2.7543,14.7862,-1.3123
27.592,-4.3376,-6.5321,-4.5543,5.1308,4.5887,-2.9276,13.4614,2.8979
27.596,0.1046,-7.5163,-5.4996,1.5664,2.4980,-0.6953,11.7135,8.1865
27.600,3.6437,-4.6856,-8.0163,1.7412,2.0697,-2.6088,9.3420,10.5512
27.604,2.8715,-7.7118,-10.7421,-0.7436,1.2599,-2.5108,4.6062,9.1883
27.608,3.9424,-7.0636,-7.4718,-3.6585,2.4847,0.6641,2.4524,10.3426
27.612,6.4043,-2.6709,-10.0469,-5.6710,3.0249,0.6248,-0.8779,8.9002
27.616,3.4579,-3.3311,-8.4533,-5.4827,-1.2369,-0.0540,-1.1290,8.1263
27.620,4.2811,0.9393,-6.9751,-11.0329,-1.3807,1.5621,-5.8574,7.2346
27.624,3.4851,1.9316,-10.2082,-9.1607,0.0576,3.3648,-7.3060,8.0592
27.628,2.6835,1.6305,-5.4031,-7.0431,0.5733,2.1139,-9.8746,5.2486
27.632,2.7887,2.7396,-3.9931,-7.1450,0.7599,-0.0623,-10.6514,6.1880
27.636,0.6442,-2.8965,-0.9240,-2.7942,1.3428,2.1217,-11.2752,3.3108
27.640,3.9863,-2.3486,-2.6316,-3.5533,3.1228,-0.2363,-11.3239,5.3850
27.644,1.3042,-1.6094,-3.0522,-4.1679,2.9712,1.4212,-13.8767,3.2161
27.648,-0.1869,0.1915,-3.7755,-2.4367,5.1795,-1.1068,-14.7795,0.9341
27.652,-0.1908,5.4921,-4.7903,-3.6083,3.4005,-2.0486,-11.4898,-0.3292
27.656,-2.2266,4.4467,-3.8862,-3.1833,5.5261,-7.0646,-10.0881,-1.1296
27.660,-6.1977,8.9027,-1.0283,-2.2269,10.7922,-10.3259,-5.1017,-5.1213
27.664,-8.7117,7.2625,-1.5103,0.5703,10.0342,-9.7333,-1.6826,-0.0727
27.668,-9.4184,8.1108,1.2562,3.6590,10.3508,-13.6988,-0.3256,-1.0650
27.672,-10.9934,6.4348,6.4954,3.6682,8.0889,-10.8243,4.3467,-3.4221
27.676,-9.6802,4.8625,7.4775,4.3718,7.8565,-8.9085,6.3930,-3.6199
27.680,-10.4475,2.0653,4.5985,4.4858,7.8160,-9.0665,6.0900,-1.7189
27.684,-8.9877,2.8714,4.7105,6.9409,4.3762,-9.4893,7.2298,-0.1719
27.688,-6.2124,-0.1401,7.0845,6.8585,2.5846,-8.8140,10.5141,1.5013
27.692,-6.2256,-0.6213,5.0616,6.8842,5.0306,-7.9921,10.5927,4.2537
27.696,-2.4594,-2.1624,6.9506,9.0385,7.5390,-6.3046,11.2679,9.6011
27.700,-1.9130,0.2748,6.7376,10.0466,6.3570,-7.3684,12.0102,11.8075
27.704,-1.2033,3.1470,3.4707,6.9164,6.7295,-8.0525,13.1068,8.0128
27.708,-2.2986,0.6919,1.4522,3.6797,5.6577,-7.5911,13.1914,8.1655
27.712,-2.4379,6.6181,1.3100,6.3042,2.3739,-3.7460,7.9377,8.1515
27.716,-4.1463,5.0634,2.8055,2.5287,3.1903,-0.7335,6.1238,8.0609
27.720,-4.8971,6.8436,0.8073,0.9039,-1.2905,-1.0426,3.3851,7.5045
27.724,-6.1252,6.3139,0.6932,-0.4884,-1.1692,-0.5250,-0.0177,2.0695
27.728,-9.3558,7.6342,-3.1314,-1.7664,-3.8034,1.3247,-1.7691,1.9698
27.732,-5.9415,4.2911,-2.3835,0.2143,-5.6972,-0.4914,-4.1949,0.2155
27.736,-6.1029,6.5420,-6.2817,2.3715,-3.6761,1.0749,-7.3177,-1.1353
27.740,-5.1319,9.5914,-4.9256,4.2844,-4.0945,0.5078,-6.8723,-2.7577
27.744,-2.3352,10.7561,-6.3620,6.2465,-2.5231,-2.4840,-4.4313,-5.2927
27.748,0.9544,10.8326,-6.9598,5.3026,-1.3765,-1.2555,-4.7702,-4.7297
27.752,2.2771,10.9504,-7.0347,5.2509,-1.5981,-1.3517,-4.8293,-9.1570
27.756,1.6955,14.2452,-7.1188,7.2490,0.1035,-1.4527,-2.9481,-7.2986
27.760,3.5501,13.0242,-7.5589,6.4052,1.4223,-3.8221,-1.7607,-7.9877
27.764,4.5629,12.1395,-5.2496,5.3221,0.1872,-4.9623,-0.0730,-6.9662
27.768,5.5930,8.9255,-3.6750,6.3171,-0.9123,-6.3542,1.4874,-10.1153
27.772,5.1777,4.2808,-1.9049,6.2045,-0.5222,-8.4032,3.6894,-9.5392
27.776,5.0077,4.6601,1.3052,7.6756,-0.1740,-7.3014,6.4124,-8.3955
27.780,6.5360,2.7682,0.2154,6.5671,-0.1920,-6.4518,8.9153,-6.2507
27.784,5.1092,4.6716,1.5615,7.8110,1.7477,-5.1320,10.8433,-2.9234
27.788,6.1060,-0.1999,1.1807,8.1780,-1.5008,-2.0326,14.5519,0.5624
27.792,6.1144,-3.2428,1.5908,7.1102,1.0166,-3.2578,14.6131,2.4287
27.796,8.4018,-3.9920,-0.5428,7.3767,-0.2037,-1.7834,17.3231,6.5449
27.800,5.9033,-3.0199,-0.7262,5.8393,-1.0860,-2.3788,17.0964,7.5890
27.804,10.0210,-1.4844,-3.7823,7.7673,1.7635,0.5690,16.8457,8.3471
27.808,8.7290,-5.2018,-3.4922,9.4700,2.7526,2.9623,11.4636,11.1681
27.812,11.1023,-4.3535,0.8083,6.5877,3.4164,2.2071,10.9558,10.7995
27.816,10.9148,-5.1998,1.5552,4.7542,0.7230,3.1689,8.3754,10.4384
27.820,10.9296,-4.8114,0.5357,2.3270,-1.2413,3.8915,5.6186,7.6572
27.824,10.8588,-4.5185,1.7116,6.7353,-0.3407,7.5814,-0.0748,7.6827
27.828,9.0194,-8.5944,1.1376,2.4757,-0.7921,9.5338,-2.8491,3.8408
27.832,9.0850,-5.6367,2.5385,-1.7321,-1.3564,11.8158,-5.2516,0.8771
27.836,10.1015,-3.9376,-1.7198,-2.5278,-0.9819,8.4129,-4.3903,-1.4883
27.840,7.6461,-1.8010,0.7873,-2.2672,-1.2582,8.3771,-7.2652,-2.2889
27.844,8.8353,-1.3651,-1.1957,0.5906,-0.7708,11.1854,-9.0533,-3.7240
27.848,4.8569,1.5940,-0.9544,0.6266,1.2147,10.3067,-13.2624,-5.3651
27.852,4.0530,2.5489,0.8582,0.8092,2.5285,5.4945,-12.0280,-8.7028
27.856,5.8580,4.5125,1.6971,5.1675,2.5135,5.6546,-9.5242,-8.4645
27.860,2.3761,3.2986,3.8562,6.1634,2.1278,3.7852,-7.9090,-11.0555
27.864,2.0911,1.7705,4.0552,6.0708,4.9691,1.9310,-5.6806,-8.6598
27.868,1.3179,0.3589,5.0856,8.7921,5.8146,0.8107,-1.1776,-10.0796
27.872,3.2072,1.3799,5.9208,7.6108,5.8813,-1.3149,3.0180,-6.0501
27.876,1.4196,-1.1325,6.9266,7.1347,5.5482,-3.2605,6.9796,-6.8727
27.880,3.2356,-4.3499,5.4951,9.1797,3.4802,-2.6323,8.0495,-6.7265
27.884,0.7721,-5.4265,3.5398,5.3854,1.0115,-3.4894,12.3133,-6.3108
27.888,0.3418,-3.9446,-0.0575,5.6779,2.6373,-3.1720,13.6959,-3.4369
27.892,-0.6427,-5.3710,3.1391,5.8184,1.8492,-0.3928,15.4616,3.4094
27.896,0.4976,-4.8342,3.8344,4.7410,3.3362,0.5529,15.3584,5.2294
27.900,1.0462,-0.4256,4.1937,4.9996,1.9259,1.1782,13.0345,5.5796
27.904,2.4441,-2.7085,2.2778,5.8237,1.0840,2.7311,11.5991,8.1994
27.908,4.5202,0.7324,2.0782,4.4634,1.9859,3.3650,10.0134,11.4730
27.912,3.7314,2.1873,-2.8730,2.5935,0.2670,1.7195,5.9051,9.8630
27.916,4.3742,2.2392,-2.6870,2.9459,1.4312,4.4500,6.1151,10.8748
27.920,1.3541,3.0029,-6.7515,3.2866,0.7390,3.5791,4.0701,8.6647
27.924,3.9008,2.1501,-7.5568,-0.9695,0.0199,9.2856,1.1170,3.5660
27.928,1.6680,1.9349,-8.0003,-1.8044,3.1249,6.0250,0.2662,-0.0372
27.932,-1.2123,2.5208,-10.1107,-6.8046,0.3013,6.9785,-2.1669,-0.9816
27.936,1.5642,2.1844,-11.0454,-6.4467,-1.4295,8.1445,-4.7758,-0.9191
27.940,1.5021,1.4598,-11.5245,-6.2116,-1.1265,4.9021,-8.4965,-4.3412
27.944,-0.7626,3.3783,-11.1763,-4.7164,-4.8247,2.8225,-6.2132,-6.4707
27.948,-2.8781,3.7207,-9.6914,-4.4153,-2.3168,5.0142,-5.9883,-4.9988
27.952,-3.1496,0.9235,-10.7359,-4.7405,-2.6917,0.0144,-7.4547,-5.4188
27.956,1.0623,-0.6577,-7.3062,-2.8402,-3.6712,1.2205,-7.8747,-4.3283
27.960,-2.9001,-1.0739,-1.4589,-2.0692,-1.2845,0.0721,-7.8524,-2.9105
27.964,-3.5508,-4.2299,-0.1095,-0.1924,-1.9350,1.7007,-4.8536,-2.0914
27.968,-2.4787,-7.1834,0.0466,1.1655,4.2420,0.5134,-3.8679,-1.8169
27.972,-3.6010,-8.0271,0.0032,-1.8115,2.5342,1.4671,-1.7242,1.6147
27.976,-3.5641,-6.0829,-1.2798,1.1141,5.3826,0.5392,1.9205,0.6349
27.980,-0.7054,-10.6773,0.0642,1.2951,3.2390,-2.1751,4.3761,5.5664
27.984,-2.9905,-8.4520,0.9702,0.8225,3.5767,3.0292,6.8298,5.1603
27.988,-5.3956,-5.7961,2.9967,1.7737,6.3347,1.0411,3.7003,8.1032
27.992,-5.0140,-8.2485,2.7657,2.7856,4.6012,-0.6159,6.1216,10.3343
27.996,-4.9802,-6.8823,4.4678,-2.2894,7.7242,-1.6191,3.8480,11.8059
28.000,-5.7750,-4.4695,4.9613,2.1105,7.9724,-3.6511,4.5601,12.9467
28.004,-6.1527,-3.1623,5.8056,-0.3977,9.5076,-0.0665,1.5366,15.3352
28.008,-5.5386,-3.4796,7.0692,-1.3733,9.8160,-0.4623,2.8399,13.2385
28.012,-5.2132,-3.1147,6.8699,0.1285,10.1056,-3.4312,-0.2083,13.4895
28.016,-4.5274,-3.0498,5.3491,0.2796,7.1347,-1.8599,-2.9413,12.1839
28.020,-3.8098,-4.1547,5.3077,0.0839,6.7992,-0.5566,-3.4287,12.3771
28.024,-2.4124,-6.0292,3.5841,-1.9307,4.7628,-1.7872,-4.1874,9.9385
28.028,-4.0193,-4.2668,3.7114,-0.9269,4.0768,-1.2236,-7.6111,5.9694
28.032,-6.5579,-4.9328,2.1503,-3.1576,1.7115,-1.7871,-11.3428,4.0975
28.036,-7.0637,-4.2388,0.5610,-2.6230,0.5363,-0.6910,-14.7977,-2.4514
28.040,-6.5484,-2.5377,-1.2734,-2.9031,-0.8342,2.9640,-14.6993,-1.2207
28.044,-8.8551,-2.0527,1.9492,-5.5621,-2.5099,2.9006,-14.4799,-0.4852
28.048,-9.9714,-0.3028,0.8659,-6.0855,-3.3217,1.2902,-10.8808,-2.4126
28.052,-9.2631,-1.8193,3.0493,-6.0514,-2.7503,-0.0116,-7.8917,-3.8686
28.056,-9.3313,-3.8368,0.6331,-5.6801,-3.3869,-0.2957,-6.9188,-5.1122
28.060,-7.1120,-2.0189,0.4296,-6.0282,0.5999,-3.8838,-3.3301,-7.3797
28.064,-3.2425,1.3027,0.8773,-5.4770,-0.4333,-5.2931,-2.0404,-5.7476
28.068,-2.4210,-3.6673,0.8458,-3.5675,-1.0212,-9.0827,1.4091,-4.0098
28.072,-1.1925,-4.9742,3.2571,-3.4209,1.6540,-11.7613,5.0218,-5.2380
28.076,0.4994,-3.6545,1.5766,-5.0847,2.1796,-13.1892,5.3623,-5.3723
28.080,1.5672,-3.9449,2.2551,-1.6820,2.3994,-17.4378,8.9221,-8.0211
28.084,5.1293,-4.3844,1.6157,4.5716,2.3113,-17.6970,8.8395,-5.4705
28.088,5.5277,-3.7349,0.9620,2.6002,1.3034,-16.8305,12.5102,-3.9780
28.092,6.1296,-4.6509,2.3463,3.0987,2.3212,-14.0724,14.8323,-1.8992
28.096,4.9265,0.0770,1.9814,0.9170,1.9353,-16.3419,16.1216,0.3092
28.100,2.1659,-0.9608,3.8375,-1.5910,3.1402,-16.4509,14.3791,2.9720
28.104,4.5531,1.2405,0.7093,-3.0083,4.2240,-18.0312,12.5200,1.2590
28.108,3.8831,1.3197,0.0059,-7.1413,5.3947,-18.7481,14.0242,2.6426
28.112,6.8639,-2.1189,-2.9915,-6.3586,4.5930,-19.0021,10.9468,1.5459
28.116,3.3774,-1.6440,-4.9764,-7.6368,2.8815,-17.2558,9.0630,1.8350
28.120,5.2022,-2.9209,-5.0645,-9.6451,3.6747,-14.3472,5.5014,4.1798
28.124,5.8541,-1.1007,-5.4727,-9.4732,0.0790,-14.0348,-0.1705,6.5725
28.128,3.7649,0.2758,-5.4225,-6.2358,0.2992,-9.9979,-7.6342,1.8034
28.132,5.2596,1.7022,-5.8982,-5.0152,2.2589,-9.7700,-10.7358,2.7272
28.136,4.2110,3.3965,-6.7417,-5.5871,-1.1716,-8.8270,-14.4668,-1.1939
28.140,1.5673,3.5661,-3.3626,-4.1447,-1.8613,-3.8856,-14.7710,-5.0860
28.144,2.6003,3.1574,-5.0975,-2.2002,-5.2940,1.0962,-17.7262,-4.6477
28.148,1.6018,0.7169,-5.1270,-5.1521,-4.7690,-0.0078,-15.2117,-8.0619
28.152,0.6311,-0.6690,-5.6873,-1.4958,-6.4349,0.6264,-13.4872,-6.9784
28.156,2.4481,-0.3268,-3.3484,-2.5648,-5.9145,-0.4138,-12.1221,-8.5564
28.160,0.7662,-0.6748,-1.9969,-6.7239,-5.1229,0.4981,-9.0015,-8.3704
28.164,3.6036,-3.5167,-4.4234,-4.7107,-0.5494,-1.9888,-6.7225,-10.1588
28.168,4.3990,-3.3053,-0.8957,-4.5005,0.3812,-2.3105,-4.4309,-10.0042
28.172,7.6076,-3.7243,0.6972,-4.4193,1.4051,-4.0702,-4.1771,-8.5381
28.176,10.9922,-3.6879,2.9432,-0.3165,5.3165,-3.9069,-1.9140,-9.8844
28.180,7.4547,-8.3044,4.4475,2.4859,6.7767,-3.3711,-1.3905,-6.4261
28.184,10.7486,-9.3079,5.9745,0.7842,3.8955,-0.7086,1.2654,-4.1723
28.188,11.8801,-7.3546,7.3261,2.7932,4.4748,-0.7994,6.1551,-0.8907
28.192,11.6544,-8.5557,7.2527,5.5085,1.1119,-2.8194,7.5469,0.5181
28.196,9.7878,-9.3260,8.4548,3.0313,0.3852,-0.0082,7.8295,2.9267
28.200,10.7228,-8.6263,6.0236,1.6663,-1.8006,0.5921,7.7085,4.1497
28.204,8.1040,-8.2343,5.3804,2.0812,1.0349,-0.6003,5.9106,3.9620
28.208,7.1947,-8.5199,3.0893,3.2583,0.4900,0.0115,5.6951,4.0396
28.212,6.8180,-8.9674,3.0784,1.5533,2.5298,0.0655,1.8751,3.0974
28.216,8.0866,-6.5034,1.1684,-2.6939,2.1633,-2.5084,-0.4203,2.1332
28.220,8.7384,-6.3474,2.6458,-3.1226,0.9570,0.0933,-1.6516,-2.1576
28.224,8.7240,-3.9012,3.7454,-1.4736,0.5122,0.2202,-3.6490,-0.5477
28.228,5.1577,-6.7955,0.9388,-0.2284,-3.3445,6.3504,-8.6609,-2.4014
28.232,3.2888,-5.2969,0.3008,-0.3260,-7.6416,7.0866,-10.4924,-4.2272
28.236,4.5865,-4.6582,-0.9093,-0.6805,-6.9542,11.0122,-11.2875,-6.3061
28.240,4.4738,-4.8854,-3.0213,-4.8450,-9.7235,11.3540,-10.9164,-6.2439
28.244,3.9836,-0.7956,-2.0584,-2.7366,-11.1251,12.6535,-9.4704,-7.1384
28.248,2.5040,0.7856,-4.1237,-0.8446,-11.8879,11.5188,-8.9131,-9.7057
28.252,0.3053,3.2736,-1.8713,-0.5094,-15.9595,13.0213,-9.6446,-8.8966
28.256,2.9964,3.4217,-5.3376,2.8967,-18.4212,13.0314,-8.5169,-7.9344
28.260,0.2537,4.3375,-1.9005,0.1278,-17.4150,10.3154,-7.2377,-9.5240
28.264,0.1009,2.4194,-2.5375,-0.7556,-14.9708,10.8304,-4.7386,-12.9521
28.268,-0.3426,3.0561,-1.4323,-1.2813,-14.4198,7.0172,-0.8481,-11.2976
28.272,0.0486,5.6169,-1.6989,0.4909,-12.2596,5.3091,2.5958,-12.3816
28.276,1.9151,5.3197,0.7532,1.9990,-11.7777,1.7168,3.0052,-11.2554
28.280,5.3266,4.1329,2.9997,2.5904,-8.5193,0.4604,5.4159,-5.1428
28.284,9.1232,5.2732,2.5245,4.6140,-9.3832,-1.5699,11.7659,-5.1425
28.288,9.9880,2.8075,3.2245,6.8138,-9.8220,-2.6761,10.7599,-4.0483
28.292,12.6212,3.6275,1.4549,5.3583,-7.0588,-4.7920,16.2484,0.7896
28.296,13.5644,3.1381,1.9886,8.6706,-6.3249,-7.8149,12.5343,5.6342
28.300,12.1779,6.6593,0.0739,7.3934,-6.6113,-9.2644,12.0424,8.5800
28.304,10.7980,2.5357,1.6643,8.6534,-5.5927,-10.1487,9.9580,5.9547
28.308,8.8197,2.3597,3.4180,6.2567,-3.4184,-8.4236,6.5978,6.5269
28.312,8.9015,3.4879,3.2505,7.3436,-3.0830,-8.7893,5.7081,7.1683
28.316,9.0067,6.2507,0.3119,6.1172,-1.9574,-7.9477,4.6186,5.7974
28.320,6.4521,3.3091,1.2116,8.5651,-0.8958,-7.3500,5.1842,7.6140
28.324,2.3154,6.6126,2.1216,6.1466,2.4653,-2.9087,0.9533,5.1983
28.328,2.0718,7.3015,-0.4912,5.4215,1.9183,-0.8718,-3.9748,3.4980
28.332,-0.4331,4.3192,-0.5500,4.1182,-1.7665,2.6548,-5.3931,0.2031
28.336,0.8000,6.0970,-3.6418,3.9774,-4.0335,4.6673,-11.1184,0.8056
28.340,1.1319,6.3698,-2.7333,3.2004,-6.3695,9.4603,-10.6187,-0.0354
28.344,0.7929,6.0782,-2.7959,4.0371,-7.6716,10.4002,-10.1308,-3.4389
28.348,-2.4391,5.4058,-4.4550,3.9982,-9.5669,11.2153,-15.4596,-8.0630
28.352,-1.7427,1.0587,-5.3224,2.9003,-9.5852,12.5520,-14.2678,-8.0183
28.356,-2.9674,-0.4509,-4.0781,4.3111,-7.2940,10.2824,-14.1155,-6.8352
28.360,-1.3631,-2.5260,-5.9730,7.2460,-8.4873,11.8146,-13.7104,-8.1594
28.364,-3.1238,-4.5657,-3.6162,5.5173,-7.6144,11.4318,-6.6751,-8.2400
28.368,-2.2988,-5.4346,-0.7106,5.4970,-3.8872,10.9300,-6.4657,-7.4728
28.372,-1.6998,-9.0120,3.8791,3.8905,-4.3119,12.1167,-4.3326,-6.9271
28.376,-0.8174,-8.1630,5.1803,3.5012,-0.0680,10.2601,0.8994,-4.0542
28.380,-1.2929,-9.2110,2.4107,4.6061,-1.0775,9.3379,1.6253,-1.3250
28.384,1.0677,-15.1313,3.8578,6.0094,-0.1845,7.4708,5.1224,-2.2780
28.388,3.2607,-13.4006,5.5934,6.0195,0.2045,3.6710,4.4336,0.5888
28.392,4.4840,-12.7272,5.6256,3.8731,1.5032,-0.6451,4.7875,3.7954
28.396,5.1984,-14.8477,5.7281,4.3900,1.2251,-2.0866,5.2724,3.0969
28.400,4.3612,-14.3571,2.5786,5.2942,3.4585,-3.4769,4.1555,4.0439
28.404,6.4863,-12.9974,4.8307,2.3442,1.3084,-6.3034,1.9478,4.8108
28.408,5.5701,-13.3060,7.1306,2.6663,0.4995,-12.5097,3.9074,6.0333
28.412,4.7383,-13.3132,4.2817,-0.6080,0.0237,-12.0684,-1.7259,3.0798
28.416,2.6445,-9.1867,3.5374,-2.1038,2.5363,-11.9838,-2.0479,1.1850
28.420,0.3473,-10.7049,1.1957,-2.7525,0.3287,-7.8950,-3.4778,3.9994
28.424,-1.3633,-7.6869,-1.3361,-2.3987,0.0326,-3.6228,-6.0991,4.3154
28.428,-1.4425,-3.8701,-1.8909,-5.0124,-0.4534,-6.4033,-7.3256,1.5341
28.432,-4.2263,-2.8044,-1.2481,-5.8904,-1.9830,-2.9006,-11.0797,-3.2502
28.436,-5.2314,-2.1538,-1.3020,-7.4083,-3.2586,3.7139,-10.7137,-4.6850
28.440,-4.2303,-2.9042,-2.9053,-5.3520,-2.9704,2.0506,-16.1001,-7.9528
28.444,-2.9949,-3.0259,-3.0578,-6.6292,-5.6393,0.3999,-18.8381,-9.7392
28.448,-4.7001,-1.3776,-4.9589,-8.2546,-7.1873,3.1359,-16.7816,-10.6158
28.452,-1.9695,-4.7534,-6.0888,-8.6902,-6.0723,3.9761,-14.1909,-10.9049
28.456,-1.6621,-7.2425,-5.2868,-4.4146,-8.6705,5.2969,-10.0400,-13.0253
28.460,0.4073,-5.4089,-5.6422,-2.2834,-10.0953,4.5847,-6.3268,-13.7912
28.464,-0.8550,-4.1843,-4.2003,0.9682,-9.7807,7.2156,-4.2041,-13.6274
28.468,0.7565,-5.6109,-1.4788,5.1796,-8.0547,6.3044,1.8506,-10.8542
28.472,-2.9729,-7.2520,-2.6608,7.5161,-10.2857,6.9624,6.4417,-8.0199
28.476,-2.7954,-7.4171,-3.3432,5.4646,-10.2099,4.9717,9.7873,-5.3609
28.480,0.6730,-6.9806,-5.4106,8.2100,-7.3470,6.2348,11.5594,-3.4613
28.484,0.7427,-6.2820,-8.7966,9.5690,-5.5041,8.1819,11.7157,1.1232
28.488,1.3704,-6.3259,-6.3620,11.4673,-4.4565,7.7648,11.2446,3.3449
28.492,1.8803,-7.4413,-5.9830,9.9330,-1.6223,6.3927,12.3491,3.5576
28.496,2.4039,-6.5717,-6.6094,9.6793,-3.2257,7.1933,11.9975,7.5591
28.500,5.9910,-8.1138,-4.2946,6.7572,-2.3645,6.7030,14.3046,5.5337
28.504,3.9421,-6.6711,-0.1302,9.3508,-0.6246,6.2635,9.5198,6.2803
28.508,4.1549,-2.6490,1.7854,8.9603,-1.7016,8.0394,11.1107,7.2019
28.512,7.2754,-2.1616,1.9001,8.9028,-0.8643,6.8677,7.5696,6.3311
28.516,6.7325,-0.5900,3.6224,10.2823,2.6354,9.7359,3.7286,4.4901
28.520,3.1945,5.9393,3.0634,7.0279,2.2546,8.0517,0.1607,-0.1868
28.524,1.0915,6.4096,0.7046,7.7523,4.3826,7.1516,-3.3149,0.9459
28.528,-3.3256,6.9874,-1.7158,7.0657,4.3460,5.8423,-6.7913,-0.3616
28.532,-1.3840,7.1102,0.3639,4.1546,7.0413,2.5279,-7.7940,-1.0609
28.536,-5.1250,4.9705,0.0103,3.0357,7.3522,3.0742,-6.8937,-1.8986
28.540,-5.2795,6.2819,-1.9159,-1.6554,6.4996,4.4102,-9.8984,-7.1850
28.544,-3.7826,5.2246,-1.9142,-1.2446,3.1804,4.1339,-10.7066,-12.9607
28.548,-2.9399,6.6520,-2.0412,-5.3280,1.9199,3.6840,-10.9570,-15.6613
28.552,-0.1767,7.5071,-2.0961,-8.5188,3.6821,0.0098,-13.0485,-13.5210
28.556,0.6376,7.8332,0.5791,-8.7157,3.5684,-1.0710,-8.0081,-15.1928
28.560,0.9562,6.0835,0.9771,-5.9055,3.5391,0.3117,-6.7004,-12.6116
28.564,1.2996,3.6348,0.9735,-5.2274,0.1332,3.5085,-5.1306,-14.5097
28.568,3.7805,-1.2055,0.4427,-3.3937,-1.1581,3.6940,-4.8319,-11.6693
28.572,3.6332,-3.5296,2.6108,-1.2005,-3.7179,7.4052,-5.3809,-7.8644
28.576,6.4320,0.5669,0.5408,-2.0919,-5.4786,4.2204,-7.1267,-8.8081
28.580,7.4426,-2.7304,2.1810,1.0551,-5.9320,5.0149,-3.8042,-7.8995
28.584,9.1343,-3.7051,0.8174,0.6807,-4.8485,3.9719,3.6163,-1.0023
28.588,7.7397,-5.8696,-0.1431,4.2984,-2.4561,1.3151,4.8586,-2.6700
28.592,6.5301,-4.5717,-0.4590,5.3524,0.5499,-0.6274,5.4115,1.5047
28.596,7.9735,-5.0643,0.9392,2.9003,3.4735,-0.9143,6.3992,1.5931
28.600,7.4905,-2.9738,3.2800,3.1254,3.0772,-6.5962,4.6302,4.8549
28.604,7.6459,-4.7891,2.6645,1.8083,3.8877,-9.8506,4.6658,4.4882
28.608,6.9980,-0.8558,0.6580,0.5947,0.8315,-7.7368,2.5398,5.9650
28.612,6.8913,-1.0045,0.3053,-0.5137,0.3182,-6.7069,0.5339,5.6621
28.616,8.7059,2.6316,0.4179,-0.7594,5.5659,-8.1309,-4.1974,8.2536
28.620,7.3068,5.2930,-1.2709,1.1589,2.3177,-7.5525,-7.0962,8.5543
28.624,5.4933,10.2805,-3.3584,0.9261,5.0753,-7.3802,-7.8375,8.4086
28.628,5.9234,9.1091,-3.8209,1.4390,3.3422,-4.9918,-8.3900,7.5218
28.632,3.4469,12.9817,-3.0562,4.3159,4.0508,-3.2432,-10.1642,0.8887
28.636,3.7993,13.6307,-5.0836,3.7502,2.7575,-4.3205,-9.4498,-1.1243
28.640,1.8938,12.7369,-4.1498,3.6671,3.7372,-6.6737,-9.4004,-2.9558
28.644,1.3356,11.6990,-4.9843,3.3201,3.5894,-2.8761,-9.8090,-3.2105
28.648,1.0921,11.5627,-4.0940,1.9603,-0.1866,0.6665,-12.0036,-2.1941
28.652,3.0418,10.3756,-2.7084,3.5238,0.3930,1.2400,-10.6631,-2.5065
28.656,4.7474,9.2288,-7.4259,0.7975,0.2328,4.5600,-13.9324,-3.2837
28.660,6.2765,5.4054,-8.2222,1.5752,-1.7598,8.9665,-11.1206,-1.7510
28.664,9.3941,4.8924,-8.1454,0.4615,-4.9418,10.9257,-6.3041,-0.4531
28.668,9.7182,7.9702,-9.0293,-0.4769,-4.9996,11.0488,-4.8603,0.3459
28.672,10.3678,6.0633,-11.9142,1.1536,-4.5106,9.1108,-0.7349,-0.1329
28.676,9.8779,3.5792,-11.5073,2.1124,-3.0054,9.3031,0.9053,3.9113
28.680,9.0681,-1.4968,-10.5852,3.8790,-1.8993,7.2692,4.0461,6.1321
28.684,10.3799,-0.8344,-8.8834,4.6708,-2.4890,8.0728,6.6152,6.1527
28.688,8.0615,0.5639,-4.3021,5.8270,-2.6679,5.8474,11.4188,9.2139
28.692,7.4441,-3.1789,-1.8433,5.3413,-1.0390,4.6065,11.5528,10.9995
28.696,6.4096,-0.8138,-2.5432,5.8781,-1.7351,0.5453,10.2142,13.5764
28.700,6.2413,-1.4009,0.1821,5.1255,0.9519,-0.8879,10.7665,17.7103
28.704,3.8985,-5.7427,1.4882,5.6695,2.2461,-4.1308,4.5882,15.9101
28.708,4.2774,-6.2966,0.5425,3.3531,3.5799,-4.0848,3.8430,14.5681
28.712,3.4637,-4.0190,3.8188,-0.3784,0.9128,-5.0004,2.9734,13.2410
28.716,2.2207,-3.4413,4.8286,-2.1903,3.2974,-1.9033,-1.3543,11.6834
28.720,-1.3415,-0.7715,6.1355,-0.8125,3.7945,-1.4605,-4.2756,11.3816
28.724,-2.7920,-0.3990,6.0666,-4.8400,4.4585,0.7691,-7.3740,13.3903
28.728,-1.5934,0.4833,7.2775,-4.4138,5.9780,-3.2291,-8.4964,11.1142
28.732,-3.0968,0.8398,9.0616,-5.0400,6.9363,0.0086,-9.4046,9.8306
28.736,-5.0359,-0.4439,8.2155,-5.7127,7.3624,1.7157,-11.1683,7.8265
28.740,-6.1875,-0.0433,7.5478,-7.7276,5.3349,0.0912,-12.6605,5.0165
28.744,-5.7025,-1.1998,4.7031,-9.3427,7.7208,-0.2122,-13.3941,3.2089
28.748,-6.8254,-0.1252,4.8493,-10.8771,6.0802,2.2428,-14.4407,1.3680
28.752,-6.6824,-1.1213,5.0158,-9.8140,4.2351,2.1494,-16.7582,-2.7811
28.756,-4.5545,0.9625,-1.0651,-8.9030,0.5393,5.2577,-14.0652,-1.5556
28.760,-3.4775,3.1410,-1.5751,-7.9862,-1.1918,6.5119,-11.2371,-0.5365
28.764,0.7625,-0.3046,-2.1780,-6.2728,-3.5104,9.0015,-7.7546,1.2700
28.768,3.6720,-3.4897,-1.3900,-4.5074,-6.7274,9.0443,-2.4652,0.8337
28.772,4.6193,-1.9906,-2.7323,-3.4466,-7.7569,11.4428,-0.9518,1.5818
28.776,5.1066,-5.8080,-3.5261,-3.5795,-8.2694,12.5662,2.4128,6.9434
28.780,3.9241,-6.8522,-3.0510,0.6563,-8.0990,11.8745,3.0474,9.6196
28.784,7.8550,-8.1324,-3.2598,0.6417,-6.7921,12.5164,5.2826,8.8282
28.788,8.3338,-8.2786,-3.7298,1.1509,-6.2542,10.7746,8.0966,9.1322
28.792,5.9639,-13.4523,-1.2031,1.3665,-8.2490,7.1275,10.2577,7.4127
28.796,5.7222,-11.7380,-1.5892,1.7146,-4.8710,5.3656,7.0754,9.4253
28.800,4.8538,-11.2258,-0.8960,2.2930,-4.4178,2.2742,9.7404,7.7894
28.804,2.0370,-9.8492,-0.5312,0.5301,-2.7755,5.9637,7.6718,9.9758
28.808,2.1458,-6.4519,-1.5806,4.3113,-4.0624,2.2059,4.3202,7.2833
28.812,-0.1940,-4.9703,-2.8126,3.7090,1.6533,3.1862,1.1921,9.3333
28.816,0.8497,-3.0738,-3.6982,3.0787,3.5028,5.5876,2.8584,6.0337
28.820,-2.1638,-1.8963,-3.8428,2.4020,2.9053,-0.3256,1.4407,7.6874
28.824,-5.0007,-5.8322,-1.6786,1.0944,7.4781,-1.2693,-1.9145,8.5612
28.828,-6.4791,-3.8661,-0.3431,-0.7317,8.9840,0.3258,-3.4907,1.8569
28.832,-3.8426,-2.4310,0.4690,-1.0917,10.4148,0.4187,-5.6109,0.7603
28.836,-5.5524,-2.1336,-1.6234,-2.2922,10.2954,1.6282,-7.5285,-2.4743
28.840,-5.2612,1.2049,-0.8689,-3.5816,13.9954,0.2494,-10.1406,-7.4554
28.844,-5.1732,-0.1627,-2.2371,-4.3585,13.7274,3.3155,-10.4007,-9.5782
28.848,-4.6878,2.5303,-2.0097,-3.1417,11.3206,8.7111,-10.0231,-12.5350
28.852,-5.5373,5.9120,-2.3237,-0.5440,8.3266,9.8788,-6.8707,-15.2687
28.856,-6.6604,4.1466,-1.0790,-4.3997,11.8438,12.0059,-2.9630,-16.0640
28.860,-5.9833,3.0391,-3.0766,-3.5310,8.1979,13.4763,1.4261,-13.5920
28.864,-5.9585,3.7561,-3.4459,-1.9356,5.6606,14.4435,8.0329,-13.8039
28.868,-3.1860,5.6145,-5.0952,-0.2004,4.1926,13.8118,8.2108,-9.7862
28.872,-4.2637,4.2279,-4.5907,0.4877,3.6474,13.0987,9.3248,-7.8626
28.876,-0.5366,6.3331,-3.4086,-0.9814,5.0535,9.9672,10.6670,-11.1810
28.880,-0.9363,4.7506,-4.2844,-1.2065,3.7247,11.2552,9.6712,-8.9247
28.884,0.9427,0.6287,-1.3771,-1.1556,1.2321,9.1190,9.8798,-9.7162
28.888,1.0343,-1.9573,1.6157,2.9536,1.7203,13.3583,11.8499,-3.9102
28.892,-0.9439,-1.8683,-0.0098,3.7627,0.8166,12.4012,13.2475,-4.3556
28.896,-1.3152,-5.8218,-1.3533,1.8803,0.0548,10.7735,12.3308,-1.0855
28.900,-2.9833,-6.0150,-1.2071,1.0632,0.5725,11.9855,10.4432,0.3309
28.904,0.1813,-6.4694,-3.3970,1.3148,0.1936,11.0239,7.7512,-0.0161
28.908,-2.9655,-6.4462,-0.4256,-1.4285,-1.4388,9.9947,5.4783,1.9338
28.912,-1.8161,-2.6428,0.4658,0.7257,-2.9661,9.8690,6.7872,-0.3495
28.916,-4.5667,0.3907,0.5035,0.5715,-3.3612,5.4084,4.9938,-2.4249
28.920,-1.5280,-3.3878,1.9304,-0.4494,-6.1979,3.9093,1.4685,-4.2726
28.924,-3.8920,-4.0108,1.4557,-1.8528,-3.0872,1.6081,-3.7068,-7.3492
28.928,-1.7797,-3.3510,3.8791,-5.8257,-3.2208,0.0862,-7.6823,-6.4518
28.932,-5.4880,-3.1013,5.6683,-5.0033,-0.7026,0.8677,-10.5613,-8.9881
28.936,-3.7449,-0.0735,2.0595,-6.2698,-2.0083,0.4436,-13.8988,-12.6035
28.940,-3.2727,3.3342,4.2909,-4.6767,0.1192,0.6053,-14.1163,-15.3970
28.944,-2.8351,4.0874,1.1224,-1.9741,-0.1803,0.1072,-15.6222,-17.9424
28.948,-4.1837,4.5844,1.4185,-2.3469,-2.4338,0.0335,-15.8637,-20.1318
28.952,-0.3059,6.6237,-2.1602,-4.6895,-1.8244,-0.0572,-15.0593,-17.7942
28.956,-3.0217,4.6179,-3.6727,-4.2961,-1.9978,0.9092,-13.1934,-16.6637
28.960,-1.8998,6.2658,-3.5221,0.1659,-3.8497,4.4092,-17.5092,-12.4131
28.964,-2.1810,4.4108,-2.2038,1.1877,-5.8534,5.0702,-15.7409,-14.0923
28.968,-2.0592,2.0633,-3.1337,1.3171,-6.3350,5.2896,-9.8834,-9.3611
28.972,-0.8207,1.4939,-1.9072,0.9410,-10.4886,9.6371,-8.6985,-5.4375
28.976,0.4520,2.6433,-2.4930,4.1345,-12.4179,6.9931,-2.4510,-2.8900
28.980,1.1193,-0.8564,-1.3191,4.8783,-9.7518,7.2791,-2.9013,0.2037
28.984,5.0025,1.6843,-4.6950,4.0695,-9.2615,5.3155,-1.8554,6.9292
28.988,5.0443,-3.4851,-1.7162,7.8184,-7.8334,6.2084,3.3533,7.4216
28.992,7.7108,-2.9931,-2.9574,8.5855,-7.5100,6.5884,5.4861,13.6727
28.996,5.0401,-4.4120,-0.6444,7.3024,-7.7109,5.8516,7.4966,13.9298
29.000,4.7457,-4.1063,-3.7873,5.5739,-8.3831,8.0333,5.5270,12.8852
29.004,2.6478,-4.8580,-1.8179,3.6297,-2.9872,6.9419,6.3551,14.7293
29.008,3.1145,-2.3918,-0.1561,3.0242,-4.0541,3.5553,2.8694,11.9947
29.012,1.5683,-2.3601,-1.3200,2.9382,-0.8668,1.1886,0.5395,12.5085
29.016,0.2962,-0.2990,-0.8209,5.5125,0.1938,-1.8820,-0.6691,13.3748
29.020,-1.4948,0.2164,2.7292,8.8344,-1.7627,-2.7877,-3.6558,11.5313
29.024,-1.6823,-1.3496,7.0114,7.6699,4.0148,-6.7417,-6.6996,12.7744
29.028,-2.4570,-1.8432,2.9364,7.5533,3.5891,-11.6635,-7.3404,9.9398
29.032,-0.2640,-2.8239,3.3083,4.6243,6.7735,-11.7331,-10.0087,8.1491
29.036,1.5363,-3.1561,3.8603,0.8959,8.7064,-10.8633,-10.2407,4.8660
29.040,2.2135,-1.3631,1.9540,-1.7902,9.7738,-5.0281,-11.2775,4.6781
29.044,2.9828,3.4434,0.8413,-2.8893,10.9340,-2.4026,-11.4774,-2.3864
29.048,1.2764,5.1294,0.2908,-4.7108,11.4367,-2.4331,-10.1592,-3.1254
29.052,1.6141,5.7678,2.8945,-5.9020,10.8207,-0.3275,-10.5510,-4.6799
29.056,0.7987,3.5099,4.7390,-7.2082,7.6913,1.0607,-9.2858,-4.5903
29.060,1.1411,3.1455,6.3568,-8.2132,8.1037,2.2871,-10.4063,-1.5034
29.064,3.1315,2.4873,5.5108,-4.0900,4.2370,6.3977,-8.3196,0.5337
29.068,3.1535,-1.7823,6.7646,-4.0477,3.7133,4.3508,-6.7563,2.3018
29.072,1.7780,-3.1509,3.7998,-1.5596,1.7434,4.4622,-5.4199,3.5231
29.076,2.5137,-4.3516,5.3490,-0.3688,0.5436,5.7716,-3.0740,5.7931
29.080,0.6952,-6.9167,2.4100,-2.4590,1.9921,5.6244,-2.2473,5.1379
29.084,1.0966,-9.0238,3.1123,-0.4159,0.1989,4.3310,2.1461,7.3117
29.088,3.3226,-8.9495,4.0469,1.4209,-1.5395,5.8879,3.9020,9.4849
29.092,3.4953,-9.5279,4.9875,4.3783,-1.6520,4.5687,5.6356,11.2663
29.096,2.8000,-8.3750,2.9848,6.4640,-2.8073,6.9389,9.1463,11.5358
29.100,3.2104,-9.7479,1.9071,7.4583,-3.7836,5.5338,4.6277,9.8200
29.104,3.0265,-6.2992,5.5836,11.5573,-3.5565,5.8122,7.6207,13.3846
29.108,1.6990,-7.2501,4.2072,13.1116,-2.2291,2.9683,3.8240,12.2915
29.112,1.6027,-5.3013,5.3581,11.5855,-1.6939,4.1311,1.9843,12.2638
29.116,1.7999,-3.9661,5.0912,10.1419,-3.8845,3.4173,-4.4449,10.9803
29.120,1.5897,-2.7218,4.8876,8.8524,0.2998,-1.9820,-7.2699,7.0841
29.124,0.2666,-5.0024,1.6263,8.4406,0.7502,-5.5291,-6.9106,2.9216
29.128,0.4031,-4.7290,2.2229,7.3221,0.7094,-8.6091,-11.3803,0.3824
29.132,0.1909,-3.8747,1.6716,5.7602,2.8076,-9.7677,-10.6703,-5.2349
29.136,-0.1674,-1.5499,-1.5281,4.5956,0.8737,-11.2398,-13.5266,-4.2833
29.140,1.0503,0.1386,-0.4228,5.7519,3.6563,-13.6236,-12.5118,-6.2937
29.144,0.8352,2.7377,-2.0725,6.7693,4.2888,-13.4192,-13.7434,-9.6215
29.148,3.9620,5.5872,-0.5327,5.1171,4.7979,-13.0073,-15.9738,-11.2680
29.152,4.7438,5.0742,-0.6438,5.8346,5.1517,-12.4305,-15.9978,-14.6597
29.156,5.5574,3.8141,2.2739,0.9826,7.0398,-13.0197,-14.7844,-13.4992
29.160,7.5613,2.0428,0.8780,1.1014,10.3736,-9.0843,-12.5232,-10.8528
29.164,5.4472,-1.6581,-2.2940,-2.3369,8.9349,-7.5355,-9.9742,-12.6251
29.168,6.3623,-4.8750,-1.8855,-1.6880,6.7110,-3.3622,-2.8900,-11.5617
29.172,5.5362,-4.3091,-3.4141,-1.0214,4.2113,-3.4962,1.4786,-8.8237
29.176,4.2036,-8.9702,-6.1506,-1.1123,4.2390,-2.0798,7.0682,-9.2004
29.180,3.2977,-8.9057,-5.8053,-0.7957,3.9131,-3.6665,12.0617,-1.2992
29.184,2.2671,-9.7625,-4.6833,-2.7558,2.9185,0.9314,12.7229,0.8798
29.188,0.9831,-10.8850,-8.5201,-3.7912,2.3311,1.9548,15.1934,1.9158
29.192,-0.7282,-6.5089,-5.0628,-3.4786,1.9116,4.4093,18.8360,5.2178
29.196,-1.3219,-6.7962,-5.4628,-1.2734,1.3350,5.8379,19.9062,5.5235
29.200,-2.6143,-8.2765,-4.9803,-1.2649,1.5684,5.0351,19.9789,8.3638
29.204,-1.9483,-3.3629,-3.4374,-1.5785,4.8214,5.0152,18.0983,8.0910
29.208,-3.4982,-1.5509,-1.5528,-1.1705,2.9627,3.1983,19.9716,9.1668
29.212,-2.3836,-5.0922,0.6025,0.4376,4.8753,0.4666,15.4849,11.3512
29.216,-4.4740,-3.5362,2.0860,2.7007,3.3711,-1.0975,11.2986,9.9340
29.220,-6.7124,-4.1886,0.6176,3.6894,2.7563,-2.6517,5.5154,5.6277
29.224,-8.6152,-5.7928,1.2533,-0.5805,4.0932,-1.9063,3.5503,1.9717
29.228,-8.8495,-0.0038,-0.3982,1.4794,3.0723,-5.5843,-0.1984,3.1255
29.232,-10.3820,1.4375,-1.2328,2.6094,4.0591,-4.0863,-3.1400,-0.3831
29.236,-11.7256,1.7494,-3.4162,5.6021,5.5701,-3.3365,-7.8832,-5.1930
29.240,-14.8075,2.1298,-1.2508,3.5622,7.2571,-9.9214,-10.3017,-6.7393
29.244,-14.4990,4.7861,1.9951,5.5674,9.0952,-10.8650,-11.5974,-7.4152
29.248,-9.7833,1.9907,3.6208,4.1625,10.1356,-10.8463,-10.7158,-9.2403
29.252,-5.2488,3.1210,2.3782,6.9279,10.4247,-11.4990,-11.9415,-9.0146
29.256,-3.3941,1.3626,2.3751,2.5617,10.8220,-10.4063,-10.9612,-4.8286
29.260,0.0470,-2.2901,0.8180,1.2019,10.7457,-9.7838,-10.8554,-2.2296
29.264,1.9475,-1.9341,-3.9349,1.2283,8.9904,-8.2665,-9.8333,-2.2740
29.268,1.9771,-6.1790,-4.2560,1.4894,6.0394,-6.9522,-7.0348,-1.6960
29.272,1.1927,-7.4928,-5.7202,-1.2160,6.8530,-2.9928,-0.2224,1.2898
29.276,1.4909,-11.1584,-6.1178,1.0639,1.5453,-0.6914,3.6215,-1.6876
29.280,2.9739,-13.0986,-8.6891,-2.9319,-1.2381,2.0649,4.9516,-2.6239
29.284,4.6082,-11.7265,-8.5421,-1.8780,-2.6174,2.5624,6.6147,0.7597
29.288,5.5151,-9.0331,-8.1545,-4.0841,-5.5528,7.5591,5.9614,-0.6879
29.292,4.5955,-7.8211,-5.7808,-1.5579,-3.6377,8.2535,7.8447,4.1818
29.296,6.1309,-8.4142,-7.5328,0.1466,-5.3404,6.3087,8.6133,7.8769
29.300,7.4274,-9.6219,-5.1505,0.9894,-5.6567,6.0873,10.6873,10.6064
29.304,7.9361,-9.0077,-4.4411,1.3816,-3.1831,4.1608,9.9947,9.8164
29.308,6.3263,-7.7563,-6.3237,3.9202,-7.4409,5.5870,8.7194,11.0282
29.312,5.0112,-7.7599,-8.1159,3.8554,-7.6000,4.0368,8.6231,10.1566
29.316,3.3444,-8.9386,-9.3941,4.5678,-4.8820,3.4123,5.0555,8.9583
29.320,2.0798,-9.1037,-9.2397,3.2339,-6.5928,2.7937,0.1140,5.2819
29.324,2.5186,-5.2352,-8.8960,1.5352,-6.3474,1.8054,-4.0373,0.2206
29.328,0.4415,-2.5042,-7.3852,0.4363,-7.5798,0.0777,-8.0062,-3.1763
29.332,3.1927,-4.0988,-11.5236,-0.3053,-6.0201,-2.6496,-9.0771,-2.6091
29.336,1.6274,-3.7110,-7.6985,-4.4584,-5.9375,-5.3397,-10.6771,-7.5180
29.340,-0.4775,0.9392,-5.8599,-3.9341,-3.3064,-6.1361,-11.4370,-5.2971
29.344,1.1345,-0.7458,-7.3250,-4.4428,-4.1874,-5.6754,-10.1924,-10.5922
29.348,1.7129,2.3797,-5.8205,-2.0961,-3.0696,-8.4671,-12.7712,-7.8863
29.352,3.3323,-0.3778,-5.3082,-2.1116,-0.3051,-14.8501,-9.2254,-8.3886
29.356,5.4728,1.3731,-10.0739,-1.9617,3.0432,-9.7670,-8.9487,-6.8394
29.360,8.1454,-2.5071,-6.1487,-1.7475,2.7182,-11.0639,-7.6400,-7.3832
29.364,9.2078,-1.9511,-8.1837,-2.7132,3.9532,-7.6836,-7.7320,-3.5378
29.368,6.1434,-0.9389,-7.4384,-1.6474,5.7728,-6.7248,-6.7228,-2.4868
29.372,6.3629,0.2587,-9.1139,-1.3544,7.5777,-4.4832,-7.4190,-0.2361
29.376,5.2598,-0.5202,-9.3959,-0.6167,8.6430,-1.9553,-0.4377,0.2838
29.380,2.8378,-1.9236,-8.6440,-0.1956,9.1876,-3.8938,-1.4332,2.8739
29.384,1.0993,-4.1322,-7.3377,-3.3572,6.8768,-0.2915,2.5218,5.9532
29.388,-0.0904,-0.1564,-5.9212,-0.1128,3.9897,1.5800,7.2082,5.0184
29.392,-4.0120,-0.0979,-1.6670,1.3250,2.2702,1.5216,8.1022,11.5928
29.396,-4.8651,0.4985,-3.2006,3.1748,1.8583,3.4835,11.6993,8.6482
29.400,-6.6507,1.7348,-4.3050,0.0001,2.3855,4.7699,11.7106,11.9307
29.404,-7.6924,0.7547,-6.0574,1.8872,0.1700,4.8125,7.8648,9.9490
29.408,-8.3246,1.8493,-2.3756,2.7763,-0.0996,4.2108,7.2388,10.2980
29.412,-6.5906,2.5567,-2.4154,4.2506,-4.5494,7.1157,5.2943,8.2864
29.416,-6.6991,2.9982,-1.4640,6.4370,-1.0480,6.8847,6.7439,7.8395
29.420,-5.0755,-1.1920,-0.5643,5.5823,0.4211,3.0224,6.6122,3.0046
29.424,-5.1170,2.5824,-2.4226,5.8642,0.0004,5.1488,1.9233,-0.1091
29.428,-3.2897,4.9445,-0.8296,2.1244,-0.7508,2.2617,-2.4691,-0.6984
29.432,-3.0802,4.3500,1.2398,1.2490,-0.3911,5.0448,-3.3277,-2.2150
29.436,-0.9478,5.8419,3.8380,2.5498,0.2543,2.9658,-6.2289,-6.4346
29.440,-1.8061,5.4522,4.2540,-0.4929,-1.9675,2.0852,-6.5108,-8.1334
29.444,1.6055,8.8894,6.4951,-0.8361,-2.8783,-1.6534,-9.4401,-10.3726
29.448,-1.3526,8.0916,4.9163,-4.4464,-1.7116,-1.6243,-11.6382,-10.7092
29.452,-1.0781,9.2965,3.9721,-3.6110,1.2512,-4.1083,-11.3544,-10.9812
29.456,1.0320,7.5733,3.8631,-4.2259,4.5274,-7.7523,-11.5589,-5.6368
29.460,0.8035,4.1892,3.6191,-4.8597,3.5346,-5.4259,-10.1918,-5.7816
29.464,0.8326,4.3531,2.7695,-2.3245,4.8114,-6.8229,-10.7202,-2.8046
29.468,0.0420,3.0213,2.9354,-2.9467,1.9755,-4.2822,-7.4228,-5.5911
29.472,0.4574,3.2175,3.5044,-4.1961,2.1881,-1.5587,-5.6908,-2.0921
29.476,-0.4300,2.3533,2.4151,-5.6086,3.7096,-2.0560,-2.7576,-0.8218
29.480,0.4002,1.0559,4.0492,-7.0057,0.9629,1.6989,1.2855,0.1978
29.484,-1.2170,3.5145,4.1858,-9.5894,-2.4566,1.6742,4.2184,2.2123
29.488,-0.9009,2.4178,0.8898,-9.1716,-5.7532,3.3973,7.5365,6.0970
29.492,-2.4933,3.5914,2.6489,-5.4132,-7.5446,3.1249,7.1693,6.9464
29.496,-4.3711,2.5195,-0.3605,-8.3865,-8.8000,4.4448,6.6277,8.8778
29.500,-3.3939,1.6300,-0.0569,-5.7845,-7.2142,7.2716,6.3260,12.5897
29.504,-4.6571,3.3530,-2.1585,-5.7165,-6.8756,6.0192,4.3435,11.6369
29.508,-4.2163,4.8585,-3.0535,-5.0623,-8.5530,6.3971,2.5302,7.8225
29.512,-7.0396,2.8773,-2.4012,-4.5163,-7.5728,7.4207,3.1373,9.4267
29.516,-5.6908,3.3791,-3.7546,-5.0863,-7.8614,7.8338,6.3728,8.1736
29.520,-4.8257,4.9641,-2.5420,-1.8490,-8.5670,6.7169,3.1723,3.1936
29.524,-5.9602,5.9304,-2.2639,-3.1636,-3.0575,3.9436,1.7542,2.4266
29.528,-6.4474,5.5762,-1.2424,0.7966,-3.1570,2.6023,-2.3265,-2.6208
29.532,-4.9174,7.5798,0.2711,2.4655,0.2314,1.7264,-3.6421,-0.8010
29.536,-7.0220,8.2324,-3.1974,-1.4367,1.3817,1.6088,-6.4026,-6.9069
29.540,-4.1941,10.1993,-1.0953,1.1205,-0.1770,-2.3518,-9.7694,-7.5946
29.544,-4.0990,11.1549,0.3807,1.1473,3.6780,-2.9040,-9.4944,-7.1388
29.548,-3.9211,7.9338,1.5419,0.8385,2.2088,-4.7772,-11.3806,-10.2189
29.552,-4.8647,10.3719,1.2553,0.7602,2.8351,-3.9037,-13.4450,-9.3316
29.556,-3.8738,10.0495,1.9518,0.7049,4.3086,-4.9642,-14.9171,-5.0196
29.560,-2.6396,5.3054,5.3392,-0.6380,9.6652,-7.2584,-13.3953,-2.1802
29.564,-1.9434,5.7444,5.3323,1.3589,9.1674,-6.2706,-6.1733,-2.4879
29.568,-1.7012,0.1047,6.6039,0.2430,7.2622,-6.1253,-4.0654,-0.1090
29.572,-3.4030,3.0374,8.4581,2.3616,8.1241,-4.3140,-1.8444,-0.1753
29.576,-0.1138,2.3456,5.7277,3.3606,8.1114,-3.1052,2.8626,2.5913
29.580,-0.2111,-0.6587,7.6297,1.0987,6.1999,0.3473,8.0731,5.8816
29.584,-1.2886,-3.1724,8.3427,3.8460,3.3354,-0.6291,10.2327,11.2845
29.588,-5.1729,-5.6054,3.4323,4.2408,2.4678,-1.9180,7.9895,12.3545
29.592,-9.0936,-2.8031,0.7958,7.1828,1.6153,-1.7245,8.7301,11.5637
29.596,-8.3078,-7.0218,0.0060,5.1095,-2.6289,0.9814,9.0019,13.7457
29.600,-8.7815,-5.2688,-0.2548,8.2144,-3.7596,5.7050,6.4374,15.4600
29.604,-11.5829,-6.4514,2.4285,6.5992,-4.5481,6.0162,4.3840,15.7613
29.608,-11.1866,-6.9444,3.4201,5.6483,-4.9387,8.1224,5.4736,15.5771
29.612,-9.8441,-5.6324,4.8112,6.8149,-7.6124,9.2142,4.7494,13.7931
29.616,-12.0330,-2.0491,2.9751,6.3227,-5.4122,12.8312,-0.5708,12.0434
29.620,-13.2008,0.1862,4.8988,7.7653,-6.4921,10.4847,-3.3946,9.7092
29.624,-11.5413,-0.7018,5.8969,6.0554,-6.4190,10.5526,-2.9228,6.9437
29.628,-9.7867,0.6321,5.6596,7.5437,-8.6608,9.3085,-3.9818,5.8601
29.632,-9.1728,1.5690,3.5134,5.2067,-9.9484,7.2714,-10.2201,0.5870
29.636,-6.5058,-0.8132,2.5073,7.9171,-9.3826,7.6594,-8.7253,-3.8782
29.640,-3.9357,0.4224,-0.0570,5.4095,-9.1423,1.9581,-10.5959,-3.8084
29.644,-4.0850,-0.4653,-0.1032,3.4889,-6.4737,3.1480,-11.5951,-8.6512
29.648,-1.7281,-2.8787,1.3425,1.9086,-4.4457,-1.3555,-12.1540,-8.8541
29.652,-0.0646,-2.5480,0.5314,-0.1321,-5.2815,-3.5626,-14.8547,-11.5519
29.656,1.2359,-3.2421,3.2004,-0.1718,-2.4701,-3.1893,-12.7917,-11.2463
29.660,-0.7333,-4.6979,5.3862,-0.9932,-1.9767,-4.8651,-11.0271,-11.5104
29.664,-2.5066,-4.0028,7.0657,-3.3239,-1.5835,-3.2599,-8.3416,-10.2160
29.668,-1.6236,-5.9650,3.1680,-2.7396,1.2725,-3.3846,-6.5086,-10.4706
29.672,-0.9723,-6.3371,3.8721,-5.0288,0.3143,-4.1488,-2.0112,-6.0723
29.676,-0.2054,-7.8727,2.4058,-0.0620,0.0177,-2.2315,-1.4629,-2.0946
29.680,0.7556,-6.5393,0.3770,-3.0610,0.2598,-3.3129,1.7547,0.9908
29.684,2.3290,-5.8775,-3.0996,2.4888,-0.2568,-4.0895,5.5294,0.0750
29.688,1.8386,-7.0457,-5.1507,4.9622,-1.6058,-1.1293,7.1478,5.3933
29.692,2.5333,-6.6575,-6.5228,6.0632,-1.8409,2.2201,8.9675,5.4172
29.696,-0.3389,-4.5498,-5.5982,7.5988,-2.2486,2.4669,9.6353,5.1324
29.700,-3.9982,-2.5303,-7.2639,4.7553,-3.8986,3.8636,9.9909,4.1870
29.704,-3.8791,-4.7843,-7.2857,9.4150,-4.8827,5.8146,5.9044,5.4151
29.708,-4.0784,-5.4390,-5.2445,9.6269,-3.0641,5.7418,4.4440,2.5185
29.712,-7.5823,-1.4416,-6.3099,10.1576,-2.2228,2.6400,3.0559,5.2362
29.716,-8.0917,-0.1014,-5.7069,8.4391,-4.7935,7.1199,0.8963,0.2116
29.720,-8.6217,-3.6419,-4.8491,9.7078,-3.7700,5.7567,-1.4201,0.4890
29.724,-8.3375,-0.2170,-6.0022,9.6931,-5.1818,6.2657,-3.1385,-0.7120
29.728,-6.4769,1.4440,-7.6755,9.8372,-5.4973,5.0599,-4.9762,-0.9402
29.732,-6.0162,1.9246,-7.7148,11.0716,-7.9105,4.2396,-8.4514,-3.0662
29.736,-5.6737,2.1903,-9.0115,11.2524,-4.0416,2.0935,-9.8715,-2.3103
29.740,-2.8867,0.5342,-8.1028,13.3054,-0.6689,0.0900,-11.3230,-6.2129
29.744,-1.1829,0.8757,-9.7662,9.7080,-0.6134,0.0953,-9.9670,-4.3534
29.748,1.1153,2.7016,-5.7103,10.1912,0.2250,-0.5183,-9.1738,-6.1980
29.752,3.3434,1.0711,-2.1725,10.2082,-0.6183,-0.2511,-7.1914,-3.6504
29.756,3.1318,3.5523,-0.0754,10.0390,3.2676,-0.5761,-7.9637,-6.0095
29.760,0.6238,1.9773,0.0487,9.6511,2.8627,-3.9155,-4.9624,-2.3418
29.764,-2.7221,2.9295,-0.5211,6.3499,4.4105,-0.9771,-5.0574,-5.5462
29.768,-1.8223,1.5800,-0.3552,5.5541,5.9725,-3.3960,-2.3225,-3.2768
29.772,-4.5544,0.6246,-5.6856,2.5881,2.9494,-1.6000,-1.2641,0.1671
29.776,-4.1967,-2.7683,-4.1942,1.0100,2.5617,-0.1344,1.6794,-0.2960
29.780,-4.5969,-3.9303,-4.8497,0.2405,3.1243,-1.9876,6.7690,6.3295
29.784,-1.6245,-2.3375,-7.9981,0.2904,3.9393,-1.0750,7.0439,9.2533
29.788,-3.9582,-5.5828,-5.4614,2.8798,1.2565,0.2640,8.3937,9.2531
29.792,-3.6145,-8.2590,-6.1349,5.4640,0.9908,2.5490,9.7538,11.6602
29.796,-3.7889,-8.3723,-6.8037,4.9719,-0.8587,-0.4547,9.5526,10.0331
29.800,-3.6415,-6.3482,-8.5228,7.6662,-3.0457,4.0038,10.0817,10.7080
29.804,-2.8568,-6.2359,-6.9064,9.7575,-4.5542,3.8879,8.3574,12.1776
29.808,-0.1125,-7.7467,-5.3173,9.7731,-4.7550,3.6686,6.8283,9.3920
29.812,-3.3690,-7.0550,-7.4075,10.0481,-1.7115,6.5750,5.0731,7.2850
29.816,-2.6575,-6.9828,-7.2427,11.1136,-0.2974,6.6685,3.6690,5.5361
29.820,-2.8711,-3.7994,-7.9260,8.1228,-0.9793,5.2164,2.2969,2.4717
29.824,-3.0747,-1.0439,-9.0767,6.6103,-2.3074,4.6325,-1.3003,-0.7860
29.828,-0.6420,-3.4454,-9.8541,5.9768,-2.3819,2.7449,-2.6833,-0.6542
29.832,0.9194,-2.6407,-10.1460,5.4127,-5.3120,4.0034,-7.1541,-3.5279
29.836,3.3269,-0.6788,-10.9422,4.8551,-7.7183,0.2484,-9.8335,-4.3882
29.840,5.1433,-3.8109,-9.5223,3.2024,-9.3767,-1.5249,-13.6195,-3.7318
29.844,5.8376,-0.8351,-8.2621,2.2092,-7.9963,-4.8052,-14.8424,-7.6453
29.848,6.9052,1.2449,-6.5747,2.3990,-6.2859,-3.6144,-15.1061,-10.7918
29.852,7.6760,0.1657,-4.1153,1.4229,-4.6925,-4.8172,-17.7752,-10.5459
29.856,7.9323,-4.4110,-5.8794,2.5872,-3.5540,-4.8446,-18.3637,-10.6284
29.860,9.0293,-3.8413,-4.3330,3.5325,-1.7770,-5.0189,-16.6068,-10.7434
29.864,7.1135,-6.9244,-5.5830,9.5062,-1.1380,-6.4544,-11.9260,-5.3685
29.868,5.0149,-7.8823,-6.8512,8.0510,2.9068,-6.7889,-9.9250,-4.8696
29.872,1.1227,-6.6635,-6.7294,10.0932,5.1009,-12.7871,-8.6585,-1.2740
29.876,-2.7270,-7.0664,-5.3929,10.3885,6.5720,-10.6571,-4.4382,4.2960
29.880,-1.0314,-9.8898,-6.0301,8.6009,3.3460,-12.3593,1.3319,3.5274
29.884,-2.8956,-10.5355,-3.9700,7.1407,5.9951,-11.5389,1.9589,7.3873
29.888,-3.9279,-9.0153,-0.4813,9.5680,4.7675,-11.7867,2.2251,7.6168
29.892,-7.5376,-9.2746,-1.2664,8.1416,3.1143,-9.0260,2.9729,7.1653
29.896,-9.2623,-8.4826,-0.4865,7.3354,1.2124,-3.0067,3.4049,9.4309
29.900,-8.8889,-8.3363,-1.2428,6.2780,0.1525,-2.9861,6.0873,8.3305
29.904,-6.4641,-5.1317,-2.9403,8.6803,0.7153,0.6818,2.3207,7.7791
29.908,-4.6515,-2.6285,-3.6938,11.8141,-0.6030,4.1213,3.3534,7.4974
29.912,-6.8670,0.3307,-2.9961,13.5875,-1.9148,6.2952,1.2179,6.9300
29.916,-6.5614,-0.5123,-5.5035,14.0276,-1.9078,8.5131,-0.1409,5.1595
29.920,-7.2735,3.2103,-5.7502,14.1772,-3.0335,6.9207,-2.6496,3.3653
29.924,-8.1733,3.5924,-2.9403,10.9506,-1.8845,9.6471,-3.9218,0.0097
29.928,-8.7982,7.5735,-1.0220,10.9470,-4.8907,7.0197,-5.2498,-1.1104
29.932,-10.2068,6.6492,-0.3021,7.0950,-7.3970,8.1443,-7.9896,-5.8623
29.936,-11.4196,8.6477,1.3966,6.3475,-7.1038,5.2532,-12.2539,-6.4076
29.940,-7.0881,7.4068,3.9526,4.7091,-5.7568,6.8613,-12.2951,-6.4675
29.944,-6.0973,8.8909,5.4894,2.7769,-9.0882,6.2651,-12.3949,-7.7169
29.948,-5.0284,6.9158,6.1286,1.3413,-8.7679,6.4049,-10.1302,-9.2285
29.952,-3.8837,3.0155,9.5864,1.7012,-6.8861,5.2446,-10.7915,-9.2713
29.956,-4.5398,-1.5476,10.5200,1.8118,-9.2501,4.4297,-15.5900,-9.6835
29.960,-0.9978,3.6222,7.9686,0.6258,-6.1816,2.9109,-11.6652,-7.1036
29.964,-3.2849,2.6425,7.4107,0.8939,-3.6139,-0.3391,-10.9211,-4.6121
29.968,-4.0550,-3.5323,9.7476,3.7713,-0.4625,-1.1907,-8.2679,0.4257
29.972,-4.6864,-1.1596,8.3994,1.7938,1.5398,-3.0651,-4.0927,1.5823
29.976,-5.0475,-1.8219,6.8078,0.3927,3.9791,-2.9482,0.9000,3.4574
29.980,-6.8781,-4.7858,6.3007,-0.6219,2.1806,-1.5521,2.6928,6.5514
29.984,-9.8023,-6.7028,6.5952,-6.1208,4.7928,-1.6654,2.8728,8.0351
29.988,-11.0650,-7.8748,4.8353,-1.2229,7.3374,-1.6179,6.2873,10.6097
29.992,-13.4031,-7.1063,4.2897,-1.9729,8.2231,-3.6055,5.6746,11.1786
29.996,-13.3186,-5.2417,3.1441,-3.2707,7.3095,-2.0391,4.6409,12.3098
